aahed,ɑːd
aahs,ɑːz
aardwolves,ˈɑrdˌwʊlvz
abacinates,əˈbæsəˌneɪts
abalienates,æˈbeɪliəˌneɪts
abandoned,əˈbændənd
abandons,əˈbændənz
abands,əˈbændz
abases,əˈbeɪsɪz
abashed,əˈbæʃt
abashes,əˈbæʃɪz
abates,əˈbeɪts
abatised,əˈbætɪzd
abattised,əˈbætɪzd
abbreviates,əˈbriviˌeɪts
abdicates,ˈæbdɪˌkeɪts
abdicative,ˈæbdɪˌkeɪtɪv
abditive,ˈæbdətɪv
abduces,æbˈdusɪz
abductive,æbˈdʌktɪv
abductively,æbˈdʌktɪvli
abducts,æbˈdʌkts
abear,əˈbɛr
abearance,əˈbɛrəns
abearing,əˈbɛrɪŋ
abears,əˈbɛrz
abegges,əˈbɛɡɪz
aberrates,ˈæbəˌreɪts
aberred,əˈbɛrd
aberrs,əˈbɛrz
aberuncates,æbəˈrʌŋˌkeɪts
abets,əˈbɛts
abhorred,æbˈhɔrd
abhors,æbˈhɔrz
abides,əˈbaɪdz
abirritates,ˌæbˈɪrɪˌteɪts
abirritative,ˌæbˈɪrɪˌteɪtɪv
abjudges,æbˈdʒʌdʒɪz
abjudicates,æbˈdʒudɪˌkeɪts
abjugates,ˈæbdʒəˌɡeɪts
abjunctive,æbˈdʒʌŋktɪv
abjures,æbˈdʒʊrz
ablactates,æbˈlæktˌeɪts
ablaqueates,æbˈleɪkwiˌeɪts
ablates,æˈbleɪts
ablative,ˈæblətɪv
ablatively,ˈæblətɪvli
ablatives,ˈæblətɪvz
ablegates,ˈæblɪˌɡeɪts
abligates,ˈæblɪˌɡeɪts
abludes,əˈbludz
ablutes,əˈbluts
abnegates,ˈæbnɪˌɡeɪts
abnegative,æbˈnɛɡətɪv
aboideau,æbˈwɑdoʊ
aboideaus,æbˈwɑdoʊz
aboideaux,æbˈwɑdoʊz
aboiteau,æbˈwɑtoʊ
aboiteaus,æbˈwɑtoʊz
aboiteaux,æbˈwɑtoʊz
abolished,əˈbɑlɪʃt
abolishes,əˈbɑlɪʃɪz
abolitionises,ˌæbəˈlɪʃəˌnaɪzɪz
abolitionizes,ˌæbəˈlɪʃəˌnaɪzɪz
abominates,əˈbɑməˌneɪts
abords,əˈbɔrdz
aborsive,əˈbɔrsɪv
abortive,əˈbɔrtɪv
abortively,əˈbɔrtɪvli
abortiveness,əˈbɔrtɪvnəs
aborts,əˈbɔrts
abought,əˈbɔt
aboulia,əˈbuliə
aboulias,əˈbuliəz
aboulic,əˈbulɪk
abounds,əˈbaʊndz
above,əˈbʌv
aboveboard,əˈbʌvˌbɔrd
abovedeck,əˈbʌvˌdɛk
aboveground,əˈbʌvˌɡraʊnd
abovesaid,əˈbʌvˌsɛd
abrades,əˈbreɪdz
abraids,əˈbreɪdz
abranchiate,eɪˈbræŋkiɪt
abranchiates,eɪˈbræŋkiɪts
abrases,əˈbreɪsɪz
abrasive,əˈbreɪsɪv
abrasively,əˈbreɪsɪvli
abrasiveness,əˈbreɪsɪvnəs
abrasives,əˈbreɪsɪvz
abreacts,ˌæbriˈækts
abreast,əˈbrɛst
abrenounces,ˌeɪbrɪˈnaʊnsɪz
abreuvoir,ˌæbrəˈvwɑr
abreuvoirs,ˌæbrəˈvwɑrz
abridgement,əˈbrɪdʒmənt
abridgements,əˈbrɪdʒmənts
abridges,əˈbrɪdʒɪz
abroach,əˈbroʊtʃ
abroad,əˈbrɔd
abrogates,ˈæbrəˌɡeɪts
abrogative,ˈæbrəˌɡeɪtɪv
abrooked,əˈbrʊkt
abrooks,əˈbrʊks
abscessed,ˈæbsɛst
abscesses,ˈæbsɛsɪz
abscinds,æbˈsɪndz
abscises,æbˈsaɪsɪz
abscissed,æbˈsɪst
abscisses,æbˈsɪsɪz
absconds,æbˈskɑndz
abseiled,ˈæbseɪld
abseils,ˈæbseɪlz
absentminded,ˌæbsəntˈmaɪndɪd
absentmindedly,ˌæbsəntˈmaɪndɪdli
absentmindedness,ˌæbsəntˈmaɪndɪdnəs
absents,ˈæbsənts
absinthe,ˈæbsɪnθ
absinthes,ˈæbsɪnθs
absinthiates,æbˈsɪnθiˌeɪts
absists,æbˈsɪsts
absolutive,æbˈsɑlətɪv
absolutizes,ˈæbsəluˌtaɪzɪz
absolve,æbˈsɑlv
absolved,æbˈsɑlvd
absolves,æbˈsɑlvz
absorbed,æbˈsɔrbd
absorbs,æbˈsɔrbz
absorptive,æbˈsɔrptɪv
absorptiveness,æbˈsɔrptɪvnəs
absquatulates,æbˈskwætʃəˌleɪts
abstained,æbˈsteɪnd
abstains,æbˈsteɪnz
absterges,æbˈstɜrdʒɪz
absterses,æbˈstɜrsɪz
abstersive,æbˈstɜrsɪv
abstersiveness,æbˈstɜrsɪvnəs
abstorts,æbˈstɔrts
abstractive,æbˈstræktɪv
abstractively,æbˈstræktɪvli
abstractiveness,æbˈstræktɪvnəs
abstracts,ˈæbstrækts
abstricts,æbˈstrɪkts
abstringes,æbˈstrɪndʒɪz
abstrudes,æbˈstrudz
absumes,æbˈsumz
abuilding,əˈbɪldɪŋ
abusable,əˈbjusəbəl
abusage,əˈbjusɪdʒ
abusages,əˈbjusɪdʒɪz
abuse,əˈbjuz
abused,əˈbjuzd
abuser,əˈbjuzər
abusers,əˈbjuzərz
abuses,əˈbjusɪz
abusing,əˈbjuzɪŋ
abusive,əˈbjusɪv
abusively,əˈbjusɪvli
abusiveness,əˈbjusɪvnəs
abuts,əˈbʌts
abyes,əˈbaɪz
acajou,ˈækəˌʒu
acajous,ˈækəˌʒuz
accedes,ækˈsidz
accelerates,ækˈsɛləˌreɪts
accelerative,ækˈsɛləˌreɪtɪv
accends,æˈsɛndz
accents,ˈæksɛnts
accentuates,ækˈsɛntʃuˌeɪts
acceptilates,ækˈsɛptəˌleɪts
acceptive,ækˈsɛptɪv
accepts,ækˈsɛpts
accessed,ˈæksɛst
accesses,ˈæksɛsɪz
accessioned,ækˈsɛʃənd
accessions,ækˈsɛʃənz
accessive,ækˈsɛsɪv
accessorises,ækˈsɛsəˌraɪzɪz
accessorizes,ækˈsɛsəˌraɪzɪz
accites,ækˈsaɪts
acclaimed,əˈkleɪmd
acclaims,əˈkleɪmz
acclimates,ˈækləˌmeɪts
acclimatises,əˈklaɪmətˌaɪzɪz
acclimatizes,əˈklaɪmətˌaɪzɪz
accloyed,əˈklɔɪd
accloys,əˈklɔɪz
accoiled,əˈkɔɪld
accoils,əˈkɔɪlz
accommodates,əˈkɑməˌdeɪts
accommodative,əˈkɑməˌdeɪtɪv
accommodatively,əˈkɑməˌdeɪtɪvli
accommodativeness,əˈkɑməˌdeɪtɪvnəs
accompanies,əˈkʌmpəniz
accompletive,əˈkɑmplətɪv
accomplished,əˈkɑmplɪʃt
accomplishes,əˈkɑmplɪʃɪz
accords,əˈkɔrdz
accorporates,əˈkɔrpəˌreɪts
accosts,əˈkɔsts
accouchement,əˈkuʃmɑnt
accouchements,əˈkuʃmɑnts
accoucheur,ˌækʊˈʃɜr
accoucheurs,ˌækʊˈʃɜrz
accoucheuse,ˌækʊˈʃɜz
accoucheuses,ˌækʊˈʃɜzɪz
accounts,əˈkaʊnts
accouple,əˈkʌpəl
accoupled,əˈkʌpəld
accouplement,əˈkʌpəlmənt
accouplements,əˈkʌpəlmənts
accouples,əˈkʌpəlz
accoupling,əˈkʌpəlɪŋ
accourage,əˈkɜrɪdʒ
accouraged,əˈkɜrɪdʒd
accourages,əˈkɜrɪdʒɪz
accouraging,əˈkɜrɪdʒɪŋ
accourt,əˈkɔrt
accourted,əˈkɔrtɪd
accourting,əˈkɔrtɪŋ
accourts,əˈkɔrts
accouter,əˈkutər
accoutered,əˈkutərd
accoutering,əˈkutərɪŋ
accouterment,əˈkutərmənt
accouterments,əˈkutərmənts
accouters,əˈkutərz
accoutre,əˈkutər
accoutred,əˈkutərd
accoutrement,əˈkutərmənt
accoutrements,əˈkutərmənts
accoutres,əˈkutərz
accoutring,əˈkutərɪŋ
accoyed,əˈkɔɪd
accoys,əˈkɔɪz
accredits,əˈkrɛdɪts
accresces,əˈkrɛsɪz
accretes,əˈkriːts
accretive,əˈkriːtɪv
accroach,əˈkroʊtʃ
accroached,əˈkroʊtʃt
accroaches,əˈkroʊtʃɪz
accroaching,əˈkroʊtʃɪŋ
accroachment,əˈkroʊtʃmənt
accroachments,əˈkroʊtʃmənts
accrues,əˈkruz
acculturates,əˈkʌltʃəˌreɪts
acculturative,əˈkʌltʃəˌreɪtɪv
accumbed,əˈkʌmbd
accumbs,əˈkʌmbz
accumulates,əˈkjumjəˌleɪts
accumulative,əˈkjumjəˌleɪtɪv
accumulatively,əˈkjumjəˌleɪtɪvli
accurate,ˈækjərɪt
accurately,ˈækjərɪtli
accurateness,ˈækjərɪtnəs
accurses,əˈkɜrsɪz
accusative,əˈkjuzətɪv
accusatively,əˈkjuzətɪvli
accusatives,əˈkjuzətɪvz
accuses,əˈkjuzɪz
accustomed,əˈkʌstəmd
accustoms,əˈkʌstəmz
acerbates,əˈsɜrˌbeɪts
acervate,əˈsɜrvɪt
acervately,əˈsɜrvɪtli
acervative,əˈsɜrvətɪv
aces,ˈeɪsɪz
acetifies,əˈsɛtəˌfaɪz
acetises,ˈæsɪˌtaɪzɪz
acetizes,ˈæsɪˌtaɪzɪz
acetylates,əˈsɛtəˌleɪts
acetylative,əˈsɛtəˌleɪtɪv
achatour,ˈækəˌtʊər
achatours,ˈækəˌtʊərz
aches,eɪks
achievability,əˌtʃivəˈbɪləti
achievable,əˈtʃivəbəl
achievance,əˈtʃivəns
achievances,əˈtʃivənsɪz
achieve,əˈtʃiv
achieved,əˈtʃivd
achievement,əˈtʃivmənt
achievements,əˈtʃivmənts
achiever,əˈtʃivər
achievers,əˈtʃivərz
achieves,əˈtʃivz
achieving,əˈtʃivɪŋ
achiote,əˈtʃioʊti
achiotes,əˈtʃioʊtiz
achoo,əˈtʃu
achromatises,əˈkroʊmətˌaɪzɪz
achromatizes,əˈkroʊmətˌaɪzɪz
aciculate,əˈsɪkjəlɪt
acidhead,ˈæsɪdˌhɛd
acidheads,ˈæsɪdˌhɛdz
acidifies,əˈsɪdəˌfaɪz
acidulates,əˈsɪdʒəˌleɪts
acierates,ˈæsiəˌreɪts
acknowledge,əkˈnɑlɪdʒ
acknowledged,əkˈnɑlɪdʒd
acknowledgedly,əkˈnɑlɪdʒdli
acknowledgement,əkˈnɑlɪdʒmənt
acknowledgements,əkˈnɑlɪdʒmənts
acknowledger,əkˈnɑlɪdʒər
acknowledgers,əkˈnɑlɪdʒərz
acknowledges,əkˈnɑlɪdʒɪz
acknowledging,əkˈnɑlɪdʒɪŋ
acknowledgment,əkˈnɑlɪdʒmənt
acknowledgments,əkˈnɑlɪdʒmənts
acorned,ˈeɪkɔrnd
acouchi,əˈkuʃi
acouchies,əˈkuʃiz
acouchy,əˈkuʃi
acoumeter,əˈkuːmɪtər
acoumeters,əˈkuːmɪtərz
acoumetry,əˈkuːmɪtri
acoustic,əˈkustɪk
acoustical,əˈkustɪkəl
acoustically,əˈkustɪkli
acoustician,ˌakaʊˈstɪʃən
acousticians,ˌakaʊˈstɪʃənz
acoustics,əˈkustɪks
acquaints,əˈkweɪnts
acquiesces,ˌækwiˈɛsɪz
acquiets,əˈkwaɪɪts
acquires,əˈkwaɪərz
acquisite,ˈækwəzɪt
acquisitive,əˈkwɪzətɪv
acquisitively,əˈkwɪzətɪvli
acquisitiveness,əˈkwɪzətɪvnəs
acquits,əˈkwɪts
acrases,əˈkreɪsɪz
acrasia,əˈkreɪʒə
acrasias,əˈkreɪʒəz
acrazes,əˈkreɪzɪz
activates,ˈæktəˌveɪts
active,ˈæktɪv
actively,ˈæktɪvli
activeness,ˈæktɪvnəs
activizes,ˈæktəˌvaɪzɪz
acts,ækts
actualises,ˈæktʃuəˌlaɪzɪz
actualizes,ˈæktʃuəˌlaɪzɪz
actuates,ˈæktʃuˌeɪts
acuate,ˈækjuɪt
acuates,ˈækjuɪts
aculeate,əˈkjuliɪt
aculeates,əˈkjuliɪts
aculeolate,əˈkjuliəˌleɪt
acuminate,əˈkjumənɪt
acuminates,əˈkjuməˌneɪts
acutifoliate,əˌkjuːtəˈfoʊliɪt
acylates,ˈæsəˌleɪts
adaptative,əˈdæptətɪv
adaptatively,əˈdæptətɪvli
adaptativeness,əˈdæptətɪvnəs
adaptive,əˈdæptɪv
adaptively,əˈdæptɪvli
adaptiveness,əˈdæptɪvnəs
adapts,əˈdæpts
adaunts,əˈdɔnts
adawed,əˈdɔd
adaws,əˈdɔz
addeemed,əˈdimd
addeems,əˈdimz
addictive,əˈdɪktɪv
addictively,əˈdɪktɪvli
addictiveness,əˈdɪktɪvnəs
addicts,əˈdɪkts
additive,ˈædətɪv
additively,ˈædətɪvli
additiveness,ˈædətɪvnəs
additives,ˈædətɪvz
addles,ˈædəlz
addoomed,əˈdumd
addooms,əˈdumz
addorses,əˈdɔrsɪz
addressed,əˈdrɛst
addresses,əˈdrɛsɪz
adds,ædz
adduces,əˈdusɪz
adductive,əˈdʌktɪv
adductively,əˈdʌktɪvli
adducts,əˈdʌkts
addulces,əˈdʌlsɪz
adeemed,əˈdimd
adeems,əˈdimz
adempts,əˈdɛmpts
adequate,ˈædəkwɪt
adequately,ˈædəkwɪtli
adequateness,ˈædəkwɪtnəs
adheres,ədˈhɪrz
adhesive,ədˈhisɪv
adhesively,ədˈhisɪvli
adhesiveness,ədˈhisɪvnəs
adhesives,ədˈhisɪvz
adhibits,ədˈhɪbɪts
adhorts,ədˈhɔrts
adight,əˈdaɪt
adighted,əˈdaɪtɪd
adighting,əˈdaɪtɪŋ
adights,əˈdaɪts
adipocerates,ˌædəˈpɑsəˌreɪts
adjective,ˈædʒɪktɪv
adjectively,ˈædʒɪktɪvli
adjectives,ˈædʒɪktɪvz
adjects,əˈdʒɛkts
adjoined,əˈdʒɔɪnd
adjoins,əˈdʒɔɪnz
adjourn,əˈdʒɜrn
adjournal,əˈdʒɜrnəl
adjourned,əˈdʒɜrnd
adjourning,əˈdʒɜrnɪŋ
adjournment,əˈdʒɜrnmənt
adjournments,əˈdʒɜrnmənts
adjourns,əˈdʒɜrnz
adjudges,əˈdʒʌdʒɪz
adjudicates,əˈdʒudɪˌkeɪts
adjudicative,əˈdʒudɪˌkeɪtɪv
adjugate,ˈædʒəˌɡeɪt
adjugates,ˈædʒəˌɡeɪts,(verb),or,ˈædʒəˌɡəts,(noun)
adjunctive,əˈdʒʌŋktɪv
adjunctively,əˈdʒʌŋktɪvli
adjunctiveness,əˈdʒʌŋktɪvnəs
adjures,əˈdʒʊrz
adjustive,əˈdʒʌstɪv
adjusts,əˈdʒʌsts
adjutes,ˈædʒuːts
admarginates,ædˈmɑrdʒɪˌneɪts
admeasure,ædˈmɛʒər
admeasured,ædˈmɛʒərd
admeasurement,ædˈmɛʒərmənt
admeasurements,ædˈmɛʒərmənts
admeasurer,ædˈmɛʒərər
admeasures,ædˈmɛʒərz
admeasuring,ædˈmɛʒərɪŋ
administered,ədˈmɪnəstərd
administers,ədˈmɪnəstərz
administrates,ədˈmɪnəˌstreɪts
administrative,ədˈmɪnəˌstreɪtɪv
administratively,ədˈmɪnəˌstreɪtɪvli
admirative,ˈædməˌreɪtɪv
admiratively,ˈædməˌreɪtɪvli
admires,ədˈmaɪərz
admissive,ədˈmɪsɪv
admissively,ədˈmɪsɪvli
admits,ədˈmɪts
admixed,ædˈmɪkst
admixes,ædˈmɪksɪz
admonished,ədˈmɑnɪʃt
admonishes,ədˈmɑnɪʃɪz
admonitive,ədˈmɑnətɪv
admonitively,ədˈmɑnətɪvli
admove,ædˈmuːv
admoved,ædˈmuːvd
admoves,ædˈmuːvz
admoving,ædˈmuːvɪŋ
ado,əˈduː
adonises,əˈdɑnəˌsaɪzɪz
adonizes,əˈdɑnəˌsaɪzɪz
adoptive,əˈdɑptɪv
adoptively,əˈdɑptɪvli
adopts,əˈdɑpts
adores,əˈdɔrz
adorned,əˈdɔrnd
adorns,əˈdɔrnz
adown,əˈdaʊn
adpressed,ædˈprɛst
adpresses,ædˈprɛsɪz
adread,əˈdrɛd
adreaded,əˈdrɛdɪd
adreading,əˈdrɛdɪŋ
adreads,əˈdrɛdz
adreamed,əˈdriːmd
adrenalectomises,əˌdrinəlˈɛktəˌmaɪzɪz
adrenalectomizes,əˌdrinəlˈɛktəˌmaɪzɪz
adrogates,ˈædrəˌɡeɪts
adscriptive,ædˈskrɪptɪv
adsignifies,ædˈsɪɡnəˌfaɪz
adsorbed,ædˈsɔrbd
adsorbs,ædˈsɔrbz
adsorptive,ædˈsɔrptɪv
adsorptively,ædˈsɔrptɪvli
adsorptiveness,ædˈsɔrptɪvnəs
adstricts,ædˈstrɪkts
adulates,ˈædʒəˌleɪts
adulterate,əˈdʌltəˌreɪt
adulterates,əˈdʌltəˌreɪts
adulterizes,əˈdʌltəˌraɪzɪz
adumbrates,ˈædʌmˌbreɪts
adumbrative,ˈædʌmˌbreɪtɪv
adumbratively,ˈædʌmˌbreɪtɪvli
adures,əˈdjʊrz
advances,ədˈvænsɪz
advancive,ədˈvænsɪv
advantages,ədˈvæntɪdʒɪz
advective,ædˈvɛktɪv
advects,ædˈvɛkts
advenes,ædˈviːnz
adventive,ədˈvɛntɪv
adventives,ədˈvɛntɪvz
adventures,ədˈvɛntʃərz
adventuresome,ədˈvɛntʃərsəm
adventuresomeness,ədˈvɛntʃərsəmnəs
adversative,ədˈvɜrsətɪv
adversatively,ədˈvɜrsətɪvli
adversatives,ədˈvɜrsətɪvz
adversifoliate,ædˌvɜrsəˈfoʊliɪt
advertises,ˈædvərˌtaɪzɪz
advertizes,ˈædvərˌtaɪzɪz
adverts,ˈædvɜrts
advises,ədˈvaɪzɪz
advocate,ˈædvəkɪt
advocates,ˈædvəˌkeɪts,(verb),or,ˈædvəˌkəts,(noun)
advocateship,ˈædvəˌkeɪtʃɪp
advocateships,ˈædvəˌkeɪtʃɪps
advocative,ˈædvəˌkeɪtɪv
advokes,ædˈvoʊks
advowee,ædˈvaʊiː
advowees,ædˈvaʊiːz
advowson,ædˈvaʊsən
advowsons,ædˈvaʊsənz
advowtry,ædˈvaʊtri
adze,ædz
adzed,ædzd
adzes,ˈædzɪz
aecia,ˈisiə
aecial,ˈisiəl
aecidia,iˈsɪdiə
aecidial,iˈsɪdiəl
aecidium,iˈsɪdiəm
aeciospore,ˈisiəˌspɔr
aeciospores,ˈisiəˌspɔrz
aecium,ˈisiəm
aegilops,ˈidʒəˌlɑps
aegilopses,ˈidʒəˌlɑpsɪz
aegophony,iˈɡɑfəni
aeneolithic,ˌiniəˈlɪθɪk
aeon,ˈiɑn
aeonian,iˈoʊniən
aeonic,iˈɑnɪk
aeons,ˈiɑnz
aequorin,ˌiˈkwɔrɪn
aerates,ˈɛrˌeɪts
aerifies,ˈɛrəˌfaɪz
aerobrakes,ˈɛroʊˌbreɪks
aerosolises,ˈɛrəsəˌlaɪzɪz
aerosolizes,ˈɛrəsəˌlaɪzɪz
aesculin,ˈɛskjəlɪn
aestheticises,ɛsˈθɛtəˌsaɪzɪz
aestheticizes,ɛsˈθɛtəˌsaɪzɪz
aestivates,ˈɛstəˌveɪts
aetheogamous,ˌiːθiˈɑɡəməs
aetherial,iːˈθɪriəl
aethers,ˈiːθərz
aethogen,ˈiːθəˌdʒɛn
aethrioscope,ˈiːθriəˌskoʊp
aethrioscopes,ˈiːθriəˌskoʊps
aetiolate,ˈiːtiəˌleɪt
aetiolates,ˈiːtiəˌleɪts
aetites,iːˈtaɪtiz
afeared,əˈfɪərd
afears,əˈfɪərz
affamished,əˈfæmɪʃt
affamishes,əˈfæmɪʃɪz
affeared,əˈfɪərd
affears,əˈfɪərz
affectionate,əˈfɛkʃənɪt
affectionately,əˈfɛkʃənɪtli
affectionateness,əˈfɛkʃənɪtnəs
affectioned,əˈfɛkʃənd
affective,əˈfɛktɪv
affectively,əˈfɛktɪvli
affectiveness,əˈfɛktɪvnəs
affects,əˈfɛkts
affeered,əˈfɪərd
affeers,əˈfɪərz
affiances,əˈfaɪənsɪz
affiche,æˈfiːʃ
affiches,æˈfiːʃɪz
affies,ˈæfiz
affiles,ˈæfaɪlz
affiliate,əˈfɪliˌeɪt
affiliates,əˈfɪliˌeɪts,(verb),or,əˈfɪliˌəts,(noun)
affines,əˈfaɪnz
affinitative,əˈfɪnɪˌteɪtɪv
affinitatively,əˈfɪnɪˌteɪtɪvli
affinitive,əˈfɪnətɪv
affirmative,əˈfɜrmətɪv
affirmatively,əˈfɜrmətɪvli
affirmatives,əˈfɜrmətɪvz
affirmed,əˈfɜrmd
affirms,əˈfɜrmz
affixed,əˈfɪkst
affixes,əˈfɪksɪz
afflictive,əˈflɪktɪv
afflictively,əˈflɪktɪvli
afflicts,əˈflɪkts
afforces,əˈfɔrsɪz
affords,əˈfɔrdz
afforests,əˈfɔrɪsts
afformative,əˈfɔrmətɪv
afformatives,əˈfɔrmətɪvz
affranchise,əˈfræntʃaɪz
affranchised,əˈfræntʃaɪzd
affranchisement,əˈfræntʃaɪzmənt
affranchisements,əˈfræntʃaɪzmənts
affranchises,əˈfræntʃaɪzɪz
affranchising,əˈfræntʃaɪzɪŋ
affrapped,əˈfræpt
affraps,əˈfræps
affrayed,əˈfreɪd
affrays,əˈfreɪz
affreight,əˈfreɪt
affreighted,əˈfreɪtɪd
affreighter,əˈfreɪtər
affreighters,əˈfreɪtərz
affreighting,əˈfreɪtɪŋ
affreightment,əˈfreɪtmənt
affreightments,əˈfreɪtmənts
affreights,əˈfreɪts
affricate,ˈæfrɪkɪt
affricates,ˈæfrɪkɪts
affricative,ˈæfrɪkətɪv
affricatives,ˈæfrɪkətɪvz
affriended,əˈfriːndɪd
affright,əˈfraɪt
affrighted,əˈfraɪtɪd
affrightedly,əˈfraɪtɪdli
affrighter,əˈfraɪtər
affrightful,əˈfraɪtfəl
affrighting,əˈfraɪtɪŋ
affrightment,əˈfraɪtmənt
affrights,əˈfraɪts
affrontive,əˈfrʌntɪv
affrontively,əˈfrʌntɪvli
affrontiveness,əˈfrʌntɪvnəs
affronts,əˈfrʌnts
affuse,əˈfjuːz
affused,əˈfjuːzd
affuses,əˈfjuːzɪz
affusing,əˈfjuːzɪŋ
aforementioned,əˈfɔrmɛnʃənd
aforethought,əˈfɔrθɔt
africanises,ˈæfrɪkəˌnaɪzɪz
africanising,ˈæfrɪkəˌnaɪzɪŋ
africanizes,ˈæfrɪkəˌnaɪzɪz
afterguard,ˈæftərˌɡɑrd
afterguards,ˈæftərˌɡɑrdz
aftermost,ˈæftərmoʊst
afterthought,ˈæftərˌθɔt
afterthoughts,ˈæftərˌθɔts
aftmost,ˈæftmoʊst
againsays,əˈɡɛnˌseɪz
agatises,ˈæɡəˌtaɪzɪz
agatizes,ˈæɡəˌtaɪzɪz
agenises,ˈædʒəˌnaɪzɪz
agenizes,ˈædʒəˌnaɪzɪz
agentive,əˈdʒɛntɪv
agentives,əˈdʒɛntɪvz
ages,ˈeɪdʒɪz
ages,ˈeɪdʒɪz
aggerates,ˈædʒəˌreɪts
aggests,əˈdʒɛsts
agglomerate,əˈɡlɑməˌreɪt
agglomerates,əˈɡlɑməˌreɪts,(verb),or,əˈɡlɑməˌrəts,(noun)
agglomerative,əˈɡlɑməˌreɪtɪv
agglutinate,əˈɡlutəˌneɪt
agglutinates,əˈɡlutəˌneɪts,(verb),or,əˈɡlutəˌnəts,(noun)
agglutinative,əˈɡlutəˌneɪtɪv
agglutinatives,əˈɡlutəˌneɪtɪvz
aggraces,əˈɡreɪsɪz
aggrades,əˈɡreɪdz
aggrandises,ˈæɡrənˌdaɪzɪz
aggrandizes,ˈæɡrənˌdaɪzɪz
aggrates,əˈɡreɪts
aggravates,ˈæɡrəˌveɪts
aggravative,ˈæɡrəˌveɪtɪv
aggregate,ˈæɡrəɡɪt
aggregately,ˈæɡrəɡɪtli
aggregates,ˈæɡrəˌɡeɪts,(verb),or,ˈæɡrəˌɡəts,(noun)
aggregative,ˈæɡrəˌɡeɪtɪv
aggregatively,ˈæɡrəˌɡeɪtɪvli
aggreges,əˈɡrɛdʒɪz
aggressed,əˈɡrɛst
aggresses,əˈɡrɛsɪz
aggressive,əˈɡrɛsɪv
aggressively,əˈɡrɛsɪvli
aggressiveness,əˈɡrɛsɪvnəs
aggrieve,əˈɡriːv
aggrieved,əˈɡriːvd
aggrievement,əˈɡriːvmənt
aggrievements,əˈɡriːvmənts
aggrieves,əˈɡriːvz
aggroes,ˈæɡroʊz
aggros,ˈæɡroʊz
aggrouped,əˈɡrupt
aggroups,əˈɡrups
aghast,əˈɡæst
agitates,ˈædʒəˌteɪts
agitative,ˈædʒəˌteɪtɪv
agminate,ˈæɡmənɪt
agnizes,æɡˈnaɪzɪz
agnominates,æɡˈnɑməˌneɪts
agonises,ˈæɡəˌnaɪzɪz
agonizes,ˈæɡəˌnaɪzɪz
agouara,æɡuˈɑrə
agouaras,æɡuˈɑrəz
agouta,əˈɡuta
agoutas,əˈɡutəz
agraces,əˈɡreɪsɪz
agrafe,əˈɡræf
agrafes,əˈɡræfs
agraffe,əˈɡræf
agraffes,əˈɡræfs
agrarianises,əˈɡrɛriəˌnaɪzɪz
agrarianizes,əˈɡrɛriəˌnaɪzɪz
agrees,əˈɡriz
agribusiness,ˈæɡrəˌbɪznɪs
agribusinesses,ˈæɡrəˌbɪznɪsɪz
agribusinessman,ˈæɡrəˌbɪznɪsmən
agribusinessmen,ˈæɡrəˌbɪznɪsmɛn
agrises,əˈɡraɪzɪz
agues,ˈeɪɡjuːz
agueweed,ˈeɪɡjuːˌwid
agueweeds,ˈeɪɡjuːˌwidz
aguilt,əˈɡɪlt
aguise,əˈɡaɪz
aguised,əˈɡaɪzd
aguises,əˈɡaɪzɪz
aguising,əˈɡaɪzɪŋ
ahchoo,ɑˈtʃuː
ahead,əˈhɛd
aheight,əˈhaɪt
ahigh,əˈhaɪ
ahungered,əˈhʌŋɡərd
aids,eɪdz
aigrette,eɪˈɡrɛt
aigrettes,eɪˈɡrɛts
aiguillette,ˌeɪɡwɪˈlɛt
aiguillettes,ˌeɪɡwɪˈlɛts
ailed,eɪld
ailette,eɪˈlɛt
ailettes,eɪˈlɛts
ails,eɪlz
aimed,eɪmd
aims,eɪmz
airbrushed,ˈɛrˌbrʌʃt
airbrushes,ˈɛrˌbrʌʃɪz
aircheck,ˈɛrˌtʃɛk
airchecks,ˈɛrˌtʃɛks
aircoach,ˈɛrˌkoʊtʃ
aircoaches,ˈɛrˌkoʊtʃɪz
airdropped,ˈɛrˌdrɑpt
airdrops,ˈɛrˌdrɑps
aired,ɛrd
airfreight,ˈɛrˌfreɪt
airfreighted,ˈɛrˌfreɪtɪd
airfreighting,ˈɛrˌfreɪtɪŋ
airfreights,ˈɛrˌfreɪts
airhead,ˈɛrˌhɛd
airheaded,ˈɛrˌhɛdɪd
airheadedness,ˈɛrˌhɛdɪdnəs
airheads,ˈɛrˌhɛdz
airlifts,ˈɛrˌlɪfts
airmailed,ˈɛrˌmeɪld
airmails,ˈɛrˌmeɪlz
airpost,ˈɛrˌpoʊst
airpower,ˈɛrˌpaʊər
airpowers,ˈɛrˌpaʊərz
airproofed,ˈɛrˌpruːft
airproofs,ˈɛrˌpruːfs
airs,ɛrz
airtight,ˈɛrˌtaɪt
airtightly,ˈɛrˌtaɪtli
airtightness,ˈɛrˌtaɪtnəs
airts,ɛrts
airwomen,ˈɛrˌwɪmɪn
aisle,aɪl
aisled,aɪld
aisleless,ˈaɪlləs
aisles,aɪlz
aisleway,ˈaɪlˌweɪ
aisleways,ˈaɪlˌweɪz
alacrifies,əˈlækrəˌfaɪz
alarmed,əˈlɑrmd
alarms,əˈlɑrmz
alarumed,əˈlɑrəmd
alarums,əˈlɑrəmz
albeit,ɔlˈbiːɪt
albumenises,ælˈbjuməˌnaɪzɪz
albumenizes,ælˈbjuməˌnaɪzɪz
alchemises,ˈælkəˌmaɪzɪz
alchemizes,ˈælkəˌmaɪzɪz
alcoholises,ˈælkəˌhɑlaɪzɪz
alcoholizes,ˈælkəˌhɑlaɪzɪz
alderwomen,ˈɔldərˌwɪmɪn
aldolizes,ˈældəˌlaɪzɪz
alebench,ˈeɪlˌbɛntʃ
alebenches,ˈeɪlˌbɛntʃɪz
alegges,əˈlɛɡɪz
alerts,əˈlɜrts
algebraizes,ˈældʒəbrəˌlaɪzɪz
alhambresque,ælˈhæmbrɛsk
aliased,ˈeɪliəst
aliases,ˈeɪliəsɪz
alibies,ˈæləˌbiz
alienates,ˈeɪliəˌneɪts
alight,əˈlaɪt
alighted,əˈlaɪtɪd
alighting,əˈlaɪtɪŋ
alightment,əˈlaɪtmənt
alightments,əˈlaɪtmənts
alights,əˈlaɪts
aligned,əˈlaɪnd
aligns,əˈlaɪnz
alimentative,ˈæləmɛntətɪv
alimentatively,ˈæləmɛntətɪvli
alimentive,ˈæləmɛntɪv
alimentiveness,ˈæləmɛntɪvnəs
aliments,ˈæləmɛnts
aliterate,eɪˈlɪtərɪt
aliterates,eɪˈlɪtərɪts
alkalifies,ælˈkæləˌfaɪz
alkalinises,ˈælkələˌnaɪzɪz
alkalinizes,ˈælkələˌnaɪzɪz
alkalises,ˈælkəˌlaɪzɪz
alkalizes,ˈælkəˌlaɪzɪz
alkylates,ˈælkəˌleɪts
allatrates,ˈælɪˌtreɪts
allayed,əˈleɪd
allays,əˈleɪz
allective,əˈlɛktɪv
allectives,əˈlɛktɪvz
allects,əˈlɛkts
alleges,əˈlɛdʒɪz
allegorises,ˈælɪɡəˌraɪzɪz
allegorizes,ˈælɪɡəˌraɪzɪz
alleviates,əˈliːviˌeɪts
alleviative,əˈliːviˌeɪtɪv
alleviatives,əˈliːviˌeɪtɪvz
alleyed,ˈælid
allies,əˈlaɪz
alligates,ˈælɪˌɡeɪts
allineates,əˈlɪniˌeɪts
alliterates,əˈlɪtəˌreɪts
alliterative,əˈlɪtəˌreɪtɪv
alliteratively,əˈlɪtəˌreɪtɪvli
allnight,ˈɔlˌnaɪt
allocates,ˈæləˌkeɪts
allografts,ˈæləˌɡræfts
alloted,əˈlɑtɪd
alloting,əˈlɑtɪŋ
allotropizes,əˈlɑtrəˌpaɪzɪz
allots,əˈlɑts
allow,əˈlaʊ
allowable,əˈlaʊəbəl
allowableness,əˈlaʊəbəlnəs
allowably,əˈlaʊəbli
allowance,əˈlaʊəns
allowances,əˈlaʊənsɪz
allowed,əˈlaʊd
allowedly,əˈlaʊədli
allower,əˈlaʊər
allowers,əˈlaʊərz
allowing,əˈlaʊɪŋ
allows,əˈlaʊz
alloyed,əˈlɔɪd
alloys,əˈlɔɪz
allright,ɔlˈraɪt
alludes,əˈludz
allumette,ˌæljʊˈmɛt
allumettes,ˌæljʊˈmɛts
allures,əˈlʊrz
allusive,əˈlusɪv
allusively,əˈlusɪvli
allusiveness,əˈlusɪvnəs
almightful,ɔlˈmaɪtfəl
almightiful,ɔlˈmaɪtɪfəl
almightily,ɔlˈmaɪtɪli
almightiness,ɔlˈmaɪtinəs
almighty,ɔlˈmaɪti
almost,ˈɔlˌmoʊst
alouatta,ˌæluˈætə
alouatte,ˌæluˈæt
alouattes,ˌæluˈæts
alouattinae,ˌæluəˈtaɪni
alouattine,ˌæluəˈtaɪn
alphabetises,ˈælfəbəˌtaɪzɪz
alphabetizes,ˈælfəbəˌtaɪzɪz
alquifou,ˈælkəˌfu
already,ɔlˈrɛdi
alright,ɔlˈraɪt
alterative,ˈɔltəˌreɪtɪv
altercates,ˈɔltərˌkeɪts
altercative,ˈɔltərˌkeɪtɪv
altered,ˈɔltərd
alternate,ˈɔltərnɪt
alternately,ˈɔltərnɪtli
alternateness,ˈɔltərnɪtnəs
alternates,ˈɔltərˌneɪts,(verb),or,ˈɔltərˌnəts,(noun)
alternative,ɔlˈtɜrnətɪv
alternatively,ɔlˈtɜrnətɪvli
alternativeness,ɔlˈtɜrnətɪvnəs
alternatives,ɔlˈtɜrnətɪvz
alters,ˈɔltərz
altho,ɔlˈθoʊ
although,ɔlˈθoʊ
altogether,ˌɔltəˈɡɛðər
altogethers,ˌɔltəˈɡɛðərz
aluminizes,əˈluməˌnaɪzɪz
alveolate,ˈælviəˌleɪt
alveolates,ˈælviəˌleɪts
always,ˈɔlweɪz
amadou,ˈæməˌdu
amalgamates,əˈmælɡəˌmeɪts
amalgamative,əˈmælɡəˌmeɪtɪv
amalgamizes,əˈmælɡəˌmaɪzɪz
amassed,əˈmæst
amasses,əˈmæsɪz
amative,ˈæmətɪv
amatively,ˈæmətɪvli
amativeness,ˈæmətɪvnəs
amazes,əˈmeɪzɪz
ambered,ˈæmbərd
ambers,ˈæmbərz
ambitioned,æmˈbɪʃənd
ambles,ˈæmbəlz
ambulates,ˈæmbjəˌleɪts
ambuscades,ˈæmbəˌskeɪdz
ambushed,ˈæmbʊʃt
ambushes,ˈæmbʊʃɪz
ameliorates,əˈmiljəˌreɪts
ameliorative,əˈmiljəˌreɪtɪv
amends,əˈmɛndz
amerces,əˈmɜrsɪz
americanises,əˈmɛrɪkəˌnaɪzɪz
americanizes,əˈmɛrɪkəˌnaɪzɪz
ammoniates,əˈmoʊniˌeɪts
ammonifies,əˈmɑnəˌfaɪz
amortises,əˈmɔrtəˌzaɪzɪz
amortizes,əˈmɔrtəˌzaɪzɪz
amounts,əˈmaʊnts
amour,əˈmʊr
amours,əˈmʊrz
amped,æmpt
amplifies,ˈæmpləˌfaɪz
amps,æmps
amputates,ˈæmpjəˌteɪts
amuses,əˈmjuzɪz
amusive,əˈmjusɪv
amusively,əˈmjusɪvli
amusiveness,əˈmjusɪvnəs
anaesthetises,əˈnɛsθəˌtaɪzɪz
anaesthetizes,əˈnɛsθəˌtaɪzɪz
anagrammatises,ˌænəˈɡræmətˌaɪzɪz
anagrammatizes,ˌænəˈɡræmətˌaɪzɪz
anagrammed,ˈænəˌɡræmd
analogises,əˈnælɪˌdʒaɪzɪz
analogizes,əˈnælɪˌdʒaɪzɪz
analyses,ˈænəˌlaɪzɪz
analyzes,ˈænəˌlaɪzɪz
anastomoses,əˈnæstəˌmoʊsiz
anathematises,əˈnæθəməˌtaɪzɪz
anathematizes,əˈnæθəməˌtaɪzɪz
anatomises,əˈnætəˌmaɪzɪz
anatomizes,əˈnætəˌmaɪzɪz
ancestored,ˈænsɛstərd
ancestors,ˈænsɛstərz
anchor,ˈæŋkər
anchorage,ˈæŋkərɪdʒ
anchorages,ˈæŋkərɪdʒɪz
anchored,ˈæŋkərd
anchoring,ˈæŋkərɪŋ
anchorless,ˈæŋkərləs
anchorman,ˈæŋkərˌmæn
anchormen,ˈæŋkərˌmɛn
anchorpeople,ˈæŋkərˌpipəl
anchorperson,ˈæŋkərˌpɜrsən
anchorpersons,ˈæŋkərˌpɜrsənz
anchors,ˈæŋkərz
anchorwoman,ˈæŋkərˌwʊmən
anchorwomen,ˈæŋkərˌwɪmɪn
anchoveta,ˌæntʃoʊˈvɛtə
anchovetas,ˌæntʃoʊˈvɛtəz
anchovetta,ˌæntʃoʊˈvɛtə
anchovettas,ˌæntʃoʊˈvɛtəz
anchovies,ˈæntʃoʊviz
anchovy,ˈæntʃoʊvi
andouille,ænˈduːi
andouilles,ænˈduːiz
andouillette,ˌænduːiˈɛt
andouillettes,ˌænduːiˈɛts
androecia,ænˈdriːsiə
androecium,ænˈdriːsiəm
aneared,əˈnɪərd
anears,əˈnɪərz
aneles,əˈnilz
anesthetizes,əˈnɛsθəˌtaɪzɪz
angeled,ˈeɪndʒəld
angels,ˈeɪndʒəlz
angered,ˈæŋɡərd
angers,ˈæŋɡərz
angles,ˈæŋɡəlz
anglicises,ˈæŋɡlɪˌsaɪzɪz
anglicizes,ˈæŋɡlɪˌsaɪzɪz
anguine,ˈæŋɡwɪn
anguished,ˈæŋɡwɪʃt
anguishes,ˈæŋɡwɪʃɪz
angulate,ˈæŋɡjəlɪt
angulates,ˈæŋɡjəˌleɪts
animadverts,ˌænəmædˈvɜrts
animalisation,ˌænəmələˈzeɪʃən
animalises,ˈænəməˌlaɪzɪz
animalizes,ˈænəməˌlaɪzɪz
animate,ˈænəmɪt
animately,ˈænəmɪtli
animateness,ˈænəmɪtnəs
animates,ˈænəˌmeɪts,(verb),or,ˈænəˌməts,(noun)
anisette,ˌænəˈsɛt
anisettes,ˌænəˈsɛts
ankles,ˈæŋkəlz
ankyloses,ˈæŋkəˌloʊsiz
annealed,əˈniːld
anneals,əˈniːlz
annexe,ˈænɛks
annexed,ˈænɛkst
annexes,ˈænɛksɪz
annihilates,əˈnaɪəˌleɪts
annotates,ˈænəˌteɪts
annotative,ˈænəˌteɪtɪv
announces,əˈnaʊnsɪz
annoyed,əˈnɔɪd
annoys,əˈnɔɪz
annualises,ˈænjuəˌlaɪzɪz
annualizes,ˈænjuəˌlaɪzɪz
annul,əˈnʌl
annulate,ˈænjəlɪt
annulates,ˈænjəˌleɪts
annulled,əˈnʌld
annulls,əˈnʌlz
annulment,əˈnʌlmənt
annulments,əˈnʌlmənts
annuls,əˈnʌlz
annunciates,əˈnʌnsiˌeɪts
anodizes,ˈænəˌdaɪzɪz
anoints,əˈnɔɪnts
answer,ˈænsər
answerable,ˈænsərəbəl
answered,ˈænsərd
answerer,ˈænsərə
answerers,ˈænsərəz
answering,ˈænsərɪŋ
answers,ˈænsərz
antagonises,ænˈtæɡəˌnaɪzɪz
antagonizes,ænˈtæɡəˌnaɪzɪz
antbear,ˈæntˌbɛr
antbears,ˈæntˌbɛrz
antecedes,ˌæntəˈsidz
antechamber,ˈæntɪˌtʃeɪmbər
antechambers,ˈæntɪˌtʃeɪmbərz
antechapel,ˈæntɪˌtʃæpəl
antechapels,ˈæntɪˌtʃæpəlz
antedates,ˈæntiˌdeɪts
antepenultimate,ˌæntipiˈnʌltəmɪt
antepenultimates,ˌæntipiˈnʌltəmɪts
antes,ˈæntiz
anteverts,ˌæntiˈvɜrts
anthemed,ˈænθəmd
anthems,ˈænθəmz
anthologises,ænˈθɑləˌdʒaɪzɪz
anthologizes,ænˈθɑləˌdʒaɪzɪz
anthropomorphizes,ˌænθrəpəˈmɔrfəˌzaɪzɪz
antialiased,ˌæntiˈeɪliəst
antibusiness,ˌæntiˈbɪznəs
antichain,ˈæntiˌtʃeɪn
antichains,ˈæntiˌtʃeɪnz
antichurch,ˈæntiˌtʃɜrtʃ
anticigarette,ˌæntiˈsɪɡəˌrɛt
anticipates,ænˈtɪsəˌpeɪts
anticompetitive,ˌæntikəmˈpɛtətɪv
anticonvulsive,ˌæntikənˈvʌlsɪv
anticonvulsives,ˌæntikənˈvʌlsɪvz
anticorporate,ˌæntiˈkɔrpərɪt
anticorrosive,ˌæntiˈkɔrsɪv
anticorrosives,ˌæntiˈkɔrsɪvz
anticounterfeiting,ˌæntikaʊntərˈfɪtɪŋ
anticreative,ˌæntikriˈeɪtɪv
antiderivative,ˌæntidəˈrɪvətɪv
antiderivatives,ˌæntidəˈrɪvətɪvz
antifashion,ˌæntiˈfæʃən
antifashionable,ˌæntiˈfæʃənəbəl
antifatigue,ˌæntifəˈtiːɡ
antifeminine,ˌæntɪˈfɛmənɪn
antiforeign,ˌæntiˈfɔrɪn
antiforeigner,ˌæntiˈfɔrɪnər
antiforeignism,ˌæntiˈfɔrɪnɪzəm
antiguerrilla,ˌæntɪɡəˈrɪlə
antihypertensive,ˌæntɪhaɪpərˈtɛnsɪv
antihypertensives,ˌæntɪhaɪpərˈtɛnsɪvz
antiliterate,ˌæntiˈlɪtərɪt
antilynching,ˌæntiˈlɪntʃɪŋ
antimacho,ˌæntiˈmɑtʃoʊ
antimasque,ˈæntiˌmæsk
antimosquito,ˌæntiməˈskitoʊ
antinarrative,ˌæntiˈnærətɪv
antinarratives,ˌæntiˈnærətɪvz
antiplague,ˈæntiˌpleɪɡ
antiplaque,ˈæntiˌplæk
antipleasure,ˌæntiˈplɛʒər
antipoaching,ˌæntiˈpoʊtʃɪŋ
antiprogressive,ˌæntiprəˈɡrɛsɪv
antiquates,ˈæntɪˌkweɪts
antique,ænˈtik
antiquer,ænˈtikər
antiquers,ænˈtikərz
antiques,ænˈtiks
antireflective,ˌæntiriˈflɛktɪv
antiseizure,ˌæntiˈsiːʒər
antispeculative,ˌæntispɛkjələtɪv
antisubversive,ˌæntisəbˈvɜrsɪv
antisubversives,ˌæntisəbˈvɜrsɪvz
antitussive,ˌæntiˈtʌsɪv
antitussives,ˌæntiˈtʌsɪvz
antiwear,ˈæntiˌwɛr
antlered,ˈæntlərd
ants,ænts
anvilled,ˈænvɪld
anvilling,ˈænvɪlɪŋ
anvils,ˈænvɪlz
anyhow,ˈɛniˌhaʊ
anyone,ˈɛniˌwʌn
aoudad,ˈaʊˌdæd
aoudads,ˈaʊˌdædz
apercu,ˌæpərˈsuː
apercus,ˌæpərˈsuːz
apes,eɪps
aphorises,ˈæfəˌraɪzɪz
aphorizes,ˈæfəˌraɪzɪz
apiculate,əˈpɪkjəlɪt
apologises,əˈpɑləˌdʒaɪzɪz
apologizes,əˈpɑləˌdʒaɪzɪz
apostatises,əˈpɑstəˌtaɪzɪz
apostatizes,əˈpɑstəˌtaɪzɪz
apostrophises,əˈpɑstrəˌfaɪzɪz
apostrophizes,əˈpɑstrəˌfaɪzɪz
apotheosises,əˈpɑθiəˌsaɪzɪz
apotheosizes,əˈpɑθiəˌsaɪzɪz
appalled,əˈpɔld
appalls,əˈpɔlz
appals,əˈpɔlz
apparatchik,ˌɑpəˈrɑtʃɪk
apparatchiki,ˌɑpəˈrɑtʃiki
apparatchiks,ˌɑpəˈrɑtʃɪks
appareled,əˈpærəld
apparelled,əˈpærəld
apparelling,əˈpærəlɪŋ
apparels,əˈpærəlz
appealed,əˈpild
appeals,əˈpilz
appeared,əˈpɪərd
appears,əˈpɪərz
appeases,əˈpizɪz
appellate,əˈpɛlɪt
appellative,əˈpɛlətɪv
appellatively,əˈpɛlətɪvli
appends,əˈpɛndz
apperceive,ˌæpərˈsiv
apperceived,ˌæpərˈsivd
apperceives,ˌæpərˈsivz
apperceiving,ˌæpərˈsivɪŋ
apperceptive,ˌæpərˈsɛptɪv
apperceptively,ˌæpərˈsɛptɪvli
appertained,ˌæpərˈteɪnd
appertains,ˌæpərˈteɪnz
appetitive,ˈæpətətɪv
appetitively,ˈæpətətɪvli
applauds,əˈplɔdz
applicate,ˈæplɪˌkeɪt
applicates,ˈæplɪˌkeɪts,(verb),or,ˈæplɪˌkəts,(noun)
applicative,ˈæplɪˌkeɪtɪv
applicatively,ˈæplɪˌkeɪtɪvli
applies,əˈplaɪz
applique,əˈpliːk
appliqued,əˈpliːkt
appliqueing,əˈpliːkɪŋ
appliques,əˈpliːks
appointive,əˈpɔɪntɪv
appoints,əˈpɔɪnts
apportioned,əˈpɔrʃənd
apportions,əˈpɔrʃənz
apposes,əˈpoʊzɪz
apposite,ˈæpəzɪt
appositely,ˈæpəzɪtli
appositeness,ˈæpəzɪtnəs
appositive,əˈpɑzətɪv
appositively,əˈpɑzətɪvli
appositives,əˈpɑzətɪvz
appraises,əˈpreɪzɪz
appraisive,əˈpreɪzɪv
appreciates,əˈpriːʃiˌeɪts
appreciative,əˈpriːʃiˌeɪtɪv
appreciatively,əˈpriːʃiˌeɪtɪvli
appreciativeness,əˈpriːʃiˌeɪtɪvnəs
apprehends,ˌæprɪˈhɛndz
apprehensive,ˌæprɪˈhɛnsɪv
apprehensively,ˌæprɪˈhɛnsɪvli
apprehensiveness,ˌæprɪˈhɛnsɪvnəs
apprentices,əˈprɛntɪsɪz
appressed,əˈprɛst
appresses,əˈprɛsɪz
apprises,əˈpraɪzɪz
apprizes,əˈpraɪzɪz
approach,əˈproʊtʃ
approachability,əˌproʊtʃəˈbɪləti
approachable,əˈproʊtʃəbəl
approached,əˈproʊtʃt
approacher,əˈproʊtʃər
approaches,əˈproʊtʃɪz
approaching,əˈproʊtʃɪŋ
approbates,ˈæprəˌbeɪts
appropriate,əˈproʊpriɪt
appropriately,əˈproʊpriɪtli
appropriateness,əˈproʊpriɪtnəs
appropriates,əˈproʊpriˌeɪts
appropriative,əˈproʊpriˌeɪtɪv
approvable,əˈpruvəbəl
approvably,əˈpruvəbli
approval,əˈpruvəl
approvals,əˈpruvəlz
approve,əˈpruv
approved,əˈpruvd
approver,əˈpruvər
approvers,əˈpruvərz
approves,əˈpruvz
approving,əˈpruvɪŋ
approvingly,əˈpruvɪŋli
approximate,əˈprɑksəmɪt
approximately,əˈprɑksəmɪtli
approximates,əˈprɑksəˌmeɪts
approximative,əˈprɑksəmətɪv
aproned,ˈeɪprənd
aprons,ˈeɪprənz
aquaplanes,ˈækwəˌpleɪnz
aquatints,ˈækwəˌtɪnts
arabesque,ˌærəˈbɛsk
arabesques,ˌærəˈbɛsks
arabicises,ˈærəbɪˌsaɪzɪz
arabicizes,ˈærəbɪˌsaɪzɪz
arabises,ˈærəˌbaɪzɪz
arabizes,ˈærəˌbaɪzɪz
arbitrages,ˈɑrbəˌtrɑʒɪz
arbitrates,ˈɑrbəˌtreɪts
arbitrative,ˈɑrbəˌtreɪtɪv
arbored,ˈɑrbərd
arborises,ˈɑrbəˌraɪzɪz
arborizes,ˈɑrbəˌraɪzɪz
arboured,ˈɑrbərd
arbourises,ˈɑrbəˌraɪzɪz
arcades,ɑrˈkeɪdz
arced,ɑrkt
arch,ɑrtʃ
archaises,ˈɑrkeɪˌaɪzɪz
archaizes,ˈɑrkeɪˌaɪzɪz
archbishop,ˌɑrtʃˈbɪʃəp
archbishopric,ˌɑrtʃˈbɪʃəprɪk
archbishoprics,ˌɑrtʃˈbɪʃəprɪks
archbishops,ˌɑrtʃˈbɪʃəps
archconservative,ˌɑrtʃkənˈsɜrvətɪv
archconservatives,ˌɑrtʃkənˈsɜrvətɪvz
archdeacon,ˌɑrtʃˈdiːkən
archdeaconries,ˌɑrtʃˈdiːkənriz
archdeaconry,ˌɑrtʃˈdiːkənri
archdeacons,ˌɑrtʃˈdiːkənz
archdiocesan,ˌɑrtʃdaɪˈɒsɪsən
archdiocese,ˌɑrtʃˈdaɪəsɪs
archdioceses,ˌɑrtʃˈdaɪəsɪsɪz
archducal,ˌɑrtʃˈdukəl
archduchess,ˌɑrtʃˈdʌtʃɪs
archduchesses,ˌɑrtʃˈdʌtʃɪsɪz
archduchies,ˌɑrtʃˈdʌtʃiz
archduchy,ˌɑrtʃˈdʌtʃi
archduke,ˌɑrtʃˈduk
archdukedom,ˌɑrtʃˈdukdəm
archdukedoms,ˌɑrtʃˈdukdəmz
archdukes,ˌɑrtʃˈduks
arched,ɑrtʃt
archegoniate,ˌɑrkɪˈɡoʊniɪt
archegoniates,ˌɑrkɪˈɡoʊniɪts
archenemies,ˌɑrtʃˈɛnəmiz
archenemy,ˌɑrtʃˈɛnəmi
archer,ˈɑrtʃər
archerfish,ˈɑrtʃərˌfɪʃ
archerfishes,ˈɑrtʃərˌfɪʃɪz
archeries,ˈɑrtʃəriz
archers,ˈɑrtʃərz
archery,ˈɑrtʃəri
arches,ˈɑrtʃɪz
archfiend,ˈɑrtʃˌfiːnd
archfiends,ˈɑrtʃˌfiːndz
archil,ˈɑrtʃɪl
archils,ˈɑrtʃɪlz
arching,ˈɑrtʃɪŋ
archings,ˈɑrtʃɪŋz
archives,ˈɑrkaɪvz
archly,ˈɑrtʃli
archness,ˈɑrtʃnəs
archpriest,ˈɑrtʃˌprist
archpriests,ˈɑrtʃˌprists
archrival,ˈɑrtʃˌraɪvəl
archrivals,ˈɑrtʃˌraɪvəlz
archvillain,ˈɑrtʃˌvɪlən
archvillains,ˈɑrtʃˌvɪlənz
archway,ˈɑrtʃˌweɪ
archways,ˈɑrtʃˌweɪz
arcked,ɑrkt
arcminute,ˈɑrkˌmɪnət
arcminutes,ˈɑrkˌmɪnəts
arcs,ɑrks
arcuate,ˈɑrkjuɪt
arcuately,ˈɑrkjuɪtli
are,ɑr
areolate,ˈɛriəˌleɪt
argles,ˈɑrɡəlz
argot,ˈɑrɡoʊ
argots,ˈɑrɡoʊz
argues,ˈɑrɡjuz
argufies,ˈɑrɡjəˌfaɪz
argumentative,ˌɑrɡjəˈmɛntətɪv
argumentatively,ˌɑrɡjəˈmɛntətɪvli
argumentive,ˌɑrɡjəˈmɛntɪv
ariette,ˌæriˈɛt
ariettes,ˌæriˈɛts
aright,əˈraɪt
ariled,ˈaɪrɪld
arillate,ˈaɪrɪlɪt
arilled,ˈaɪrɪld
arises,əˈraɪzɪz
arkwright,ˈɑrkˌraɪt
arkwrights,ˈɑrkˌraɪts
armchair,ˈɑrmˌtʃɛr
armchairs,ˈɑrmˌtʃɛrz
armed,ɑrmd
armoire,ɑrˈmwɑr
armoires,ɑrˈmwɑrz
armorbearer,ˈɑrmərˌbɛrər
armorbearers,ˈɑrmərˌbɛrərz
armored,ˈɑrmərd
armors,ˈɑrmərz
armourbearer,ˈɑrmərˌbɛrər
armourbearers,ˈɑrmərˌbɛrərz
armoured,ˈɑrmərd
armours,ˈɑrmərz
arms,ɑrmz
aroints,əˈrɔɪnts
aromatises,əˈrɑmətˌaɪzɪz
aromatizes,əˈrɑmətˌaɪzɪz
arouses,əˈraʊzɪz
aroynts,əˈrɔɪnts
arpeggiates,ɑrˈpɛdʒiˌeɪts
arraigned,əˈreɪnd
arraigns,əˈreɪnz
arranges,əˈreɪndʒɪz
arrased,ˈærəst
arrayed,əˈreɪd
arrays,əˈreɪz
arrests,əˈrɛsts
arrives,əˈraɪvz
arrogates,ˈærəˌɡeɪts
arrowed,ˈæroʊd
arrowhead,ˈæroʊˌhɛd
arrowheads,ˈæroʊˌhɛdz
arrows,ˈæroʊz
artichoke,ˈɑrtəˌtʃoʊk
artichokes,ˈɑrtəˌtʃoʊks
articles,ˈɑrtɪkəlz
articulate,ɑrˈtɪkjəlɪt
articulately,ɑrˈtɪkjəlɪtli
articulateness,ɑrˈtɪkjəlɪtnəs
articulates,ɑrˈtɪkjəˌleɪts
articulative,ɑrˈtɪkjəˌleɪtɪv
articulatively,ɑrˈtɪkjəˌleɪtɪvli
aryanises,ˈɛriəˌnaɪzɪz
aryanizes,ˈɛriəˌnaɪzɪz
ascends,əˈsɛndz
ascensive,əˈsɛnsɪv
ascertain,ˌæsərˈteɪn
ascertainable,ˌæsərˈteɪnəbəl
ascertained,ˌæsərˈteɪnd
ascertaining,ˌæsərˈteɪnɪŋ
ascertainment,ˌæsərˈteɪnmənt
ascertainments,ˌæsərˈteɪnmənts
ascertains,ˌæsərˈteɪnz
ascribes,əˈskraɪbz
ascriptive,əˈskrɪptɪv
ashames,əˈʃeɪmz
ashed,æʃt
ashes,ˈæʃɪz
ashlared,ˈæʃlərd
ashlars,ˈæʃlərz
ashlered,ˈæʃlərd
ashlers,ˈæʃlərz
asked,æskt
asks,æsks
aspects,ˈæspɛkts
asperates,ˈæspəˌreɪts
aspersed,əˈspɜrst
asperses,əˈspɜrsɪz
aspersive,əˈspɜrsɪv
asphalts,ˈæsfɔlts
asphyxiates,æsˈfɪksiˌeɪts
aspirate,ˈæspərɪt
aspirates,ˈæspəˌreɪts,(verb),or,ˈæspəˌrəts,(noun)
aspires,əˈspaɪərz
assagaied,əˈsæɡiːd
assagais,ˈæsəˌɡaɪz
assailed,əˈseɪld
assails,əˈseɪlz
assassinates,əˈsæsəˌneɪts
assaultive,əˈsɔltɪv
assaultively,əˈsɔltɪvli
assaultiveness,əˈsɔltɪvnəs
assaults,əˈsɔlts
assays,əˈseɪz
assegais,ˈæsəˌɡaɪz
assembles,əˈsɛmbəlz
assemblywomen,əˈsɛmbliˌwɪmɪn
assents,əˈsɛnts
assertive,əˈsɜrtɪv
assertively,əˈsɜrtɪvli
assertiveness,əˈsɜrtɪvnəs
asserts,əˈsɜrts
assessed,əˈsɛst
assesses,əˈsɛsɪz
asseverates,əˈsɛvəˌreɪts
asseverative,əˈsɛvəˌreɪtɪv
assigned,əˈsaɪnd
assigns,əˈsaɪnz
assimilates,əˈsɪməˌleɪts
assimilative,əˈsɪməˌleɪtɪv
assimulates,əˈsɪmjəˌleɪts
assistive,əˈsɪstɪv
assists,əˈsɪsts
assizes,əˈsaɪzɪz
associate,əˈsoʊsiɪt
associates,əˈsoʊsiˌeɪts,(verb),or,əˈsoʊsiˌəts,(noun)
associateship,əˈsoʊsiˌeɪtʃɪp
associateships,əˈsoʊsiˌeɪtʃɪps
associative,əˈsoʊsiˌeɪtɪv
associatively,əˈsoʊsiˌeɪtɪvli
assoiled,əˈsɔɪld
assoils,əˈsɔɪlz
assortative,əˈsɔrtətɪv
assortatively,əˈsɔrtətɪvli
assorts,əˈsɔrts
assuages,əˈsweɪdʒɪz
assuasive,əˈsweɪsɪv
assuasively,əˈsweɪsɪvli
assumes,əˈsumz
assumptive,əˈsʌmptɪv
assumptively,əˈsʌmptɪvli
assures,əˈʃʊrz
asswages,əˈsweɪdʒɪz
asterisked,ˈæstərɪskt
astoned,əˈstoʊnd
astonies,əˈstɑniz
astonished,əˈstɑnɪʃt
astonishes,əˈstɑnɪʃɪz
astons,əˈstɑnz
astounds,əˈstaʊndz
astricts,əˈstrɪkts
astringes,əˈstrɪndʒɪz
astroturfed,ˈæstroʊˌtɜrft
astroturfs,ˈæstroʊˌtɜrfs
atelier,əˈtɛliˌeɪ
ateliers,əˈtɛliˌeɪz
atomises,ˈætəˌmaɪzɪz
atomizes,ˈætəˌmaɪzɪz
atones,əˈtoʊnz
atrophies,ˈætrəfiz
attach,əˈtætʃ
attachable,əˈtætʃəbəl
attache,əˈtæʃeɪ
attached,əˈtætʃt
attacher,əˈtætʃər
attachers,əˈtætʃərz
attaches,əˈtætʃɪz
attaching,əˈtætʃɪŋ
attachment,əˈtætʃmənt
attachments,əˈtætʃmənts
attacked,əˈtækt
attacks,əˈtækts
attained,əˈteɪnd
attains,əˈteɪnz
attaints,əˈteɪnts
attempered,əˈtɛmpərd
attempers,əˈtɛmpərz
attempts,əˈtɛmpts
attends,əˈtɛndz
attentive,əˈtɛntɪv
attentively,əˈtɛntɪvli
attentiveness,əˈtɛntɪvnəs
attenuates,əˈtɛnjuˌeɪts
attests,əˈtɛsts
atticizes,ˈætɪˌsaɪzɪz
attires,əˈtaɪərz
attitudinises,ˌætɪˈtudəˌnaɪzɪz
attitudinizes,ˌætɪˈtudəˌnaɪzɪz
attorned,əˈtɜrnd
attorns,əˈtɜrnz
attractive,əˈtræktɪv
attractively,əˈtræktɪvli
attractiveness,əˈtræktɪvnəs
attracts,əˈtrækts
attributes,əˈtrɪbjəts
attributive,əˈtrɪbjətɪv
attributively,əˈtrɪbjətɪvli
attributives,əˈtrɪbjətɪvz
attrites,əˈtraɪts
attrits,əˈtrɪts
attunes,əˈtunz
auctioned,ˈɔkʃənd
auctions,ˈɔkʃənz
audiocassette,ˌɔdioʊkəˈsɛt
audiocassettes,ˌɔdioʊkəˈsɛts
auditioned,ɔˈdɪʃənd
auditions,ɔˈdɪʃənz
auditive,ˈɔdətɪv
audits,ˈɔdɪts
aught,ɔt
aughts,ɔts
augmentative,ɔɡˈmɛntətɪv
augmentatives,ɔɡˈmɛntətɪvz
augments,ɔɡˈmɛnts
augured,ˈɔɡərd
augurs,ˈɔɡərz
aureate,ˈɔriɪt
aureately,ˈɔriɪtli
aureateness,ˈɔriɪtnəs
auriculate,ɔˈrɪkjəlɪt
auriculately,ɔˈrɪkjəlɪtli
auscultates,ˈɔskəlˌteɪts
ausformed,ˈɔsfɔrmd
ausforms,ˈɔsfɔrmz
authenticates,ɔˈθɛntɪˌkeɪts
authored,ˈɔθərd
authorises,ˈɔθəˌraɪzɪz
authoritative,əˈθɔrətɪtɪv
authoritatively,əˈθɔrətɪtɪvli
authoritativeness,əˈθɔrətɪtɪvnəs
authorizes,ˈɔθəˌraɪzɪz
authors,ˈɔθərz
autoclaves,ˈɔtəˌkleɪvz
autocorrects,ˌɔtoʊkəˈrɛkts
autodestructs,ˌɔtoʊdɪˈstrʌkts
autografts,ˈɔtəˌɡræfts
autographed,ˈɔtəˌɡræft
autographs,ˈɔtəˌɡræfs
autoloads,ˈɔtəˌloʊdz
autolysate,ɔˈtɑləˌseɪt
autolysates,ɔˈtɑləˌseɪts
autolyses,ˈɔtəˌlaɪzɪz
autolyzate,ɔˈtɑləˌzeɪt
autolyzates,ɔˈtɑləˌzeɪts
autolyzes,ˈɔtəˌlaɪzɪz
automates,ˈɔtəˌmeɪts
automatises,ɔˈtɑmətəˌsaɪzɪz
automatizes,ɔˈtɑmətəˌsaɪzɪz
automotive,ˌɔtəˈmoʊtɪv
autopsies,ˈɔtɑpsiz
autoreplicates,ˌɔtoʊˈrɛpləˌkeɪts
autorotates,ˌɔtoʊˈroʊˌteɪts
autosuggests,ˌɔtoʊsəˈdʒɛsts
autotomises,ɔˈtɑtəˌmaɪzɪz
autotomizes,ɔˈtɑtəˌmaɪzɪz
availed,əˈveɪld
avails,əˈveɪlz
avalanche,ˈævəˌlæntʃ
avalanched,ˈævəˌlæntʃt
avalanches,ˈævəˌlæntʃɪz
avalanching,ˈævəˌlæntʃɪŋ
avenges,əˈvɛndʒɪz
averages,ˈævərɪdʒɪz
averred,əˈvɜrd
avers,əˈvɜrz
aversive,əˈvɜrsɪv
aversively,əˈvɜrsɪvli
aversiveness,əˈvɜrsɪvnəs
averts,əˈvɜrts
avianises,ˈeɪviəˌnaɪzɪz
avianizes,ˈeɪviəˌnaɪzɪz
aviates,ˈeɪviˌeɪts
avoids,əˈvɔɪdz
avouch,əˈvaʊtʃ
avouched,əˈvaʊtʃt
avoucher,əˈvaʊtʃər
avouchers,əˈvaʊtʃərz
avouches,əˈvaʊtʃɪz
avouching,əˈvaʊtʃɪŋ
avouchment,əˈvaʊtʃmənt
avouchments,əˈvaʊtʃmənts
avow,əˈvaʊ
avowable,əˈvaʊəbəl
avowably,əˈvaʊəbli
avowal,əˈvaʊəl
avowals,əˈvaʊəlz
avowed,əˈvaʊd
avowedly,əˈvaʊədli
avower,əˈvaʊər
avowers,əˈvaʊərz
avowing,əˈvaʊɪŋ
avows,əˈvaʊz
avulses,əˈvʌlsɪz
awaits,əˈweɪts
awakened,əˈweɪkənd
awakens,əˈweɪkənz
awakes,əˈweɪks
awards,əˈwɔrdz
awe,ɔ
aweather,əˈwɛðər
awed,ɔd
aweigh,əˈweɪ
aweing,ˈɔɪŋ
aweless,ˈɔləs
awes,ɔz
awesome,ˈɔsəm
awesomely,ˈɔsəmli
awesomeness,ˈɔsəmnəs
awestricken,ˈɔˌstrɪkən
awestruck,ˈɔˌstrʌk
awned,ɔnd
awninged,ˈɔnɪŋd
awsome,ˈɔsəm
axed,ækst
axes,ˈæksɪz
axiomatises,ˌæksiəˈmeɪtˌaɪzɪz
axiomatizes,ˌæksiəˈmeɪtˌaɪzɪz
axised,ˈæksɪst
azotises,ˈæzəˌtaɪzɪz
azotizes,ˈæzəˌtaɪzɪz
baaed,bɑd
baas,bɑz
babbles,ˈbæbəlz
babiche,bəˈbiːʃ
babiches,bəˈbiːʃɪz
babies,ˈbeɪbiz
babytalk,ˈbeɪbiˌtɔk
babytalked,ˈbeɪbiˌtɔkt
babytalking,ˈbeɪbiˌtɔkɪŋ
babytalks,ˈbeɪbiˌtɔks
baccalaureate,ˌbækəˈlɔriɪt
baccalaureates,ˌbækəˈlɔriɪts
bach,bɑtʃ
bached,bɑtʃt
bachelor,ˈbætʃələr
bachelordom,ˈbætʃələrdəm
bachelorette,ˌbætʃəˈlɛt
bachelorettes,ˌbætʃəˈlɛts
bachelorhood,ˈbætʃələrhʊd
bachelorhoods,ˈbætʃələrhʊdz
bachelorism,ˈbætʃələrɪzəm
bachelors,ˈbætʃələrz
bachelorship,ˈbætʃələrʃɪp
bachelry,ˈbætʃəlri
baches,ˈbɑtʃɪz
baching,ˈbɑtʃɪŋ
backbench,ˈbækˌbɛntʃ
backbencher,ˈbækˌbɛntʃər
backbenchers,ˈbækˌbɛntʃərz
backbites,ˈbækˌbaɪts
backbreaker,ˈbækˌbreɪkər
backbreakers,ˈbækˌbreɪkərz
backbreaking,ˈbækˌbreɪkɪŋ
backcasts,ˈbækˌkæsts
backchannel,ˈbækˌtʃænəl
backchannels,ˈbækˌtʃænəlz
backchat,ˈbækˌtʃæt
backchats,ˈbækˌtʃæts
backcountries,ˈbækˌkʌntriz
backcountry,ˈbækˌkʌntri
backcourt,ˈbækˌkɔrt
backcourtman,ˈbækˌkɔrtˌmæn
backcourtmen,ˈbækˌkɔrtˌmɛn
backcourts,ˈbækˌkɔrts
backcrossed,ˈbækˌkrɔst
backcrosses,ˈbækˌkrɔsɪz
backdates,ˈbækˌdeɪts
backdoor,ˈbækˌdɔr
backdoors,ˈbækˌdɔrz
backdown,ˈbækˌdaʊn
backdowns,ˈbækˌdaʊnz
backdropped,ˈbækˌdrɑpt
backdrops,ˈbækˌdrɑps
backed,bækt
backfilled,ˈbækˌfɪld
backfills,ˈbækˌfɪlz
backfires,ˈbækˌfaɪərz
backfits,ˈbækˌfɪts
backfriend,ˈbækˌfrɛnd
backfriends,ˈbækˌfrɛndz
backgrounds,ˈbækˌɡraʊndz
backhauled,ˈbækˌhɔld
backhauls,ˈbækˌhɔlz
backlashed,ˈbækˌlæʃt
backlashes,ˈbækˌlæʃɪz
backlight,ˈbækˌlaɪt
backlighted,ˈbækˌlaɪtɪd
backlighting,ˈbækˌlaɪtɪŋ
backlights,ˈbækˌlaɪts
backlists,ˈbækˌlɪsts
backlogged,ˈbækˌlɔɡd
backlogs,ˈbækˌlɔɡz
backmost,ˈbækˌmoʊst
backpacked,ˈbækˌpækt
backpacks,ˈbækˌpæks
backpedaled,ˈbækˌpɛdəld
backpedalled,ˈbækˌpɛdəld
backpedalling,ˈbækˌpɛdəlɪŋ
backpedals,ˈbækˌpɛdəlz
backs,bæks
backscattered,ˈbækˌskætərd
backscatters,ˈbækˌskætərz
backsight,ˈbækˌsaɪt
backsights,ˈbækˌsaɪts
backslapped,ˈbækˌslæpt
backslaps,ˈbækˌslæps
backslides,ˈbækˌslaɪdz
backspaces,ˈbækˌspeɪsɪz
backstabbed,ˈbækˌstæbd
backstabs,ˈbækˌstæbz
backstitched,ˈbækˌstɪtʃt
backstitches,ˈbækˌstɪtʃɪz
backstopped,ˈbækˌstɑpt
backstops,ˈbækˌstɑps
backsword,ˈbækˌsɔrd
backswords,ˈbækˌsɔrdz
backtalk,ˈbækˌtɔk
backtracked,ˈbækˌtrækt
backtracks,ˈbækˌtrækts
backwashed,ˈbækˌwɑʃt
backwashes,ˈbækˌwɑʃɪz
bacterises,ˈbæktəˌraɪzɪz
bacterizes,ˈbæktəˌraɪzɪz
badgered,ˈbædʒərd
badgers,ˈbædʒərz
badigeon,bəˈdɪdʒən
badigeons,bəˈdɪdʒənz
badinages,ˈbædəˌnɑʒɪz
badmouthed,ˈbædˌmaʊθt
badmouths,ˈbædˌmaʊθs
baffed,bæft
baffles,ˈbæfəlz
baffs,bæfs
bagged,bæɡd
bags,bæɡz
baguet,bæˈɡɛt
baguets,bæˈɡɛts
baguette,bæˈɡɛt
baguettes,bæˈɡɛts
bailed,beɪld
bails,beɪlz
baits,beɪts
bakes,beɪks
balances,ˈbælənsɪz
baldhead,ˈbɔldˌhɛd
baldheaded,ˈbɔldˌhɛdɪd
baldheadedness,ˈbɔldˌhɛdɪdnəs
baldheads,ˈbɔldˌhɛdz
balds,bɔldz
bales,beɪlz
balk,bɔk
balkanises,ˈbɔlkəˌnaɪzɪz
balkanizes,ˈbɔlkəˌnaɪzɪz
balked,bɔkt
balker,ˈbɔkər
balkers,ˈbɔkərz
balkier,ˈbɔkiər
balkiest,ˈbɔkiɪst
balkily,ˈbɔkɪli
balkiness,ˈbɔkɪnəs
balking,ˈbɔkɪŋ
balkline,ˈbɔkˌlaɪn
balklines,ˈbɔkˌlaɪnz
balks,bɔks
balky,ˈbɔki
ballasts,ˈbæləsts
balled,bɔld
ballet,bæˈleɪ
ballets,bæˈleɪz
ballooned,bəˈlund
balloons,bəˈlunz
ballots,ˈbæləts
balls,bɔlz
ballyhoos,ˈbæliˌhuz
ballyragged,ˈbæliˌræɡd
ballyrags,ˈbæliˌræɡz
balm,bɑm
balmier,ˈbɑmiər
balmiest,ˈbɑmiɪst
balmily,ˈbɑmɪli
balminess,ˈbɑminəs
balmlike,ˈbɑmˌlaɪk
balms,bɑmz
balmy,ˈbɑmi
baloch,bəˈloʊtʃ
balochi,bəˈloʊtʃi
balochistan,bəˈloʊtʃɪˌstæn
balsamed,ˈbɔlsəmd
balsams,ˈbɔlsəmz
baluch,bəˈluːtʃ
baluchestan,bəˈluːtʃɪˌstæn
baluchi,bəˈluːtʃi
bamboozles,ˌbæmˈbuzəlz
bammed,bæmd
bams,bæmz
banalises,bəˈnælɪˌsaɪzɪz
banalizes,bəˈnælɪˌsaɪzɪz
bandages,ˈbændɪdʒɪz
bandeaux,bænˈdoʊz
bandies,ˈbændiz
bands,bændz
banged,bæŋd
bangs,bæŋz
banished,ˈbænɪʃt
banishes,ˈbænɪʃɪz
banistered,ˈbænɪstərd
banjaxed,ˈbændʒækst
banjaxes,ˈbændʒæksɪz
banked,bæŋkt
bankrolled,ˈbæŋkˌroʊld
bankrolls,ˈbæŋkˌroʊlz
bankrupts,ˈbæŋkrʌpts
banks,bæŋks
banned,bænd
bannered,ˈbænərd
bannerette,ˌbænəˈrɛt
bannerettes,ˌbænəˈrɛts
banners,ˈbænərz
banquets,ˈbæŋkwɪts
banquette,bæŋˈkɛt
banquettes,bæŋˈkɛts
bans,bænz
bantamweight,ˈbæntəmˌweɪt
bantamweights,ˈbæntəmˌweɪts
bantered,ˈbæntərd
banters,ˈbæntərz
baptises,ˈbæpˌtaɪzɪz
baptizes,ˈbæpˌtaɪzɪz
barbarises,ˈbɑrbəˌraɪzɪz
barbarizes,ˈbɑrbəˌraɪzɪz
barbecues,ˈbɑrbɪˌkjuz
barbed,bɑrbd
barbeques,ˈbɑrbɪˌkjuz
barbered,ˈbɑrbərd
barbers,ˈbɑrbərz
barbette,bɑɹˈbɛt
barbettes,bɑːrˈbɛts
barbs,bɑrbz
bards,bɑrdz
barebacked,ˈbɛrˌbækt
barehead,ˈbɛrˌhɛd
bareheaded,ˈbɛrˌhɛdɪd
bareheadedness,ˈbɛrˌhɛdɪdnəs
bareheads,ˈbɛrˌhɛdz
barelegged,ˈbɛrˌlɛɡd
bares,bɛrz
barfed,bɑrft
barfs,bɑrfs
bargain,ˈbɑrɡɪn
bargained,ˈbɑrɡɪnd
bargainer,ˈbɑrɡɪnər
bargainers,ˈbɑrɡɪnərz
bargaining,ˈbɑrɡɪnɪŋ
bargains,ˈbɑrɡɪnz
barges,ˈbɑrdʒɪz
barhopped,ˈbɑrˌhɑpt
barhops,ˈbɑrˌhɑps
barked,bɑrkt
barks,bɑrks
barnstormed,ˈbɑrnˌstɔrmd
barnstorms,ˈbɑrnˌstɔrmz
baroque,bəˈroʊk
baroquely,bəˈroʊkli
barouche,bəˈruːʃ
barouches,bəˈruːʃɪz
barque,bɑrk
barquentine,ˈbɑrkənˌtin
barquentines,ˈbɑrkənˌtinz
barques,bɑrks
barquette,bɑrˈkɛt
barquettes,bɑrˈkɛts
barracked,ˈbærəkt
barracks,ˈbærəks
barracouta,ˌbærəˈkuːtə
barracoutas,ˌbærəˈkuːtəz
barrages,bəˈrɑʒɪz
barre,bɑr
barred,bɑrd
barreing,ˈbɑriɪŋ
barreled,ˈbærəld
barrelhead,ˈbærəlˌhɛd
barrelheads,ˈbærəlˌhɛdz
barrelled,ˈbærəld
barrelling,ˈbærəlɪŋ
barrels,ˈbærəlz
barres,bɑrz
barrettes,bəˈrɛts
barricades,ˈbærɪˌkeɪdz
bars,bɑrz
bartends,ˈbɑrˌtɛndz
bartered,ˈbɑrtərd
barters,ˈbɑrtərz
bases,ˈbeɪsɪz
bashed,bæʃt
bashes,ˈbæʃɪz
basifies,ˈbeɪsəˌfaɪz
basined,ˈbeɪsɪnd
basked,bæskt
basks,bæsks
bass,beɪs
bassets,ˈbæsɪts
bassetts,ˈbæsɪts
bassinette,ˌbæsəˈnɛt
bassinettes,ˌbæsəˈnɛts
bassly,ˈbeɪsli
bassness,ˈbeɪsnəs
bassy,ˈbeɪsi
bastardises,ˈbæstərdˌaɪzɪz
bastardizes,ˈbæstərdˌaɪzɪz
bastes,beɪsts
bastinadoes,ˌbæstəˈneɪdoʊz
bastioned,ˈbæstʃənd
batched,bætʃt
batches,ˈbætʃɪz
bateaux,bəˈtoʊz
bates,beɪts
batfowl,ˈbætˌfaʊl
batfowled,ˈbætˌfaʊld
batfowling,ˈbætˌfaʊlɪŋ
batfowls,ˈbætˌfaʊlz
bathes,beɪðz
bats,bæts
batteaux,bəˈtoʊz
battened,ˈbætənd
battens,ˈbætənz
battered,ˈbætərd
batters,ˈbætərz
battles,ˈbætəlz
baulk,bɔk
baulked,bɔkt
baulkier,ˈbɔkiər
baulkiest,ˈbɔkiɪst
baulking,ˈbɔkɪŋ
baulks,bɔks
baulky,ˈbɔki
bawled,bɔld
bawls,bɔlz
bayed,beɪd
bayonets,ˈbeɪənɪts
bayou,ˈbaɪjuː
bayous,ˈbaɪjuːz
bays,beɪz
beach,bitʃ
beachball,ˈbitʃˌbɔl
beachballs,ˈbitʃˌbɔlz
beachboy,ˈbitʃˌbɔɪ
beachboys,ˈbitʃˌbɔɪz
beachcomb,ˈbitʃˌkoʊm
beachcombed,ˈbitʃˌkoʊmd
beachcomber,ˈbitʃˌkoʊmər
beachcombers,ˈbitʃˌkoʊmərz
beachcombing,ˈbitʃˌkoʊmɪŋ
beachcombs,ˈbitʃˌkoʊmz
beached,bitʃt
beaches,ˈbitʃɪz
beachfront,ˈbitʃˌfrʌnt
beachfronts,ˈbitʃˌfrʌnts
beachgoer,ˈbitʃˌɡoʊər
beachgoers,ˈbitʃˌɡoʊərz
beachhead,ˈbitʃˌhɛd
beachheads,ˈbitʃˌhɛdz
beachier,ˈbitʃiər
beachiest,ˈbitʃiɪst
beaching,ˈbitʃɪŋ
beachside,ˈbitʃˌsaɪd
beachsides,ˈbitʃˌsaɪdz
beachwear,ˈbitʃˌwɛr
beachy,ˈbitʃi
beaconed,ˈbiːkənd
beacons,ˈbiːkənz
beads,biːdz
beaked,biːkt
beamed,biːmd
beams,biːmz
beaned,biːnd
beans,biːnz
beanstalk,ˈbiːnˌstɔk
beanstalks,ˈbiːnˌstɔks
bear,bɛr
bearability,ˌbɛrəˈbɪləti
bearable,ˈbɛrəbəl
bearably,ˈbɛrəbli
bearbaiting,ˈbɛrˌbeɪtɪŋ
bearberries,ˈbɛrˌbɛriz
bearberry,ˈbɛrˌbɛri
bearcat,ˈbɛrˌkæt
bearcats,ˈbɛrˌkæts
beards,bɪərdz
beardtongue,ˈbɪərdˌtʌŋ
beardtongues,ˈbɪərdˌtʌŋz
bearer,ˈbɛrər
bearers,ˈbɛrərz
bearhug,ˈbɛrˌhʌɡ
bearhugs,ˈbɛrˌhʌɡz
bearing,ˈbɛrɪŋ
bearings,ˈbɛrɪŋz
bearish,ˈbɛrɪʃ
bearishly,ˈbɛrɪʃli
bearishness,ˈbɛrɪʃnəs
bearlike,ˈbɛrˌlaɪk
bears,bɛrz
bearskin,ˈbɛrˌskɪn
bearskins,ˈbɛrˌskɪnz
bearwood,ˈbɛrˌwʊd
bearwoods,ˈbɛrˌwʊdz
beatifies,biˈætəˌfaɪz
beats,biːts
beaucoup,ˈboʊkuː
beaut,bjut
beauteous,ˈbjutiəs
beauteously,ˈbjutiəsli
beauteousness,ˈbjutiəsnəs
beautician,bjuˈtɪʃən
beauticians,bjuˈtɪʃənz
beauties,ˈbjutiz
beautification,ˌbjutəfəˈkeɪʃən
beautifications,ˌbjutəfəˈkeɪʃənz
beautified,ˈbjutəˌfaɪd
beautifier,ˈbjutəˌfaɪər
beautifiers,ˈbjutəˌfaɪərz
beautifies,ˈbjutəˌfaɪz
beautiful,ˈbjutəfəl
beautifully,ˈbjutəfəli
beautifulness,ˈbjutəfəlnəs
beautify,ˈbjutəˌfaɪ
beautifying,ˈbjutəˌfaɪɪŋ
beauts,bjuts
beauty,ˈbjuti
beaux,boʊz
beavered,ˈbiːvərd
beavers,ˈbiːvərz
beblood,bɪˈblʌd
beblooded,bɪˈblʌdɪd
beblooding,bɪˈblʌdɪŋ
bebloods,bɪˈblʌdz
becalm,bɪˈkɑm
becalmed,bɪˈkɑmd
becalming,bɪˈkɑmɪŋ
becalms,bɪˈkɑmz
becapped,bɪˈkæpt
becaps,bɪˈkæps
becarpets,bɪˈkɑrpɪts
bechalk,bɪˈtʃɔk
bechalked,bɪˈtʃɔkt
bechalking,bɪˈtʃɔkɪŋ
bechalks,bɪˈtʃɔks
bechamel,ˈbɛʃəmɛl
bechance,bɪˈtʃæns
bechanced,bɪˈtʃænst
bechances,bɪˈtʃænsɪz
bechancing,bɪˈtʃænsɪŋ
becharm,bɪˈtʃɑrm
becharmed,bɪˈtʃɑrmd
becharming,bɪˈtʃɑrmɪŋ
becharms,bɪˈtʃɑrmz
becked,bɛkt
beckoned,ˈbɛkənd
beckons,ˈbɛkənz
becks,bɛks
beclamored,bɪˈklæmərd
beclamors,bɪˈklæmərz
beclamoured,bɪˈklæmərd
beclamours,bɪˈklæmərz
beclasped,bɪˈklæspt
beclasps,bɪˈklæsps
becloaked,bɪˈkloʊkt
becloaks,bɪˈkloʊks
beclogged,bɪˈklɑɡd
beclogs,bɪˈklɑɡz
beclothes,bɪˈkloʊðz
beclouds,bɪˈklaʊdz
beclown,bɪˈklaʊn
beclowned,bɪˈklaʊnd
beclowning,bɪˈklaʊnɪŋ
beclowns,bɪˈklaʊnz
become,bɪˈkʌm
becomes,bɪˈkʌmz
becoward,bɪˈkaʊərd
becowarded,bɪˈkaʊərdɪd
becowarding,bɪˈkaʊərdɪŋ
becowards,bɪˈkaʊərdz
becrawled,bɪˈkrɔld
becrawls,bɪˈkrɔlz
becrimes,bɪˈkraɪmz
becrowd,bɪˈkraʊd
becrowded,bɪˈkraʊdɪd
becrowding,bɪˈkraʊdɪŋ
becrowds,bɪˈkraʊdz
becudgeled,bɪˈkʌdʒəld
becudgelled,bɪˈkʌdʒəld
becudgelling,bɪˈkʌdʒəlɪŋ
becudgels,bɪˈkʌdʒəlz
becurses,bɪˈkɜrsɪz
bedabbles,bɪˈdæbəlz
bedamned,bɪˈdæmd
bedamns,bɪˈdæmz
bedarkened,bɪˈdɑrkənd
bedarkens,bɪˈdɑrkənz
bedaubed,bɪˈdɔbd
bedaubs,bɪˈdɔbz
bedazzles,bɪˈdæzəlz
bedchair,ˈbɛdˌtʃɛr
bedchairs,ˈbɛdˌtʃɛrz
bedchamber,ˈbɛdˌtʃeɪmbər
bedchambers,ˈbɛdˌtʃeɪmbərz
bedeafen,bɪˈdɛfən
bedeafened,bɪˈdɛfənd
bedeafening,bɪˈdɛfənɪŋ
bedeafens,bɪˈdɛfənz
bedecked,bɪˈdɛkt
bedecks,bɪˈdɛks
bedeviled,bɪˈdɛvəld
bedevilled,bɪˈdɛvəld
bedevilling,bɪˈdɛvəlɪŋ
bedevils,bɪˈdɛvəlz
bedewed,bɪˈdud
bedews,bɪˈduz
bedgown,ˈbɛdˌɡaʊn
bedgowns,ˈbɛdˌɡaʊnz
bediapered,bɪˈdaɪəpərd
bediapers,bɪˈdaɪəpərz
bedight,bɪˈdaɪt
bedighted,bɪˈdaɪtɪd
bedighting,bɪˈdaɪtɪŋ
bedights,bɪˈdaɪts
bedimmed,bɪˈdɪmd
bedimples,bɪˈdɪmpəlz
bedims,bɪˈdɪmz
bedirties,bɪˈdɜrtiz
bedizened,bɪˈdaɪzənd
bedizens,bɪˈdaɪzənz
bedouin,ˈbɛduɪn
bedouins,ˈbɛduɪnz
bedpost,ˈbɛdˌpoʊst
bedposts,ˈbɛdˌpoʊsts
bedraggles,bɪˈdræɡəlz
bedrapes,bɪˈdreɪps
bedrench,bɪˈdrɛntʃ
bedrenched,bɪˈdrɛntʃt
bedrenches,bɪˈdrɛntʃɪz
bedrenching,bɪˈdrɛntʃɪŋ
bedriveled,bɪˈdrɪvəld
bedrivelled,bɪˈdrɪvəld
bedrivelling,bɪˈdrɪvəlɪŋ
bedrivels,bɪˈdrɪvəlz
bedroomed,ˈbɛdˌrumd
bedrugged,bɪˈdrʌɡd
bedrugs,bɪˈdrʌɡz
beds,bɛdz
bedspread,ˈbɛdˌsprɛd
bedspreads,ˈbɛdˌsprɛdz
bedstead,ˈbɛdˌstɛd
bedsteads,ˈbɛdˌstɛdz
bedumb,bɪˈdʌm
bedumbed,bɪˈdʌmd
bedumbing,bɪˈdʌmɪŋ
bedumbs,bɪˈdʌmz
bedunces,bɪˈdʌnsɪz
bedwarfed,bɪˈdwɔrft
bedwarfs,bɪˈdwɔrfs
beebread,ˈbiːˌbrɛd
beech,bitʃ
beechdrops,ˈbitʃˌdrɑps
beechen,ˈbiːtʃən
beeches,ˈbitʃɪz
beechier,ˈbitʃiər
beechiest,ˈbitʃiɪst
beechnut,ˈbitʃˌnʌt
beechnuts,ˈbitʃˌnʌts
beechwood,ˈbitʃˌwʊd
beechwoods,ˈbitʃˌwʊdz
beechy,ˈbitʃi
beefed,biːft
beefs,biːfs
beefsteak,ˈbiːfˌsteɪk
beefsteaks,ˈbiːfˌsteɪks
beelines,ˈbiːˌlaɪnz
beeped,biːpt
beeps,biːps
beetles,ˈbiːtəlz
beeves,biːvz
befalls,bɪˈfɔlz
befingered,bɪˈfɪŋɡərd
befingers,bɪˈfɪŋɡərz
befits,bɪˈfɪts
beflagged,bɪˈflæɡd
beflags,bɪˈflæɡz
befleaed,bɪˈfliːd
befleas,bɪˈfliːz
beflecked,bɪˈflɛkt
beflecks,bɪˈflɛks
beflower,bɪˈflaʊər
beflowered,bɪˈflaʊərd
beflowering,bɪˈflaʊərɪŋ
beflowers,bɪˈflaʊərz
befogged,bɪˈfɑɡd
befogs,bɪˈfɑɡz
befooled,bɪˈfuld
befools,bɪˈfulz
befouled,bɪˈfaʊld
befouls,bɪˈfaʊlz
befrets,bɪˈfrɛts
befriend,bɪˈfrɛnd
befriended,bɪˈfrɛndɪd
befriending,bɪˈfrɛndɪŋ
befriends,bɪˈfrɛndz
befringes,bɪˈfrɪndʒɪz
befuddles,bɪˈfʌdəlz
begalled,bɪˈɡɔld
begalls,bɪˈɡɔlz
begazes,bɪˈɡeɪzɪz
begets,bɪˈɡɛts
beggared,ˈbɛɡərd
beggars,ˈbɛɡərz
begged,bɛɡd
begins,bɪˈɡɪnz
begirdles,bɪˈɡɜrdəlz
begirds,bɪˈɡɜrdz
begirts,bɪˈɡɜrts
beglamored,bɪˈɡlæmərd
beglamors,bɪˈɡlæmərz
beglamoured,bɪˈɡlæmərd
beglamours,bɪˈɡlæmərz
begloomed,bɪˈɡlumd
beglooms,bɪˈɡlumz
begone,bɪˈɡɑn
begrimes,bɪˈɡraɪmz
begroaned,bɪˈɡroʊnd
begroans,bɪˈɡroʊnz
begrudges,bɪˈɡrʌdʒɪz
begs,bɛɡz
beguile,bɪˈɡaɪl
beguiled,bɪˈɡaɪld
beguilement,bɪˈɡaɪlmənt
beguilements,bɪˈɡaɪlmənts
beguiler,bɪˈɡaɪlər
beguilers,bɪˈɡaɪlərz
beguiles,bɪˈɡaɪlz
beguiling,bɪˈɡaɪlɪŋ
beguilingly,bɪˈɡaɪlɪŋli
begummed,bɪˈɡʌmd
begums,bɪˈɡʌmz
behalf,bɪˈhæf
behaves,bɪˈheɪvz
behead,bɪˈhɛd
beheaded,bɪˈhɛdɪd
beheading,bɪˈhɛdɪŋ
beheadings,bɪˈhɛdɪŋz
beheads,bɪˈhɛdz
behind,bɪˈhaɪnd
behindhand,bɪˈhaɪndˌhænd
behinds,bɪˈhaɪndz
beholds,bɪˈhoʊldz
behoove,bɪˈhuv
behooved,bɪˈhuvd
behooves,bɪˈhuvz
behoves,bɪˈhoʊvz
behowl,bɪˈhaʊl
behowled,bɪˈhaʊld
behowling,bɪˈhaʊlɪŋ
behowls,bɪˈhaʊlz
bejeweled,bɪˈdʒuːəld
bejewelled,bɪˈdʒuːəld
bejewelling,bɪˈdʒuːəlɪŋ
bejewels,bɪˈdʒuːəlz
bejumbles,bɪˈdʒʌmbəlz
bekissed,bɪˈkɪst
bekisses,bɪˈkɪsɪz
beknight,bɪˈnaɪt
beknighted,bɪˈnaɪtɪd
beknighting,bɪˈnaɪtɪŋ
beknights,bɪˈnaɪts
belabored,bɪˈleɪbərd
belabors,bɪˈleɪbərz
belaboured,bɪˈleɪbərd
belabours,bɪˈleɪbərz
beladies,bɪˈleɪdiz
belauds,bɪˈlɔdz
belayed,bɪˈleɪd
belays,bɪˈleɪz
belch,bɛltʃ
belched,bɛltʃt
belcher,ˈbɛltʃər
belchers,ˈbɛltʃərz
belches,ˈbɛltʃɪz
belching,ˈbɛltʃɪŋ
beleaguer,bɪˈliːɡər
beleaguered,bɪˈliːɡərd
beleaguering,bɪˈliːɡərɪŋ
beleaguerment,bɪˈliːɡərmənt
beleaguerments,bɪˈliːɡərmənts
beleaguers,bɪˈliːɡərz
beleaped,bɪˈliːpt
beleaps,bɪˈliːps
belies,bɪˈlaɪz
believe,bɪˈliv
believed,bɪˈlivd
believes,bɪˈlivz
belikes,bɪˈlaɪks
belittles,bɪˈlɪtəlz
belled,bɛld
bellflower,ˈbɛlˌflaʊər
bellflowers,ˈbɛlˌflaʊərz
bellies,ˈbɛliz
bellowed,ˈbɛloʊd
bellows,ˈbɛloʊz
bells,bɛlz
bellyaches,ˈbɛliˌeɪksɪz
belonged,bɪˈlɔŋd
belongs,bɪˈlɔŋz
beloved,bɪˈlʌvɪd
beloveds,bɪˈlʌvɪdz
belts,bɛlts
bemadamed,bɪˈmædəmd
bemadams,bɪˈmædəmz
bemaddened,bɪˈmædənd
bemaddens,bɪˈmædənz
bemeaned,bɪˈmiːnd
bemeans,bɪˈmiːnz
bemedaled,bɪˈmɛdəld
bemedalled,bɪˈmɛdəld
bemingles,bɪˈmɪŋɡəlz
bemires,bɪˈmaɪərz
bemists,bɪˈmɪsts
bemixed,bɪˈmɪkst
bemixes,bɪˈmɪksɪz
bemoaned,bɪˈmoʊnd
bemoans,bɪˈmoʊnz
bemocked,bɪˈmɑkt
bemocks,bɪˈmɑks
bemuddles,bɪˈmʌdəlz
bemurmured,bɪˈmɜrmərd
bemurmurs,bɪˈmɜrmərz
bemuses,bɪˈmjuzɪz
bemuzzles,bɪˈmʌzəlz
benames,bɪˈneɪmz
bench,bɛntʃ
benched,bɛntʃt
bencher,ˈbɛntʃər
benchers,ˈbɛntʃərz
benches,ˈbɛntʃɪz
benching,ˈbɛntʃɪŋ
benchland,ˈbɛntʃˌlænd
benchlands,ˈbɛntʃˌlændz
benchmark,ˈbɛntʃˌmɑrk
benchmarked,ˈbɛntʃˌmɑrkt
benchmarking,ˈbɛntʃˌmɑrkɪŋ
benchmarks,ˈbɛntʃˌmɑrks
benchwarmer,ˈbɛntʃˌwɔrmər
benchwarmers,ˈbɛntʃˌwɔrmərz
bends,bɛndz
beneficiates,bɪˈnɛfɪsiˌeɪts
benefits,ˈbɛnəfɪts
benight,bɪˈnaɪt
benighted,bɪˈnaɪtɪd
benightedly,bɪˈnaɪtɪdli
benightedness,bɪˈnaɪtɪdnəs
benighting,bɪˈnaɪtɪŋ
benights,bɪˈnaɪts
benumb,bɪˈnʌm
benumbed,bɪˈnʌmd
benumbing,bɪˈnʌmɪŋ
benumbs,bɪˈnʌmz
bepaints,bɪˈpeɪnts
bequeath,bɪˈkwiːð
bequeaths,bɪˈkwiːðz
berakes,bɪˈreɪks
berascaled,bɪˈræskəld
berascals,bɪˈræskəlz
berates,bɪˈreɪts
berdache,bɜrˈdæʃ
berdaches,bɜrˈdæʃɪz
bereave,bɪˈriv
bereaved,bɪˈrivd
bereavement,bɪˈrivmənt
bereavements,bɪˈrivmənts
bereaves,bɪˈrivz
beret,bəˈreɪ
berets,bəˈreɪz
berhymes,bɪˈraɪmz
beribboned,bɪˈrɪbənd
berimes,bɪˈraɪmz
beringed,bɪˈrɪndʒd
berouged,bɪˈruːʒd
berries,ˈbɛriz
berthed,bɜrθt
berths,bɜrθs
bescorch,bɪˈskɔrtʃ
bescorched,bɪˈskɔrtʃt
bescorches,bɪˈskɔrtʃɪz
bescorching,bɪˈskɔrtʃɪŋ
bescoured,bɪˈskaʊərd
bescours,bɪˈskaʊərz
bescreened,bɪˈskrind
bescreens,bɪˈskrinz
beseech,bɪˈsitʃ
beseeched,bɪˈsitʃt
beseeches,bɪˈsitʃɪz
beseeching,bɪˈsitʃɪŋ
beseechingly,bɪˈsitʃɪŋli
beseemed,bɪˈsimd
beseems,bɪˈsimz
besets,bɪˈsɛts
beshadowed,bɪˈʃædoʊd
beshadows,bɪˈʃædoʊz
beshames,bɪˈʃeɪmz
beshivered,bɪˈʃɪvərd
beshivers,bɪˈʃɪvərz
beshouts,bɪˈʃaʊts
beshrewed,bɪˈʃrud
beshrews,bɪˈʃruz
beshrouds,bɪˈʃraʊdz
besieges,bɪˈsiːdʒɪz
beslimes,bɪˈslaɪmz
besmeared,bɪˈsmɪərd
besmears,bɪˈsmɪərz
besmiles,bɪˈsmaɪlz
besmirch,bɪˈsmɜrtʃ
besmirched,bɪˈsmɜrtʃt
besmirches,bɪˈsmɜrtʃɪz
besmirching,bɪˈsmɜrtʃɪŋ
besmokes,bɪˈsmoʊks
besmooth,bɪˈsmuːð
besmooths,bɪˈsmuːðz
besmudges,bɪˈsmʌdʒɪz
besmuts,bɪˈsmʌts
besnowed,bɪˈsnoʊd
besnows,bɪˈsnoʊz
besoothes,bɪˈsuːðz
besots,bɪˈsɑts
besought,bɪˈsɔt
bespattered,bɪˈspætərd
bespatters,bɪˈspætərz
bespeaks,bɪˈspɪks
bespouses,bɪˈspaʊzɪz
bespread,bɪˈsprɛd
bespreading,bɪˈsprɛdɪŋ
bespreads,bɪˈsprɛdz
besprinkles,bɪˈsprɪŋkəlz
bestead,bɪˈstɛd
besteaded,bɪˈstɛdɪd
besteading,bɪˈstɛdɪŋ
besteads,bɪˈstɛdz
bestialises,ˈbɛstiəˌlaɪzɪz
bestializes,ˈbɛstiəˌlaɪzɪz
bestirred,bɪˈstɜrd
bestirs,bɪˈstɜrz
bestowed,bɪˈstoʊd
bestows,bɪˈstoʊz
bestrewed,bɪˈstruːd
bestrews,bɪˈstruːz
bestrides,bɪˈstraɪdz
bestrowed,bɪˈstroʊd
bestrows,bɪˈstroʊz
bests,bɛsts
bestuds,bɪˈstʌdz
beswarmed,bɪˈswɑrmd
beswarms,bɪˈswɑrmz
betakes,bɪˈteɪks
betattered,bɪˈtætərd
betatters,bɪˈtætərz
betaxed,bɪˈtækst
beteemed,bɪˈtimd
beteems,bɪˈtimz
bethanked,bɪˈθæŋkt
bethanks,bɪˈθæŋks
bethinks,bɪˈθɪŋks
bethorned,bɪˈθɔrnd
bethorns,bɪˈθɔrnz
bethought,bɪˈθɔt
bethumped,bɪˈθʌmpt
bethumps,bɪˈθʌmps
betides,bɪˈtaɪdz
betimes,bɪˈtaɪmz
betokened,bɪˈtoʊkənd
betokens,bɪˈtoʊkənz
betrayed,bɪˈtreɪd
betrays,bɪˈtreɪz
betroth,bɪˈtroʊθ
betroths,bɪˈtroʊðz
bets,bɛts
bettered,ˈbɛtərd
betters,ˈbɛtərz
beveled,ˈbɛvəld
bevelled,ˈbɛvəld
beveller,ˈbɛvələ
bevellers,ˈbɛvələrz
bevelling,ˈbɛvəlɪŋ
bevels,ˈbɛvəlz
bevomits,bɪˈvɑmɪts
bewailed,bɪˈweɪld
bewails,bɪˈweɪlz
bewares,bɪˈwɛrz
bewearies,bɪˈwɪriz
beweeps,bɪˈwɪps
bewhiskered,bɪˈwɪskərd
bewigged,bɪˈwɪɡd
bewigs,bɪˈwɪɡz
bewildered,bɪˈwɪldərd
bewilderedly,bɪˈwɪldərdli
bewilders,bɪˈwɪldərz
bewinged,bɪˈwɪŋd
bewitched,bɪˈwɪtʃt
bewitches,bɪˈwɪtʃɪz
bewormed,bɪˈwɜrmd
beworms,bɪˈwɜrmz
beworries,bɪˈwɜriz
bewrapped,bɪˈræpt
bewraps,bɪˈræps
bewrayed,bɪˈreɪd
bewrays,bɪˈreɪz
bezique,bəˈziːk
beziques,bəˈziːks
biased,ˈbaɪəst
biases,ˈbaɪəsɪz
biassed,ˈbaɪəst
biasses,ˈbaɪəsɪz
biassing,ˈbaɪəsɪŋ
bibbed,bɪbd
bibs,bɪbz
bickered,ˈbɪkərd
bickers,ˈbɪkərz
bicolored,ˈbaɪˌkʌlərd
bicoloured,ˈbaɪˌkʌlərd
bicycles,ˈbaɪsɪkəlz
bides,baɪdz
bidet,bɪˈdeɪ
bidets,bɪˈdeɪz
bids,bɪdz
bields,biːldz
biffed,bɪft
biffs,bɪfs
biflagellate,ˌbaɪˈflædʒəlɪt
biforked,ˈbaɪˌfɔrkt
biformed,ˈbaɪˌfɔrmd
bifurcates,ˌbaɪfərˈkeɪts
bigeye,ˈbɪɡˌaɪ
bigeyes,ˈbɪɡˌaɪz
bighead,ˈbɪɡˌhɛd
bigheaded,ˌbɪɡˈhɛdɪd
bigheadedness,ˌbɪɡˈhɛdɪdnəs
bigheads,ˈbɪɡˌhɛdz
bighearted,ˌbɪɡˈhɑːrtɪd
bigheartedly,ˌbɪɡˈhɑːrtɪdli
bigheartedness,ˌbɪɡˈhɑːrtɪdnəs
bight,baɪt
bighted,ˈbaɪtɪd
bighting,ˈbaɪtɪŋ
bights,baɪts
bigmouthed,ˈbɪɡˌmaʊθt
bijective,baɪˈdʒɛktɪv
bijou,ˈbiːʒuː
bijous,ˈbiːʒuːz
bijouterie,ˈbiːʒuːtri
bijoux,ˈbiːʒuː
bijugate,ˈbaɪdʒʊɡeɪt
bikes,baɪks
bikinied,ˈbɪkiniːd
bilabiate,baɪˈleɪbieɪt
bilges,bɪldʒɪz
bilked,bɪlkt
bilks,bɪlks
billboards,ˈbɪlbɔːrdz
billed,bɪld
billets,ˈbɪlɪts
billhead,ˈbɪlhɛd
billheads,ˈbɪlhɛdz
billowed,ˈbɪloʊd
billows,ˈbɪloʊz
bills,bɪlz
bind,baɪnd
bindable,ˈbaɪndəbl
binder,ˈbaɪndər
binderies,ˈbaɪndəriz
binders,ˈbaɪndərz
bindery,ˈbaɪndəri
binding,ˈbaɪndɪŋ
bindingly,ˈbaɪndɪŋli
bindingness,ˈbaɪndɪŋnəs
bindings,ˈbaɪndɪŋz
binds,baɪndz
bindweed,ˈbaɪndwiːd
bindweeds,ˈbaɪndwiːdz
binges,ˈbɪndʒɪz
binned,bɪnd
bins,bɪnz
binucleate,baɪˈnuːklieɪt
bioacoustics,ˌbaɪoʊəˈkuːstɪks
bioactive,ˌbaɪoʊˈæktɪv
bioassayed,ˌbaɪoʊəˈseɪd
biochip,ˈbaɪoʊtʃɪp
biochips,ˈbaɪoʊtʃɪps
biodegrades,ˌbaɪoʊdɪˈɡreɪdz
bioengineered,ˌbaɪoʊˌɛndʒɪˈnɪrd
bioengineers,ˌbaɪoʊˌɛndʒɪˈnɪrz
biopsies,ˈbaɪˌɒpsiz
bioreplicate,ˌbaɪoʊˈrɛplɪkeɪt
bioreplicates,ˌbaɪoʊˈrɛplɪkeɪts,(verb),or,ˌbaɪoʊˈrɛplɪkəts,(noun)
bioweapon,ˈbaɪoʊˌwɛpən
bioweapons,ˈbaɪoʊˌwɛpənz
biplicate,ˈbaɪplɪkeɪt
bipolarizes,baɪˈpoʊləraɪzɪz
birch,bɜːrtʃ
birchbark,ˈbɜːrtʃbɑːrk
birched,bɜːrtʃt
birchen,ˈbɜːrtʃən
birches,ˈbɜːrtʃɪz
birching,ˈbɜːrtʃɪŋ
birchwood,ˈbɜːrtʃwʊd
birchwoods,ˈbɜːrtʃwʊdz
birdbrained,ˈbɜːrdbreɪnd
birdies,ˈbɜːrdiz
birdlimes,ˈbɜːrdlaɪmz
birds,bɜːrdz
birdwatched,ˈbɜːrdwɒtʃt
birdwatches,ˈbɜːrdwɒtʃɪz
birled,bɜːrld
birles,bɜːrlz
birls,bɜːrlz
birred,bɜːrd
birrs,bɜːrz
birthed,bɜːrθt
birthright,ˈbɜːrθraɪt
birthrights,ˈbɜːrθraɪts
births,bɜːrθs
bisects,baɪˈsɛkts
bishoped,ˈbɪʃəpt
bishops,ˈbɪʃəps
bisque,bɪsk
bisques,bɪsks
bistered,ˈbɪstərd
bistouries,ˈbɪstəriz
bistoury,ˈbɪstəri
bistred,ˈbɪstərd
bitched,bɪtʃt
bitches,ˈbɪtʃɪz
bites,baɪts
bits,bɪts
bittered,ˈbɪtərd
bitters,ˈbɪtərz
bitts,bɪts
bituminises,bɪˈtjuːmɪnaɪzɪz
bituminizes,bɪˈtjuːmɪnaɪzɪz
biunique,ˌbaɪjuːˈniːk
biuniqueness,ˌbaɪjuːˈniːknəs
bivalve,ˈbaɪvælv
bivalved,ˈbaɪvælvd
bivalves,ˈbaɪvælvz
bivariate,baɪˈvɛriɪt
bivouac,ˈbɪvuæk
bivouacked,ˈbɪvuækt
bivouacking,ˈbɪvuækɪŋ
bivouacks,ˈbɪvuæks
bivouacs,ˈbɪvuæks
blabbed,blæbd
blabbered,ˈblæbərd
blabbers,ˈblæbərz
blabs,blæbz
blackballed,ˈblækˌbɔːld
blackballs,ˈblækˌbɔːlz
blackbirds,ˈblækˌbɜːrdz
blacked,blækt
blackens,ˈblækənz
blackeyed,ˈblækˈaɪd
blackguard,ˈblæɡɑːrd
blackguarded,ˈblæɡɑːrdɪd
blackguarding,ˈblæɡɑːrdɪŋ
blackguardism,ˈblæɡɑːrdɪzəm
blackguardly,ˈblæɡɑːrdli
blackguards,ˈblæɡɑːrdz
blackhead,ˈblækhɛd
blackheads,ˈblækhɛdz
blackheart,ˈblækhɑːrt
blackhearts,ˈblækhɑːrts
blackjacked,ˈblækˌdʒækt
blackjacks,ˈblækˌdʒæks
blacklead,ˈblækˌlɛd
blackleadded,ˈblækˌlɛdɪd
blackleading,ˈblækˌlɛdɪŋ
blackleads,ˈblækˌlɛdz
blacklists,ˈblækˌlɪsts
blackmailed,ˈblækˌmeɪld
blackmails,ˈblækˌmeɪlz
blacks,blæks
blacktopped,ˈblæktɒpt
blacktops,ˈblæktɒps
blagged,blæɡd
blags,blæɡz
blague,blɑːɡ
blagued,blɑːɡd
blaguer,ˈblɑːɡər
blaguers,ˈblɑːɡərz
blagues,blɑːɡz
blaguing,ˈblɑːɡɪŋ
blames,bleɪmz
blanch,blæntʃ
blanche,blɑːntʃ
blanched,blæntʃt
blancher,ˈblæntʃər
blanchers,ˈblæntʃərz
blanches,ˈblæntʃɪz
blanching,ˈblæntʃɪŋ
blancmange,bləˈmɒndʒ
blancmanges,bləˈmɒndʒɪz
blandished,ˈblændɪʃt
blandishes,ˈblændɪʃɪz
blanked,blæŋkt
blanketflower,ˈblæŋkɪtˌflaʊər
blanketflowers,ˈblæŋkɪtˌflaʊərz
blankets,ˈblæŋkɪts
blanks,blæŋks
blanquette,blɑːŋˈkɛt
blanquettes,blɑːŋˈkɛts
blares,blɛrz
blarneyed,ˈblɑːrnid
blarneys,ˈblɑːrniz
blase,blɑːˈzeɪ
blasphemes,blæsˈfiːmz
blasts,blæsts
blathered,ˈblæðərd
blathers,ˈblæðərz
blats,blæts
blattered,ˈblætərd
blatters,ˈblætərz
blawed,blɔːd
blaws,blɔːz
blazes,ˈbleɪzɪz
blazoned,ˈbleɪzənd
blazons,ˈbleɪzənz
bleach,bliːtʃ
bleachable,ˈbliːtʃəbl
bleached,bliːtʃt
bleacher,ˈbliːtʃər
bleacherite,ˈbliːtʃəraɪt
bleacherites,ˈbliːtʃəraɪts
bleachers,ˈbliːtʃərz
bleaches,ˈbliːtʃɪz
bleaching,ˈbliːtʃɪŋ
bleared,blɪrd
blears,blɪrz
bleats,bliːts
bleeds,bliːdz
bleeped,bliːpt
bleeps,bliːps
blemished,ˈblɛmɪʃt
blemishes,ˈblɛmɪʃɪz
blench,blɛntʃ
blenched,blɛntʃt
blencher,ˈblɛntʃər
blenchers,ˈblɛntʃərz
blenches,ˈblɛntʃɪz
blenching,ˈblɛntʃɪŋ
blends,blɛndz
blessed,ˈblɛsɪd
blesses,ˈblɛsɪz
blethered,ˈblɛðərd
blethers,ˈblɛðərz
blets,blɛts
blicked,blɪkt
blicks,blɪks
blight,blaɪt
blighted,ˈblaɪtɪd
blighter,ˈblaɪtər
blighters,ˈblaɪtərz
blighties,ˈblaɪtiz
blighting,ˈblaɪtɪŋ
blights,blaɪts
blighty,ˈblaɪti
blimped,blɪmpt
blimps,blɪmps
blind,blaɪnd
blindage,ˈblaɪndɪdʒ
blindages,ˈblaɪndɪdʒɪz
blinded,ˈblaɪndɪd
blinder,ˈblaɪndər
blinders,ˈblaɪndərz
blindest,ˈblaɪndɪst
blindfish,ˈblaɪndˌfɪʃ
blindfishes,ˈblaɪndˌfɪʃɪz
blindfold,ˈblaɪndfoʊld
blindfolded,ˈblaɪndfoʊldɪd
blindfolding,ˈblaɪndfoʊldɪŋ
blindfolds,ˈblaɪndfoʊldz
blinding,ˈblaɪndɪŋ
blindingly,ˈblaɪndɪŋli
blindly,ˈblaɪndli
blindness,ˈblaɪndnəs
blinds,blaɪndz
blindside,ˈblaɪndˌsaɪd
blindsided,ˈblaɪndˌsaɪdɪd
blindsides,ˈblaɪndˌsaɪdz
blindsiding,ˈblaɪndˌsaɪdɪŋ
blindworm,ˈblaɪndˌwɜːrm
blindworms,ˈblaɪndˌwɜːrmz
blinked,blɪŋkt
blinkered,ˈblɪŋkərd
blinkers,ˈblɪŋkərz
blinks,blɪŋks
blins,blɪnz
blipped,blɪpt
blips,blɪps
blissed,blɪst
blistered,ˈblɪstərd
blisters,ˈblɪstərz
blithered,ˈblɪðərd
blithers,ˈblɪðərz
blithesome,ˈblaɪðsəm
blithesomely,ˈblaɪðsəmli
blitzed,blɪtst
blitzes,ˈblɪtsɪz
bloats,bloʊts
blobbed,blɒbd
blobs,blɒbz
blockades,blɒˈkeɪdz
blockchain,ˈblɒkˌtʃeɪn
blockchains,ˈblɒkˌtʃeɪnz
blocked,blɒkt
blockhead,ˈblɒkhɛd
blockheads,ˈblɒkhɛdz
blocks,blɒks
blogs,blɒɡz
blood,blʌd
bloodbath,ˈblʌdbæθ
bloodbaths,ˈblʌdbæθs
bloodcurdling,ˈblʌdˌkɜːrdlɪŋ
blooded,ˈblʌdɪd
bloodfin,ˈblʌdfɪn
bloodfins,ˈblʌdfɪnz
bloodflower,ˈblʌdˌflaʊər
bloodguilt,ˈblʌdɡɪlt
bloodguiltiness,ˈblʌdɡɪltinəs
bloodguilty,ˈblʌdɡɪlti
bloodhound,ˈblʌdhaʊnd
bloodhounds,ˈblʌdhaʊndz
bloodied,ˈblʌdid
bloodier,ˈblʌdiər
bloodies,ˈblʌdiz
bloodiest,ˈblʌdiɪst
bloodily,ˈblʌdɪli
bloodiness,ˈblʌdinəs
blooding,ˈblʌdɪŋ
bloodings,ˈblʌdɪŋz
bloodless,ˈblʌdləs
bloodlessly,ˈblʌdləsli
bloodlessness,ˈblʌdləsnəs
bloodletting,ˈblʌdˌlɛtɪŋ
bloodlettings,ˈblʌdˌlɛtɪŋz
bloodline,ˈblʌdlaɪn
bloodlines,ˈblʌdlaɪnz
bloodlust,ˈblʌdlʌst
bloodmobile,ˈblʌdmoʊbiːl
bloodmobiles,ˈblʌdmoʊbiːlz
bloodred,ˈblʌdrɛd
bloodroot,ˈblʌdruːt
bloodroots,ˈblʌdruːts
bloods,blʌdz
bloodshed,ˈblʌdʃɛd
bloodsheds,ˈblʌdʃɛdz
bloodshot,ˈblʌdʃɒt
bloodstain,ˈblʌdˌsteɪn
bloodstained,ˈblʌdˌsteɪnd
bloodstains,ˈblʌdˌsteɪnz
bloodstock,ˈblʌdˌstɒk
bloodstocks,ˈblʌdˌstɒks
bloodstone,ˈblʌdˌstoʊn
bloodstones,ˈblʌdˌstoʊnz
bloodstream,ˈblʌdˌstriːm
bloodstreams,ˈblʌdˌstriːmz
bloodsucker,ˈblʌdˌsʌkər
bloodsuckers,ˈblʌdˌsʌkərz
bloodsucking,ˈblʌdˌsʌkɪŋ
bloodthirstily,ˈblʌdˌθɜːrstɪli
bloodthirstiness,ˈblʌdˌθɜːrstinəs
bloodthirsty,ˈblʌdˌθɜːrsti
bloodworm,ˈblʌdˌwɜːrm
bloodworms,ˈblʌdˌwɜːrmz
bloody,ˈblʌdi
bloodying,ˈblʌdiɪŋ
bloomed,bluːmd
blooms,bluːmz
blooped,bluːpt
bloops,bluːps
blossomed,ˈblɒsəmd
blossoms,ˈblɒsəmz
blotched,blɒtʃt
blotches,ˈblɒtʃɪz
blots,blɒts
blouses,ˈblaʊzɪz
blouson,ˈbluːzɒn
blousons,ˈbluːzɒnz
bloviates,ˈbloʊviˌeɪts
blowdown,ˈbloʊˌdaʊn
blowdowns,ˈbloʊˌdaʊnz
blowed,bloʊd
blows,bloʊz
blowsier,ˈbloʊziər
blowsiest,ˈbloʊziɪst
blowsily,ˈbloʊzɪli
blowsy,ˈbloʊzi
blowtorch,ˈbloʊˌtɔːrtʃ
blowtorches,ˈbloʊˌtɔːrtʃɪz
blowzed,blaʊzd
blowzier,ˈblaʊziər
blowziest,ˈblaʊziɪst
blowzily,ˈblaʊzɪli
blowzy,ˈblaʊzi
blubbed,blʌbd
blubbered,ˈblʌbərd
blubbers,ˈblʌbərz
blubs,blʌbz
bludgeon,ˈblʌdʒən
bludgeoned,ˈblʌdʒənd
bludgeoner,ˈblʌdʒənər
bludgeoners,ˈblʌdʒənərz
bludgeoning,ˈblʌdʒənɪŋ
bludgeons,ˈblʌdʒənz
bluehead,ˈbluːhɛd
blueheads,ˈbluːhɛdz
blueing,ˈbluːɪŋ
blueish,ˈbluːɪʃ
blueprints,ˈbluːˌprɪnts
bluetongue,ˈbluːtʌŋ
bluetongues,ˈbluːtʌŋz
bluffed,blʌft
bluffs,blʌfs
blundered,ˈblʌndərd
blunders,ˈblʌndərz
blunges,ˈblʌndʒɪz
blunts,blʌnts
blurbed,blɜːrbd
blurbs,blɜːrbz
blurred,blɜːrd
blurs,blɜːrz
blurts,blɜːrts
blushed,blʌʃt
blushes,ˈblʌʃɪz
blustered,ˈblʌstərd
blusters,ˈblʌstərz
boards,bɔːrdz
boardwalk,ˈbɔːrdˌwɔːk
boardwalks,ˈbɔːrdˌwɔːks
boasts,boʊsts
boatbuilder,ˈboʊtˌbɪldər
boatbuilders,ˈboʊtˌbɪldərz
boatbuilding,ˈboʊtˌbɪldɪŋ
boatbuildings,ˈboʊtˌbɪldɪŋz
boats,boʊts
boatswain,ˈboʊswən
boatswains,ˈboʊswənz
bobbed,bɒbd
bobbles,ˈbɒblz
bobeche,boʊˈbɛʃ
bobeches,boʊˈbɛʃɪz
bobs,bɒbz
bobsleds,ˈbɒbˌslɛdz
bobsleigh,ˈbɒbˌsleɪ
bobsleighs,ˈbɒbˌsleɪz
bobtailed,ˈbɒbˌteɪld
bodes,boʊdz
bodies,ˈbɒdiz
bodybuilder,ˈbɒdiˌbɪldər
bodybuilders,ˈbɒdiˌbɪldərz
bodybuilding,ˈbɒdiˌbɪldɪŋ
bodycheck,ˈbɒdiˌtʃɛk
bodychecked,ˈbɒdiˌtʃɛkt
bodychecking,ˈbɒdiˌtʃɛkɪŋ
bodychecks,ˈbɒdiˌtʃɛks
bodyguard,ˈbɒdiˌɡɑːrd
bodyguards,ˈbɒdiˌɡɑːrdz
bodysuit,ˈbɒdiˌsuːt
bodysuits,ˈbɒdiˌsuːts
bodysurfed,ˈbɒdiˌsɜːrft
bodysurfs,ˈbɒdiˌsɜːrfs
boffed,bɒft
boffs,bɒfs
bogeyed,ˈboʊɡid
bogeys,ˈboʊɡiz
bogged,bɒɡd
boggles,ˈbɒɡlz
bogs,bɒɡz
boiled,bɔɪld
boilersuit,ˈbɔɪlərˌsuːt
boilersuits,ˈbɔɪlərˌsuːts
boils,bɔɪlz
boinked,bɔɪŋkt
boinks,bɔɪŋks
bolds,boʊldz
bolled,boʊld
bollixed,ˈbɒlɪkst
bollixes,ˈbɒlɪksɪz
bolloxed,ˈbɒləkst
bolloxes,ˈbɒləksɪz
bolls,boʊlz
bolshevises,ˈbɒlʃəvaɪzɪz
bolshevizes,ˈbɒlʃəvaɪzɪz
bolstered,ˈboʊlstərd
bolsters,ˈboʊlstərz
bolthead,ˈboʊltˌhɛd
boltheads,ˈboʊltˌhɛdz
bolts,boʊlts
bombards,bɒmˈbɑːrdz
bombed,bɒmd
bombinates,ˈbɒmbɪˌneɪts
bombproofed,ˈbɒmˌpruːft
bombproofs,ˈbɒmˌpruːfs
bombs,bɒmz
bombsight,ˈbɒmˌsaɪt
bombsights,ˈbɒmˌsaɪts
bonds,bɒndz
bondwomen,ˈbɒndˌwɪmɪn
bonehead,ˈboʊnˌhɛd
boneheaded,ˈboʊnˌhɛdɪd
boneheadedly,ˈboʊnˌhɛdɪdli
boneheadedness,ˈboʊnˌhɛdɪdnəs
boneheads,ˈboʊnˌhɛdz
bones,boʊnz
bonged,bɒŋd
bongs,bɒŋz
bonked,bɒŋkt
bonks,bɒŋks
bonnethead,ˈbɒnɪtˌhɛd
bonnetheads,ˈbɒnɪtˌhɛdz
boobed,buːbd
boobs,buːbz
boodles,ˈbuːdlz
boogeyed,ˈbuːɡid
boogeys,ˈbuːɡiz
boogies,ˈbuːɡiz
boohoos,buːˈhuːz
bookbinder,ˈbʊkˌbaɪndər
bookbinderies,ˈbʊkˌbaɪndəriz
bookbinders,ˈbʊkˌbaɪndərz
bookbindery,ˈbʊkˌbaɪndəri
bookbinding,ˈbʊkˌbaɪndɪŋ
bookbindings,ˈbʊkˌbaɪndɪŋz
booked,bʊkt
bookends,ˈbʊkˌɛndz
bookmarked,ˈbʊkˌmɑːrkt
bookmarks,ˈbʊkˌmɑːrks
books,bʊks
bookshelves,ˈbʊkˌʃɛlvz
boomed,buːmd
boomeranged,ˈbuːməræŋd
boomerangs,ˈbuːməræŋz
booms,buːmz
boomtown,ˈbuːmˌtaʊn
boomtowns,ˈbuːmˌtaʊnz
boondoggles,ˈbuːnˌdɒɡlz
boos,buːz
boosts,buːsts
bootlegged,ˈbuːtˌlɛɡd
bootlegs,ˈbuːtˌlɛɡz
bootlicked,ˈbuːtˌlɪkt
bootlicks,ˈbuːtˌlɪks
boots,buːts
bootstrapped,ˈbuːtˌstræpt
bootstraps,ˈbuːtˌstræps
boozes,ˈbuːzɪz
bopped,bɒpt
bops,bɒps
bordereaux,ˈbɔːrdəroʊ
bordered,ˈbɔːrdərd
borderlines,ˈbɔːrdərˌlaɪnz
borders,ˈbɔːrdərz
bores,bɔːrz
boresome,ˈbɔːrsəm
borough,ˈbɜːroʊ
boroughs,ˈbɜːroʊz
borrowed,ˈbɒroʊd
borrows,ˈbɒroʊz
boses,ˈboʊzɪz
bosomed,ˈbʊzəmd
bosoms,ˈbʊzəmz
bossed,bɒst
bosses,ˈbɒsɪz
boswellizes,ˈbɒzwɛˌlaɪzɪz
botanises,ˈbɒtənaɪzɪz
botanizes,ˈbɒtənaɪzɪz
botched,bɒtʃt
botches,ˈbɒtʃɪz
both,boʊθ
bothered,ˈbɒðərd
bothers,ˈbɒðərz
bothersome,ˈbɒðərsəm
bothersomely,ˈbɒðərsəmli
bots,bɒts
bottlenecked,ˈbɒtəlˌnɛkt
bottlenecks,ˈbɒtəlˌnɛks
bottles,ˈbɒtlz
bottomed,ˈbɒtəmd
bottommost,ˈbɒtəmoʊst
bottoms,ˈbɒtəmz
bouche,buːˈʃeɪ
bouchee,buːˈʃeɪ
bouchees,buːˈʃeɪz
bouches,buːˈʃeɪz
boucle,buːˈkleɪ
boucles,buːˈkleɪz
boudoir,ˈbuːdwɑːr
boudoirs,ˈbuːdwɑːrz
bouffant,ˈbuːfɑːnt
bouffants,ˈbuːfɑːnts
bouffe,buːf
bouffes,buːfs
bougainvillaea,ˌbuːɡɪnˈvɪliə
bougainvillaeas,ˌbuːɡɪnˈvɪliəz
bougainvillea,ˌbuːɡɪnˈvɪliə
bougainvilleas,ˌbuːɡɪnˈvɪliəz
bough,baʊ
boughed,baʊd
boughpot,ˈbaʊˌpɒt
boughpots,ˈbaʊˌpɒts
boughs,baʊz
bought,bɔːt
boughten,ˈbɔːtən
bougie,ˈbuːʒi
bougies,ˈbuːʒiz
bouillon,ˈbuːjɒn
bouillons,ˈbuːjɒnz
boulder,ˈboʊldər
bouldered,ˈboʊldərd
bouldery,ˈboʊldəri
boule,buːl
boules,buːlz
boulevard,ˈbʊləvɑːrd
boulevardier,ˌbʊləvɑːrˈdiər
boulevardiers,ˌbʊləvɑːrˈdiərz
boulevards,ˈbʊləvɑːrdz
bounces,ˈbaʊnsɪz
bounds,baʊndz
bouquet,buˈkeɪ
bouquets,buˈkeɪz
bourdon,ˈbʊərdən
bourdons,ˈbʊərdənz
bourg,bʊər
bourgeoisifies,ˌbʊərʒwɑːˈzɪfaɪz
bourgeon,ˈbʊərdʒən
bourgeoned,ˈbʊərdʒənd
bourgeoning,ˈbʊərdʒənɪŋ
bourgeons,ˈbʊərdʒənz
bourgs,bʊərz
bourguignon,ˈbʊərɡɪnjɒn
bourguignons,ˈbʊərɡɪnjɒnz
bournous,ˈbʊərnuːs
bournoused,ˈbʊərnuːsd
bourree,buˈreɪ
bourride,buˈriːd
bourse,bʊərs
bourses,ˈbʊərsɪz
bourtree,ˈbʊərtriː
bourtrees,ˈbʊərtriːz
bouses,ˈbaʊzɪz
boutique,buˈtiːk
boutiques,buˈtiːks
boutonniere,ˌbuːtənˈnɪər
boutonnieres,ˌbuːtənˈnɪərz
bouvier,buˈviːeɪ
bouviers,buˈviːeɪz
bow,baʊ
bowdlerises,ˈbaʊdləraɪzɪz
bowdlerizes,ˈbaʊdləraɪzɪz
bowed,baʊd
bowel,ˈbaʊəl
boweled,ˈbaʊəld
boweling,ˈbaʊəlɪŋ
bowelled,ˈbaʊəld
bowelless,ˈbaʊəlləs
bowelling,ˈbaʊəlɪŋ
bowels,ˈbaʊəlz
bower,ˈbaʊər
bowerbird,ˈbaʊərˌbɜːrd
bowerbirds,ˈbaʊərˌbɜːrdz
bowered,ˈbaʊərd
boweries,ˈbaʊəriz
bowers,ˈbaʊərz
bowery,ˈbaʊəri
bowhead,ˈbaʊˌhɛd
bowheads,ˈbaʊˌhɛdz
bowing,ˈbaʊɪŋ
bowings,ˈbaʊɪŋz
bowled,boʊld
bowls,boʊlz
bowman,ˈboʊmən
bowmen,ˈboʊmɪn
bowpot,ˈbaʊˌpɒt
bowpots,ˈbaʊˌpɒts
bows,baʊz
bowse,baʊz
bowsed,baʊzd
bowses,ˈbaʊzɪz
bowsing,ˈbaʊzɪŋ
bowsprit,ˈbaʊˌsprɪt
bowsprits,ˈbaʊˌsprɪts
bowwow,ˈbaʊˌwaʊ
bowwowed,ˈbaʊˌwaʊd
bowwowing,ˈbaʊˌwaʊɪŋ
bowwows,ˈbaʊˌwaʊz
boxed,bɒkst
boxes,ˈbɒksɪz
boxhauled,ˈbɒksˌhɔːld
boxhauls,ˈbɒksˌhɔːlz
boychick,ˈbɔɪtʃɪk
boychicks,ˈbɔɪtʃɪks
boychik,ˈbɔɪtʃɪk
boychiks,ˈbɔɪtʃɪks
boycotts,ˈbɔɪˌkɒts
boyfriend,ˈbɔɪˌfrɛnd
boyfriends,ˈbɔɪˌfrɛndz
brabbles,ˈbræblz
braces,ˈbreɪsɪz
brach,bræk
braches,ˈbrækɪz
brachet,ˈbrætʃɪt
brachets,ˈbrætʃɪts
brachiate,ˈbreɪkieɪt
brachiates,ˈbreɪkieɪts
brackets,ˈbrækɪts
brads,brædz
bragged,bræɡd
brags,bræɡz
braids,breɪdz
brailed,breɪld
brailles,breɪlz
brails,breɪlz
brainchild,ˈbreɪnˌtʃaɪld
brainchildren,ˈbreɪnˌtʃɪldrɪn
brained,breɪnd
brainpower,ˈbreɪnˌpaʊər
brains,breɪnz
brainstormed,ˈbreɪnˌstɔːrmd
brainstorms,ˈbreɪnˌstɔːrmz
brainwashed,ˈbreɪnˌwɒʃt
brainwashes,ˈbreɪnˌwɒʃɪz
braises,ˈbreɪzɪz
brakes,breɪks
brambles,ˈbræmblz
branch,bræntʃ
branched,bræntʃt
branches,ˈbræntʃɪz
branchier,ˈbræntʃiər
branchiest,ˈbræntʃiɪst
branching,ˈbræntʃɪŋ
branchless,ˈbræntʃləs
branchlet,ˈbræntʃlɪt
branchlets,ˈbræntʃlɪts
branchline,ˈbræntʃˌlaɪn
branchlines,ˈbræntʃˌlaɪnz
branchy,ˈbræntʃi
brandies,ˈbrændiz
brandished,ˈbrændɪʃt
brandishes,ˈbrændɪʃɪz
brands,brændz
brassed,bræst
brasses,ˈbræsɪz
brattices,ˈbrætɪsɪz
brattles,ˈbrætlz
braves,breɪvz
bravoes,brɑːˈvoʊz
brawled,brɔːld
brawls,brɔːlz
brayed,breɪd
brays,breɪz
brazened,ˈbreɪzənd
brazens,ˈbreɪzənz
brazes,ˈbreɪzɪz
breach,briːtʃ
breached,briːtʃt
breacher,ˈbriːtʃər
breachers,ˈbriːtʃərz
breaches,ˈbriːtʃɪz
breaching,ˈbriːtʃɪŋ
bread,brɛd
breadbasket,ˈbrɛdˌbæskɪt
breadbaskets,ˈbrɛdˌbæskɪts
breadboard,ˈbrɛdˌbɔːrd
breadboarded,ˈbrɛdˌbɔːrdɪd
breadboarding,ˈbrɛdˌbɔːrdɪŋ
breadboards,ˈbrɛdˌbɔːrdz
breadbox,ˈbrɛdˌbɒks
breadboxes,ˈbrɛdˌbɒksɪz
breadcrumb,ˈbrɛdˌkrʌm
breadcrumbs,ˈbrɛdˌkrʌmz
breaded,ˈbrɛdɪd
breadfruit,ˈbrɛdˌfruːt
breadfruits,ˈbrɛdˌfruːts
breading,ˈbrɛdɪŋ
breadline,ˈbrɛdˌlaɪn
breadlines,ˈbrɛdˌlaɪnz
breadnut,ˈbrɛdˌnʌt
breadnuts,ˈbrɛdˌnʌts
breads,brɛdz
breadstick,ˈbrɛdˌstɪk
breadsticks,ˈbrɛdˌstɪks
breadstuff,ˈbrɛdˌstʌf
breadth,brɛdθ
breadths,brɛdθs
breadthwise,ˈbrɛdθˌwaɪz
breadwinner,ˈbrɛdˌwɪnər
breadwinners,ˈbrɛdˌwɪnərz
breadwinning,ˈbrɛdˌwɪnɪŋ
bready,ˈbrɛdi
break,breɪk
breakable,ˈbreɪkəbl
breakables,ˈbreɪkəblz
breakage,ˈbreɪkɪdʒ
breakages,ˈbreɪkɪdʒɪz
breakaway,ˈbreɪkəˌweɪ
breakaways,ˈbreɪkəˌweɪz
breakdown,ˈbreɪkˌdaʊn
breakdowns,ˈbreɪkˌdaʊnz
breaker,ˈbreɪkər
breakers,ˈbreɪkərz
breakeven,ˈbreɪkˌiːvən
breakevens,ˈbreɪkˌiːvənz
breakfast,ˈbrɛkfəst
breakfasted,ˈbrɛkfəstɪd
breakfaster,ˈbrɛkfəstər
breakfasters,ˈbrɛkfəstərz
breakfasting,ˈbrɛkfəstɪŋ
breakfasts,ˈbrɛkfəsts
breakfront,ˈbreɪkˌfrʌnt
breakfronts,ˈbreɪkˌfrʌnts
breaking,ˈbreɪkɪŋ
breakings,ˈbreɪkɪŋz
breakle,ˈbreɪkl
breakneck,ˈbreɪkˌnɛk
breakout,ˈbreɪkˌaʊt
breakouts,ˈbreɪkˌaʊts
breakpoint,ˈbreɪkˌpɔɪnt
breakpoints,ˈbreɪkˌpɔɪnts
breaks,breɪks
breakthrough,ˈbreɪkˌθruː
breakthroughs,ˈbreɪkˌθruːz
breakup,ˈbreɪkˌʌp
breakups,ˈbreɪkˌʌps
breakwater,ˈbreɪkˌwɔːtər
breakwaters,ˈbreɪkˌwɔːtərz
breamed,briːmd
breams,briːmz
breast,brɛst
breastbone,ˈbrɛstˌboʊn
breastbones,ˈbrɛstˌboʊnz
breasted,ˈbrɛstɪd
breastfed,ˈbrɛstˌfɛd
breastfeed,ˈbrɛstˌfiːd
breastfeeding,ˈbrɛstˌfiːdɪŋ
breastfeedings,ˈbrɛstˌfiːdɪŋz
breastfeeds,ˈbrɛstˌfiːdz
breasting,ˈbrɛstɪŋ
breastless,ˈbrɛstləs
breastplate,ˈbrɛstˌpleɪt
breastplates,ˈbrɛstˌpleɪts
breasts,brɛsts
breaststroke,ˈbrɛstˌstroʊk
breaststroker,ˈbrɛstˌstroʊkər
breaststrokers,ˈbrɛstˌstroʊkərz
breaststrokes,ˈbrɛstˌstroʊks
breastwork,ˈbrɛstˌwɜːrk
breastworks,ˈbrɛstˌwɜːrks
breath,brɛθ
breathalyse,ˈbrɛθəˌlaɪz
breathalysed,ˈbrɛθəˌlaɪzd
breathalyser,ˈbrɛθəˌlaɪzər
breathalysers,ˈbrɛθəˌlaɪzərz
breathalyses,ˈbrɛθəˌlaɪzɪz
breathalysing,ˈbrɛθəˌlaɪzɪŋ
breathalyze,ˈbrɛθəˌlaɪz
breathalyzed,ˈbrɛθəˌlaɪzd
breathalyzer,ˈbrɛθəˌlaɪzər
breathalyzers,ˈbrɛθəˌlaɪzərz
breathalyzes,ˈbrɛθəˌlaɪzɪz
breathalyzing,ˈbrɛθəˌlaɪzɪŋ
breathes,briːðz
breathier,ˈbrɛθiər
breathiest,ˈbrɛθiɪst
breathily,ˈbrɛθɪli
breathiness,ˈbrɛθinəs
breathless,ˈbrɛθləs
breathlessly,ˈbrɛθləsli
breathlessness,ˈbrɛθləsnəs
breaths,brɛθs
breathtaking,ˈbrɛθˌteɪkɪŋ
breathtakingly,ˈbrɛθˌteɪkɪŋli
breathy,ˈbrɛθi
brecciates,ˈbrɛtʃieɪts
breech,briːtʃ
breechblock,ˈbriːtʃˌblɒk
breechblocks,ˈbriːtʃˌblɒks
breechcloth,ˈbriːtʃˌklɒθ
breechcloths,ˈbriːtʃˌklɒθs
breechclout,ˈbriːtʃˌklaʊt
breechclouts,ˈbriːtʃˌklaʊts
breeched,briːtʃt
breeches,ˈbriːtʃɪz
breeching,ˈbriːtʃɪŋ
breechings,ˈbriːtʃɪŋz
breechloader,ˈbriːtʃˌloʊdər
breechloaders,ˈbriːtʃˌloʊdərz
breeds,briːdz
breezes,ˈbriːzɪz
brevets,brɪˈvɛts
brewed,bruːd
brews,bruːz
bribes,braɪbz
bricked,brɪkt
brickles,ˈbrɪklz
bricks,brɪks
bridgehead,ˈbrɪdʒˌhɛd
bridgeheads,ˈbrɪdʒˌhɛdz
bridges,ˈbrɪdʒɪz
bridles,ˈbraɪdlz
briefed,briːft
briefs,briːfs
brigades,brɪˈɡeɪdz
bright,braɪt
brighten,ˈbraɪtən
brightened,ˈbraɪtənd
brightener,ˈbraɪtənər
brighteners,ˈbraɪtənərz
brightening,ˈbraɪtənɪŋ
brightens,ˈbraɪtənz
brighter,ˈbraɪtər
brightest,ˈbraɪtɪst
brightly,ˈbraɪtli
brightness,ˈbraɪtnəs
brights,braɪts
brightwork,ˈbraɪtˌwɜːrk
brightworks,ˈbraɪtˌwɜːrks
brimmed,brɪmd
brims,brɪmz
brines,braɪnz
bringdown,ˈbrɪŋˌdaʊn
bringdowns,ˈbrɪŋˌdaʊnz
brings,brɪŋz
brioche,ˈbriːoʊʃ
brioches,ˈbriːoʊʃɪz
briolette,ˌbriːəˈlɛt
briolettes,ˌbriːəˈlɛts
briquet,brɪˈkɛt
briquets,brɪˈkɛts
briquette,brɪˈkɛt
briquetted,brɪˈkɛtɪd
briquettes,brɪˈkɛts
briquetting,brɪˈkɛtɪŋ
brisked,brɪskt
brisks,brɪsks
bristles,ˈbrɪsəlz
brits,brɪts
brittles,ˈbrɪtlz
broach,broʊtʃ
broached,broʊtʃt
broacher,ˈbroʊtʃər
broachers,ˈbroʊtʃərz
broaches,ˈbroʊtʃɪz
broaching,ˈbroʊtʃɪŋ
broad,brɔːd
broadax,ˈbrɔːdˌæks
broadaxe,ˈbrɔːdˌæks
broadaxes,ˈbrɔːdˌæksɪz
broadband,ˈbrɔːdˌbænd
broadbill,ˈbrɔːdˌbɪl
broadbills,ˈbrɔːdˌbɪlz
broadbrimmed,ˈbrɔːdˌbrɪmd
broadcast,ˈbrɔːdˌkæst
broadcasted,ˈbrɔːdˌkæstɪd
broadcaster,ˈbrɔːdˌkæstər
broadcasters,ˈbrɔːdˌkæstərz
broadcasting,ˈbrɔːdˌkæstɪŋ
broadcasts,ˈbrɔːdˌkæsts
broadcloth,ˈbrɔːdˌklɒθ
broadcloths,ˈbrɔːdˌklɒθs
broaden,ˈbrɔːdən
broadened,ˈbrɔːdənd
broadening,ˈbrɔːdənɪŋ
broadens,ˈbrɔːdənz
broader,ˈbrɔːdər
broadest,ˈbrɔːdɪst
broadish,ˈbrɔːdɪʃ
broadleaf,ˈbrɔːdˌliːf
broadloom,ˈbrɔːdˌluːm
broadlooms,ˈbrɔːdˌluːmz
broadly,ˈbrɔːdli
broadness,ˈbrɔːdnəs
broads,brɔːdz
broadscale,ˈbrɔːdˌskeɪl
broadsheet,ˈbrɔːdˌʃiːt
broadsheets,ˈbrɔːdˌʃiːts
broadshouldered,ˈbrɔːdˌʃoʊldərd
broadside,ˈbrɔːdˌsaɪd
broadsided,ˈbrɔːdˌsaɪdɪd
broadsides,ˈbrɔːdˌsaɪdz
broadsiding,ˈbrɔːdˌsaɪdɪŋ
broadsword,ˈbrɔːdˌsɔːrd
broadswords,ˈbrɔːdˌsɔːrdz
broadtail,ˈbrɔːdˌteɪl
broadtails,ˈbrɔːdˌteɪlz
broadway,ˈbrɔːdˌweɪ
broadways,ˈbrɔːdˌweɪz
brocades,broʊˈkeɪdz
broche,broʊˈʃeɪ
broches,broʊˈʃeɪz
brochette,broʊˈʃɛt
brochettes,broʊˈʃɛts
brochure,broʊˈʃʊr
brochures,broʊˈʃʊrz
brogue,broʊɡ
broguery,ˈbroʊɡəri
brogues,broʊɡz
broguish,ˈbroʊɡɪʃ
broidered,ˈbrɔɪdərd
broiders,ˈbrɔɪdərz
broiled,brɔɪld
broils,brɔɪlz
brokenhearted,ˌbroʊkənˈhɑːrtɪd
brokenheartedly,ˌbroʊkənˈhɑːrtɪdli
brokenheartedness,ˌbroʊkənˈhɑːrtɪdnəs
brokered,ˈbroʊkərd
brokers,ˈbroʊkərz
bromates,ˈbroʊmeɪts
brominates,ˈbroʊmɪneɪts
bromises,ˈbroʊmaɪzɪz
bromizes,ˈbroʊmaɪzɪz
bronzes,ˈbrɒnzɪz
brooch,broʊtʃ
brooches,ˈbroʊtʃɪz
broods,bruːdz
brooked,brʊkt
brooks,brʊks
broomed,bruːmd
brooms,bruːmz
brothered,ˈbrʌðərd
brothers,ˈbrʌðərz
brougham,ˈbruːəm
broughams,ˈbruːəmz
brought,brɔːt
brouhaha,ˌbruːhɑːˈhɑː
brouhahas,ˌbruːhɑːˈhɑːz
brow,braʊ
browband,ˈbraʊˌbænd
browbands,ˈbraʊˌbændz
browbeat,ˈbraʊˌbiːt
browbeaten,ˈbraʊˌbiːtən
browbeating,ˈbraʊˌbiːtɪŋ
browbeats,ˈbraʊˌbiːts
browed,braʊd
browless,ˈbraʊləs
brown,braʊn
browned,braʊnd
browner,ˈbraʊnər
brownest,ˈbraʊnɪst
brownfield,ˈbraʊnˌfiːld
brownfields,ˈbraʊnˌfiːldz
brownie,ˈbraʊni
brownier,ˈbraʊniər
brownies,ˈbraʊniz
browniest,ˈbraʊniɪst
browning,ˈbraʊnɪŋ
brownish,ˈbraʊnɪʃ
brownness,ˈbraʊnnəs
brownnose,ˈbraʊnˌnoʊz
brownnosed,ˈbraʊnˌnoʊzd
brownnoser,ˈbraʊnˌnoʊzər
brownnosers,ˈbraʊnˌnoʊzərz
brownnoses,ˈbraʊnˌnoʊzɪz
brownnosing,ˈbraʊnˌnoʊzɪŋ
brownout,ˈbraʊnˌaʊt
brownouts,ˈbraʊnˌaʊts
browns,braʊnz
brownshirt,ˈbraʊnˌʃɜːrt
brownshirts,ˈbraʊnˌʃɜːrts
brownstone,ˈbraʊnˌstoʊn
brownstones,ˈbraʊnˌstoʊnz
browny,ˈbraʊni
browridge,ˈbraʊˌrɪdʒ
browridges,ˈbraʊˌrɪdʒɪz
brows,braʊz
browse,braʊz
browsed,braʊzd
browser,ˈbraʊzər
browsers,ˈbraʊzərz
browses,ˈbraʊzɪz
browsing,ˈbraʊzɪŋ
brugh,brʌx
brughs,brʌxɪz
bruise,bruːz
bruised,bruːzd
bruiser,ˈbruːzər
bruisers,ˈbruːzərz
bruises,ˈbruːzɪz
bruising,ˈbruːzɪŋ
bruit,bruːt
bruited,ˈbruːtɪd
bruiter,ˈbruːtər
bruiters,ˈbruːtərz
bruiting,ˈbruːtɪŋ
bruits,bruːts
brunch,brʌntʃ
brunched,brʌntʃt
brunches,ˈbrʌntʃɪz
brunching,ˈbrʌntʃɪŋ
brunette,bɹuːˈnɛt
brunettes,bɹuːˈnɛts
brushed,brʌʃt
brushes,ˈbrʌʃɪz
brusque,brʌsk
brutalises,ˈbruːtəlaɪzɪz
brutalizes,ˈbruːtəlaɪzɪz
brutes,bruːts
brutifies,ˈbruːtɪfaɪz
bubblehead,ˈbʌbəlˌhɛd
bubbleheaded,ˈbʌbəlˌhɛdɪd
bubbleheadedness,ˈbʌbəlˌhɛdɪdnəs
bubbleheads,ˈbʌbəlˌhɛdz
bubbles,ˈbʌbəlz
buccaneered,ˌbʌkəˈnɪrd
buccaneers,ˌbʌkəˈnɪrz
bucked,bʌkt
buckets,ˈbʌkɪts
buckeye,ˈbʌkˌaɪ
buckeyes,ˈbʌkˌaɪz
bucklered,ˈbʌklərd
bucklers,ˈbʌklərz
buckles,ˈbʌklz
buckramed,ˈbʌkrəmd
buckrams,ˈbʌkrəmz
bucks,bʌks
buckskinned,ˈbʌkˌskɪnd
bucktoothed,ˈbʌkˌtuːθt
buddies,ˈbʌdiz
budges,ˈbʌdʒɪz
budgets,ˈbʌdʒɪts
buds,bʌdz
buffaloes,ˈbʌfəˌloʊz
buffed,bʌft
buffered,ˈbʌfərd
buffers,ˈbʌfərz
buffet,bəˈfeɪ
buffets,bəˈfeɪz
buffetted,ˈbʌfɪtɪd
buffetting,ˈbʌfɪtɪŋ
bufflehead,ˈbʌfəlˌhɛd
buffleheads,ˈbʌfəlˌhɛdz
buffs,bʌfs
bugbear,ˈbʌɡˌbɛr
bugbears,ˈbʌɡˌbɛrz
bugeye,ˈbʌɡˌaɪ
bugeyed,ˈbʌɡˌaɪd
bugeyes,ˈbʌɡˌaɪz
bugged,bʌɡd
buggered,ˈbʌɡərd
buggers,ˈbʌɡərz
bugles,ˈbjuːɡəlz
bugs,bʌɡz
build,bɪld
buildable,ˈbɪldəbl
builded,ˈbɪldɪd
builder,ˈbɪldər
builders,ˈbɪldərz
building,ˈbɪldɪŋ
buildings,ˈbɪldɪŋz
builds,bɪldz
buildup,ˈbɪldˌʌp
buildups,ˈbɪldˌʌps
built,bɪlt
bulbed,bʌlbd
bulges,ˈbʌldʒɪz
bulked,bʌlkt
bulkhead,ˈbʌlkˌhɛd
bulkheads,ˈbʌlkˌhɛdz
bulks,bʌlks
bulldogged,ˈbʊlˌdɒɡd
bulldogs,ˈbʊlˌdɒɡz
bulldozes,ˈbʊldoʊzɪz
bulled,bʊld
bulletined,ˈbʊlɪtɪnd
bulletins,ˈbʊlɪtɪnz
bulletproofed,ˈbʊlɪtˌpruːft
bulletproofs,ˈbʊlɪtˌpruːfs
bullfight,ˈbʊlˌfaɪt
bullfighter,ˈbʊlˌfaɪtər
bullfighters,ˈbʊlˌfaɪtərz
bullfighting,ˈbʊlˌfaɪtɪŋ
bullfightings,ˈbʊlˌfaɪtɪŋz
bullfights,ˈbʊlˌfaɪts
bullfinch,ˈbʊlˌfɪntʃ
bullfinches,ˈbʊlˌfɪntʃɪz
bullhead,ˈbʊlˌhɛd
bullheaded,ˈbʊlˌhɛdɪd
bullheadedly,ˈbʊlˌhɛdɪdli
bullheadedness,ˈbʊlˌhɛdɪdnəs
bullheads,ˈbʊlˌhɛdz
bullies,ˈbʊliz
bullnecked,ˈbʊlˌnɛkt
bulls,bʊlz
bullshits,ˈbʊlˌʃɪts
bullwhipped,ˈbʊlˌwɪpt
bullwhips,ˈbʊlˌwɪps
bullyragged,ˈbʊliˌræɡd
bullyrags,ˈbʊliˌræɡz
bulwarked,ˈbʊlwərkt
bulwarks,ˈbʊlwərks
bumbles,ˈbʌmbəlz
bummed,bʌmd
bumped,bʌmpt
bumpered,ˈbʌmpərd
bumps,bʌmps
bums,bʌmz
bunch,bʌntʃ
bunchberries,ˈbʌntʃˌbɛriz
bunchberry,ˈbʌntʃˌbɛri
bunched,bʌntʃt
bunches,ˈbʌntʃɪz
bunchgrass,ˈbʌntʃˌɡræs
bunchgrasses,ˈbʌntʃˌɡræsɪz
bunchier,ˈbʌntʃiər
bunchiest,ˈbʌntʃiɪst
bunchily,ˈbʌntʃɪli
bunching,ˈbʌntʃɪŋ
bunchy,ˈbʌntʃi
buncombe,ˈbʌŋkəm
buncos,ˈbʌŋkoʊz
bundles,ˈbʌndəlz
bunged,bʌŋd
bungles,ˈbʌŋɡəlz
bunglesome,ˈbʌŋɡəlsəm
bungs,bʌŋz
bunked,bʌŋkt
bunkered,ˈbʌŋkərd
bunkers,ˈbʌŋkərz
bunkos,ˈbʌŋkoʊz
bunks,bʌŋks
buns,bʌnz
bunts,bʌnts
bunyanesque,ˌbʌnjəˈnɛsk
buoy,ˈbuːi
buoyage,ˈbuːiɪdʒ
buoyages,ˈbuːiɪdʒɪz
buoyance,ˈbuːiəns
buoyances,ˈbuːiənsɪz
buoyancies,ˈbuːiənsiz
buoyancy,ˈbuːiənsi
buoyant,ˈbuːiənt
buoyantly,ˈbuːiəntli
buoyed,ˈbuːid
buoying,ˈbuːiɪŋ
buoys,ˈbuːiz
burbles,ˈbɜːrbəlz
burdened,ˈbɜːrdənd
burdens,ˈbɜːrdənz
burdensome,ˈbɜːrdənsəm
burdensomely,ˈbɜːrdənsəmli
burdensomeness,ˈbɜːrdənsəmnəs
bureaucratises,bjuːˈrɒkrətaɪzɪz
bureaucratizes,bjuːˈrɒkrətaɪzɪz
burette,bjʊˈrɛt
burettes,bjʊˈrɛts
burgeon,ˈbɜːrdʒən
burgeoned,ˈbɜːrdʒənd
burgeoning,ˈbɜːrdʒənɪŋ
burgeons,ˈbɜːrdʒənz
burglarizes,ˈbɜːrɡləraɪzɪz
burglarproofed,ˈbɜːrɡlərˌpruːft
burglarproofs,ˈbɜːrɡlərˌpruːfs
burgles,ˈbɜːrɡəlz
burial,ˈbɛriəl
burials,ˈbɛriəlz
buried,ˈbɛrid
burier,ˈbɛriər
buriers,ˈbɛriərz
buries,ˈbɛriz
burked,bɜːrkt
burkes,bɜːrks
burled,bɜːrld
burlesque,bɜːrˈlɛsk
burlesquely,bɜːrˈlɛskli
burlesquer,bɜːrˈlɛskər
burlesquers,bɜːrˈlɛskərz
burlesques,bɜːrˈlɛsks
burls,bɜːrlz
burned,bɜːrnd
burnished,ˈbɜːrnɪʃt
burnishes,ˈbɜːrnɪʃɪz
burns,bɜːrnz
burped,bɜːrpt
burps,bɜːrps
burred,bɜːrd
burrowed,ˈbɜːroʊd
burrows,ˈbɜːroʊz
burrs,bɜːrz
bursts,bɜːrsts
bury,ˈbɛri
burying,ˈbɛriɪŋ
bused,bjuːzd
buses,ˈbʌsɪz
bushed,bʊʃt
busheled,ˈbʊʃəld
bushelled,ˈbʊʃəld
busheller,ˈbʊʃələr
bushellers,ˈbʊʃələrz
bushelling,ˈbʊʃəlɪŋ
bushels,ˈbʊʃəlz
bushes,ˈbʊʃɪz
bushwhacked,ˈbʊʃˌwækt
bushwhacks,ˈbʊʃˌwæks
busied,ˈbɪzid
busier,ˈbɪziər
busies,ˈbɪziz
busiest,ˈbɪziɪst
busily,ˈbɪzɪli
business,ˈbɪznəs
businesslike,ˈbɪznəslaɪk
businessman,ˈbɪznəsmən
businessmen,ˈbɪznəsmɪn
businesspeople,ˈbɪznəsˌpiːpəl
businessperson,ˈbɪznəsˌpɜːrsən
businesspersons,ˈbɪznəsˌpɜːrsənz
businesswoman,ˈbɪznəswʊmən
businesswomen,ˈbɪznəswʊmɪn
busked,bʌskt
buskined,ˈbʌskɪnd
busks,bʌsks
bussed,bʌst
busses,ˈbʌsɪz
bustles,ˈbʌsəlz
busts,bʌsts
busy,ˈbɪzi
busybodies,ˈbɪziˌbɒdiz
busybody,ˈbɪziˌbɒdi
busying,ˈbɪziɪŋ
busyness,ˈbɪzinəs
busywork,ˈbɪziˌwɜːrk
butchered,ˈbʊtʃərd
butchers,ˈbʊtʃərz
butles,ˈbʌtlz
buttered,ˈbʌtərd
butterfingered,ˈbʌtərˌfɪŋɡərd
butterflies,ˈbʌtərˌflaɪz
butters,ˈbʌtərz
buttondown,ˈbʌtənˌdaʊn
buttoned,ˈbʌtənd
buttonholes,ˈbʌtənˌhoʊlz
buttonhooked,ˈbʌtənˌhʊkt
buttonhooks,ˈbʌtənˌhʊks
buttons,ˈbʌtənz
buttressed,ˈbʌtrɪst
buttresses,ˈbʌtrɪsɪz
butts,bʌts
butylates,ˈbjuːtɪˌleɪts
buys,baɪz
buzzed,bʌzd
buzzes,ˈbʌzɪz
bygone,ˈbaɪˌɡɒn
bygones,ˈbaɪˌɡɒnz
bylines,ˈbaɪˌlaɪnz
bypassed,ˈbaɪˌpæst
bypasses,ˈbaɪˌpæsɪz
byrled,ˈbɜːrld
byrls,ˈbɜːrlz
bytalk,ˈbaɪˌtɔːk
cabalizes,kəˈbæləˌzaɪzɪz
caballed,kəˈbæld
cabals,kəˈbælz
cabbed,kæbd
cabbles,ˈkæblz
cabined,ˈkæbɪnd
cabins,ˈkæbɪnz
cables,ˈkeɪblz
caboched,kəˈboʊtʃt
cabochon,ˈkæbəˌʃɒn
cabochons,ˈkæbəˌʃɒnz
cabriolet,ˌkæbriəˈleɪ
cabriolets,ˌkæbriəˈleɪz
cabs,kæbz
cachalot,ˈkæʃəˌlɒt
cachalots,ˈkæʃəˌlɒts
cache,kæʃ
cached,kæʃt
cachepot,ˈkæʃˌpɒt
cachepots,ˈkæʃˌpɒts
caches,ˈkæʃɪz
cachet,kæˈʃeɪ
cacheted,kæˈʃeɪɪd
cacheting,kæˈʃeɪɪŋ
cachets,kæˈʃeɪz
caching,ˈkæʃɪŋ
cachinnates,ˈkækɪˌneɪts
cacholong,ˈkækəˌlɒŋ
cacholongs,ˈkækəˌlɒŋz
cachou,kəˈʃuː
cachous,kəˈʃuːz
cachucha,kəˈtʃuːtʃə
cachuchas,kəˈtʃuːtʃəz
cacique,kəˈsiːk
caciques,kəˈsiːks
caciquism,kəˈsiːkɪzəm
cackles,ˈkæklz
cacuminates,kəˈkjuːmɪˌneɪts
caddies,ˈkædiz
cadette,kəˈdɛt
cadettes,kəˈdɛts
cadges,ˈkædʒɪz
caducibranchiate,kəˌdjuːsɪˈbræŋkieɪt
caducibranchiates,kəˌdjuːsɪˈbræŋkieɪts
caecilian,sɪˈsɪliən
caecilians,sɪˈsɪliənz
caenogenesis,ˌsiːnoʊˈdʒɛnəsɪs
caeoma,siːˈoʊmə
caeomas,siːˈoʊməz
caesious,ˈsiːziəs
caesuric,sɪˈzjʊrɪk
cafe,ˈkæfeɪ
cafes,ˈkæfeɪz
caffeinates,ˈkæfɪˌneɪts
cages,ˈkeɪdʒɪz
cahier,kɑːˈjeɪ
cahiers,kɑːˈjeɪz
cahow,kəˈhaʊ
cahows,kəˈhaʊz
caique,kɑːˈiːk
caiques,kɑːˈiːks
cairned,kɛrnd
cajoles,kəˈdʒoʊlz
cakes,keɪks
cakewalk,ˈkeɪkˌwɔːk
cakewalked,ˈkeɪkˌwɔːkt
cakewalker,ˈkeɪkˌwɔːkər
cakewalkers,ˈkeɪkˌwɔːkərz
cakewalking,ˈkeɪkˌwɔːkɪŋ
cakewalks,ˈkeɪkˌwɔːks
calambour,ˈkæləmˌbʊr
calamines,ˈkæləˌmaɪnz
calamistrates,kəˈlæmɪˌstreɪts
calcifies,ˈkælsɪˌfaɪz
calcinates,ˈkælsɪˌneɪts
calcines,ˈkælsɪnz
calcitrates,ˈkælsɪˌtreɪts
calculates,ˈkælkjʊˌleɪts
calculative,ˈkælkjʊlətɪv
caleche,kəˈlɛʃ
caleches,kəˈlɛʃɪz
calefactive,kæləˈfæktɪv
calefies,ˈkæləˌfaɪz
calembour,ˈkæləmˌbʊr
calembours,ˈkæləmˌbʊrz
calendared,ˈkælɪndərd
calendars,ˈkælɪndərz
calendered,ˈkælɪndərd
calenders,ˈkælɪndərz
calf,kæf
calflike,ˈkæfˌlaɪk
calfs,kæfs
calfskin,ˈkæfˌskɪn
calfskins,ˈkæfˌskɪnz
calibered,ˈkælɪbərd
calibrates,ˈkælɪˌbreɪts
caliche,kəˈliːtʃi
caliches,kəˈliːtʃiz
caliculate,kəˈlɪkjʊleɪt
calipered,ˈkælɪpərd
calk,kɔːk
calked,kɔːkt
calker,ˈkɔːkər
calkers,ˈkɔːkərz
calking,ˈkɔːkɪŋ
calks,kɔːks
called,kɔːld
callipered,ˈkælɪpərd
calloused,ˈkæləst
callouses,ˈkæləsɪz
calls,kɔːlz
callused,ˈkæləst
calluses,ˈkæləsɪz
calm,kɑːm
calmative,ˈkælmətɪv
calmatives,ˈkælmətɪvz
calmed,kɑːmd
calmer,ˈkɑːmər
calmest,ˈkɑːmɪst
calming,ˈkɑːmɪŋ
calmly,ˈkɑːmli
calmness,ˈkɑːmnəs
calms,kɑːmz
calmy,ˈkɑːmi
calorizes,ˈkæləˌraɪzɪz
calque,kælk
calqued,kælkt
calques,kælks
calquing,ˈkælkɪŋ
calumniates,kəˈlʌmniˌeɪts
calve,kæv
calved,kævd
calves,kævz
calving,ˈkævɪŋ
camailed,kəˈmeɪld
cambered,ˈkæmbərd
cambers,ˈkæmbərz
cameos,ˈkæmioʊz
camerawomen,ˈkæmərəˌwɪmɪn
camouflage,ˈkæməˌflɑːʒ
camouflageable,ˈkæməˌflɑːʒəbl
camouflaged,ˈkæməˌflɑːʒd
camouflages,ˈkæməˌflɑːʒɪz
camouflagic,ˌkæməˈflɑːdʒɪk
camouflaging,ˈkæməˌflɑːʒɪŋ
campaigned,kæmˈpeɪnd
campaigns,kæmˈpeɪnz
campanulate,kæmˈpænjʊleɪt
camped,kæmpt
camphorates,ˈkæmfəˌreɪts
camps,kæmps
campused,ˈkæmpəst
campuses,ˈkæmpəsɪz
canaled,kəˈnæld
canaling,kəˈnælɪŋ
canalises,ˈkænəlaɪzɪz
canalizes,ˈkænəlaɪzɪz
canalled,kəˈnæld
canals,kəˈnælz
canape,ˈkænəˌpeɪ
canapes,ˈkænəˌpeɪz
canceled,ˈkænsəld
cancellation,ˌkænsəˈleɪʃən
cancellations,ˌkænsəˈleɪʃənz
cancelled,ˈkænsəld
canceller,ˈkænsələr
cancellers,ˈkænsələrz
cancelling,ˈkænsəlɪŋ
cancels,ˈkænsəlz
cancha,ˈkæntʃə
canchas,ˈkæntʃəz
candies,ˈkændiz
candlelight,ˈkændlˌlaɪt
candlelighted,ˈkændlˌlaɪtɪd
candlelighter,ˈkændlˌlaɪtər
candlelighters,ˈkændlˌlaɪtərz
candlelights,ˈkændlˌlaɪts
candlepower,ˈkændlˌpaʊər
candlepowers,ˈkændlˌpaʊərz
candles,ˈkændlz
canes,keɪnz
cangue,kæŋ
cangues,kæŋz
cankered,ˈkæŋkərd
cankers,ˈkæŋkərz
canned,kænd
cannibalises,ˈkænɪbəlaɪzɪz
cannibalizes,ˈkænɪbəlaɪzɪz
cannonades,ˌkænəˈneɪdz
cannonballed,ˈkænənˌbɔːld
cannonballs,ˈkænənˌbɔːlz
cannoned,ˈkænənd
cannons,ˈkænənz
canoe,kəˈnuː
canoeable,kəˈnuːəbl
canoed,kəˈnuːd
canoeing,kəˈnuːɪŋ
canoeist,kəˈnuːɪst
canoeists,kəˈnuːɪsts
canoes,kəˈnuːz
canonises,ˈkænənaɪzɪz
canonizes,ˈkænənaɪzɪz
canoodles,kəˈnuːdəlz
canopies,ˈkænəpiz
cans,kænz
cantered,ˈkæntərd
canters,ˈkæntərz
cantilevered,ˈkæntɪˌliːvərd
cantilevers,ˈkæntɪˌliːvərdz
cantillates,ˈkæntɪˌleɪts
cantoned,ˈkæntənd
cantons,ˈkæntənz
cants,kænts
canulates,ˈkænjʊˌleɪts
canvased,ˈkænvəst
canvases,ˈkænvəsɪz
canvassed,ˈkænvəst
canvasses,ˈkænvəsɪz
capacitates,kəˈpæsɪˌteɪts
capacitive,kəˈpæsɪtɪv
capacitively,kəˈpæsɪtɪvli
caparisoned,kəˈpærɪsənd
caparisons,kəˈpærɪsənz
capered,ˈkeɪpərd
capers,ˈkeɪpərz
capitalises,ˈkæpɪtəlaɪzɪz
capitalizes,ˈkæpɪtəlaɪzɪz
capitates,ˈkæpɪˌteɪts
capitulates,kəˈpɪtʃʊˌleɪts
caponises,ˈkeɪpənaɪzɪz
caponizes,ˈkeɪpənaɪzɪz
capouch,kəˈpuːtʃ
capouches,kəˈpuːtʃɪz
capped,kæpt
caprifies,ˈkæprɪˌfaɪz
caprioled,ˈkæpriˌoʊld
caprioles,ˈkæpriˌoʊlz
caps,kæps
capsizes,ˈkæpˌsaɪzɪz
capsulates,ˈkæpsjʊˌleɪts
capsules,ˈkæpsjʊlz
capsulises,ˈkæpsjʊlaɪzɪz
capsulizes,ˈkæpsjʊlaɪzɪz
captained,ˈkæptɪnd
captains,ˈkæptɪnz
captioned,ˈkæpʃənd
captions,ˈkæpʃənz
captivates,ˈkæptɪˌveɪts
captive,ˈkæptɪv
captives,ˈkæptɪvz
captures,ˈkæptʃərz
capuche,kəˈpuːtʃ
capuched,kəˈpuːtʃt
capuches,kəˈpuːtʃɪz
capuchin,ˈkæpʊtʃɪn
capuchins,ˈkæpʊtʃɪnz
carabined,kəˈræbɪnd
carabines,kəˈræbɪnz
carabins,kəˈræbɪnz
caracoles,ˈkærəˌkoʊlz
caracolled,ˈkærəˌkɒld
caracolling,ˈkærəˌkɒlɪŋ
caracols,ˈkærəˌkoʊlz
caramelises,ˈkærəməlaɪzɪz
caramelizes,ˈkærəməlaɪzɪz
caravaned,ˈkærəˌvænd
caravanned,ˈkærəˌvænd
caravanner,ˈkærəˌvænər
caravanners,ˈkærəˌvænərz
caravanning,ˈkærəˌvænɪŋ
caravans,ˈkærəˌvændz
carbonadoes,ˌkɑːrbəˈneɪdoʊz
carbonados,ˌkɑːrbəˈneɪdoʊz
carbonates,ˈkɑːrbəˌneɪts
carbonises,ˈkɑːrbənaɪzɪz
carbonizes,ˈkɑːrbənaɪzɪz
carbonylates,ˌkɑːrbəˈnɪləˌteɪts
carboxylates,kɑːrˈbɒksɪleɪts
carboyed,ˈkɑːrbɔɪd
carboys,ˈkɑːrbɔɪz
carburets,ˈkɑːrbjʊrɪts
carburises,ˈkɑːrbjʊraɪzɪz
carburizes,ˈkɑːrbjʊraɪzɪz
carcajou,ˈkɑːrkəˌdʒuː
carcajous,ˈkɑːrkəˌdʒuːz
cards,kɑːrdz
careened,kəˈriːnd
careens,kəˈriːnz
careered,kəˈrɪrd
careers,kəˈrɪrz
cares,kɛrz
caressed,kəˈrɛst
caresses,kəˈrɛsɪz
caressive,kəˈrɛsɪv
caressively,kəˈrɛsɪvli
caretakes,ˈkɛərˌteɪks
caribou,ˈkærɪˌbuː
caribous,ˈkærɪˌbuːz
caricatures,ˈkærɪkəˌtʃʊərz
carillonned,ˈkærɪˌlɒnd
carillons,ˈkærɪˌlɒnz
carjacked,ˈkɑːrˌdʒækt
carjacks,ˈkɑːrˌdʒæks
carked,kɑːrkt
carks,kɑːrks
carminative,kɑːrˈmɪnətɪv
carminatives,kɑːrˈmɪnətɪvz
carnifies,ˈkɑːrnɪˌfaɪz
caroach,kəˈroʊtʃ
caroaches,kəˈroʊtʃɪz
caroche,kəˈroʊtʃ
caroches,kəˈroʊtʃɪz
caroled,ˈkærəld
carolled,ˈkærəld
caroller,ˈkærələr
carollers,ˈkærələrz
carolling,ˈkærəlɪŋ
carols,ˈkærəlz
caromed,ˈkærəmd
caroms,ˈkærəmz
carouses,kəˈraʊzɪz
carped,kɑːrpt
carpentered,ˈkɑːrpɪntərd
carpenters,ˈkɑːrpɪntərz
carpetbags,ˈkɑːrpɪtˌbæɡz
carpets,ˈkɑːrpɪts
carpooled,ˈkɑːrˌpuːld
carpools,ˈkɑːrˌpuːlz
carps,kɑːrps
carrefour,ˈkɑːrəˌfʊər
carrefours,ˈkɑːrəˌfʊərz
carries,ˈkæriz
carromed,ˈkærəmd
carroms,ˈkærəmz
cartelises,ˈkɑːrtəlaɪzɪz
cartelizes,ˈkɑːrtəlaɪzɪz
cartoned,ˈkɑːrtənd
cartons,ˈkɑːrtənz
cartooned,kɑːrˈtuːnd
cartoons,kɑːrˈtuːnz
cartouch,kɑːrˈtuːtʃ
cartouche,kɑːrˈtuːʃ
cartouches,kɑːrˈtuːʃɪz
carts,kɑːrts
cartwheeled,ˈkɑːrtˌwiːld
cartwheels,ˈkɑːrtˌwiːlz
cartwright,ˈkɑːrtˌraɪt
cartwrights,ˈkɑːrtˌraɪts
carve,kɑːrv
carved,kɑːrvd
carves,kɑːrvz
cascades,kæˈskeɪdz
caseates,ˈkeɪsieɪts
casebearer,ˈkeɪsˌbɛrər
casebearers,ˈkeɪsˌbɛrərz
casefies,ˈkeɪsɪˌfaɪz
caseinates,ˈkeɪsɪneɪts
cases,ˈkeɪsɪz
casette,kəˈsɛt
casettes,kəˈsɛts
cashed,kæʃt
cashes,ˈkæʃɪz
cashiered,kæˈʃɪrd
cashiers,kæˈʃɪrz
casked,kæskt
caskets,ˈkæskɪts
casks,kæsks
casque,kæsk
casqued,kæskt
casques,kæsks
cassette,kəˈsɛt
cassettes,kəˈsɛts
cassolette,ˌkæsəˈlɛt
cassolettes,ˌkæsəˈlɛts
cassoulet,ˌkæsuˈleɪ
cassoulets,ˌkæsuˈleɪz
castigates,ˈkæstɪˌɡeɪts
castles,ˈkæsəlz
castrates,ˈkæstreɪts
casts,kæsts
catabolises,kəˈtæbəlaɪzɪz
catabolizes,kəˈtæbəlaɪzɪz
catacomb,ˈkætəˌkoʊm
catacombs,ˈkætəˌkoʊmz
catafalque,ˈkætəˌfælk
catafalques,ˈkætəˌfælks
cataloged,ˈkætəˌlɒɡd
catalogs,ˈkætəˌlɒɡz
catalogued,ˈkætəˌlɒɡd
catalogues,ˈkætəˌlɒɡz
catalyses,ˈkætəlaɪzɪz
catalyzes,ˈkætəlaɪzɪz
catapults,ˈkætəˌpʌlts
catcalled,ˈkætˌkɔːld
catcalls,ˈkætˌkɔːlz
catches,ˈkætʃɪz
catchweight,ˈkætʃˌweɪt
catechises,ˈkætɪkɪzɪz
catechizes,ˈkætɪkɪzɪz
catechu,ˈkætɪˌtʃuː
catechumenate,ˌkætɪkjuːˈmɛneɪt
catechumenates,ˌkætɪkjuːˈmɛneɪts
catechus,ˈkætɪˌtʃuːz
categorises,ˈkætɪɡəraɪzɪz
categorizes,ˈkætɪɡəraɪzɪz
catenates,ˈkætɪˌneɪts
catercornered,ˈkeɪtərˌkɔːrnərd
catered,ˈkeɪtərd
caters,ˈkeɪtərz
caterwauled,ˈkætərˌwɔːld
caterwauls,ˈkætərˌwɔːlz
catfight,ˈkætˌfaɪt
catfights,ˈkætˌfaɪts
catfished,ˈkætˌfɪʃt
catfishes,ˈkætˌfɪʃɪz
cathead,ˈkætˌhɛd
catheads,ˈkætˌhɛdz
cathects,kəˈθɛkts
catheterises,ˈkæθɪtəraɪzɪz
catheterizes,ˈkæθɪtəraɪzɪz
catholicises,ˈkæθlɪsaɪzɪz
catholicizes,ˈkæθlɪsaɪzɪz
catnapped,ˈkætˌnæpt
catnaps,ˈkætˌnæps
cats,kæts
catwalk,ˈkætˌwɔːk
catwalks,ˈkætˌwɔːks
caucused,ˈkɔːkəst
caucuses,ˈkɔːkəsɪz
caucussed,ˈkɔːkəst
caucusses,ˈkɔːkəsɪz
caucussing,ˈkɔːkəsɪŋ
caught,kɔːt
caulk,kɔːk
caulked,kɔːkt
caulker,ˈkɔːkər
caulkers,ˈkɔːkərz
caulking,ˈkɔːkɪŋ
caulks,kɔːks
causative,ˈkɔːzətɪv
causatively,ˈkɔːzətɪvli
causes,ˈkɔːzɪz
cauterises,ˈkɔːtəraɪzɪz
cauterizes,ˈkɔːtəraɪzɪz
cautioned,ˈkɔːʃənd
cautions,ˈkɔːʃənz
cavaliered,ˌkævəˈlɪrd
cavaliers,ˌkævəˈlɪrz
caverned,ˈkævərnd
caverns,ˈkævərnz
caves,keɪvz
caviled,ˈkævɪld
cavilled,ˈkævɪld
cavilling,ˈkævɪlɪŋ
cavils,ˈkævɪlz
cavitates,ˈkævɪˌteɪts
cavorts,kəˈvɔːrts
cawed,kɔːd
caws,kɔːz
cazique,kəˈsiːk
caziques,kəˈsiːks
ceases,ˈsiːsɪz
cedes,siːdz
ceil,siːl
ceiled,siːld
ceiler,ˈsiːlər
ceilers,ˈsiːlərz
ceiling,ˈsiːlɪŋ
ceilinged,ˈsiːlɪŋd
ceilings,ˈsiːlɪŋz
ceilometer,siˈɒmɪtər
ceilometers,siˈɒmɪtərz
ceils,siːlz
celebrates,ˈsɛlɪˌbreɪts
celibate,ˈsɛlɪbət
celibates,ˈsɛlɪbəts
cellared,ˈsɛlərd
cellarette,ˌsɛləˈrɛt
cellarettes,ˌsɛləˈrɛts
cellars,ˈsɛlərz
celled,sɛld
cements,sɪˈmɛnts
censes,ˈsɛnsɪz
censored,ˈsɛnsərd
censors,ˈsɛnsərz
censures,ˈsɛnʃərz
censused,ˈsɛnsəst
censuses,ˈsɛnsəsɪz
centered,ˈsɛntərd
centeredness,ˈsɛntərdnəs
centers,ˈsɛntərz
centralises,ˈsɛntrəlaɪzɪz
centralizes,ˈsɛntrəlaɪzɪz
centred,ˈsɛntərd
centres,ˈsɛntərz
centrifuges,ˈsɛntrɪˌfjuːdʒɪz
centrings,ˈsɛntrɪŋz
centuples,ˈsɛntjʊpəlz
centuplicate,sɛnˈtjuːplɪkeɪt
centuplicates,sɛnˈtjuːplɪkeɪts,(verb),or,sɛnˈtjuːplɪkəts,(noun)
cerebrates,ˈsɛrɪˌbreɪts
ceres,ˈsɪəriːz
certain,ˈsɜːrtən
certainer,ˈsɜːrtənər
certainest,ˈsɜːrtənɪst
certainly,ˈsɜːrtənli
certainties,ˈsɜːrtəntiz
certainty,ˈsɜːrtənti
certificate,sərˈtɪfɪkət
certificates,sərˈtɪfɪkeɪts,(verb),or,sərˈtɪfɪkəts,(noun)
certifies,ˈsɜːrtɪˌfaɪz
cessed,sɛst
cesses,ˈsɛsɪz
cha,tʃɑː
chabouk,tʃəˈbuːk
chabouks,tʃəˈbuːks
chabuk,tʃəˈbuːk
chabuks,tʃəˈbuːks
chachka,ˈtʃɑːtʃkə
chachkas,ˈtʃɑːtʃkəz
chachke,ˈtʃɑːtʃkə
chachkes,ˈtʃɑːtʃkəz
chacma,ˈtʃækmə
chacmas,ˈtʃækməz
chaconne,ʃəˈkɒn
chaconnes,ʃəˈkɒnz
chad,tʃæd
chadar,ˈtʃɑːdɑːr
chadars,ˈtʃɑːdɑːrz
chadian,ˈtʃeɪdiən
chadians,ˈtʃeɪdiənz
chadless,ˈtʃædləs
chador,ˈtʃɑːdɔːr
chadors,ˈtʃɑːdɔːrz
chadri,ˈtʃɑːdri
chads,tʃædz
chafe,tʃeɪf
chafed,tʃeɪft
chafer,ˈtʃeɪfər
chafers,ˈtʃeɪfərz
chafes,ˈtʃeɪfɪz
chaff,tʃæf
chaffed,tʃæft
chaffer,ˈtʃæfər
chaffered,ˈtʃæfərd
chafferer,ˈtʃæfərər
chafferers,ˈtʃæfərər
chaffering,ˈtʃæfərɪŋ
chaffers,ˈtʃæfərz
chaffier,ˈtʃæfiər
chaffiest,ˈtʃæfiɪst
chaffinch,ˈtʃæfɪntʃ
chaffinches,ˈtʃæfɪntʃɪz
chaffing,ˈtʃæfɪŋ
chaffs,tʃæfs
chaffy,ˈtʃæfi
chafing,ˈtʃeɪfɪŋ
chagrin,ʃəˈɡrɪn
chagrined,ʃəˈɡrɪnd
chagrining,ʃəˈɡrɪnɪŋ
chagrinned,ʃəˈɡrɪnd
chagrinning,ʃəˈɡrɪnɪŋ
chagrins,ʃəˈɡrɪnz
chain,tʃeɪn
chaine,tʃeɪn
chained,tʃeɪnd
chaines,tʃeɪnz
chaining,ˈtʃeɪnɪŋ
chainman,ˈtʃeɪnmən
chainmen,ˈtʃeɪnmɪn
chains,tʃeɪnz
chainsaw,ˈtʃeɪnˌsɔː
chainsawed,ˈtʃeɪnˌsɔːd
chainsawing,ˈtʃeɪnˌsɔːɪŋ
chainsaws,ˈtʃeɪnˌsɔːz
chainwheel,ˈtʃeɪnˌwiːl
chainwheels,ˈtʃeɪnˌwiːlz
chair,tʃɛr
chaired,tʃɛrd
chairing,ˈtʃɛrɪŋ
chairlift,ˈtʃɛrˌlɪft
chairlifts,ˈtʃɛrˌlɪfts
chairman,ˈtʃɛrmən
chairmaned,ˈtʃɛrmənd
chairmaning,ˈtʃɛrmənɪŋ
chairmanned,ˈtʃɛrmənd
chairmanning,ˈtʃɛrmənɪŋ
chairmans,ˈtʃɛrmənz
chairmanship,ˈtʃɛrmənˌʃɪp
chairmanships,ˈtʃɛrmənˌʃɪps
chairmen,ˈtʃɛrmɪn
chairperson,ˈtʃɛrˌpɜːrsən
chairpersons,ˈtʃɛrˌpɜːrsənz
chairs,tʃɛrz
chairwoman,ˈtʃɛrˌwʊmən
chairwomen,ˈtʃɛrˌwʊmɪn
chaise,ʃeɪz
chaises,ˈʃeɪzɪz
chakra,ˈtʃɑːkrə
chakras,ˈtʃɑːkrəz
chalder,ˈtʃældər
chalders,ˈtʃældərz
chaldron,ˈtʃɔːldrən
chaldrons,ˈtʃɔːldrənz
chalice,ˈtʃælɪs
chaliced,ˈtʃælɪst
chalices,ˈtʃælɪsɪz
chalk,tʃɔːk
chalkboard,ˈtʃɔːkˌbɔːrd
chalkboards,ˈtʃɔːkˌbɔːrdz
chalked,tʃɔːkt
chalkier,ˈtʃɔːkiər
chalkiest,ˈtʃɔːkiɪst
chalking,ˈtʃɔːkɪŋ
chalks,tʃɔːks
chalky,ˈtʃɔːki
challenge,ˈtʃælɪndʒ
challengeable,ˈtʃælɪndʒəbl
challenged,ˈtʃælɪndʒd
challenger,ˈtʃælɪndʒər
challengers,ˈtʃælɪndʒərz
challenges,ˈtʃælɪndʒɪz
challenging,ˈtʃælɪndʒɪŋ
challengingly,ˈtʃælɪndʒɪŋli
challis,ˈʃæli
challises,ˈʃæliz
chamade,ʃəˈmɑːd
chamades,ʃəˈmɑːdz
chamber,ˈtʃeɪmbər
chambered,ˈtʃeɪmbərd
chambering,ˈtʃeɪmbərɪŋ
chamberlain,ˈtʃeɪmbərlɪn
chamberlains,ˈtʃeɪmbərlɪnz
chambermaid,ˈtʃeɪmbərˌmeɪd
chambermaids,ˈtʃeɪmbərˌmeɪdz
chamberpot,ˈtʃeɪmbərˌpɒt
chamberpots,ˈtʃeɪmbərˌpɒts
chambers,ˈtʃeɪmbərz
chambray,ˈʃæmbreɪ
chambrays,ˈʃæmbreɪz
chamfer,ˈtʃæmfər
chamfered,ˈtʃæmfərd
chamfering,ˈtʃæmfərɪŋ
chamferings,ˈtʃæmfərɪŋz
chamfers,ˈtʃæmfərz
chamfron,ˈtʃæmfrən
chamfrons,ˈtʃæmfrənz
chamise,ʃəˈmiːs
chamises,ʃəˈmiːsɪz
chamiso,ʃəˈmiːsoʊ
chamisos,ʃəˈmiːsoʊz
chamoises,ˈʃæmwiz
champ,tʃæmp
champac,ˈtʃæmpæk
champacs,ˈtʃæmpæks
champagne,ʃæmˈpeɪn
champagnes,ʃæmˈpeɪnz
champaign,ʃæmˈpeɪn
champaigns,ʃæmˈpeɪnz
champak,ˈtʃæmpæk
champaks,ˈtʃæmpæks
champed,tʃæmpt
champer,ˈtʃæmpər
champers,ˈtʃæmpərz
champerties,ʃæmˈpɜːrtiz
champertous,ʃæmˈpɜːrtəs
champerty,ʃæmˈpɜːrti
champignon,ʃæmˈpɪnjɒn
champignons,ʃæmˈpɪnjɒnz
champing,ˈtʃæmpɪŋ
champion,ˈtʃæmpiən
championed,ˈtʃæmpiənd
championing,ˈtʃæmpiənɪŋ
champions,ˈtʃæmpiənz
championship,ˈtʃæmpiənˌʃɪp
championships,ˈtʃæmpiənˌʃɪps
champleve,ʃæmpləˈveɪ
champs,tʃæmps
champy,ˈtʃæmpi
chance,tʃæns
chanced,tʃænst
chanceful,ˈtʃænsfəl
chancel,ˈtʃænsəl
chancelleries,ˈtʃænsəlriz
chancellery,ˈtʃænsəlri
chancellor,ˈtʃænsələr
chancellories,ˈtʃænsəlriz
chancellors,ˈtʃænsələrz
chancellorship,ˈtʃænsələrˌʃɪp
chancellorships,ˈtʃænsələrˌʃɪps
chancellory,ˈtʃænsəlri
chancels,ˈtʃænsəlz
chanceries,ˈtʃænsəriz
chancery,ˈtʃænsəri
chances,ˈtʃænsɪz
chancier,ˈtʃænsiər
chanciest,ˈtʃænsiɪst
chancily,ˈtʃænsɪli
chanciness,ˈtʃænsinəs
chancing,ˈtʃænsɪŋ
chancre,ˈʃæŋkər
chancres,ˈʃæŋkərz
chancroid,ˈtʃæŋkrɔɪd
chancroidal,tʃæŋˈkrɔɪdəl
chancroids,ˈtʃæŋkrɔɪdz
chancrous,ˈʃæŋkrəs
chancy,ˈtʃænsi
chandelier,ˌʃændəˈlɪər
chandeliered,ˌʃændəˈlɪərd
chandeliers,ˌʃændəˈlɪərz
chandelle,ʃænˈdɛl
chandelled,ʃænˈdɛld
chandelles,ʃænˈdɛlz
chandelling,ʃænˈdɛlɪŋ
chandler,ˈtʃændlər
chandleries,ˈtʃændləriz
chandlers,ˈtʃændlərz
chandlery,ˈtʃændləri
chanfron,ˈtʃænfrən
chanfrons,ˈtʃænfrənz
change,tʃeɪndʒ
changeabilities,ˌtʃeɪndʒəˈbɪlɪtiz
changeability,ˌtʃeɪndʒəˈbɪlɪti
changeable,ˈtʃeɪndʒəbl
changeableness,ˈtʃeɪndʒəblnəs
changeably,ˈtʃeɪndʒəbli
changed,tʃeɪndʒd
changeful,ˈtʃeɪndʒfəl
changefully,ˈtʃeɪndʒfəli
changefulness,ˈtʃeɪndʒfəlnəs
changeless,ˈtʃeɪndʒləs
changelessly,ˈtʃeɪndʒləsli
changelessness,ˈtʃeɪndʒləsnəs
changeling,ˈtʃeɪndʒlɪŋ
changelings,ˈtʃeɪndʒlɪŋz
changeover,ˈtʃeɪndʒˌoʊvər
changeovers,ˈtʃeɪndʒˌoʊvərz
changer,ˈtʃeɪndʒər
changers,ˈtʃeɪndʒərz
changes,ˈtʃeɪndʒɪz
changeup,ˈtʃeɪndʒˌʌp
changeups,ˈtʃeɪndʒˌʌps
changing,ˈtʃeɪndʒɪŋ
chank,tʃæŋk
chanks,tʃæŋks
channel,ˈtʃænəl
channeled,ˈtʃænəld
channeler,ˈtʃænələr
channelers,ˈtʃænələrz
channeling,ˈtʃænəlɪŋ
channelisation,ˌtʃænəlaɪˈzeɪʃən
channelisations,ˌtʃænəlaɪˈzeɪʃənz
channelise,ˈtʃænəlaɪz
channelised,ˈtʃænəlaɪzd
channelises,ˈtʃænəlaɪzɪz
channelising,ˈtʃænəlaɪzɪŋ
channelization,ˌtʃænəlaɪˈzeɪʃən
channelizations,ˌtʃænəlaɪˈzeɪʃənz
channelize,ˈtʃænəlaɪz
channelized,ˈtʃænəlaɪzd
channelizes,ˈtʃænəlaɪzɪz
channelizing,ˈtʃænəlaɪzɪŋ
channelled,ˈtʃænəld
channeller,ˈtʃænələr
channellers,ˈtʃænələrz
channelling,ˈtʃænəlɪŋ
channels,ˈtʃænəlz
chanson,ˈʃænsɒn
chansonnette,ˌʃɑːsəˈnɛt
chansonnettes,ˌʃɑːsəˈnɛts
chansonnier,ˌʃænsɒˈnieɪ
chansonniers,ˌʃænsɒˈnieɪz
chansons,ˈʃænsɒnz
chant,tʃænt
chantage,ˈʃɑːntɪdʒ
chantages,ˈʃɑːntɪdʒɪz
chantarelle,ˌʃæntəˈrɛl
chantarelles,ˌʃæntəˈrɛlz
chanted,ˈtʃæntɪd
chanter,ˈtʃæntər
chanterelle,ˌʃæntəˈrɛl
chanterelles,ˌʃæntəˈrɛlz
chanters,ˈtʃæntərz
chanteur,ʃɑːnˈtɜːr
chanteurs,ʃɑːnˈtɜːrz
chanteuse,ʃɑːnˈtuːz
chanteuses,ʃɑːnˈtuːzɪz
chantey,ˈtʃænti
chanteys,ˈtʃæntiz
chanticleer,ˈtʃæntɪˌklɪər
chanticleers,ˈtʃæntɪˌklɪərz
chanties,ˈtʃæntiz
chanting,ˈtʃæntɪŋ
chantor,ˈtʃæntər
chantors,ˈtʃæntərz
chantries,ˈtʃæntriz
chantry,ˈtʃæntri
chants,tʃænts
chanty,ˈtʃænti
chap,tʃæp
chaparral,ˌʃæpəˈræl
chaparrals,ˌʃæpəˈrælz
chapati,tʃəˈpɑːti
chapatis,tʃəˈpɑːtiz
chapatti,tʃəˈpɑːti
chapattis,tʃəˈpɑːtiz
chapbook,ˈtʃæpˌbʊk
chapbooks,ˈtʃæpˌbʊks
chape,tʃeɪp
chapeau,ʃæˈpoʊ
chapeaus,ʃæˈpoʊz
chapeaux,ʃæˈpoʊz
chapel,ˈtʃæpəl
chapels,ˈtʃæpəlz
chaperon,ˈʃæpəroʊ
chaperonage,ˈʃæpəroʊɪdʒ
chaperonages,ˈʃæpəroʊɪdʒɪz
chaperone,ˈʃæpəroʊ
chaperoned,ˈʃæpəroʊd
chaperones,ˈʃæpəroʊz
chaperoning,ˈʃæpəroʊɪŋ
chaperons,ˈʃæpəroʊz
chapes,tʃeɪps
chapfallen,ˈtʃæpˌfɔːlən
chapiter,ˈtʃæpɪtər
chapiters,ˈtʃæpɪtərz
chaplain,ˈtʃæplɪn
chaplaincies,ˈtʃæplɪnsiz
chaplaincy,ˈtʃæplɪnsi
chaplains,ˈtʃæplɪnz
chaplet,ˈtʃæplɪt
chapleted,ˈtʃæplɪtɪd
chaplets,ˈtʃæplɪts
chapman,ˈtʃæpmən
chapmen,ˈtʃæpmɪn
chappati,tʃəˈpɑːti
chappatis,tʃəˈpɑːtiz
chapped,tʃæpt
chapping,ˈtʃæpɪŋ
chappy,ˈtʃæpi
chaps,tʃæps
chapt,tʃæpt
chapter,ˈtʃæptər
chaptered,ˈtʃæptərd
chaptering,ˈtʃæptərɪŋ
chapters,ˈtʃæptərz
char,tʃɑːr
charabanc,ˈtʃærəˌbæŋk
charabancs,ˈtʃærəˌbæŋks
charactered,ˈkærɪktərd
characterises,ˈkærɪktəraɪzɪz
characterizes,ˈkærɪktəraɪzɪz
charade,ʃəˈreɪd
charades,ʃəˈreɪdz
charas,ˈtʃɑːrəz
charbroil,ˈtʃɑːrˌbrɔɪl
charbroiled,ˈtʃɑːrˌbrɔɪld
charbroiler,ˈtʃɑːrˌbrɔɪlər
charbroilers,ˈtʃɑːrˌbrɔɪlərz
charbroiling,ˈtʃɑːrˌbrɔɪlɪŋ
charbroils,ˈtʃɑːrˌbrɔɪlz
charcoal,ˈtʃɑːrˌkoʊl
charcoaled,ˈtʃɑːrˌkoʊld
charcoaling,ˈtʃɑːrˌkoʊlɪŋ
charcoals,ˈtʃɑːrˌkoʊlz
charcuterie,ʃɑːrˈkuːtəri
charcuteries,ʃɑːrˈkuːtəriz
chard,tʃɑːrd
chardonnay,ˈʃɑːrdəˌneɪ
chardonnays,ˈʃɑːrdəˌneɪz
chards,tʃɑːrdz
chare,tʃɛr
chared,tʃɛrd
chares,tʃɛrz
charge,tʃɑːrdʒ
chargeable,ˈtʃɑːrdʒəbl
chargeback,ˈtʃɑːrdʒˌbæk
chargebacks,ˈtʃɑːrdʒˌbæks
charged,tʃɑːrdʒd
chargehand,ˈtʃɑːrdʒˌhænd
chargehands,ˈtʃɑːrdʒˌhændz
charger,ˈtʃɑːrdʒər
chargers,ˈtʃɑːrdʒərz
charges,ˈtʃɑːrdʒɪz
charging,ˈtʃɑːrdʒɪŋ
charier,ˈtʃɛriər
chariest,ˈtʃɛriɪst
charily,ˈtʃɛrɪli
chariness,ˈtʃɛrinəs
charing,ˈtʃɛrɪŋ
chariot,ˈtʃæriət
charioted,ˈtʃæriətɪd
charioteer,ˌtʃæriəˈtɪər
charioteers,ˌtʃæriəˈtɪərz
charioting,ˈtʃæriətɪŋ
chariots,ˈtʃæriəts
charitable,ˈtʃærɪtəbl
charitableness,ˈtʃærɪtəblnəs
charitably,ˈtʃærɪtəbli
charities,ˈtʃærɪtiz
charity,ˈtʃærɪti
charivari,ˌʃɑːrɪˈvɑːri
charivaris,ˌʃɑːrɪˈvɑːriz
chark,tʃɑːrk
charka,ˈtʃɑːrkə
charkas,ˈtʃɑːrkəz
charked,tʃɑːrkt
charkha,ˈtʃɑːrkə
charkhas,ˈtʃɑːrkəz
charking,ˈtʃɑːrkɪŋ
charks,tʃɑːrks
charladies,ˈʃɑːrˌleɪdiz
charlady,ˈʃɑːrˌleɪdi
charlatan,ˈʃɑːrlətən
charlatanism,ˈʃɑːrlətənɪzəm
charlatanisms,ˈʃɑːrlətənɪzəmz
charlatanries,ˈʃɑːrlətənriz
charlatanry,ˈʃɑːrlətənri
charlatans,ˈʃɑːrlətənz
charley,ˈtʃɑːrli
charleys,ˈtʃɑːrliz
charlie,ˈtʃɑːrli
charlies,ˈtʃɑːrliz
charlock,ˈtʃɑːrlɒk
charlocks,ˈtʃɑːrlɒks
charm,tʃɑːrm
charmed,tʃɑːrmd
charmer,ˈtʃɑːrmər
charmers,ˈtʃɑːrmərz
charmeuse,ʃɑːrˈmuːz
charmeuses,ʃɑːrˈmuːzɪz
charming,ˈtʃɑːrmɪŋ
charmingly,ˈtʃɑːrmɪŋli
charmless,ˈtʃɑːrmləs
charms,tʃɑːrmz
charnel,ˈtʃɑːrnəl
charnels,ˈtʃɑːrnəlz
charpai,ˈtʃɑːrpaɪ
charpais,ˈtʃɑːrpaɪz
charpoy,ˈtʃɑːrpoɪ
charpoys,ˈtʃɑːrpoɪz
charqui,ˈtʃɑːrki
charquid,ˈtʃɑːrkiːd
charquis,ˈtʃɑːrkiz
charr,tʃɑːr
charred,tʃɑːrd
charrier,ˈtʃɑːriər
charriest,ˈtʃɑːriɪst
charring,ˈtʃɑːrɪŋ
charro,ˈtʃɑːroʊ
charros,ˈtʃɑːroʊz
charrs,tʃɑːrz
charry,ˈtʃɑːri
chars,tʃɑːrz
chart,tʃɑːrt
charted,ˈtʃɑːrtɪd
charter,ˈtʃɑːrtər
chartered,ˈtʃɑːrtərd
charterer,ˈtʃɑːrtərər
charterers,ˈtʃɑːrtərər
charterhouse,ˈtʃɑːrtərˌhaʊs
chartering,ˈtʃɑːrtərɪŋ
charters,ˈtʃɑːrtərz
charting,ˈtʃɑːrtɪŋ
chartist,ˈtʃɑːrtɪst
chartists,ˈtʃɑːrtɪsts
chartreuse,ʃɑːrˈtruːz
chartreuses,ʃɑːrˈtruːzɪz
charts,tʃɑːrts
chartularies,ˈkɑːrtjʊlɛriz
chartulary,ˈkɑːrtjʊlɛri
charwoman,ˈtʃɑːrˌwʊmən
charwomen,ˈtʃɑːrˌwʊmɪn
chary,ˈtʃɛri
chase,tʃeɪs
chased,tʃeɪst
chaser,ˈtʃeɪsər
chasers,ˈtʃeɪsərz
chases,ˈtʃeɪsɪz
chasing,ˈtʃeɪsɪŋ
chasmed,ˈkæzmd
chasse,ʃæˈseɪ
chassed,ʃæˈseɪd
chasseing,ʃæˈseɪɪŋ
chasses,ʃæˈseɪz
chasseur,ʃæˈsɜːr
chasseurs,ʃæˈsɜːrz
chassis,ˈʃæsi
chaste,tʃeɪst
chastely,ˈtʃeɪstli
chasten,ˈtʃeɪsən
chastened,ˈtʃeɪsənd
chastener,ˈtʃeɪsənər
chasteners,ˈtʃeɪsənərz
chasteness,ˈtʃeɪstnəs
chastening,ˈtʃeɪsənɪŋ
chastens,ˈtʃeɪsənz
chaster,ˈtʃeɪstər
chastest,ˈtʃeɪstɪst
chastise,tʃæˈstaɪz
chastised,tʃæˈstaɪzd
chastisement,tʃæˈstaɪzmənt
chastisements,tʃæˈstaɪzmənts
chastiser,tʃæˈstaɪzər
chastisers,tʃæˈstaɪzərz
chastises,tʃæˈstaɪzɪz
chastising,tʃæˈstaɪzɪŋ
chastities,ˈtʃæstɪtiz
chastity,ˈtʃæstɪti
chasuble,ˈtʃæzjʊbəl
chasubles,ˈtʃæzjʊbəlz
chat,tʃæt
chatbot,ˈtʃætˌbɒt
chatbots,ˈtʃætˌbɒts
chatchka,ˈtʃɑːtʃkə
chatchkas,ˈtʃɑːtʃkəz
chatchke,ˈtʃɑːtʃkə
chatchkes,ˈtʃɑːtʃkəz
chateau,ʃæˈtoʊ
chateaubriand,ʃæˌtoʊbriˈɑːnd
chateaubriands,ʃæˌtoʊbriˈɑːndz
chateaus,ʃæˈtoʊz
chateaux,ʃæˈtoʊz
chatelain,ˈʃætəlɪn
chatelaine,ˈʃætəlɪn
chatelaines,ˈʃætəlɪnz
chatelains,ˈʃætəlɪnz
chatoyance,ʃəˈtɔɪəns
chatoyances,ʃəˈtɔɪənsɪz
chatoyancies,ʃəˈtɔɪənsiz
chatoyancy,ʃəˈtɔɪənsi
chatoyant,ʃəˈtɔɪənt
chatoyants,ʃəˈtɔɪənts
chatroom,ˈtʃætˌruːm
chatrooms,ˈtʃætˌruːmz
chats,tʃæts
chatted,ˈtʃætɪd
chattel,ˈtʃætəl
chattels,ˈtʃætəlz
chatter,ˈtʃætər
chatterbox,ˈtʃætərˌbɒks
chatterboxes,ˈtʃætərˌbɒksɪz
chattered,ˈtʃætərd
chatterer,ˈtʃætərər
chatterers,ˈtʃætərər
chattering,ˈtʃætərɪŋ
chatters,ˈtʃætərz
chattery,ˈtʃætəri
chattier,ˈtʃætiər
chattiest,ˈtʃætiɪst
chattily,ˈtʃætɪli
chattiness,ˈtʃætinəs
chatting,ˈtʃætɪŋ
chatty,ˈtʃæti
chaufer,ˈʃɔːfər
chaufers,ˈʃɔːfərz
chauffer,ˈʃɔːfər
chauffers,ˈʃɔːfərz
chauffeur,ˈʃoʊfər
chauffeured,ˈʃoʊfərd
chauffeuring,ˈʃoʊfərɪŋ
chauffeurs,ˈʃoʊfərz
chaulmoogra,tʃɔːlˈmuːɡrə
chaulmoogras,tʃɔːlˈmuːɡrəz
chaunt,tʃɔːnt
chaunted,ˈtʃɔːntɪd
chaunter,ˈtʃɔːntər
chaunters,ˈtʃɔːntərz
chaunting,ˈtʃɔːntɪŋ
chaunts,tʃɔːnts
chausses,ˈʃɔːsɪz
chaussure,ʃoʊˈsjʊr
chaussures,ʃoʊˈsjʊrz
chauvinism,ˈʃoʊvɪnɪzəm
chauvinisms,ˈʃoʊvɪnɪzəmz
chauvinist,ˈʃoʊvɪnɪst
chauvinistic,ˌʃoʊvɪˈnɪstɪk
chauvinistically,ˌʃoʊvɪˈnɪstɪkli
chauvinists,ˈʃoʊvɪnɪsts
chaw,tʃɔː
chawbacon,ˈtʃɔːˌbeɪkən
chawbacons,ˈtʃɔːˌbeɪkənz
chawed,tʃɔːd
chawer,ˈtʃɔːər
chawers,ˈtʃɔːərz
chawing,ˈtʃɔːɪŋ
chaws,tʃɔːz
chay,tʃeɪ
chayote,tʃaɪˈoʊti
chayotes,tʃaɪˈoʊtiz
chays,tʃeɪz
cheap,tʃiːp
cheapen,ˈtʃiːpən
cheapened,ˈtʃiːpənd
cheapening,ˈtʃiːpənɪŋ
cheapens,ˈtʃiːpənz
cheaper,ˈtʃiːpər
cheapest,ˈtʃiːpɪst
cheapie,ˈtʃiːpi
cheapies,ˈtʃiːpiz
cheapish,ˈtʃiːpɪʃ
cheapishly,ˈtʃiːpɪʃli
cheapjack,ˈtʃiːpˌdʒæk
cheapjacks,ˈtʃiːpˌdʒæks
cheaply,ˈtʃiːpli
cheapness,ˈtʃiːpnəs
cheapo,ˈtʃiːpoʊ
cheapos,ˈtʃiːpoʊz
cheapskate,ˈtʃiːpˌskeɪt
cheapskates,ˈtʃiːpˌskeɪts
cheat,tʃiːt
cheated,ˈtʃiːtɪd
cheater,ˈtʃiːtər
cheaters,ˈtʃiːtərz
cheatgrass,ˈtʃiːtˌɡræs
cheatgrasses,ˈtʃiːtˌɡræsɪz
cheating,ˈtʃiːtɪŋ
cheats,tʃiːts
chechako,tʃɪˈtʃɑːkoʊ
chechakos,tʃɪˈtʃɑːkoʊz
chechen,ˈtʃɛtʃən
chechens,ˈtʃɛtʃənz
chechnya,ˈtʃɛtʃniə
chechnyan,ˈtʃɛtʃniən
check,tʃɛk
checkable,ˈtʃɛkəbl
checkbook,ˈtʃɛkˌbʊk
checkbooks,ˈtʃɛkˌbʊks
checkbox,ˈtʃɛkˌbɒks
checkboxes,ˈtʃɛkˌbɒksɪz
checked,tʃɛkt
checker,ˈtʃɛkər
checkerberries,ˈtʃɛkərˌbɛriz
checkerberry,ˈtʃɛkərˌbɛri
checkerboard,ˈtʃɛkərˌbɔːrd
checkerboards,ˈtʃɛkərˌbɔːrdz
checkered,ˈtʃɛkərd
checkering,ˈtʃɛkərɪŋ
checkers,ˈtʃɛkərz
checking,ˈtʃɛkɪŋ
checkless,ˈtʃɛkləs
checklist,ˈtʃɛkˌlɪst
checklists,ˈtʃɛkˌlɪsts
checkmark,ˈtʃɛkˌmɑːrk
checkmarked,ˈtʃɛkˌmɑːrkt
checkmarking,ˈtʃɛkˌmɑːrkɪŋ
checkmarks,ˈtʃɛkˌmɑːrks
checkmate,ˈtʃɛkˌmeɪt
checkmated,ˈtʃɛkˌmeɪtɪd
checkmates,ˈtʃɛkˌmeɪts
checkmating,ˈtʃɛkˌmeɪtɪŋ
checkoff,ˈtʃɛkˌɒf
checkoffs,ˈtʃɛkˌɒfs
checkout,ˈtʃɛkˌaʊt
checkouts,ˈtʃɛkˌaʊts
checkpoint,ˈtʃɛkˌpɔɪnt
checkpoints,ˈtʃɛkˌpɔɪnts
checkrein,ˈtʃɛkˌreɪn
checkreins,ˈtʃɛkˌreɪnz
checkroom,ˈtʃɛkˌruːm
checkrooms,ˈtʃɛkˌruːmz
checkrow,ˈtʃɛkˌroʊ
checkrowed,ˈtʃɛkˌroʊd
checkrowing,ˈtʃɛkˌroʊɪŋ
checkrows,ˈtʃɛkˌroʊz
checks,tʃɛks
checkstand,ˈtʃɛkˌstænd
checkstands,ˈtʃɛkˌstændz
checksum,ˈtʃɛkˌsʌm
checksums,ˈtʃɛkˌsʌmz
checkup,ˈtʃɛkˌʌp
checkups,ˈtʃɛkˌʌps
cheddar,ˈtʃɛdər
cheddars,ˈtʃɛdərz
cheddite,ˈtʃɛdaɪt
chedite,ˈtʃɛdaɪt
cheechako,tʃɪˈtʃɑːkoʊ
cheechakos,tʃɪˈtʃɑːkoʊz
cheek,tʃiːk
cheekbone,ˈtʃiːkˌboʊn
cheekbones,ˈtʃiːkˌboʊnz
cheeked,tʃiːkt
cheekful,ˈtʃiːkfʊl
cheekfuls,ˈtʃiːkfʊlz
cheekier,ˈtʃiːkiər
cheekiest,ˈtʃiːkiɪst
cheekily,ˈtʃiːkɪli
cheekiness,ˈtʃiːkinəs
cheeking,ˈtʃiːkɪŋ
cheeks,tʃiːks
cheeky,ˈtʃiːki
cheep,tʃiːp
cheeped,tʃiːpt
cheeper,ˈtʃiːpər
cheepers,ˈtʃiːpərz
cheeping,ˈtʃiːpɪŋ
cheeps,tʃiːps
cheer,tʃɪər
cheered,tʃɪərd
cheerer,ˈtʃɪərər
cheerers,ˈtʃɪərər
cheerful,ˈtʃɪərfəl
cheerfuller,ˈtʃɪərfʊlər
cheerfullest,ˈtʃɪərfʊlɪst
cheerfully,ˈtʃɪərfəli
cheerfulness,ˈtʃɪərfəlnəs
cheerier,ˈtʃɪəriər
cheeriest,ˈtʃɪəriɪst
cheerily,ˈtʃɪərɪli
cheeriness,ˈtʃɪərinəs
cheering,ˈtʃɪərɪŋ
cheerio,ˌtʃɪəriˈoʊ
cheerlead,ˈtʃɪərˌliːd
cheerleader,ˈtʃɪərˌliːdər
cheerleaders,ˈtʃɪərˌliːdərz
cheerleading,ˈtʃɪərˌliːdɪŋ
cheerleads,ˈtʃɪərˌliːdz
cheerled,ˈtʃɪərˌlɛd
cheerless,ˈtʃɪərləs
cheerlessly,ˈtʃɪərləsli
cheerlessness,ˈtʃɪərləsnəs
cheerly,ˈtʃɪərli
cheero,ˈtʃɪəroʊ
cheers,tʃɪərz
cheery,ˈtʃɪəri
cheese,tʃiːz
cheeseburger,ˈtʃiːzˌbɜːrɡər
cheeseburgers,ˈtʃiːzˌbɜːrɡərz
cheesecake,ˈtʃiːzˌkeɪk
cheesecakes,ˈtʃiːzˌkeɪks
cheesecloth,ˈtʃiːzˌklɒθ
cheesecloths,ˈtʃiːzˌklɒθs
cheesed,tʃiːzd
cheesemaker,ˈtʃiːzˌmeɪkər
cheesemakers,ˈtʃiːzˌmeɪkərz
cheesemonger,ˈtʃiːzˌmʌŋɡər
cheesemongers,ˈtʃiːzˌmʌŋɡərz
cheeseparing,ˈtʃiːzˌpɛrɪŋ
cheeseparings,ˈtʃiːzˌpɛrɪŋz
cheeses,ˈtʃiːzɪz
cheesier,ˈtʃiːziər
cheesiest,ˈtʃiːziɪst
cheesily,ˈtʃiːzɪli
cheesiness,ˈtʃiːzinəs
cheesing,ˈtʃiːzɪŋ
cheesy,ˈtʃiːzi
cheetah,ˈtʃiːtə
cheetahs,ˈtʃiːtəz
chef,ʃɛf
chefdom,ˈʃɛfdəm
chefdoms,ˈʃɛfdəmz
chefs,ʃɛfs
chegoe,ˈtʃiːɡoʊ
chegoes,ˈtʃiːɡoʊz
chekhov,ˈtʃɛkɒf
chekhovian,tʃɛˈkɒviən
chelates,ˈkiːleɪts
chelyabinsk,tʃɛljəˈbɪnsk
chelyuskin,tʃɪˈljuːskɪn
chemise,ʃəˈmiːz
chemises,ʃəˈmiːzɪz
chemisette,ˌʃɛmɪˈzɛt
chemisettes,ˌʃɛmɪˈzɛts
chemisorbed,ˈkɛmɪˌsɔːrbd
chemisorbs,ˈkɛmɪˌsɔːrbz
chemoreceptive,ˌkiːmoʊrɪˈsɛptɪv
chengdu,tʃɛŋˈduː
chenille,ʃəˈniːl
chenilles,ʃəˈniːlz
chennai,ˈtʃɛnaɪ
cheongsam,ˈtʃɒŋsæm
cheongsams,ˈtʃɒŋsæmz
cheque,tʃɛk
chequebook,ˈtʃɛkˌbʊk
chequebooks,ˈtʃɛkˌbʊks
chequer,ˈtʃɛkər
chequered,ˈtʃɛkərd
chequering,ˈtʃɛkərɪŋ
chequers,ˈtʃɛkərz
cheques,tʃɛks
cheremkhovo,tʃɛrɛmˈkoʊvoʊ
cherenkov,tʃɛˈrɛŋkɒf
cherimoya,ˌtʃɛrɪˈmɔɪə
cherimoyas,ˌtʃɛrɪˈmɔɪəz
cherish,ˈtʃɛrɪʃ
cherishable,ˈtʃɛrɪʃəbl
cherished,ˈtʃɛrɪʃt
cherisher,ˈtʃɛrɪʃər
cherishers,ˈtʃɛrɪʃərz
cherishes,ˈtʃɛrɪʃɪz
cherishing,ˈtʃɛrɪʃɪŋ
chernenko,tʃɜːrˈnɛnkoʊ
chernobyl,ˈtʃɜːrnoʊbɪl
chernozem,ˈtʃɜːrnoʊzɛm
chernozemic,ˌtʃɜːrnoʊˈzɛmɪk
chernozems,ˈtʃɜːrnoʊzɛmz
cheroot,ʃəˈruːt
cheroots,ʃəˈruːts
cherries,ˈtʃɛriz
cherry,ˈtʃɛri
cherrylike,ˈtʃɛriˌlaɪk
cherrystone,ˈtʃɛriˌstoʊn
cherrystones,ˈtʃɛriˌstoʊnz
chert,tʃɜːrt
chertier,ˈtʃɜːrtiər
chertiest,ˈtʃɜːrtiɪst
cherts,tʃɜːrts
cherty,ˈtʃɜːrti
cherub,ˈtʃɛrəb
cherubic,tʃəˈruːbɪk
cherubically,tʃəˈruːbɪkli
cherubim,ˈtʃɛrəbɪm
cherublike,ˈtʃɛrəbˌlaɪk
cherubs,ˈtʃɛrəbz
chervil,ˈtʃɜːrvɪl
chervils,ˈtʃɜːrvɪlz
chess,tʃɛs
chessboard,ˈtʃɛsˌbɔːrd
chessboards,ˈtʃɛsˌbɔːrdz
chesses,ˈtʃɛsɪz
chessman,ˈtʃɛsmən
chessmen,ˈtʃɛsmɪn
chest,tʃɛst
chested,ˈtʃɛstɪd
chesterfield,ˈtʃɛstərfɪld
chesterfields,ˈtʃɛstərfɪldz
chestful,ˈtʃɛstfʊl
chestfuls,ˈtʃɛstfʊlz
chestier,ˈtʃɛstiər
chestiest,ˈtʃɛstiɪst
chestnut,ˈtʃɛstnʌt
chestnuts,ˈtʃɛstnʌts
chests,tʃɛsts
chesty,ˈtʃɛsti
chetah,ˈtʃiːtə
chetahs,ˈtʃiːtəz
chetrum,ˈtʃɛtrəm
chetrums,ˈtʃɛtrəmz
chevalet,ˌʃɛvəˈleɪ
chevalets,ˌʃɛvəˈleɪz
chevalier,ˌʃɛvəˈlɪər
chevaliers,ˌʃɛvəˈlɪərz
chevelure,ˈʃɛvəljʊr
chevelures,ˈʃɛvəljʊrz
cheveron,ˈʃɛvərən
cheverons,ˈʃɛvərənz
chevied,ˈtʃɛvid
chevies,ˈtʃɛviz
cheviot,ˈtʃɛviət
cheviots,ˈtʃɛviəts
chevre,ˈʃɛvrə
chevron,ˈʃɛvrən
chevrons,ˈʃɛvrənz
chevy,ˈtʃɛvi
chevying,ˈtʃɛviɪŋ
chew,tʃuː
chewa,ˈtʃuːə
chewable,ˈtʃuːəbl
chewas,ˈtʃuːəz
chewbreads,ˈʃoʊˌbrɛdz
chewed,tʃuːd
chewer,ˈtʃuːər
chewers,ˈtʃuːərz
chewier,ˈtʃuːiər
chewiest,ˈtʃuːiɪst
chewing,ˈtʃuːɪŋ
chewink,ˈtʃuːɪŋk
chewinks,ˈtʃuːɪŋks
chews,tʃuːz
chewy,ˈtʃuːi
chez,ʃeɪ
chi,kaɪ
chia,ˈtʃiːə
chiao,tʃaʊ
chiaos,tʃaʊz
chiaus,tʃaʊs
chiauses,ˈtʃaʊsɪz
chiba,ˈtʃiːbə
chibouk,tʃɪˈbuːk
chibouks,tʃɪˈbuːks
chibouque,tʃɪˈbuːk
chibouques,tʃɪˈbuːks
chic,ʃiːk
chica,ˈtʃiːkə
chicane,ʃɪˈkeɪn
chicaned,ʃɪˈkeɪnd
chicaner,ʃɪˈkeɪnər
chicaneries,ʃɪˈkeɪnəriz
chicaners,ʃɪˈkeɪnərz
chicanery,ʃɪˈkeɪnəri
chicanes,ʃɪˈkeɪnz
chicaning,ʃɪˈkeɪnɪŋ
chicano,tʃɪˈkɑːnoʊ
chicanos,tʃɪˈkɑːnoʊz
chicas,ˈtʃiːkəz
chiccories,ˈtʃɪkəriz
chiccory,ˈtʃɪkəri
chicha,ˈtʃiːtʃə
chichi,ˈtʃiːtʃi
chick,tʃɪk
chickadee,ˈtʃɪkəˌdiː
chickadees,ˈtʃɪkəˌdiːz
chickaree,ˈtʃɪkəˌriː
chickarees,ˈtʃɪkəˌriːz
chickee,ˈtʃɪki
chickees,ˈtʃɪkiz
chicken,ˈtʃɪkən
chickened,ˈtʃɪkənd
chickenhawk,ˈtʃɪkənˌhɔːk
chickenhawks,ˈtʃɪkənˌhɔːks
chickenhearted,ˈtʃɪkənˌhɑːrtɪd
chickenheartedness,ˈtʃɪkənˌhɑːrtɪdnəs
chickening,ˈtʃɪkənɪŋ
chickenpox,ˈtʃɪkənˌpɒks
chickens,ˈtʃɪkənz
chickenshit,ˈtʃɪkənˌʃɪt
chickenshits,ˈtʃɪkənˌʃɪts
chickories,ˈtʃɪkəriz
chickory,ˈtʃɪkəri
chickpea,ˈtʃɪkˌpiː
chickpeas,ˈtʃɪkˌpiːz
chicks,tʃɪks
chickweed,ˈtʃɪkˌwiːd
chickweeds,ˈtʃɪkˌwiːdz
chicky,ˈtʃɪki
chicle,ˈtʃɪkəl
chicness,ˈʃiːknəs
chico,ˈtʃiːkoʊ
chicories,ˈtʃɪkəriz
chicory,ˈtʃɪkəri
chicos,ˈtʃiːkoʊz
chid,tʃɪd
chidden,ˈtʃɪdən
chide,tʃaɪd
chided,ˈtʃaɪdɪd
chider,ˈtʃaɪdər
chiders,ˈtʃaɪdərz
chides,tʃaɪdz
chiding,ˈtʃaɪdɪŋ
chief,tʃiːf
chiefdom,ˈtʃiːfdəm
chiefdoms,ˈtʃiːfdəmz
chiefer,ˈtʃiːfər
chiefest,ˈtʃiːfɪst
chiefly,ˈtʃiːfli
chiefs,tʃiːfs
chiefship,ˈtʃiːfˌʃɪp
chiefships,ˈtʃiːfˌʃɪps
chieftain,ˈtʃiːftən
chieftaincies,ˈtʃiːftənsiz
chieftaincy,ˈtʃiːftənsi
chieftains,ˈtʃiːftənz
chieftainship,ˈtʃiːftənˌʃɪp
chieftainships,ˈtʃiːftənˌʃɪps
chiel,tʃiːl
chield,tʃiːld
chields,tʃiːldz
chiels,tʃiːlz
chiffchaff,ˈʃɪfˌtʃæf
chiffchaffs,ˈʃɪfˌtʃæfs
chiffon,ʃɪˈfɒn
chiffonade,ˌʃɪfəˈneɪd
chiffonades,ˌʃɪfəˈneɪdz
chiffonier,ˌʃɪfəˈnɪər
chiffoniers,ˌʃɪfəˈnɪərz
chiffons,ʃɪˈfɒnz
chifforobe,ˈʃɪfəˌroʊb
chifforobes,ˈʃɪfəˌroʊbz
chigetai,ˈtʃɪɡɪˌtaɪ
chigetais,ˈtʃɪɡɪˌtaɪz
chigger,ˈtʃɪɡər
chiggers,ˈtʃɪɡərz
chignon,ˈʃiːnjɒn
chignons,ˈʃiːnjɒnz
chigoe,ˈtʃɪɡoʊ
chigoes,ˈtʃɪɡoʊz
chihuahua,tʃɪˈwɑːwɑː
chihuahuas,tʃɪˈwɑːwɑːz
chilblain,ˈtʃɪlˌbleɪn
chilblains,ˈtʃɪlˌbleɪnz
child,tʃaɪld
childbearing,ˈtʃaɪldˌbɛrɪŋ
childbearings,ˈtʃaɪldˌbɛrɪŋz
childbed,ˈtʃaɪldˌbɛd
childbeds,ˈtʃaɪldˌbɛdz
childbirth,ˈtʃaɪldˌbɜːrθ
childbirths,ˈtʃaɪldˌbɜːrθs
childe,tʃaɪld
childes,tʃaɪldz
childhood,ˈtʃaɪldˌhʊd
childhoods,ˈtʃaɪldˌhʊdz
childing,ˈtʃaɪldɪŋ
childish,ˈtʃaɪldɪʃ
childishly,ˈtʃaɪldɪʃli
childishness,ˈtʃaɪldɪʃnəs
childless,ˈtʃaɪldləs
childlessness,ˈtʃaɪldləsnəs
childlike,ˈtʃaɪldˌlaɪk
childlikeness,ˈtʃaɪldˌlaɪknəs
childly,ˈtʃaɪldli
childproof,ˈtʃaɪldˌpruːf
childproofed,ˈtʃaɪldˌpruːft
childproofing,ˈtʃaɪldˌpruːfɪŋ
childproofs,ˈtʃaɪldˌpruːfs
children,ˈtʃɪldrən
chili,ˈtʃɪli
chilidog,ˈtʃɪliˌdɔːɡ
chilidogs,ˈtʃɪliˌdɔːɡz
chilies,ˈtʃɪliz
chill,tʃɪl
chilled,tʃɪld
chiller,ˈtʃɪlər
chillers,ˈtʃɪlərz
chillest,ˈtʃɪləst
chilli,ˈtʃɪli
chillier,ˈtʃɪliər
chillies,ˈtʃɪliz
chilliest,ˈtʃɪliəst
chillily,ˈtʃɪlɪli
chilliness,ˈtʃɪlinəs
chilling,ˈtʃɪlɪŋ
chillingly,ˈtʃɪlɪŋli
chillness,ˈtʃɪlnəs
chills,tʃɪlz
chillum,ˈtʃɪləm
chillums,ˈtʃɪləmz
chilly,ˈtʃɪli
chilung,tʃɪˈlʌŋ
chimar,tʃɪˈmɑːr
chimars,tʃɪˈmɑːrz
chimb,tʃɪm
chimbley,ˈtʃɪmbli
chimbleys,ˈtʃɪmbliz
chimblies,ˈtʃɪmbliz
chimbly,ˈtʃɪmbli
chimbs,tʃɪmz
chime,tʃaɪm
chimed,tʃaɪmd
chimer,ˈtʃaɪmər
chimere,ʃɪˈmɪər
chimeres,ʃɪˈmɪərz
chimers,ˈtʃaɪmərz
chimes,tʃaɪmz
chimichanga,ˌtʃɪmiˈtʃɑːŋɡə
chimichangas,ˌtʃɪmiˈtʃɑːŋɡəz
chiming,ˈtʃaɪmɪŋ
chimla,ˈtʃɪmlə
chimlas,ˈtʃɪmləz
chimley,ˈtʃɪmli
chimleys,ˈtʃɪmliz
chimney,ˈtʃɪmni
chimneylike,ˈtʃɪmniˌlaɪk
chimneypiece,ˈtʃɪmniˌpiːs
chimneypieces,ˈtʃɪmniˌpiːsəz
chimneys,ˈtʃɪmniz
chimp,tʃɪmp
chimpanzee,ˌtʃɪmpænˈziː
chimpanzees,ˌtʃɪmpænˈziːz
chimps,tʃɪmps
chin,tʃɪn
china,ˈtʃaɪnə
chinaberries,ˈtʃaɪnəˌbɛriz
chinaberry,ˈtʃaɪnəˌbɛri
chinaman,ˈtʃaɪnəmən
chinamen,ˈtʃaɪnəmɛn
chinas,ˈtʃaɪnəz
chinatown,ˈtʃaɪnəˌtaʊn
chinaware,ˈtʃaɪnəˌwɛər
chinawares,ˈtʃaɪnəˌwɛərz
chinbone,ˈtʃɪnˌboʊn
chinbones,ˈtʃɪnˌboʊnz
chinch,tʃɪntʃ
chincherinchee,ˌtʃɪntʃərɪnˈtʃiː
chincherinchees,ˌtʃɪntʃərɪnˈtʃiːz
chinches,ˈtʃɪntʃəz
chinchier,ˈtʃɪntʃiər
chinchiest,ˈtʃɪntʃiəst
chinchilla,tʃɪnˈtʃɪlə
chinchillas,tʃɪnˈtʃɪləz
chinchy,ˈtʃɪntʃi
chine,tʃaɪn
chined,tʃaɪnd
chines,tʃaɪnz
chinese,ˌtʃaɪˈniːz
chinghai,tʃɪŋˈhaɪ
chining,ˈtʃaɪnɪŋ
chink,tʃɪŋk
chinkapin,ˈtʃɪŋkəpɪn
chinkapins,ˈtʃɪŋkəpɪnz
chinked,tʃɪŋkt
chinkiang,tʃɪŋˈkiˈæŋ
chinkier,ˈtʃɪŋkiər
chinkiest,ˈtʃɪŋkiəst
chinking,ˈtʃɪŋkɪŋ
chinks,tʃɪŋks
chinky,ˈtʃɪŋki
chinless,ˈtʃɪnləs
chinned,tʃɪnd
chinning,ˈtʃɪnɪŋ
chino,ˈtʃiːnoʊ
chinoiserie,ˌʃɪnwɑːˈzəri
chinoiseries,ˌʃɪnwɑːˈzəriz
chinook,tʃɪˈnʊk
chinookan,tʃɪˈnʊkən
chinooks,tʃɪˈnʊks
chinos,ˈtʃiːnoʊz
chinquapin,ˈtʃɪŋkəpɪn
chinquapins,ˈtʃɪŋkəpɪnz
chins,tʃɪnz
chints,tʃɪnts
chintses,ˈtʃɪntsəz
chintz,tʃɪnts
chintzes,ˈtʃɪntsəz
chintzier,ˈtʃɪntsiər
chintziest,ˈtʃɪntsiəst
chintzy,ˈtʃɪntsi
chinup,ˈtʃɪnˌʌp
chinups,ˈtʃɪnˌʌps
chip,tʃɪp
chipboard,ˈtʃɪpˌbɔːrd
chipboards,ˈtʃɪpˌbɔːrdz
chipmuck,ˈtʃɪpmʌk
chipmucks,ˈtʃɪpmʌks
chipmunk,ˈtʃɪpmʌŋk
chipmunks,ˈtʃɪpmʌŋks
chipotle,tʃɪˈpoʊtleɪ
chipped,tʃɪpt
chipper,ˈtʃɪpər
chippered,ˈtʃɪpərd
chippering,ˈtʃɪpərɪŋ
chippers,ˈtʃɪpərz
chippie,ˈtʃɪpi
chippier,ˈtʃɪpiər
chippies,ˈtʃɪpiz
chippiest,ˈtʃɪpiəst
chipping,ˈtʃɪpɪŋ
chippy,ˈtʃɪpi
chips,tʃɪps
chipset,ˈtʃɪpˌsɛt
chipsets,ˈtʃɪpˌsɛts
chirimoya,ˌtʃɪrɪˈmɔɪə
chirimoyas,ˌtʃɪrɪˈmɔɪəz
chirk,tʃɜːrk
chirked,tʃɜːrkt
chirker,ˈtʃɜːrkər
chirkers,ˈtʃɜːrkərz
chirkest,ˈtʃɜːrkəst
chirking,ˈtʃɜːrkɪŋ
chirks,tʃɜːrks
chirm,tʃɜːrm
chirmed,tʃɜːrmd
chirming,ˈtʃɜːrmɪŋ
chirms,tʃɜːrmz
chirp,tʃɜːrp
chirped,tʃɜːrpt
chirper,ˈtʃɜːrpər
chirpers,ˈtʃɜːrpərz
chirpier,ˈtʃɜːrpiər
chirpiest,ˈtʃɜːrpiəst
chirpily,ˈtʃɜːrpɪli
chirping,ˈtʃɜːrpɪŋ
chirps,tʃɜːrps
chirpy,ˈtʃɜːrpi
chirr,tʃɜːr
chirre,tʃɜːr
chirred,tʃɜːrd
chirres,tʃɜːrz
chirring,ˈtʃɜːrɪŋ
chirrs,tʃɜːrz
chirrup,ˈtʃɪrəp
chirruped,ˈtʃɪrəpt
chirruping,ˈtʃɪrəpɪŋ
chirrups,ˈtʃɪrəps
chirrupy,ˈtʃɪrəpi
chis,tʃɪz
chisel,ˈtʃɪzəl
chiseled,ˈtʃɪzəld
chiseler,ˈtʃɪzələr
chiselers,ˈtʃɪzələrz
chiseling,ˈtʃɪzəlɪŋ
chiselled,ˈtʃɪzəld
chiseller,ˈtʃɪzələr
chisellers,ˈtʃɪzələrz
chiselling,ˈtʃɪzəlɪŋ
chisels,ˈtʃɪzəlz
chit,tʃɪt
chital,ˈtʃɪtəl
chitals,ˈtʃɪtəlz
chitchat,ˈtʃɪtˌtʃæt
chitchats,ˈtʃɪtˌtʃæts
chitchatted,ˈtʃɪtˌtʃætəd
chitchatting,ˈtʃɪtˌtʃætɪŋ
chitlin,ˈtʃɪtlɪn
chitling,ˈtʃɪtlɪŋ
chitlings,ˈtʃɪtlɪŋz
chitlins,ˈtʃɪtlɪnz
chits,tʃɪts
chitter,ˈtʃɪtər
chittered,ˈtʃɪtərd
chittering,ˈtʃɪtərɪŋ
chitterlings,ˈtʃɪtərlɪŋz
chitters,ˈtʃɪtərz
chitties,ˈtʃɪtiz
chitty,ˈtʃɪti
chivalric,ʃɪˈvælrɪk
chivalries,ˈʃɪvəlrɪz
chivalrous,ˈʃɪvəlrəs
chivalrously,ˈʃɪvəlrəsli
chivalrousness,ˈʃɪvəlrəsnəs
chivalry,ˈʃɪvəlri
chivaree,ˌʃɪvəˈriː
chivareed,ˌʃɪvəˈriːd
chivareeing,ˌʃɪvəˈriːɪŋ
chivarees,ˌʃɪvəˈriːz
chivari,ˌʃɪvəˈriː
chivaried,ˌʃɪvəˈriːd
chivaries,ˌʃɪvəˈriːz
chivariing,ˌʃɪvəˈriːɪŋ
chive,tʃaɪv
chives,tʃaɪvz
chivied,ˈtʃɪvid
chivies,ˈtʃɪviz
chivvied,ˈtʃɪvid
chivvies,ˈtʃɪviz
chivvy,ˈtʃɪvi
chivvying,ˈtʃɪviɪŋ
chivy,ˈtʃɪvi
chivying,ˈtʃɪviɪŋ
chlorinates,ˈklɔːrɪˌneɪts
chloroformed,ˈklɔːrəˌfɔːrmd
chloroforms,ˈklɔːrəˌfɔːrmz
chock,tʃɑːk
chockablock,ˈtʃɑːkəˌblɑːk
chocked,tʃɑːkt
chockful,ˈtʃɑːkˌfʊl
chockfull,ˈtʃɑːkˌfʊl
chocking,ˈtʃɑːkɪŋ
chocks,tʃɑːks
chocoholic,ˌtʃɑːkəˈhɑːlɪk
chocoholics,ˌtʃɑːkəˈhɑːlɪks
chocolate,ˈtʃɑːklət
chocolates,ˈtʃɑːkləts
chocolatey,ˈtʃɑːkləti
chocolatier,ˌtʃɑːkəˈlɪər
chocolatiers,ˌtʃɑːkəˈlɪərz
chocolaty,ˈtʃɑːkləti
chode,tʃoʊd
choice,tʃɔɪs
choicely,ˈtʃɔɪsli
choiceness,ˈtʃɔɪsnəs
choicer,ˈtʃɔɪsər
choices,ˈtʃɔɪsəz
choicest,ˈtʃɔɪsəst
choir,ˈkwaɪər
choirboy,ˈkwaɪərˌbɔɪ
choirboys,ˈkwaɪərˌbɔɪz
choirmaster,ˈkwaɪərˌmæstər
choirmasters,ˈkwaɪərˌmæstərz
choirs,ˈkwaɪərz
choke,tʃoʊk
chokeberries,ˈtʃoʊkˌbɛriz
chokeberry,ˈtʃoʊkˌbɛri
chokecherries,ˈtʃoʊkˌtʃɛriz
chokecherry,ˈtʃoʊkˌtʃɛri
choked,tʃoʊkt
chokehold,ˈtʃoʊkˌhoʊld
chokeholds,ˈtʃoʊkˌhoʊldz
chokepoint,ˈtʃoʊkˌpɔɪnt
chokepoints,ˈtʃoʊkˌpɔɪnts
choker,ˈtʃoʊkər
chokers,ˈtʃoʊkərz
chokes,tʃoʊks
chokey,ˈtʃoʊki
chokier,ˈtʃoʊkiər
chokiest,ˈtʃoʊkiəst
choking,ˈtʃoʊkɪŋ
chokingly,ˈtʃoʊkɪŋli
choky,ˈtʃoʊki
cholla,ˈtʃɔɪə
chollas,ˈtʃɔɪəz
cholo,ˈtʃoʊloʊ
cholos,ˈtʃoʊloʊz
chomp,tʃɑːmp
chomped,tʃɑːmpt
chomper,ˈtʃɑːmpər
chompers,ˈtʃɑːmpərz
chomping,ˈtʃɑːmpɪŋ
chomps,tʃɑːmps
chon,tʃɑːn
chongqing,tʃɔːŋˈtʃɪŋ
chons,tʃɑːnz
chook,tʃʊk
chooks,tʃʊks
choose,tʃuːz
chooser,ˈtʃuːzər
choosers,ˈtʃuːzərz
chooses,ˈtʃuːzəz
choosey,ˈtʃuːzi
choosier,ˈtʃuːziər
choosiest,ˈtʃuːziəst
choosing,ˈtʃuːzɪŋ
choosy,ˈtʃuːzi
chop,tʃɑːp
chopfallen,ˈtʃɑːpˌfɔːlən
chophouse,ˈtʃɑːpˌhaʊs
chophouses,ˈtʃɑːpˌhaʊsəz
chopine,tʃoʊˈpiːn
chopines,tʃoʊˈpiːnz
chopped,tʃɑːpt
chopper,ˈtʃɑːpər
choppered,ˈtʃɑːpərd
choppering,ˈtʃɑːpərɪŋ
choppers,ˈtʃɑːpərz
choppier,ˈtʃɑːpiər
choppiest,ˈtʃɑːpiəst
choppily,ˈtʃɑːpɪli
choppiness,ˈtʃɑːpinəs
chopping,ˈtʃɑːpɪŋ
choppy,ˈtʃɑːpi
chops,tʃɑːps
chopstick,ˈtʃɑːpˌstɪk
chopsticks,ˈtʃɑːpˌstɪks
chords,kɔːrdz
choreman,ˈtʃɔːrmən
choremen,ˈtʃɔːrmɛn
choreographed,ˈkɔːriəˌɡræft
choreographs,ˈkɔːriəˌɡræfs
chorizo,tʃəˈriːzoʊ
chorizos,tʃəˈriːzoʊz
chortle,ˈtʃɔːrtl
chortled,ˈtʃɔːrtld
chortler,ˈtʃɔːrtlər
chortlers,ˈtʃɔːrtlərz
chortles,ˈtʃɔːrtlz
chortling,ˈtʃɔːrtlɪŋ
chorused,ˈkɔːrəst
choruses,ˈkɔːrəsəz
chorussed,ˈkɔːrəst
chorusses,ˈkɔːrəsəz
chorussing,ˈkɔːrəsɪŋ
chose,tʃoʊz
chosen,ˈtʃoʊzən
chou,ʃuː
chough,tʃʌf
choughs,tʃʌfs
chous,ʃuːz
chouse,tʃaʊs
choused,tʃaʊst
chouser,ˈtʃaʊsər
chousers,ˈtʃaʊsərz
chouses,ˈtʃaʊsəz
choush,tʃaʊʃ
choushes,ˈtʃaʊʃəz
chousing,ˈtʃaʊsɪŋ
chout,tʃaʊt
chouts,tʃaʊts
choux,ʃuː
chow,tʃaʊ
chowchow,ˈtʃaʊˌtʃaʊ
chowchows,ˈtʃaʊˌtʃaʊz
chowder,ˈtʃaʊdər
chowdered,ˈtʃaʊdərd
chowderhead,ˈtʃaʊdərˌhɛd
chowderheaded,ˌtʃaʊdərˈhɛdəd
chowderheads,ˈtʃaʊdərˌhɛdz
chowdering,ˈtʃaʊdərɪŋ
chowders,ˈtʃaʊdərz
chowed,tʃaʊd
chowhound,ˈtʃaʊˌhaʊnd
chowhounds,ˈtʃaʊˌhaʊndz
chowing,ˈtʃaʊɪŋ
chows,tʃaʊz
chowse,tʃaʊs
chowsed,tʃaʊst
chowses,ˈtʃaʊsəz
chowsing,ˈtʃaʊsɪŋ
chowtime,ˈtʃaʊˌtaɪm
chowtimes,ˈtʃaʊˌtaɪmz
christened,ˈkrɪsənd
christens,ˈkrɪsənz
christianises,ˈkrɪstʃəˌnaɪzəz
christianizes,ˈkrɪstʃəˌnaɪzəz
chromatographed,ˈkroʊmətəˌɡræft
chromatographs,ˈkroʊmətəˌɡræfs
chromes,kroʊmz
chromizes,ˈkroʊmaɪzəz
chromolithographed,ˌkroʊmoʊˈlɪθəˌɡræft
chromolithographs,ˌkroʊmoʊˈlɪθəˌɡræfs
chronicles,ˈkrɑːnɪkəlz
chronique,krɔːˈniːk
chroniques,krɔːˈniːks
chub,tʃʌb
chubasco,tʃuːˈbæskoʊ
chubascos,tʃuːˈbæskoʊz
chubbier,ˈtʃʌbiər
chubbiest,ˈtʃʌbiəst
chubbily,ˈtʃʌbɪli
chubbiness,ˈtʃʌbinəs
chubby,ˈtʃʌbi
chubs,tʃʌbz
chuck,tʃʌk
chuckawalla,ˌtʃʌkəˈwɑːlə
chuckawallas,ˌtʃʌkəˈwɑːləz
chucked,tʃʌkt
chuckhole,ˈtʃʌkˌhoʊl
chuckholes,ˈtʃʌkˌhoʊlz
chuckie,ˈtʃʌki
chuckies,ˈtʃʌkiz
chucking,ˈtʃʌkɪŋ
chuckle,ˈtʃʌkəl
chuckled,ˈtʃʌkəld
chucklehead,ˈtʃʌkəlˌhɛd
chuckleheaded,ˌtʃʌkəlˈhɛdəd
chuckleheadedness,ˌtʃʌkəlˈhɛdədnəs
chuckleheads,ˈtʃʌkəlˌhɛdz
chuckler,ˈtʃʌkələr
chucklers,ˈtʃʌkələrz
chuckles,ˈtʃʌkəlz
chucklesome,ˈtʃʌkəlsəm
chuckling,ˈtʃʌkəlɪŋ
chucklingly,ˈtʃʌkəlɪŋli
chucks,tʃʌks
chuckwalla,ˌtʃʌkˈwɑːlə
chuckwallas,ˌtʃʌkˈwɑːləz
chucky,ˈtʃʌki
chud,tʃʌd
chuddah,ˈtʃʌdə
chuddahs,ˈtʃʌdəz
chuddar,ˈtʃʌdər
chuddars,ˈtʃʌdərz
chudder,ˈtʃʌdər
chudders,ˈtʃʌdərz
chuds,tʃʌdz
chufa,ˈtʃuːfə
chufas,ˈtʃuːfəz
chuff,tʃʌf
chuffed,tʃʌft
chuffier,ˈtʃʌfiər
chuffiest,ˈtʃʌfiəst
chuffing,ˈtʃʌfɪŋ
chuffs,tʃʌfs
chuffy,ˈtʃʌfi
chug,tʃʌɡ
chugalug,ˈtʃʌɡəˌlʌɡ
chugalugged,ˈtʃʌɡəˌlʌɡd
chugalugging,ˈtʃʌɡəˌlʌɡɪŋ
chugalugs,ˈtʃʌɡəˌlʌɡz
chugged,tʃʌɡd
chugger,ˈtʃʌɡər
chuggers,ˈtʃʌɡərz
chugging,ˈtʃʌɡɪŋ
chugs,tʃʌɡz
chukar,ˈtʃʌkər
chukars,ˈtʃʌkərz
chukka,ˈtʃʌkə
chukkar,ˈtʃʌkər
chukkars,ˈtʃʌkərz
chukkas,ˈtʃʌkəz
chukker,ˈtʃʌkər
chukkers,ˈtʃʌkərz
chula,ˈtʃuːlə
chum,tʃʌm
chummed,tʃʌmd
chummier,ˈtʃʌmiər
chummiest,ˈtʃʌmiəst
chummily,ˈtʃʌmɪli
chumminess,ˈtʃʌminəs
chumming,ˈtʃʌmɪŋ
chummy,ˈtʃʌmi
chump,tʃʌmp
chumped,tʃʌmpt
chumping,ˈtʃʌmpɪŋ
chumps,tʃʌmps
chums,tʃʌmz
chumship,ˈtʃʌmʃɪp
chumships,ˈtʃʌmʃɪps
chunga,ˈtʃʊŋɡə
chungas,ˈtʃʊŋɡəz
chunk,tʃʌŋk
chunked,tʃʌŋkt
chunkier,ˈtʃʌŋkiər
chunkiest,ˈtʃʌŋkiəst
chunkily,ˈtʃʌŋkɪli
chunking,ˈtʃʌŋkɪŋ
chunks,tʃʌŋks
chunky,ˈtʃʌŋki
chunnel,ˈtʃʌnəl
chunnels,ˈtʃʌnəlz
chunter,ˈtʃʌntər
chuntered,ˈtʃʌntərd
chuntering,ˈtʃʌntərɪŋ
chunters,ˈtʃʌntərz
chur,tʃɜːr
church,tʃɜːrtʃ
churched,tʃɜːrtʃt
churches,ˈtʃɜːrtʃəz
churchgoer,ˈtʃɜːrtʃˌɡoʊər
churchgoers,ˈtʃɜːrtʃˌɡoʊərz
churchgoing,ˈtʃɜːrtʃˌɡoʊɪŋ
churchier,ˈtʃɜːrtʃiər
churchiest,ˈtʃɜːrtʃiəst
churching,ˈtʃɜːrtʃɪŋ
churchings,ˈtʃɜːrtʃɪŋz
churchless,ˈtʃɜːrtʃləs
churchlier,ˈtʃɜːrtʃliər
churchliest,ˈtʃɜːrtʃliəst
churchliness,ˈtʃɜːrtʃlinəs
churchly,ˈtʃɜːrtʃli
churchman,ˈtʃɜːrtʃmən
churchmanship,ˈtʃɜːrtʃmənˌʃɪp
churchmanships,ˈtʃɜːrtʃmənˌʃɪps
churchmen,ˈtʃɜːrtʃmɛn
churchwarden,ˈtʃɜːrtʃˌwɔːrdən
churchwardens,ˈtʃɜːrtʃˌwɔːrdənz
churchwoman,ˈtʃɜːrtʃˌwʊmən
churchwomen,ˈtʃɜːrtʃˌwʊmɛn
churchy,ˈtʃɜːrtʃi
churchyard,ˈtʃɜːrtʃˌjɑːrd
churchyards,ˈtʃɜːrtʃˌjɑːrdz
churl,tʃɜːrl
churlish,ˈtʃɜːrlɪʃ
churlishly,ˈtʃɜːrlɪʃli
churlishness,ˈtʃɜːrlɪʃnəs
churls,tʃɜːrlz
churn,tʃɜːrn
churned,tʃɜːrnd
churner,ˈtʃɜːrnər
churners,ˈtʃɜːrnərz
churning,ˈtʃɜːrnɪŋ
churnings,ˈtʃɜːrnɪŋz
churns,tʃɜːrnz
churr,tʃɜːr
churred,tʃɜːrd
churring,ˈtʃɜːrɪŋ
churrs,tʃɜːrz
chuse,tʃuːz
chused,tʃuːzd
chuses,ˈtʃuːzəz
chusing,ˈtʃuːzɪŋ
chute,ʃuːt
chuted,ʃuːtəd
chutes,ʃuːts
chuting,ˈʃuːtɪŋ
chutist,ˈʃuːtɪst
chutists,ˈʃuːtɪsts
chutnee,ˈtʃʌtni
chutnees,ˈtʃʌtniz
chutney,ˈtʃʌtni
chutneys,ˈtʃʌtniz
cicatrizes,ˈsɪkəˌtraɪzəz
cigarette,ˈsɪɡəˌɹɛt
cigarettes,ˈsɪɡəˌɹɛts
ciliate,ˈsɪliət
ciliates,ˈsɪliəts
cinch,sɪntʃ
cinched,sɪntʃt
cinches,ˈsɪntʃəz
cinching,ˈsɪntʃɪŋ
cinctures,ˈsɪŋktʃərz
cindered,ˈsɪndərd
cinders,ˈsɪndərz
cinematheque,ˈsɪnəməˌtɛk
cinematheques,ˈsɪnəməˌtɛks
cinematizes,ˈsɪnəməˌtaɪzəz
cingulate,ˈsɪŋɡjələt
cingulates,ˈsɪŋɡjələts
cinque,sɪŋk
cinquefoil,ˈsɪŋkˌfɔɪl
cinquefoils,ˈsɪŋkˌfɔɪlz
ciphered,ˈsaɪfərd
ciphers,ˈsaɪfərz
circles,ˈsɜːrkəlz
circuits,ˈsɜːrkɪts
circularises,ˈsɜːrkjəˌlaɪzəz
circularizes,ˈsɜːrkjəˌlaɪzəz
circulates,ˈsɜːrkjəˌleɪts
circulative,ˈsɜːrkjələtɪv
circumambulates,ˌsɜːrkəmˈæmbjəˌleɪts
circumcises,ˈsɜːrkəmˌsaɪzəz
circumfuse,ˌsɜːrkəmˈfjuːz
circumfused,ˌsɜːrkəmˈfjuːzd
circumfuses,ˌsɜːrkəmˈfjuːzəz
circumfusing,ˌsɜːrkəmˈfjuːzɪŋ
circumnavigates,ˌsɜːrkəmˈnævɪˌɡeɪts
circumscribes,ˈsɜːrkəmˌskraɪbz
circumstances,ˈsɜːrkəmˌstænsəz
circumstantiates,ˌsɜːrkəmˈstænʃiˌeɪts
circumvallates,ˌsɜːrkəmˈvæˌleɪts
circumvents,ˌsɜːrkəmˈvɛnts
cirque,sɜːrk
cirques,sɜːrks
cites,saɪts
citifies,ˈsɪtɪˌfaɪz
civilianizes,sɪˈvɪljəˌnaɪzəz
civilises,ˈsɪvəˌlaɪzəz
civilizes,ˈsɪvəˌlaɪzəz
clabbered,ˈklæbərd
clabbers,ˈklæbərz
clacked,klækt
clacks,klæks
clads,klædz
clagged,klæɡd
clags,klæɡz
claimed,kleɪmd
claims,kleɪmz
clambered,ˈklæmbərd
clambers,ˈklæmbərz
clammed,klæmd
clamored,ˈklæmərd
clamors,ˈklæmərz
clamoured,ˈklæmərd
clamours,ˈklæmərz
clampdown,ˈklæmpˌdaʊn
clampdowns,ˈklæmpˌdaʊnz
clamped,klæmpt
clamps,klæmps
clams,klæmz
clandestine,klænˈdɛstɪn
clandestinely,klænˈdɛstɪnli
clandestineness,klænˈdɛstɪnnəs
clanged,klæŋd
clangored,ˈklæŋɡərd
clangors,ˈklæŋɡərz
clangoured,ˈklæŋɡərd
clangours,ˈklæŋɡərz
clangs,klæŋz
clanked,klæŋkt
clanks,klæŋks
clapboards,ˈklæpˌbɔːrdz
clapped,klæpt
clapperclawed,ˈklæpərˌklɔːd
clapperclaws,ˈklæpərˌklɔːz
claps,klæps
claque,klæk
claquer,klæˈkɛr
claquers,klæˈkɛrz
claques,klæks
claqueur,klæˈkɜːr
claqueurs,klæˈkɜːrz
clarifies,ˈklɛrəˌfaɪz
clarinettist,ˌklærəˈnɛtɪst
clarinettists,ˌklærəˈnɛtɪsts
clarioned,ˈklɛriənd
clarions,ˈklɛriənz
clashed,klæʃt
clashes,ˈklæʃəz
clasped,klæspt
clasps,klæsps
classed,klæst
classes,ˈklæsəz
classicizes,ˈklæsɪˌsaɪzəz
classifies,ˈklæsəˌfaɪz
clattered,ˈklætərd
clatters,ˈklætərz
claught,klɔːt
claughts,klɔːts
clavate,ˈkleɪveɪt
clavered,ˈkleɪvərd
clavers,ˈkleɪvərz
clawed,klɔːd
claws,klɔːz
clayed,kleɪd
clays,kleɪz
cleaned,kliːnd
cleanlier,ˈkliːnliər
cleanliest,ˈkliːnliəst
cleanliness,ˈkliːnlɪnəs
cleanly,ˈkliːnli
cleans,kliːnz
cleanse,klɛnz
cleansed,klɛnzd
cleanser,ˈklɛnzər
cleansers,ˈklɛnzərz
cleanses,ˈklɛnzəz
cleansing,ˈklɛnzɪŋ
cleared,klɪərd
cleareyed,ˈklɪərˈaɪd
clearheaded,ˈklɪərˈhɛdəd
clearheadedly,ˈklɪərˈhɛdədli
clearheadedness,ˈklɪərˈhɛdədnəs
clears,klɪərz
cleats,kliːts
cleave,kliːv
cleaved,kliːvd
cleaves,kliːvz
clemmed,klɛmd
clems,klɛmz
clench,klɛntʃ
clenched,klɛntʃt
clencher,ˈklɛntʃər
clenchers,ˈklɛntʃərz
clenches,ˈklɛntʃəz
clenching,ˈklɛntʃɪŋ
clepes,kliːps
clergywomen,ˈklɜːrdʒiˌwʊmən
clerked,klɜːrkt
clerks,klɜːrks
clewed,kluːd
clews,kluːz
cliche,kliːˈʃeɪ
cliched,kliːˈʃeɪd
cliches,kliːˈʃeɪz
clicked,klɪkt
clicks,klɪks
clickthrough,ˈklɪkˌθruː
clickthroughs,ˈklɪkˌθruːz
climate,ˈklaɪmət
climates,ˈklaɪməts
climaxed,ˈklaɪmækst
climaxes,ˈklaɪmæksəz
climb,klaɪm
climbable,ˈklaɪməbəl
climbed,klaɪmd
climber,ˈklaɪmər
climbers,ˈklaɪmərz
climbing,ˈklaɪmɪŋ
climbs,klaɪmz
clinch,klɪntʃ
clinched,klɪntʃt
clincher,ˈklɪntʃər
clinchers,ˈklɪntʃərz
clinches,ˈklɪntʃəz
clinching,ˈklɪntʃɪŋ
clinchingly,ˈklɪntʃɪŋli
clinged,klɪŋd
clings,klɪŋz
clinked,klɪŋkt
clinkered,ˈklɪŋkərd
clinkers,ˈklɪŋkərz
clinks,klɪŋks
clipped,klɪpt
clips,klɪps
clique,kliːk
cliqued,kliːkt
cliques,kliːks
cliquey,ˈkliːki
cliquier,ˈkliːkiər
cliquiest,ˈkliːkiəst
cliquing,ˈkliːkɪŋ
cliquish,ˈkliːkɪʃ
cliquishly,ˈkliːkɪʃli
cliquishness,ˈkliːkɪʃnəs
cliquy,ˈkliːki
clives,klaɪvz
cloaked,kloʊkt
cloaks,kloʊks
clobbered,ˈklɑːbərd
clobbers,ˈklɑːbərz
clochard,kloʊˈʃɑːrd
clochards,kloʊˈʃɑːrdz
cloche,kloʊʃ
cloches,ˈkloʊʃəz
clocked,klɑːkt
clocks,klɑːks
clogged,klɑːɡd
clogs,klɑːɡz
cloistered,ˈklɔɪstərd
cloisters,ˈklɔɪstərz
clomped,klɑːmpt
clomps,klɑːmps
clones,kloʊnz
clonked,klɑːŋkt
clonks,klɑːŋks
clopped,klɑːpt
clops,klɑːps
cloque,kloʊˈkeɪ
cloques,kloʊˈkeɪz
closable,ˈkloʊzəbəl
close,kloʊs
closeable,ˈkloʊzəbəl
closed,kloʊzd
closedown,ˈkloʊzˌdaʊn
closedowns,ˈkloʊzˌdaʊnz
closemouthed,ˈkloʊsˈmaʊθd
closeout,ˈkloʊsˌaʊt
closeouts,ˈkloʊsˌaʊts
closer,ˈkloʊsər
closers,ˈkloʊsərz
closes,ˈkloʊsəz
closets,ˈklɑːsəts
closing,ˈkloʊzɪŋ
closings,ˈkloʊzɪŋz
clothes,kloʊðz
clotheslines,ˈkloʊðzˌlaɪnz
clots,klɑːts
clotures,ˈkloʊtʃərz
clouds,klaʊdz
clough,klʌf
cloughs,klʌfs
clour,ˈklaʊər
cloured,ˈklaʊərd
clouring,ˈklaʊərɪŋ
clours,ˈklaʊərz
clouts,klaʊts
cloverleaves,ˈkloʊvərˌliːvz
clowder,ˈklaʊdər
clowders,ˈklaʊdərz
clown,klaʊn
clowned,klaʊnd
clowneries,ˈklaʊnəriz
clownery,ˈklaʊnəri
clowning,ˈklaʊnɪŋ
clownish,ˈklaʊnɪʃ
clownishly,ˈklaʊnɪʃli
clownishness,ˈklaʊnɪʃnəs
clowns,klaʊnz
cloyed,klɔɪd
cloys,klɔɪz
clubable,ˈklʌbəbəl
clubbed,klʌbd
clubhauled,ˈklʌbˌhɔːld
clubhauls,ˈklʌbˌhɔːlz
clubhead,ˈklʌbˌhɛd
clubheads,ˈklʌbˌhɛdz
clubs,klʌbz
clucked,klʌkt
clucks,klʌks
clues,kluːz
clumped,klʌmpt
clumps,klʌmps
clunked,klʌŋkt
clunks,klʌŋks
clustered,ˈklʌstərd
clusters,ˈklʌstərz
clutched,klʌtʃt
clutches,ˈklʌtʃəz
cluttered,ˈklʌtərd
clutters,ˈklʌtərz
clypeate,ˈklaɪpiˌeɪt
coacervate,koʊˈæsərˌveɪt
coacervates,koʊˈæsərˌveɪts
coach,koʊtʃ
coachable,ˈkoʊtʃəbəl
coached,koʊtʃt
coacher,ˈkoʊtʃər
coachers,ˈkoʊtʃərz
coaches,ˈkoʊtʃəz
coaching,ˈkoʊtʃɪŋ
coachman,ˈkoʊtʃmən
coachmen,ˈkoʊtʃmɛn
coachwork,ˈkoʊtʃˌwɜːrk
coachworks,ˈkoʊtʃˌwɜːrks
coactive,koʊˈæktɪv
coacts,koʊˈækts
coadmires,ˌkoʊədˈmaɪərz
coadmits,ˌkoʊədˈmɪts
coagulate,koʊˈæɡjəˌleɪt
coagulates,koʊˈæɡjəˌleɪts,(verb),or,koʊˈæɡjəˌləts,(noun)
coagulative,koʊˈæɡjələtɪv
coaled,koʊld
coalesces,ˌkoʊəˈlɛsəz
coalifies,koʊˈæləˌfaɪz
coals,koʊlz
coanchor,ˌkoʊˈæŋkər
coanchored,ˌkoʊˈæŋkərd
coanchoring,ˌkoʊˈæŋkərɪŋ
coanchors,ˌkoʊˈæŋkərz
coannexed,ˌkoʊəˈnɛkst
coannexes,ˌkoʊəˈnɛksəz
coappeared,ˌkoʊəˈpɪərd
coappears,ˌkoʊəˈpɪərz
coapts,koʊˈæpts
coarsened,ˈkɔːrsənd
coarsens,ˈkɔːrsənz
coassists,ˌkoʊəˈsɪsts
coassumes,ˌkoʊəˈsuːmz
coastguard,ˈkoʊstˌɡɑːrd
coastguardman,ˈkoʊstˌɡɑːrdmən
coastguardmen,ˈkoʊstˌɡɑːrdmɛn
coastguards,ˈkoʊstˌɡɑːrdz
coastguardsman,ˈkoʊstˌɡɑːrdzmən
coastguardsmen,ˈkoʊstˌɡɑːrdzmɛn
coasts,koʊsts
coats,koʊts
coattends,ˌkoʊəˈtɛndz
coattests,ˌkoʊəˈtɛsts
coauthored,ˌkoʊˈɔːθərd
coauthors,ˌkoʊˈɔːθərz
coaxed,koʊkst
coaxes,ˈkoʊksəz
cobbed,kɑːbd
cobbles,ˈkɑːbəlz
cobs,kɑːbz
cobwebbed,ˈkɑːbˌwɛbd
cocainizes,koʊˈkeɪnəˌzaɪzəz
cocaptained,ˌkoʊˈkæptɪnd
cocaptains,ˌkoʊˈkæptɪnz
cochair,ˈkoʊˌtʃɛər
cochaired,ˈkoʊˌtʃɛərd
cochairing,ˈkoʊˌtʃɛərɪŋ
cochairman,ˈkoʊˌtʃɛərmən
cochairmen,ˈkoʊˌtʃɛərmɛn
cochairperson,ˈkoʊˌtʃɛərpɜːrsən
cochairpersons,ˈkoʊˌtʃɛərpɜːrsənz
cochairs,ˈkoʊˌtʃɛərz
cochairwoman,ˈkoʊˌtʃɛərˌwʊmən
cochairwomen,ˈkoʊˌtʃɛərˌwʊmɛn
cochampion,ˌkoʊˈtʃæmpiən
cochampions,ˌkoʊˈtʃæmpiənz
cochin,ˈkoʊtʃɪn
cochins,ˈkoʊtʃɪnz
cockbilled,ˈkɑːkˌbɪld
cockbills,ˈkɑːkˌbɪlz
cockchafer,ˈkɑːkˌtʃeɪfər
cockchafers,ˈkɑːkˌtʃeɪfərz
cocked,kɑːkt
cockered,ˈkɑːkərd
cockers,ˈkɑːkərz
cockeye,ˈkɑːkˌaɪ
cockeyed,ˈkɑːkˌaɪd
cockeyedly,ˈkɑːkˌaɪədli
cockeyedness,ˈkɑːkˌaɪədnəs
cockeyes,ˈkɑːkˌaɪz
cockfight,ˈkɑːkˌfaɪt
cockfighting,ˈkɑːkˌfaɪtɪŋ
cockfightings,ˈkɑːkˌfaɪtɪŋz
cockfights,ˈkɑːkˌfaɪts
cockles,ˈkɑːkəlz
cockneyfies,ˈkɑːkniˌfaɪz
cockroach,ˈkɑːkˌroʊtʃ
cockroaches,ˈkɑːkˌroʊtʃəz
cocks,kɑːks
cockscomb,ˈkɑːksˌkoʊm
cockscombs,ˈkɑːksˌkoʊmz
cocktailed,ˈkɑːkˌteɪld
cocktails,ˈkɑːkˌteɪlz
cocooned,kəˈkuːnd
cocoons,kəˈkuːnz
cocounseled,ˌkoʊˈkaʊnsəld
cocounselled,ˌkoʊˈkaʊnsəld
cocounselling,ˌkoʊˈkaʊnsəlɪŋ
cocounsels,ˌkoʊˈkaʊnsəlz
cocreates,ˌkoʊkriˈeɪts
cocultivates,ˌkoʊˈkʌltəˌveɪts
cocultures,ˌkoʊˈkʌltʃərz
coddles,ˈkɑːdəlz
codebreaker,ˈkoʊdˌbreɪkər
codebreakers,ˈkoʊdˌbreɪkərz
codebreaking,ˈkoʊdˌbreɪkɪŋ
codebtor,ˌkoʊˈdɛtər
codebtors,ˌkoʊˈdɛtərz
coderives,ˌkoʊdɪˈraɪvz
codes,koʊdz
codesigned,ˌkoʊdɪˈzaɪnd
codesigns,ˌkoʊdɪˈzaɪnz
codeveloped,ˌkoʊdɪˈvɛləpt
codevelops,ˌkoʊdɪˈvɛləps
codifies,ˈkoʊdəˌfaɪz
codirects,ˌkoʊdəˈrɛkts
codiscovered,ˌkoʊdɪˈskʌvərd
codiscovers,ˌkoʊdɪˈskʌvərz
codrives,ˌkoʊˈdraɪvz
coedits,ˌkoʊˈɛdɪts
coelacanth,ˈsiːləˌkænθ
coelacanthidae,ˌsiːləkænˈθɪdi
coelacanthiformes,ˌsiːləkænˈθɪfɔːrmz
coelacanths,ˈsiːləˌkænθs
coelentera,sɪˈlɛntərə
coelenterata,sɪˌlɛntəˈreɪtə
coelenterate,sɪˈlɛntəreɪt
coelenterates,sɪˈlɛntəreɪts
coelenteron,sɪˈlɛntərɒn
coeliac,ˈsiːliæk
coeliades,sɪˈlaɪədiːz
coeligena,ˌsiːlɪˈdʒiːnə
coelom,ˈsiːləm
coelomata,sɪˈlɒmətə
coelomate,ˈsiːləmeɪt
coelomates,ˈsiːləmeɪts
coelomatic,ˌsiːləˈmætɪk
coelome,ˈsiːloʊm
coelomes,ˈsiːloʊmz
coelomic,sɪˈlɒmɪk
coeloms,ˈsiːləmz
coembodies,ˌkoʊɪmˈbɒdiz
coemployed,ˌkoʊɪmˈplɔɪd
coemploys,ˌkoʊɪmˈplɔɪz
coempts,koʊˈɛmpts
coenacts,koʊˈænækts
coenamored,ˌkoʊɪˈnæmərd
coenamors,ˌkoʊɪˈnæmərz
coendured,ˌkoʊɪnˈdjʊərd
coendures,ˌkoʊɪnˈdjʊərz
coenobite,ˈsiːnəˌbaɪt
coenobites,ˈsiːnəˌbaɪts
coenocorypha,ˌsiːnoʊkəˈrɪfə
coenocyte,ˈsiːnəˌsaɪt
coenocytes,ˈsiːnəˌsaɪts
coenocytic,ˌsiːnəˈsaɪtɪk
coenuri,sɪˈniʊraɪ
coenurus,sɪˈniʊrəs
coequates,koʊˈiːkweɪts
coerces,koʊˈɜːrsəz
coercive,koʊˈɜːrsɪv
coercively,koʊˈɜːrsɪvli
coerciveness,koʊˈɜːrsɪvnəs
coerebidae,sɪˈriːbɪdi
coerects,koʊˈɪrɛkts
coevolve,ˌkoʊɪˈvɒlv
coevolved,ˌkoʊɪˈvɒlvd
coevolves,ˌkoʊɪˈvɒlvz
coexerts,ˌkoʊɪɡˈzɜːrts
coexists,ˌkoʊɪɡˈzɪsts
coextends,ˌkoʊɪkˈstɛndz
coextensive,ˌkoʊɪkˈstɛnsɪv
coextensively,ˌkoʊɪkˈstɛnsɪvli
cofavorite,ˌkoʊˈfeɪvərɪt
cofavorites,ˌkoʊˈfeɪvərɪts
cofeatures,ˌkoʊˈfiːtʃərz
coffered,ˈkɒfərd
coffers,ˈkɒfərz
coffined,ˈkɒfɪnd
coffins,ˈkɒfɪnz
coffles,ˈkɒfəlz
coffs,kɒfs
cofinances,ˌkoʊˈfaɪnænsəz
cofounds,koʊˈfaʊndz
cogenerates,koʊˈdʒɛnəreɪts
cogged,kɒɡd
cogitates,ˈkɒdʒɪteɪts
cogitative,ˈkɒdʒɪteɪtɪv
cogitativele,ˈkɒdʒɪteɪtɪvli
cognises,ˈkɒɡnaɪzəz
cognitive,ˈkɒɡnɪtɪv
cognitively,ˈkɒɡnɪtɪvli
cognizes,ˈkɒɡnaɪzəz
cogs,kɒɡz
cohabitates,koʊˈhæbɪteɪts
cohabits,koʊˈhæbɪts
cohead,koʊˈhɛd
coheaded,koʊˈhɛdəd
coheading,koʊˈhɛdɪŋ
coheads,koʊˈhɛdz
cohered,koʊˈhɪərd
coheres,koʊˈhɪərz
cohesive,koʊˈhiːsɪv
cohesively,koʊˈhiːsɪvli
cohesiveness,koʊˈhiːsɪvnəs
cohobates,koʊˈhoʊbeɪts
cohost,koʊˈhoʊst
cohosts,koʊˈhoʊsts
coifed,kɔɪft
coiffed,kɔɪft
coiffes,kɔɪfs
coiffures,kwɑːˈfjʊrz
coifs,kɔɪfs
coigned,kɔɪnd
coignes,kɔɪnz
coigns,kɔɪnz
coiled,kɔɪld
coils,kɔɪlz
coincides,ˌkoʊɪnˈsaɪdz
coined,kɔɪnd
coinferred,ˌkoʊɪnˈfɜːrd
coinfers,ˌkoʊɪnˈfɜːrz
coinheres,ˌkoʊɪnˈhɪərz
coins,kɔɪnz
coinsures,ˌkoʊɪnˈʃʊrz
cointerred,ˌkoʊɪnˈtɜːrd
cointers,ˌkoʊɪnˈtɜːrz
coinvents,ˌkoʊɪnˈvɛnts
cojoined,koʊˈdʒɔɪnd
cojoins,koʊˈdʒɔɪnz
cokehead,ˈkoʊkˌhɛd
cokeheads,ˈkoʊkˌhɛdz
cokes,koʊks
coldblooded,ˈkoʊldˈblʌdɪd
coldbloodedly,ˈkoʊldˈblʌdɪdli
coldbloodedness,ˈkoʊldˈblʌdɪdnəs
coldcocked,ˈkoʊldˌkɑːkt
coldcocks,ˈkoʊldˌkɑːks
coldhearted,ˈkoʊldˈhɑːrtɪd
coldheartedly,ˈkoʊldˈhɑːrtɪdli
coldheartedness,ˈkoʊldˈhɑːrtɪdnəs
coleads,koʊˈliːdz
collaborates,kəˈlæbəreɪts
collaborative,kəˈlæbərətɪv
collaboratively,kəˈlæbərətɪvli
collaboratives,kəˈlæbərətɪvz
collages,kəˈlɑːʒəz
collapses,kəˈlæpsəz
collared,ˈkɑːlərd
collars,ˈkɑːlərz
collateralizes,kəˈlætərəlˌaɪzəz
collates,kəˈleɪts
colleague,ˈkɑːliːɡ
colleagues,ˈkɑːliːɡz
colleagueship,ˈkɑːliːɡˌʃɪp
colleagueships,ˈkɑːliːɡˌʃɪps
collective,kəˈlɛktɪv
collectively,kəˈlɛktɪvli
collectives,kəˈlɛktɪvz
collectivises,kəˈlɛktɪˌvaɪzəz
collectivizes,kəˈlɛktɪˌvaɪzəz
collects,kəˈlɛkts
collegiate,kəˈliːdʒiət
collegiately,kəˈliːdʒiətli
collets,ˈkɑːlɪts
collides,kəˈlaɪdz
collies,ˈkɑːliz
colligates,ˈkɑːlɪɡeɪts
colligative,kəˈlɪɡətɪv
collimates,ˈkɑːlɪˌmeɪts
collocate,ˈkɑːləˌkeɪt
collocates,ˈkɑːləˌkeɪts
collogue,kəˈlɑːɡ
collogued,kəˈlɑːɡd
collogues,kəˈlɑːɡz
colloguing,kəˈlɑːɡɪŋ
colludes,kəˈluːdz
collusive,kəˈluːsɪv
collusively,kəˈluːsɪvli
colocates,ˈkoʊləˌkeɪts
colonialises,kəˈloʊniəˌlaɪzəz
colonializes,kəˈloʊniəˌlaɪzəz
colonises,ˈkɑːləˌnaɪzəz
colonizes,ˈkɑːləˌnaɪzəz
colorblind,ˈkʌlərˌblaɪnd
colorblindness,ˈkʌlərˌblaɪndnəs
colorbreeds,ˈkʌlərˌbriːdz
colored,ˈkʌlərd
coloreds,ˈkʌlərdz
colorises,ˈkʌləˌraɪzəz
colorizes,ˈkʌləˌraɪzəz
colors,ˈkʌlərz
colourblind,ˈkʌlərˌblaɪnd
colourblindness,ˈkʌlərˌblaɪndnəs
coloured,ˈkʌlərd
coloureds,ˈkʌlərdz
colourizes,ˈkʌləˌraɪzəz
colours,ˈkʌlərz
columned,ˈkɑːləmd
comakes,koʊˈmeɪks
comanages,koʊˈmænɪdʒəz
comb,koʊm
combative,ˈkɑːmbətɪv
combatively,ˈkɑːmbətɪvli
combativeness,ˈkɑːmbətɪvnəs
combats,ˈkɑːmbæts
combatted,ˈkɑːmbætəd
combatting,ˈkɑːmbætɪŋ
combe,koʊm
combed,koʊmd
comber,ˈkoʊmər
combers,ˈkoʊmərz
combes,koʊmz
combinative,kəmˈbɪnətɪv
combines,kəmˈbaɪnz
combing,ˈkoʊmɪŋ
combings,ˈkoʊmɪŋz
comblike,ˈkoʊmˌlaɪk
combs,koʊmz
combustive,kəmˈbʌstɪv
combusts,kəmˈbʌsts
come,kʌm
comeback,ˈkʌmˌbæk
comebacks,ˈkʌmˌbæks
comedown,ˈkʌmˌdaʊn
comedowns,ˈkʌmˌdaʊnz
comelier,ˈkʌmliər
comeliest,ˈkʌmliəst
comeliness,ˈkʌmlɪnəs
comely,ˈkʌmli
comes,kʌmz
comeuppance,ˌkʌmˈʌpəns
comeuppances,ˌkʌmˈʌpənsəz
comforts,ˈkʌmfərts
comingles,koʊˈmɪŋɡəlz
commandeered,ˌkɑːmənˈdɪərd
commandeers,ˌkɑːmənˈdɪərz
commands,kəˈmændz
commemorates,kəˈmɛməˌreɪts
commemorative,kəˈmɛmərətɪv
commemoratively,kəˈmɛmərətɪvli
commemoratives,kəˈmɛmərətɪvz
commences,kəˈmɛnsəz
commends,kəˈmɛndz
commensurate,kəˈmɛnsərɪt
commensurately,kəˈmɛnsərɪtli
commentates,ˈkɑːmənˌteɪts
comments,ˈkɑːmɛnts
commercialises,kəˈmɜːrʃəˌlaɪzəz
commercializes,kəˈmɜːrʃəˌlaɪzəz
commingles,kəˈmɪŋɡəlz
comminutes,ˈkɑːmɪˌnjuːts
commiserates,kəˈmɪzəˌreɪts
commiserative,kəˈmɪzərətɪv
commissioned,kəˈmɪʃənd
commissions,kəˈmɪʃənz
commits,kəˈmɪts
committeewomen,kəˈmɪtiˌwɪmɪn
commixed,kəˈmɪkst
commixes,kəˈmɪksəz
commodifies,kəˈmɑːdəˌfaɪz
commonwealth,ˈkɑːmənˌwɛlθ
commonwealths,ˈkɑːmənˌwɛlθs
commove,kəˈmuːv
commoved,kəˈmuːvd
commoves,kəˈmuːvz
commoving,kəˈmuːvɪŋ
communalizes,ˈkɑːmjənəˌlaɪzəz
communes,ˈkɑːmjuːnz
communicates,kəˈmjuːnɪˌkeɪts
communicative,kəˈmjuːnɪkətɪv
communicatively,kəˈmjuːnɪkətɪvli
communicativeness,kəˈmjuːnɪkətɪvnəs
communique,kəˈmjuːnɪˌkeɪ
communiques,kəˈmjuːnɪˌkeɪz
communises,ˈkɑːmjəˌnaɪzəz
communizes,ˈkɑːmjəˌnaɪzəz
commutates,ˈkɑːmjəˌteɪts
commutative,kəˈmjuːtətɪv
commutatively,kəˈmjuːtətɪvli
commutes,kəˈmjuːts
compacts,kəmˈpækts
companies,ˈkʌmpəniz
companionate,kəmˈpænjənɪt
companioned,kəmˈpænjənd
companions,kəmˈpænjənz
comparative,kəmˈpærətɪv
comparatively,kəmˈpærətɪvli
comparativeness,kəmˈpærətɪvnəs
compares,kəmˈpɛrz
compartmentalises,kəmˈpɑːrtməntəˌlaɪzəz
compartmentalizes,kəmˈpɑːrtməntəˌlaɪzəz
compartments,kəmˈpɑːrtmənts
comparts,kəmˈpɑːrts
compassed,ˈkʌmpəst
compasses,ˈkʌmpəsəz
compassionate,kəmˈpæʃənɪt
compassionately,kəmˈpæʃənɪtli
compassionateness,kəmˈpæʃənɪtnəs
comped,kʌmpt
compeered,kəmˈpɪərd
compeers,kəmˈpɪərz
compelled,kəmˈpɛld
compels,kəmˈpɛlz
compensates,ˈkɑːmpənˌseɪts
compensative,kəmˈpɛnsətɪv
comperes,ˈkɑːmpɛrz
competes,kəmˈpiːts
competitive,kəmˈpɛtɪtɪv
competitively,kəmˈpɛtɪtɪvli
competitiveness,kəmˈpɛtɪtɪvnəs
compiles,kəmˈpaɪlz
complained,kəmˈpleɪnd
complains,kəmˈpleɪnz
complects,kəmˈplɛkts
complementizes,ˈkɑːmpləmɛnˌtaɪzəz
complements,ˈkɑːmpləmɛnts
completes,kəmˈpliːts
completive,kəmˈpliːtɪv
completives,kəmˈpliːtɪvz
complexed,kəmˈplɛkst
complexes,ˈkɑːmplɛksəz
complexifies,kəmˈplɛksəˌfaɪz
complexioned,kəmˈplɛkʃənd
complicates,ˈkɑːmplɪˌkeɪts
complies,kəmˈplaɪz
compliments,ˈkɑːmplɪmənts
complots,kəmˈplɒts
comports,kəmˈpɔːrts
composes,kəmˈpoʊzəz
composite,ˈkɑːmpəzɪt
compositely,ˈkɑːmpəzɪtli
composites,ˈkɑːmpəzɪts
compost,ˈkɑːmpoʊst
composts,ˈkɑːmpoʊsts
compounds,ˈkɑːmpaʊndz
comprehends,ˌkɑːmprɪˈhɛndz
comprehensive,ˌkɑːmprɪˈhɛnsɪv
comprehensively,ˌkɑːmprɪˈhɛnsɪvli
comprehensiveness,ˌkɑːmprɪˈhɛnsɪvnəs
compressed,kəmˈprɛst
compresses,kəmˈprɛsəz
compressive,kəmˈprɛsɪv
compressively,kəmˈprɛsɪvli
comprises,kəmˈpraɪzəz
comprizes,kəmˈpraɪzəz
compromises,ˈkɑːmprəˌmaɪzəz
comps,kɑːmps
compts,kɑːmpts
compulsive,kəmˈpʌlsɪv
compulsively,kəmˈpʌlsɪvli
compulsiveness,kəmˈpʌlsɪvnəs
computerises,kəmˈpjuːtəˌraɪzəz
computerizes,kəmˈpjuːtəˌraɪzəz
computes,kəmˈpjuːts
comrade,ˈkɑːmræd
comradeliness,ˈkɑːmrædlɪnəs
comradely,ˈkɑːmrædli
comrades,ˈkɑːmrædz
comradeship,ˈkɑːmrædˌʃɪp
comradeships,ˈkɑːmrædˌʃɪps
conative,ˈkoʊnətɪv
conatives,ˈkoʊnətɪvz
concatenates,kənˈkætəˌneɪts
concaves,kənˈkeɪvz
concealed,kənˈsiːld
conceals,kənˈsiːlz
concedes,kənˈsiːdz
conceit,kənˈsiːt
conceited,kənˈsiːtɪd
conceitedly,kənˈsiːtɪdli
conceitedness,kənˈsiːtɪdnəs
conceivabilities,kənˌsiːvəˈbɪlɪtiz
conceivability,kənˌsiːvəˈbɪlɪti
conceivable,kənˈsiːvəbəl
conceivableness,kənˈsiːvəbəlnəs
conceivably,kənˈsiːvəbli
conceive,kənˈsiːv
conceived,kənˈsiːvd
conceiver,kənˈsiːvər
conceivers,kənˈsiːvərz
conceives,kənˈsiːvz
conceiving,kənˈsiːvɪŋ
concelebrates,kənˈsɛləˌbreɪts
concentered,kənˈsɛntərd
concenters,kənˈsɛntərz
concentrates,ˈkɑːnsənˌtreɪts
concentrative,kənˈsɛntrətɪv
concentratively,kənˈsɛntrətɪvli
concentrativeness,kənˈsɛntrətɪvnəs
concentred,kənˈsɛntərd
concentres,kənˈsɛntərz
conceptive,kənˈsɛptɪv
conceptively,kənˈsɛptɪvli
conceptualises,kənˈsɛptʃuəˌlaɪzəz
conceptualizes,kənˈsɛptʃuəˌlaɪzəz
concerned,kənˈsɜːrnd
concerns,kənˈsɜːrnz
concertises,ˈkɑːnsəˌtaɪzəz
concertizes,ˈkɑːnsəˌtaɪzəz
concerts,ˈkɑːnsərts
concessive,kənˈsɛsɪv
concessively,kənˈsɛsɪvli
conch,kɑːŋk
conches,ˈkɑːŋkəz
conchie,ˈkɑːntʃi
conchies,ˈkɑːntʃiz
concho,ˈkɑːntʃoʊ
conchy,ˈkɑːntʃi
conciliates,kənˈsɪliˌeɪts
conciliative,kənˈsɪliətɪv
concludes,kənˈkluːdz
conclusive,kənˈkluːsɪv
conclusively,kənˈkluːsɪvli
conclusiveness,kənˈkluːsɪvnəs
concoctive,kənˈkɑːktɪv
concocts,kənˈkɑːkts
concourse,ˈkɑːŋkɔːrs
concourses,ˈkɑːŋkɔːrsəz
concretes,ˈkɑːŋkriːts
concretises,ˈkɑːŋkriːˌtaɪzəz
concretizes,ˈkɑːŋkriːˌtaɪzəz
concurred,kənˈkɜːrd
concurs,kənˈkɜːrz
concussed,kənˈkʌst
concusses,kənˈkʌsəz
concussive,kənˈkʌsɪv
concussively,kənˈkʌsɪvli
condemned,kənˈdɛmd
condemns,kənˈdɛmz
condenses,kənˈdɛnsəz
condescends,ˌkɑːndɪˈsɛndz
conditioned,kənˈdɪʃənd
conditions,kənˈdɪʃənz
condoles,kənˈdoʊlz
condones,kənˈdoʊnz
conduces,kənˈduːsəz
conducive,kənˈduːsɪv
conduciveness,kənˈduːsɪvnəs
conductive,kənˈdʌktɪv
conducts,kənˈdʌkts
conduplicate,kənˈduːplɪkət
coneflower,ˈkoʊnˌflaʊər
coneflowers,ˈkoʊnˌflaʊərz
cones,koʊnz
confabbed,kənˈfæbd
confabs,ˈkɑːnfæbz
confabulates,kənˈfæbjəˌleɪts
confects,kənˈfɛkts
confederate,kənˈfɛdərət
confederates,kənˈfɛdəreɪts,(verb),or,kənˈfɛdərɪts,(noun)
confederative,kənˈfɛdərətɪv
conferences,ˈkɑːnfərənsəz
conferred,kənˈfɜːrd
confers,kənˈfɜːrz
confessed,kənˈfɛst
confesses,kənˈfɛsəz
confides,kənˈfaɪdz
configurative,kənˈfɪɡjərətɪv
configures,kənˈfɪɡjərz
confines,ˈkɑːnfaɪnz
confirmative,kənˈfɜːrmətɪv
confirmatively,kənˈfɜːrmətɪvli
confirmed,kənˈfɜːrmd
confirms,kənˈfɜːrmz
confiscates,ˈkɑːnfɪˌskeɪts
conflates,kənˈfleɪts
conflictive,kənˈflɪktɪv
conflicts,ˈkɑːnflɪkts
conformed,kənˈfɔːrmd
conforms,kənˈfɔːrmz
confounds,kənˈfaʊndz
confronts,kənˈfrʌnts
confuse,kənˈfjuːz
confused,kənˈfjuːzd
confusedly,kənˈfjuːzədli
confusedness,kənˈfjuːzdnəs
confuses,kənˈfjuːzəz
confusing,kənˈfjuːzɪŋ
confusingly,kənˈfjuːzɪŋli
confutative,kənˈfjuːtətɪv
confutes,kənˈfjuːts
congaed,ˈkɑːŋɡeɪd
congas,ˈkɑːŋɡəz
congealed,kənˈdʒiːld
congeals,kənˈdʒiːlz
congees,kɑːnˈdʒiːz
congestive,kənˈdʒɛstɪv
congests,kənˈdʒɛsts
conglobate,kɒŋˈɡloʊbeɪt
conglobates,kɒŋˈɡloʊbeɪts
conglobes,kɒŋˈɡloʊbz
conglomerate,kənˈɡlɑːmərət
conglomerates,kənˈɡlɑːməreɪts,(verb),or,kənˈɡlɑːmərɪts,(noun)
conglomerative,kənˈɡlɑːmərətɪv
conglutinates,kənˈɡluːtɪˌneɪts
congou,ˈkɑːŋɡuː
congous,ˈkɑːŋɡuːz
congratulates,kənˈɡrætʃəˌleɪts
congregates,ˈkɑːŋɡrɪˌɡeɪts
congressed,kɒŋˈɡrɛst
congresses,ˈkɑːŋɡrəsəz
congresspeople,ˈkɑːŋɡrəsˌpiːpəl
congresswomen,ˈkɑːŋɡrəsˌwɪmɪn
conjectures,kənˈdʒɛktʃərz
conjoined,kənˈdʒɔɪnd
conjoins,kənˈdʒɔɪnz
conjugate,ˈkɑːndʒəˌɡeɪt
conjugately,ˈkɑːndʒəɡətli
conjugateness,ˈkɑːndʒəɡətnəs
conjugates,ˈkɑːndʒəˌɡeɪts,(verb),or,ˈkɑːndʒəˌɡəts,(noun)
conjunctive,kənˈdʒʌŋktɪv
conjunctively,kənˈdʒʌŋktɪvli
conjunctives,kənˈdʒʌŋktɪvz
conjure,ˈkɑːndʒər
conjured,ˈkɑːndʒərd
conjures,ˈkɑːndʒərz
conked,kɑːŋkt
conks,kɑːŋks
connective,kəˈnɛktɪv
connectively,kəˈnɛktɪvli
connectives,kəˈnɛktɪvz
connects,kəˈnɛkts
conned,kɒnd
connives,kəˈnaɪvz
connotative,ˈkɑːnəˌteɪtɪv
connotatively,ˈkɑːnəˌteɪtɪvli
connotes,kəˈnoʊts
conns,kɒnz
conquer,ˈkɑːŋkər
conquerable,ˈkɑːŋkərəbəl
conquered,ˈkɑːŋkərd
conquering,ˈkɑːŋkərɪŋ
conqueror,ˈkɑːŋkərər
conquerors,ˈkɑːŋkərɛrz
conquers,ˈkɑːŋkərz
conquian,ˈkɒŋkiən
conquistador,kɒnˈkwɪstəˌdɔːr
conquistadores,kɒnˈkwɪstəˌdɔːriz
conquistadors,kɒnˈkwɪstəˌdɔːrz
cons,kɒnz
consanguine,kɒnˈsæŋɡwɪn
conscribes,kənˈskraɪbz
conscripts,ˈkɑːnskrɪpts
consecrates,ˈkɑːnsɪˌkreɪts
consecrative,ˈkɑːnsɪˌkreɪtɪv
consecutive,kənˈsɛkjətɪv
consecutively,kənˈsɛkjətɪvli
consecutiveness,kənˈsɛkjətɪvnəs
consents,kənˈsɛnts
conservatises,kənˈsɜːrvəˌtaɪzəz
conservative,kənˈsɜːrvətɪv
conservatively,kənˈsɜːrvətɪvli
conservativeness,kənˈsɜːrvətɪvnəs
conservatives,kənˈsɜːrvətɪvz
conservatizes,kənˈsɜːrvəˌtaɪzəz
conserve,kənˈsɜːrv
conserved,kənˈsɜːrvd
conserves,kənˈsɜːrvz
considerate,kənˈsɪdərət
considerately,kənˈsɪdərətli
considerateness,kənˈsɪdərətnəs
considered,kənˈsɪdərd
considers,kənˈsɪdərz
consigned,kənˈsaɪnd
consigns,kənˈsaɪnz
consists,kənˈsɪsts
consociates,kənˈsoʊʃiˌeɪts
consoles,ˈkɑːnsəlz
consolidates,kənˈsɑːlɪˌdeɪts
consomme,ˌkɑːnsəˈmeɪ
consommes,ˌkɑːnsəˈmeɪz
consorts,ˈkɑːnsɔːrts
conspires,kənˈspaɪərz
constative,ˈkɑːnstətɪv
constatives,ˈkɑːnstətɪvz
constellates,kənˈstɛləts
consternates,kənˈstɜːrneɪts
constipates,ˈkɑːnstɪˌpeɪts
constitutes,ˈkɑːnstɪˌtuːts
constitutionalizes,kɒnstɪˈtuːʃənəˌlaɪzəz
constitutive,ˈkɑːnstɪˌtuːtɪv
constitutively,ˈkɑːnstɪˌtuːtɪvli
constrained,kənˈstreɪnd
constrains,kənˈstreɪnz
constrictive,kənˈstrɪktɪv
constricts,kənˈstrɪkts
constringes,kənˈstrɪndʒəz
constructive,kənˈstrʌktɪv
constructively,kənˈstrʌktɪvli
constructiveness,kənˈstrʌktɪvnəs
constructs,kənˈstrʌkts
construes,kənˈstruːz
consulate,ˈkɑːnsələt
consulates,ˈkɑːnsələts
consultative,kənˈsʌltətɪv
consultive,kənˈsʌltɪv
consults,kənˈsʌlts
consumes,kənˈsuːmz
consummate,ˈkɑːnsəmɪt
consummately,ˈkɑːnsəmɪtli
consummates,ˈkɑːnsəˌmeɪts
consummative,kənˈsʌmətɪv
consumptive,kənˈsʌmptɪv
consumptively,kənˈsʌmptɪvli
consumptives,kənˈsʌmptɪvz
contacts,ˈkɑːntækts
contained,kənˈteɪnd
containerises,kənˈteɪnəˌraɪzəz
containerizes,kənˈteɪnəˌraɪzəz
contains,kənˈteɪnz
contaminates,kənˈtæmɪˌneɪts
contaminative,kənˈtæmɪnətɪv
contemned,kənˈtɛmd
contemns,kənˈtɛmz
contemplates,ˈkɑːntəmˌpleɪts
contemplative,kənˈtɛmplətɪv
contemplatively,kənˈtɛmplətɪvli
contemplativeness,kənˈtɛmplətɪvnəs
contemplatives,kənˈtɛmplətɪvz
contemporises,kənˈtɛmpəˌraɪzəz
contemporizes,kənˈtɛmpəˌraɪzəz
contends,kənˈtɛndz
contents,ˈkɑːntɛnts
contests,kənˈtɛsts
contextualises,kənˈtɛkstʃuəˌlaɪzəz
contextualizes,kənˈtɛkstʃuəˌlaɪzəz
continuative,kənˈtɪnjuətɪv
continuatively,kənˈtɪnjuətɪvli
continues,kənˈtɪnjuːz
contortive,kənˈtɔːrtɪv
contorts,kənˈtɔːrts
contortuplicate,kənˈtɔːrtəˌplɪkət
contour,ˈkɑːntʊər
contoured,ˈkɑːntʊərd
contouring,ˈkɑːntʊərɪŋ
contours,ˈkɑːntʊərz
contrabass,ˈkɑːntrəˌbeɪs
contraceptive,ˌkɑːntrəˈsɛptɪv
contraceptives,ˌkɑːntrəˈsɛptɪvz
contractive,kənˈtræktɪv
contractively,kənˈtræktɪvli
contractiveness,kənˈtræktɪvnəs
contracts,kənˈtrækts
contradicts,ˌkɑːntrəˈdɪkts
contradistinctive,ˌkɑːntrədɪˈstɪŋktɪv
contradistinctively,ˌkɑːntrədɪˈstɪŋktɪvli
contradistinguished,ˌkɑːntrədɪˈstɪŋɡwɪʃt
contradistinguishes,ˌkɑːntrədɪˈstɪŋɡwɪʃəz
contraindicates,ˌkɑːntrəˈɪndɪˌkeɪts
contraposes,ˌkɑːntrəˈpoʊzəz
contrapositive,ˌkɑːntrəˈpɒzɪtɪv
contrapositives,ˌkɑːntrəˈpɒzɪtɪvz
contrastive,kənˈtræstɪv
contrastively,kənˈtræstɪvli
contrasts,ˈkɑːntræsts
contravenes,ˌkɑːntrəˈviːnz
contributes,kənˈtrɪbjəts
contributive,kənˈtrɪbjətɪv
contributively,kənˈtrɪbjətɪvli
contrives,kənˈtraɪvz
controlled,kənˈtroʊld
controls,kənˈtroʊlz
controverts,ˈkɑːntrəˌvɜːrts
contuses,kənˈtuːzəz
convalesces,ˌkɑːnvəˈlɛsəz
convective,kənˈvɛktɪv
convectively,kənˈvɛktɪvli
convects,kənˈvɛkts
convenes,kənˈviːnz
conventionalises,kənˈvɛnʃənəˌlaɪzəz
conventionalizes,kənˈvɛnʃənəˌlaɪzəz
converges,kənˈvɜːrdʒəz
converses,kənˈvɜːrsəz
conversive,kənˈvɜːrsɪv
converts,kənˈvɜːrts
conveyed,kənˈveɪd
conveyorises,kənˈveɪəˌraɪzəz
conveyorizes,kənˈveɪəˌraɪzəz
conveys,kənˈveɪz
convicts,kənˈvɪkts
convinces,kənˈvɪnsəz
convokes,kənˈvoʊks
convolutes,ˈkɑːnvəˌluːts
convolve,kənˈvɒlv
convolved,kənˈvɒlvd
convolves,kənˈvɒlvz
convoyed,ˈkɑːnvɔɪd
convoys,ˈkɑːnvɔɪz
convulses,kənˈvʌlsəz
convulsive,kənˈvʌlsɪv
convulsively,kənˈvʌlsɪvli
convulsiveness,kənˈvʌlsɪvnəs
cooch,kuːtʃ
cooches,ˈkuːtʃəz
coochie,ˈkuːtʃi
coochies,ˈkuːtʃiz
cooees,kuˈiːz
cooeyed,kuˈiːd
cooeys,kuˈiːz
cooked,kʊkt
cooks,kʊks
cooldown,ˈkuːlˌdaʊn
cooldowns,ˈkuːlˌdaʊnz
cooled,kuːld
coolheaded,ˈkuːlˈhɛdəd
coolheadedly,ˈkuːlˈhɛdədli
coolheadedness,ˈkuːlˈhɛdədnəs
cools,kuːlz
cooped,kuːpt
cooperates,koʊˈɑːpəˌreɪts
cooperative,koʊˈɑːpərətɪv
cooperatively,koʊˈɑːpərətɪvli
cooperativeness,koʊˈɑːpərətɪvnəs
cooperatives,koʊˈɑːpərətɪvz
coopered,ˈkuːpərd
coopers,ˈkuːpərz
coops,kuːps
coopts,koʊˈɑːpts
coordinate,koʊˈɔːrdɪnət
coordinately,koʊˈɔːrdɪnətli
coordinateness,koʊˈɔːrdɪnətnəs
coordinates,koʊˈɔːrdɪneɪts,(verb),or,koʊˈɔːrdɪnəts,(noun)
coordinative,koʊˈɔːrdɪnətɪv
coos,kuːz
copartnered,koʊˈpɑːrtnərd
copartners,koʊˈpɑːrtnərz
copenned,koʊˈpɛnd
copens,koʊˈpɛnz
copes,koʊps
copies,ˈkɑːpiz
copilots,ˈkoʊˌpaɪləts
coplots,ˈkɑːˌplɑːts
copolymerizes,koʊˈpɑːlɪməˌraɪzəz
copped,kɒpt
coppered,ˈkɑːpərd
copperhead,ˈkɑːpərˌhɛd
copperheads,ˈkɑːpərˌhɛdz
coppers,ˈkɑːpərz
coppices,ˈkɑːpɪsəz
copresents,ˌkoʊpriˈzɛnts
coproduces,ˌkoʊprəˈduːsəz
cops,kɒps
copublished,ˌkoʊˈpʌblɪʃt
copublishes,ˌkoʊˈpʌblɪʃəz
copulates,ˈkɑːpjəˌleɪts
copulative,ˈkɑːpjələtɪv
copulatives,ˈkɑːpjələtɪvz
copurifies,ˌkoʊˈpjʊərəˌfaɪz
copycats,ˈkɑːpiˌkæts
copyedits,ˈkɑːpiˌɛdɪts
copyread,ˈkɑːpiˌrɛd
copyreads,ˈkɑːpiˌrɛdz
copyright,ˈkɑːpiˌraɪt
copyrightable,ˈkɑːpiˌraɪtəbəl
copyrighted,ˈkɑːpiˌraɪtəd
copyrighting,ˈkɑːpiˌraɪtɪŋ
copyrights,ˈkɑːpiˌraɪts
coquet,koʊˈkɛt
coquetries,koʊˈkɛtriz
coquetry,koʊˈkɛtri
coquets,koʊˈkɛts
coquette,koʊˈkɛt
coquetted,koʊˈkɛtəd
coquettes,koʊˈkɛts
coquetting,koʊˈkɛtɪŋ
coquettish,koʊˈkɛtɪʃ
coquettishly,koʊˈkɛtɪʃli
coquettishness,koʊˈkɛtɪʃnəs
coquille,koʊˈkiːl
coquilles,koʊˈkiːlz
coquina,koʊˈkiːnə
coquinas,koʊˈkiːnəz
coquito,koʊˈkiːtoʊ
coquitos,koʊˈkiːtoʊz
corbeled,ˈkɔːrbəld
corbelled,ˈkɔːrbəld
corbelling,ˈkɔːrbəlɪŋ
corbels,ˈkɔːrbəlz
cordoned,ˈkɔːrdənd
cordons,ˈkɔːrdənz
cords,kɔːrdz
corduroyed,ˈkɔːrdəˌrɔɪd
corduroys,ˈkɔːrdəˌrɔɪz
coredeemed,ˌkoʊrɪˈdiːmd
coredeems,ˌkoʊrɪˈdiːmz
coreigned,koʊˈreɪnd
coreigns,koʊˈreɪnz
corelates,ˈkɔːrəˌleɪts
corequisite,koʊˈrɛkwɪzɪt
corequisites,koʊˈrɛkwɪzɪts
cores,kɔːrz
coresearcher,koʊrɪˈsɜːrtʃər
coresearchers,koʊrɪˈsɜːrtʃərz
corked,kɔːrkt
corks,kɔːrks
corkscrewed,ˈkɔːrkˌskruːd
corkscrews,ˈkɔːrkˌskruːz
cornbread,ˈkɔːrnˌbrɛd
cornbreads,ˈkɔːrnˌbrɛdz
corned,kɔːrnd
cornered,ˈkɔːrnərd
corners,ˈkɔːrnərz
cornflower,ˈkɔːrnˌflaʊər
cornflowers,ˈkɔːrnˌflaʊərz
cornices,ˈkɔːrnɪsəz
corniche,kɔːrˈniːʃ
corniches,kɔːrˈniːʃəz
cornrowed,ˈkɔːrnroʊd
cornrows,ˈkɔːrnroʊz
corns,kɔːrnz
cornstalk,ˈkɔːrnˌstɔːk
cornstalks,ˈkɔːrnˌstɔːks
cornstarch,ˈkɔːrnˌstɑːrtʃ
cornstarches,ˈkɔːrnˌstɑːrtʃəz
cornutes,kɔːrˈnuːts
corollate,ˈkɔːrəˌleɪt
coronates,ˈkɔːrəˌneɪts
corotates,koʊˈroʊteɪts
corporate,ˈkɔːrpərət
corporately,ˈkɔːrpərətli
corporates,ˈkɔːrpərɪts
corporative,ˈkɔːrpərətɪv
corps,kɔːrz
corpsman,ˈkɔːrzmən
corpsmen,ˈkɔːrzmɛn
corrades,kəˈreɪdz
corralled,kəˈræld
corrals,kəˈrælz
corrasive,kəˈreɪsɪv
corrective,kəˈrɛktɪv
correctively,kəˈrɛktɪvli
correctives,kəˈrɛktɪvz
corrects,kəˈrɛkts
correlate,ˈkɔːrəˌleɪt
correlates,ˈkɔːrəˌleɪts,(verb),or,ˈkɔːrəˌləts,(noun)
correlative,kəˈrɛlətɪv
correlatively,kəˈrɛlətɪvli
correlatives,kəˈrɛlətɪvz
corresponds,ˌkɔːrəˈspɑːndz
corresponsive,ˌkɔːrəˈspɑːnsɪv
corresponsively,ˌkɔːrəˈspɑːnsɪvli
corroborates,kəˈrɑːbəˌreɪts
corroborative,kəˈrɑːbərətɪv
corroboratively,kəˈrɑːbərətɪvli
corrodes,kəˈroʊdz
corrosive,kəˈroʊsɪv
corrosively,kəˈroʊsɪvli
corrosiveness,kəˈroʊsɪvnəs
corrosives,kəˈroʊsɪvz
corrugates,ˈkɔːrəˌɡeɪts
corruptive,kəˈrʌptɪv
corruptively,kəˈrʌptɪvli
corrupts,kəˈrʌpts
corselette,ˌkɔːrsəˈlɛt
corselettes,ˌkɔːrsəˈlɛts
corsets,ˈkɔːrsəts
coruscates,ˈkɔːrəˌskeɪts
corve,kɔːrv
corves,kɔːrvz
corvette,kɔɹˈvɛt
corvettes,ˌkɔɹˈvɛts
corymbed,ˈkɔːrɪmd
coscripts,ˈkoʊˌskrɪpts
coses,ˈkoʊzəz
coseyed,ˈkoʊziːd
coseys,ˈkoʊziːz
coshed,kɑːʃt
coshered,ˈkɑːʃərd
coshers,ˈkɑːʃərz
coshes,ˈkɑːʃəz
cosies,ˈkoʊziz
cosigned,koʊˈsaɪnd
cosigns,koʊˈsaɪnz
cosmeticizes,kɒzˈmɛtɪˌsaɪzəz
cosplayed,ˈkɑːsˌpleɪd
cosplays,ˈkɑːsˌpleɪz
cosponsored,koʊˈspɑːnsərd
cosponsors,koʊˈspɑːnsərz
cossets,ˈkɑːsəts
costarred,ˈkoʊˌstɑːrd
costars,ˈkoʊˌstɑːrz
costive,ˈkɑːstɪv
costively,ˈkɑːstɪvli
costiveness,ˈkɑːstɪvnəs
costs,kɑːsts
costumes,ˈkɑːstuːmz
cotes,koʊts
cotransduces,koʊtrænsˈduːsəz
cotransferred,koʊtrænsˈfɜːrd
cotransfers,koʊtrænsˈfɜːrz
cotransports,koʊtrænsˈpɔːrts
cottered,ˈkɑːtərd
cotters,ˈkɑːtərz
cottoned,ˈkɑːtənd
cottons,ˈkɑːtənz
couch,kaʊtʃ
couchant,ˈkaʊtʃənt
couched,kaʊtʃt
coucher,ˈkaʊtʃər
couchers,ˈkaʊtʃərz
couches,ˈkaʊtʃəz
couching,ˈkaʊtʃɪŋ
couchings,ˈkaʊtʃɪŋz
coude,kuːˈdeɪ
cougar,ˈkuːɡər
cougars,ˈkuːɡərz
cough,kɔːf
coughed,kɔːft
coughing,ˈkɔːfɪŋ
coughs,kɔːfs
could,kʊd
couldest,ˈkʊdəst
couldst,kʊdst
coulee,ˈkuːli
coulees,ˈkuːliz
couleur,kuːˈlɜːr
couleurs,kuːˈlɜːrz
coulis,ˈkuːli
coulisse,kuːˈlɪs
coulisses,kuːˈlɪsəz
couloir,kuːˈlwɑːr
couloirs,kuːˈlwɑːrz
coumarou,ˈkuːməruː
coumarous,ˈkuːməruːz
councilwomen,ˈkaʊnsəlˌwɪmɪn
counseled,ˈkaʊnsəld
counselled,ˈkaʊnsəld
counselling,ˈkaʊnsəlɪŋ
counsellings,ˈkaʊnsəlɪŋz
counsels,ˈkaʊnsəlz
countdown,ˈkaʊntˌdaʊn
countdowns,ˈkaʊntˌdaʊnz
countenances,ˈkaʊntənənsəz
counteractive,ˌkaʊntərˈæktɪv
counteracts,ˌkaʊntərˈækts
counterargues,ˈkaʊntərˌɑːrɡjuːz
counterattacked,ˌkaʊntərəˈtækt
counterattacks,ˌkaʊntərəˈtækts
counterbalances,ˌkaʊntərˈbælənsəz
counterbids,ˈkaʊntərˌbɪdz
counterblockades,ˈkaʊntərblɑːˌkeɪdz
counterchange,ˈkaʊntərˌtʃeɪndʒ
counterchanged,ˈkaʊntərˌtʃeɪndʒd
counterchanges,ˈkaʊntərˌtʃeɪndʒəz
counterchanging,ˈkaʊntərˌtʃeɪndʒɪŋ
countercharge,ˈkaʊntərˌtʃɑːrdʒ
countercharged,ˈkaʊntərˌtʃɑːrdʒd
countercharges,ˈkaʊntərˌtʃɑːrdʒəz
countercharging,ˈkaʊntərˌtʃɑːrdʒɪŋ
countercheck,ˈkaʊntərˌtʃɛk
counterchecked,ˈkaʊntərˌtʃɛkt
counterchecking,ˈkaʊntərˌtʃɛkɪŋ
counterchecks,ˈkaʊntərˌtʃɛks
counterclaimed,ˌkaʊntərˈkleɪmd
counterclaims,ˌkaʊntərˈkleɪmz
countercountermeasure,ˌkaʊntərˈkaʊntərˌmɛʒər
countercountermeasures,ˌkaʊntərˈkaʊntərˌmɛʒərz
countercoup,ˈkaʊntərˌkuː
countercoups,ˈkaʊntərˌkuːz
counterdemonstrates,ˌkaʊntərˈdɛmənˌstreɪts
countered,ˈkaʊntərd
counterfeit,ˈkaʊntərˌfɪt
counterfeited,ˈkaʊntərˌfɪtəd
counterfeiter,ˈkaʊntərˌfɪtər
counterfeiters,ˈkaʊntərˌfɪtərz
counterfeiting,ˈkaʊntərˌfɪtɪŋ
counterfeits,ˈkaʊntərˌfɪts
counterguerrilla,ˈkaʊntərɡəˌrɪlə
counterguerrillas,ˈkaʊntərɡəˌrɪləz
counterincentive,ˈkaʊntərɪnˌsɛntɪv
counterincentives,ˈkaʊntərɪnˌsɛntɪvz
counterinfluences,ˈkaʊntərˌɪnfluənsəz
counterintuitive,ˌkaʊntərɪnˈtuːɪtɪv
counterintuitively,ˌkaʊntərɪnˈtuːɪtɪvli
countermands,ˌkaʊntərˈmændz
countermarch,ˈkaʊntərˌmɑːrtʃ
countermarched,ˈkaʊntərˌmɑːrtʃt
countermarches,ˈkaʊntərˌmɑːrtʃəz
countermarching,ˈkaʊntərˌmɑːrtʃɪŋ
countermeasure,ˈkaʊntərˌmɛʒər
countermeasures,ˈkaʊntərˌmɛʒərz
countermines,ˈkaʊntərˌmaɪnz
countermove,ˈkaʊntərˌmuːv
countermoved,ˈkaʊntərˌmuːvd
countermovement,ˈkaʊntərˌmuːvmənt
countermovements,ˈkaʊntərˌmuːvmənts
countermoves,ˈkaʊntərˌmuːvz
countermoving,ˈkaʊntərˌmuːvɪŋ
counteroffensive,ˌkaʊntərəˈfɛnsɪv
counteroffensives,ˌkaʊntərəˈfɛnsɪvz
counterordered,ˈkaʊntərˌɔːrdərd
counterorders,ˈkaʊntərˌɔːrdərz
counterpetitioned,ˌkaʊntərpɪˈtɪʃənd
counterpetitions,ˌkaʊntərpɪˈtɪʃənz
counterpickets,ˈkaʊntərˌpɪkɪts
counterplots,ˈkaʊntərˌplɑːts
counterpoints,ˈkaʊntərˌpɔɪnts
counterpoises,ˈkaʊntərˌpɔɪzəz
counterposes,ˈkaʊntərˌpoʊzəz
counterpower,ˈkaʊntərˌpaʊər
counterpowers,ˈkaʊntərˌpaʊərz
counterproductive,ˌkaʊntərprəˈdʌktɪv
counterpunch,ˈkaʊntərˌpʌntʃ
counterpunched,ˈkaʊntərˌpʌntʃt
counterpuncher,ˈkaʊntərˌpʌntʃər
counterpunchers,ˈkaʊntərˌpʌntʃərz
counterpunches,ˈkaʊntərˌpʌntʃəz
counterpunching,ˈkaʊntərˌpʌntʃɪŋ
counterraids,ˈkaʊntərˌreɪdz
counterrallies,ˈkaʊntərˌræliz
counters,ˈkaʊntərz
countersigned,ˈkaʊntərˌsaɪnd
countersigns,ˈkaʊntərˌsaɪnz
countersinks,ˈkaʊntərˌsɪŋks
counterstained,ˈkaʊntərˌsteɪnd
counterstains,ˈkaʊntərˌsteɪnz
counterstrikes,ˈkaʊntərˌstraɪks
countersues,ˈkaʊntərˌsuːz
countersuit,ˈkaʊntərˌsuːt
countersuits,ˈkaʊntərˌsuːts
counterthreat,ˈkaʊntərˌθrɛt
counterthreats,ˈkaʊntərˌθrɛts
countervailed,ˌkaʊntərˈveɪld
countervails,ˌkaʊntərˈveɪlz
counterweight,ˈkaʊntərˌweɪt
counterweighted,ˈkaʊntərˌweɪtəd
counterweighting,ˈkaʊntərˌweɪtɪŋ
counterweights,ˈkaʊntərˌweɪts
countries,ˈkʌntriz
countrified,ˈkʌntriˌfaɪd
countrifies,ˈkʌntriˌfaɪz
countrify,ˈkʌntriˌfaɪ
countrifying,ˈkʌntriˌfaɪɪŋ
country,ˈkʌntri
countryish,ˈkʌntriɪʃ
countryman,ˈkʌntrimən
countrymen,ˈkʌntrimɛn
countryseat,ˈkʌntriˌsiːt
countryseats,ˈkʌntriˌsiːts
countryside,ˈkʌntriˌsaɪd
countrysides,ˈkʌntriˌsaɪdz
countrywide,ˈkʌntriˌwaɪd
countrywoman,ˈkʌntriˌwʊmən
countrywomen,ˈkʌntriˌwʊmɛn
counts,kaʊnts
coup,kuː
couple,ˈkʌpəl
coupled,ˈkʌpəld
couplement,ˈkʌpəlmənt
couplements,ˈkʌpəlmənts
coupler,ˈkʌpələr
couplers,ˈkʌpələrz
couples,ˈkʌpəlz
couplet,ˈkʌplɪt
couplets,ˈkʌplɪts
coupling,ˈkʌplɪŋ
couplings,ˈkʌplɪŋz
coups,kuːz
courage,ˈkɜːrɪdʒ
courageous,kəˈreɪdʒəs
courageously,kəˈreɪdʒəsli
courageousness,kəˈreɪdʒəsnəs
courant,kʊˈrɑːnt
courante,kʊˈrɑːnt
courantes,kʊˈrɑːnts
courants,kʊˈrɑːnts
courgette,kʊərˈʒɛt
courgettes,kʊərˈʒɛts
courier,ˈkʊriər
couriers,ˈkʊriərz
courlan,ˈkʊrlæn
courlans,ˈkʊrlænz
course,kɔːrs
coursed,kɔːrst
courser,ˈkɔːrsər
coursers,ˈkɔːrsərz
courses,ˈkɔːrsəz
courseware,ˈkɔːrsˌwɛər
coursewares,ˈkɔːrsˌwɛərz
coursework,ˈkɔːrsˌwɜːrk
coursing,ˈkɔːrsɪŋ
coursings,ˈkɔːrsɪŋz
court,kɔːrt
courted,ˈkɔːrtəd
courteous,ˈkɜːrtiəs
courteously,ˈkɜːrtiəsli
courteousness,ˈkɜːrtiəsnəs
courter,ˈkɔːrtər
courters,ˈkɔːrtərz
courtesan,ˈkɔːrtəzən
courtesans,ˈkɔːrtəzənz
courtesied,ˈkɜːrtisid
courtesies,ˈkɜːrtisiz
courtesy,ˈkɜːrtəsi
courtesying,ˈkɜːrtisiɪŋ
courthouse,ˈkɔːrtˌhaʊs
courthouses,ˈkɔːrtˌhaʊsəz
courtier,ˈkɔːrtiər
courtiers,ˈkɔːrtiərz
courting,ˈkɔːrtɪŋ
courtlier,ˈkɔːrtliər
courtliest,ˈkɔːrtliəst
courtliness,ˈkɔːrtlɪnəs
courtly,ˈkɔːrtli
courtmartial,ˈkɔːrtˌmɑːrʃəl
courtmartialed,ˈkɔːrtˌmɑːrʃəld
courtmartialing,ˈkɔːrtˌmɑːrʃəlɪŋ
courtmartialled,ˈkɔːrtˌmɑːrʃəld
courtmartialling,ˈkɔːrtˌmɑːrʃəlɪŋ
courtmartials,ˈkɔːrtˌmɑːrʃəlz
courtroom,ˈkɔːrtˌruːm
courtrooms,ˈkɔːrtˌruːmz
courts,kɔːrts
courtship,ˈkɔːrtˌʃɪp
courtships,ˈkɔːrtˌʃɪps
courtside,ˈkɔːrtˌsaɪd
courtyard,ˈkɔːrtˌjɑːrd
courtyards,ˈkɔːrtˌjɑːrdz
cousin,ˈkʌzən
cousinage,ˈkʌzənɪdʒ
cousinages,ˈkʌzənɪdʒəz
cousinhood,ˈkʌzənhʊd
cousinhoods,ˈkʌzənhʊdz
cousinly,ˈkʌzənli
cousinries,ˈkʌzənrɪz
cousinry,ˈkʌzənri
cousins,ˈkʌzənz
cousinship,ˈkʌzənˌʃɪp
cousinships,ˈkʌzənˌʃɪps
couteau,kuːˈtoʊ
couteaux,kuːˈtoʊz
couth,kuːθ
couther,ˈkuːθər
couthest,ˈkuːθəst
couthie,ˈkuːθi
couthier,ˈkuːθiər
couthiest,ˈkuːθiəst
couths,kuːθs
couture,kuːˈtʊər
coutures,kuːˈtʊərz
couturier,kuːˈtʊriər
couturiere,kuːˈtʊriər
couturieres,kuːˈtʊriərz
couturiers,kuːˈtʊriərz
couvade,kuːˈvɑːd
couvades,kuːˈvɑːdz
covenants,ˈkʌvənənts
coveralled,ˈkʌvərˌɔːld
covered,ˈkʌvərd
covers,ˈkʌvərz
coves,koʊvz
covets,ˈkʌvəts
cow,kaʊ
cowage,ˈkaʊɪdʒ
cowages,ˈkaʊɪdʒəz
coward,ˈkaʊərd
cowardice,ˈkaʊərdɪs
cowardices,ˈkaʊərdɪsəz
cowardliness,ˈkaʊərdlɪnəs
cowardly,ˈkaʊərdli
cowards,ˈkaʊərdz
cowbane,ˈkaʊˌbeɪn
cowbanes,ˈkaʊˌbeɪnz
cowbell,ˈkaʊˌbɛl
cowbells,ˈkaʊˌbɛlz
cowberries,ˈkaʊˌbɛriz
cowberry,ˈkaʊˌbɛri
cowbind,ˈkaʊˌbaɪnd
cowbinds,ˈkaʊˌbaɪndz
cowbird,ˈkaʊˌbɜːrd
cowbirds,ˈkaʊˌbɜːrdz
cowboy,ˈkaʊˌbɔɪ
cowboys,ˈkaʊˌbɔɪz
cowcatcher,ˈkaʊˌkætʃər
cowcatchers,ˈkaʊˌkætʃərz
cowed,kaʊd
cowedly,ˈkaʊədli
cower,ˈkaʊər
cowered,ˈkaʊərd
cowering,ˈkaʊərɪŋ
cowers,ˈkaʊərz
cowfish,ˈkaʊˌfɪʃ
cowfishes,ˈkaʊˌfɪʃəz
cowflap,ˈkaʊˌflæp
cowflaps,ˈkaʊˌflæps
cowflop,ˈkaʊˌflɑːp
cowflops,ˈkaʊˌflɑːps
cowgirl,ˈkaʊˌɡɜːrl
cowgirls,ˈkaʊˌɡɜːrlz
cowhage,ˈkaʊɪdʒ
cowhages,ˈkaʊɪdʒəz
cowhand,ˈkaʊˌhænd
cowhands,ˈkaʊˌhændz
cowherb,ˈkaʊˌhɜːrb
cowherbs,ˈkaʊˌhɜːrbz
cowherd,ˈkaʊˌhɜːrd
cowherds,ˈkaʊˌhɜːrdz
cowhide,ˈkaʊˌhaɪd
cowhided,ˈkaʊˌhaɪdəd
cowhides,ˈkaʊˌhaɪdz
cowhiding,ˈkaʊˌhaɪdɪŋ
cowier,ˈkaʊiər
cowiest,ˈkaʊiəst
cowing,ˈkaʊɪŋ
cowl,kaʊl
cowled,kaʊld
cowlick,ˈkaʊˌlɪk
cowlicks,ˈkaʊˌlɪks
cowling,ˈkaʊlɪŋ
cowlings,ˈkaʊlɪŋz
cowls,kaʊlz
cowlstaff,ˈkaʊlˌstæf
cowlstaffs,ˈkaʊlˌstæfs
cowlstaves,ˈkaʊlˌsteɪvz
cowman,ˈkaʊmən
cowmen,ˈkaʊmɛn
cowpat,ˈkaʊˌpæt
cowpats,ˈkaʊˌpæts
cowpea,ˈkaʊˌpiː
cowpeas,ˈkaʊˌpiːz
cowpie,ˈkaʊˌpaɪ
cowpies,ˈkaʊˌpaɪz
cowplop,ˈkaʊˌplɑːp
cowplops,ˈkaʊˌplɑːps
cowpoke,ˈkaʊˌpoʊk
cowpokes,ˈkaʊˌpoʊks
cowpox,ˈkaʊˌpɑːks
cowpoxes,ˈkaʊˌpɑːksəz
cowpuncher,ˈkaʊˌpʌntʃər
cowpunchers,ˈkaʊˌpʌntʃərz
cowrie,ˈkaʊri
cowries,ˈkaʊriz
cowrites,koʊˈraɪts
cowry,ˈkaʊri
cows,kaʊz
cowshed,ˈkaʊˌʃɛd
cowsheds,ˈkaʊˌʃɛdz
cowskin,ˈkaʊˌskɪn
cowskins,ˈkaʊˌskɪnz
cowslip,ˈkaʊˌslɪp
cowslips,ˈkaʊˌslɪps
cowtown,ˈkaʊˌtaʊn
cowtowns,ˈkaʊˌtaʊnz
cowy,ˈkaʊi
coxcomb,ˈkɑːksˌkoʊm
coxcombical,ˌkɑːksˈkɑːmbɪkəl
coxcombries,ˈkɑːksˌkoʊmbriz
coxcombry,ˈkɑːksˌkoʊmbri
coxcombs,ˈkɑːksˌkoʊmz
coxed,kɑːkst
coxes,ˈkɑːksəz
coxswain,ˈkɑːkswən
coxswained,ˈkɑːkswənd
coxswaining,ˈkɑːkswənɪŋ
coxswains,ˈkɑːkswənz
coyed,kɔɪd
coys,kɔɪz
cozened,ˈkʌzənd
cozens,ˈkʌzənz
cozes,ˈkoʊzəz
cozies,ˈkoʊziz
craaled,krɑːld
craals,krɑːlz
crabbed,ˈkræbəd
crabs,kræbz
crackbrained,ˈkrækˌbreɪnd
crackdown,ˈkrækˌdaʊn
crackdowns,ˈkrækˌdaʊnz
cracked,krækt
crackhead,ˈkrækˌhɛd
crackheads,ˈkrækˌhɛdz
crackles,ˈkrækəlz
cracks,kræks
cradles,ˈkreɪdəlz
crafts,kræfts
craftspeople,ˈkræftˌspiːpəl
craftswomen,ˈkræftˌwɪmɪn
cragged,ˈkræɡəd
crammed,kræmd
cramped,kræmpt
cramps,kræmps
crams,kræmz
cranch,kræntʃ
cranched,kræntʃt
cranches,ˈkræntʃəz
cranching,ˈkræntʃɪŋ
cranes,kreɪnz
craniate,ˈkreɪniət
craniates,ˈkreɪniəts
cranked,kræŋkt
crankles,ˈkræŋkəlz
cranks,kræŋks
crapes,kreɪps
crapped,kræpt
craps,kræps
crashed,kræʃt
crashes,ˈkræʃəz
cratered,ˈkreɪtərd
craters,ˈkreɪtərz
crates,kreɪts
craunch,krɔːntʃ
craunched,krɔːntʃt
craunches,ˈkrɔːntʃəz
craunching,ˈkrɔːntʃɪŋ
cravened,ˈkreɪvənd
cravens,ˈkreɪvənz
craves,kreɪvz
crawfished,ˈkrɔːˌfɪʃt
crawfishes,ˈkrɔːˌfɪʃəz
crawled,krɔːld
crawls,krɔːlz
crayoned,ˈkreɪənd
crayons,ˈkreɪənz
crazes,ˈkreɪzəz
creaked,kriːkt
creaks,kriːks
creamed,kriːmd
creams,kriːmz
creases,ˈkriːsəz
creates,kriˈeɪts
creative,kriˈeɪtɪv
creatively,kriˈeɪtɪvli
creativeness,kriˈeɪtɪvnəs
creche,krɛʃ
creches,ˈkrɛʃəz
credentialed,krɪˈdɛnʃəld
credentialled,krɪˈdɛnʃəld
credentialling,krɪˈdɛnʃəlɪŋ
credentials,krɪˈdɛnʃəlz
credits,ˈkrɛdɪts
creeled,kriːld
creels,kriːlz
creeps,kriːps
creeshed,kriːʃt
creeshes,ˈkriːʃəz
cremates,ˈkriːˌmeɪts
creme,krɛm
cremes,krɛmz
crenelates,ˈkrɛnəˌleɪts
creneled,ˈkrɛnəld
crenellates,ˈkrɛnəˌleɪts
crenelled,ˈkrɛnəld
crenelles,ˈkrɛnəlz
crenelling,ˈkrɛnəlɪŋ
crenels,ˈkrɛnəlz
creolises,ˈkriːəˌlaɪzəz
creolizes,ˈkriːəˌlaɪzəz
creosotes,ˈkriːəˌsoʊts
crepes,kreɪps
crepitates,ˈkrɛpɪˌteɪts
crescendoes,krəˈʃɛndoʊz
crescendos,krəˈʃɛndoʊz
crescive,ˈkrɛsɪv
crescively,ˈkrɛsɪvli
crests,krɛsts
crevasses,krəˈvæsəz
crevices,ˈkrɛvɪsəz
crewed,kruːd
crews,kruːz
cribbed,krɪbd
cribbles,ˈkrɪbəlz
cribs,krɪbz
cricked,krɪkt
crickets,ˈkrɪkɪts
cricks,krɪks
cries,kraɪz
criminalises,ˈkrɪmənəˌlaɪzəz
criminalizes,ˈkrɪmənəˌlaɪzəz
criminate,ˈkrɪmɪˌneɪt
criminates,ˈkrɪmɪneɪts
crimped,krɪmpt
crimples,ˈkrɪmpəlz
crimps,krɪmps
crimsoned,ˈkrɪmzənd
crimsons,ˈkrɪmzənz
cringes,ˈkrɪndʒəz
crinkles,ˈkrɪŋkəlz
cripples,ˈkrɪpəlz
cris,krɪz
crispate,ˈkrɪspeɪt
crispbread,ˈkrɪspˌbrɛd
crispbreads,ˈkrɪspˌbrɛdz
crisped,krɪspt
crispened,ˈkrɪspənd
crispens,ˈkrɪspənz
crisps,krɪsps
crisscrossed,ˈkrɪsˌkrɔːst
crisscrosses,ˈkrɪsˌkrɔːsəz
criticises,ˈkrɪtɪˌsaɪzəz
criticizes,ˈkrɪtɪˌsaɪzəz
critique,krɪˈtiːk
critiqued,krɪˈtiːkt
critiques,krɪˈtiːks
critiquing,krɪˈtiːkɪŋ
croaked,kroʊkt
croaks,kroʊks
crochet,kroʊˈʃeɪ
crocheted,kroʊˈʃeɪd
crocheter,kroʊˈʃeɪtər
crocheters,kroʊˈʃeɪtərz
crocheting,kroʊˈʃeɪɪŋ
crochets,kroʊˈʃeɪz
crocked,krɑːkt
crocks,krɑːks
crookbacked,ˈkrʊkˌbækt
crooned,kruːnd
croons,kruːnz
cropped,krɑːpt
crops,krɑːps
croquet,kroʊˈkeɪ
croqueted,kroʊˈkeɪd
croqueting,kroʊˈkeɪɪŋ
croquets,kroʊˈkeɪz
croquette,kroʊˈkɛt
croquettes,kroʊˈkɛts
croquignole,ˈkroʊkɪˌnoʊl
croquis,kroʊˈkiː
crossbands,ˈkrɔːsˌbændz
crossbarred,ˈkrɔːsˌbɑːrd
crossbars,ˈkrɔːsˌbɑːrz
crossbearer,ˈkrɔːsˌbɛrər
crossbearers,ˈkrɔːsˌbɛrərz
crossbreeds,ˈkrɔːsˌbriːdz
crosscountry,ˈkrɔːsˌkʌntri
crosscourt,ˈkrɔːsˌkɔːrt
crosscuts,ˈkrɔːsˌkʌts
crossed,krɔːst
crosses,ˈkrɔːsəz
crosshatched,ˈkrɔːsˌhætʃt
crosshatches,ˈkrɔːsˌhætʃəz
crosshead,ˈkrɔːsˌhɛd
crossheads,ˈkrɔːsˌhɛdz
crosslegged,ˈkrɔːsˈlɛɡəd
crosslinked,ˈkrɔːsˌlɪŋkt
crosslinks,ˈkrɔːsˌlɪŋks
crossruffed,ˈkrɔːsˌrʌft
crossruffs,ˈkrɔːsˌrʌfs
crosstalk,ˈkrɔːsˌtɔːk
crosstalks,ˈkrɔːsˌtɔːks
crosstown,ˈkrɔːsˌtaʊn
crosswalk,ˈkrɔːsˌwɔːk
crosswalks,ˈkrɔːsˌwɔːks
crotched,krɑːtʃt
crouch,kraʊtʃ
crouched,kraʊtʃt
crouches,ˈkraʊtʃəz
crouching,ˈkraʊtʃɪŋ
croustade,kruːˈstɑːd
croustades,kruːˈstɑːdz
crouton,ˈkruːtɑːn
croutons,ˈkruːtɑːnz
crowbarred,ˈkroʊˌbɑːrd
crowbars,ˈkroʊˌbɑːrz
crowd,kraʊd
crowd,kraʊd
crowded,ˈkraʊdɪd
crowdedness,ˈkraʊdɪdnəs
crowder,ˈkraʊdər
crowders,ˈkraʊdərz
crowdfund,ˈkraʊdˌfʌnd
crowdfunded,ˈkraʊdˌfʌndəd
crowdfunder,ˈkraʊdˌfʌndər
crowdfunders,ˈkraʊdˌfʌndərz
crowdfunding,ˈkraʊdˌfʌndɪŋ
crowdfunds,ˈkraʊdˌfʌndz
crowdie,ˈkraʊdi
crowdies,ˈkraʊdiz
crowding,ˈkraʊdɪŋ
crowds,kraʊdz
crowdy,ˈkraʊdi
crowed,kroʊd
crown,kraʊn
crowned,kraʊnd
crowner,ˈkraʊnər
crowners,ˈkraʊnərz
crownet,ˈkraʊnɪt
crownets,ˈkraʊnɪts
crowning,ˈkraʊnɪŋ
crownless,ˈkraʊnləs
crowns,kraʊnz
crows,kroʊz
crowstepped,ˈkroʊˌstɛpt
cruciate,ˈkruːʃiˌeɪt
crucifies,ˈkruːsəˌfaɪz
crudites,kruːdɪˈteɪ
cruds,krʌdz
crueller,ˈkruːələr
cruellest,ˈkruːələst
cruise,kruːz
cruised,kruːzd
cruiser,ˈkruːzər
cruisers,ˈkruːzərz
cruiserweight,ˈkruːzərˌweɪt
cruiserweights,ˈkruːzərˌweɪts
cruises,ˈkruːzəz
cruising,ˈkruːzɪŋ
cruisings,ˈkruːzɪŋz
crumbed,krʌmd
crumbles,ˈkrʌmbəlz
crumbs,krʌmz
crumped,krʌmpt
crumples,ˈkrʌmpəlz
crumps,krʌmps
crunch,krʌntʃ
crunchable,ˈkrʌntʃəbəl
crunched,krʌntʃt
cruncher,ˈkrʌntʃər
crunchers,ˈkrʌntʃərz
crunches,ˈkrʌntʃəz
crunchier,ˈkrʌntʃiər
crunchiest,ˈkrʌntʃiəst
crunchily,ˈkrʌntʃɪli
crunchiness,ˈkrʌntʃɪnəs
crunching,ˈkrʌntʃɪŋ
crunchy,ˈkrʌntʃi
crusades,kruːˈseɪdz
crushed,krʌʃt
crushes,ˈkrʌʃəz
crusts,krʌsts
crutched,krʌtʃt
crutches,ˈkrʌtʃəz
cryopreserve,ˈkraɪoʊprɪˌzɜːrv
cryopreserved,ˈkraɪoʊprɪˌzɜːrvd
cryopreserves,ˈkraɪoʊprɪˌzɜːrvz
cryoprotective,ˈkraɪoʊprəˌtɛktɪv
cryosurgeon,ˈkraɪoʊˌsɜːrdʒən
cryosurgeons,ˈkraɪoʊˌsɜːrdʒənz
crystalises,ˈkrɪstəˌlaɪzəz
crystalizable,ˈkrɪstəlaɪzəbəl
crystalization,ˌkrɪstələˈzeɪʃən
crystalizations,ˌkrɪstələˈzeɪʃənz
crystalize,ˈkrɪstəˌlaɪz
crystalized,ˈkrɪstəˌlaɪzd
crystalizer,ˈkrɪstəˌlaɪzər
crystalizers,ˈkrɪstəˌlaɪzərz
crystalizes,ˈkrɪstəˌlaɪzəz
crystalizing,ˈkrɪstəˌlaɪzɪŋ
crystallises,ˈkrɪstəˌlaɪzəz
crystallizes,ˈkrɪstəˌlaɪzəz
cubes,kjuːbz
cuckoopint,ˈkʊkuːˌpɪnt
cuckoopints,ˈkʊkuːˌpɪnts
cuckoos,ˈkʊkuːz
cucullate,ˈkjuːkjəˌleɪt
cudbear,ˈkʌdˌbɛər
cudbears,ˈkʌdˌbɛərz
cuddles,ˈkʌdəlz
cuddlesome,ˈkʌdəlsəm
cudgeled,ˈkʌdʒəld
cudgelled,ˈkʌdʒəld
cudgelling,ˈkʌdʒəlɪŋ
cudgels,ˈkʌdʒəlz
cueing,ˈkjuːɪŋ
cues,kjuːz
cuffed,kʌft
cuffs,kʌfs
cuirassed,kwɪˈræst
cuirasses,kwɪˈræsəz
cuittles,ˈkɪtəlz
culch,kʌltʃ
culches,ˈkʌltʃəz
culled,kʌld
cullies,ˈkʌliz
culls,kʌlz
culmed,kʌlmd
culminates,ˈkʌlmɪˌneɪts
culms,kʌlmz
cultivates,ˈkʌltɪˌveɪts
cultures,ˈkʌltʃərz
cumbered,ˈkʌmbərd
cumbers,ˈkʌmbərz
cumbersome,ˈkʌmbərsəm
cumbersomely,ˈkʌmbərsəmli
cumbersomeness,ˈkʌmbərsəmnəs
cums,kʌmz
cumulates,ˈkjuːmjəˌleɪts
cumulative,ˈkjuːmjələtɪv
cumulatively,ˈkjuːmjələtɪvli
cumulativeness,ˈkjuːmjələtɪvnəs
cunctative,ˈkʌŋktətɪv
cuneate,ˈkjuːniˌeɪt
cupbearer,ˈkʌpˌbɛrər
cupbearers,ˈkʌpˌbɛrərz
cupeled,ˈkjuːpəld
cupellation,ˌkjuːpəˈleɪʃən
cupellations,ˌkjuːpəˈleɪʃənz
cupelled,ˈkjuːpəld
cupeller,ˈkjuːpələr
cupellers,ˈkjuːpələrz
cupelling,ˈkjuːpəlɪŋ
cupels,ˈkjuːpəlz
cupolaed,ˈkjuːpəˌleɪd
cupped,kʌpt
cups,kʌps
cupulate,ˈkjuːpjələt
curarizes,ˈkjʊərəˌraɪzəz
curates,ˈkjʊərɪts
curative,ˈkjʊərətɪv
curatively,ˈkjʊərətɪvli
curatives,ˈkjʊərətɪvz
curbed,kɜːrbd
curbs,kɜːrbz
curch,kɜːrtʃ
curches,ˈkɜːrtʃəz
curdles,ˈkɜːrdəlz
curds,kɜːrdz
cures,kjʊərz
curets,kjʊˈrɛts
curette,kjʊˈrɛt
curettement,kjʊˈrɛtmənt
curettements,kjʊˈrɛtmənts
curettes,kjʊˈrɛts
curled,kɜːrld
curlicues,ˈkɜːrliˌkjuːz
curls,kɜːrlz
curmudgeon,kɜːrˈmʌdʒən
curmudgeonliness,kɜːrˈmʌdʒənlɪnəs
curmudgeonly,kɜːrˈmʌdʒənli
curmudgeons,kɜːrˈmʌdʒənz
curred,kɜːrd
curries,ˈkɜːriz
currs,kɜːrz
currycomb,ˈkɜːriˌkoʊm
currycombed,ˈkɜːriˌkoʊmd
currycombing,ˈkɜːriˌkoʊmɪŋ
currycombs,ˈkɜːriˌkoʊmz
curses,ˈkɜːrsəz
cursive,ˈkɜːrsɪv
cursively,ˈkɜːrsɪvli
cursiveness,ˈkɜːrsɪvnəs
cursives,ˈkɜːrsɪvz
curtailed,kɜːrˈteɪld
curtails,kɜːrˈteɪlz
curtain,ˈkɜːrtən
curtained,ˈkɜːrtənd
curtaining,ˈkɜːrtənɪŋ
curtainless,ˈkɜːrtənləs
curtains,ˈkɜːrtənz
curtseyed,ˈkɜːrtˌsiːd
curtseys,ˈkɜːrtˌsiːz
curtsies,ˈkɜːrtsiz
curve,kɜːrv
curveball,ˈkɜːrvˌbɔːl
curveballs,ˈkɜːrvˌbɔːlz
curved,kɜːrvd
curves,kɜːrvz
curvets,ˈkɜːrvɪts
cushion,ˈkʊʃən
cushioned,ˈkʊʃənd
cushioning,ˈkʊʃənɪŋ
cushionless,ˈkʊʃənləs
cushions,ˈkʊʃənz
cushiony,ˈkʊʃəni
cuspate,ˈkʌspeɪt
cusped,kʌspt
cussed,ˈkʌsɪd
cusses,ˈkʌsəz
customises,ˈkʌstəˌmaɪzəz
customizes,ˈkʌstəˌmaɪzəz
cutdown,ˈkʌtˌdaʊn
cutdowns,ˈkʌtˌdaʊnz
cutinises,ˈkjuːtəˌnaɪzəz
cutinizes,ˈkjuːtəˌnaɪzəz
cuts,kʌts
cuttles,ˈkʌtəlz
cuvette,kjuːˈvɛt
cuvettes,kjuːˈvɛts
cuvier,ˈkuːvieɪ
cuviers,ˈkuːvieɪz
cyanoethylates,ˌsaɪənoʊˈɛθɪˌleɪts
cyberbullies,ˈsaɪbərˌbʊliz
cybernates,ˈsaɪbərˌneɪts
cycles,ˈsaɪkəlz
cyclizes,ˈsaɪkləˌzaɪzəz
cyclostyles,ˈsaɪkləˌstaɪlz
cylindered,ˈsɪlɪndərd
cylinders,ˈsɪlɪndərz
cyphered,ˈsaɪfərd
cyphers,ˈsaɪfərz
dabbed,dæbd
dabbles,ˈdæbəlz
dabchick,ˈdæbˌtʃɪk
dabchicks,ˈdæbˌtʃɪks
dabs,dæbz
dacha,ˈdɑːtʃə
dachas,ˈdɑːtʃəz
dackered,ˈdækərd
dackers,ˈdækərz
daddles,ˈdædəlz
dadoes,ˈdeɪdoʊz
daffed,dæft
daffs,dæfs
daggered,ˈdæɡərd
daggers,ˈdæɡərz
daggles,ˈdæɡəlz
daguerreotypes,dəˈɡɛrəˌtaɪps
daikered,ˈdeɪkərd
daikers,ˈdeɪkərz
daiquiri,ˈdaɪkəri
daiquiris,ˈdaɪkəriz
dallies,ˈdæliz
damages,ˈdæmɪdʒəz
damascenes,ˈdæməˌsiːnz
damasked,ˈdæməskt
damasks,ˈdæməsks
dammed,dæmd
damned,dæmd
damneder,ˈdæmədər
damnedest,ˈdæmədəst
damnifies,ˈdæmnɪˌfaɪz
damns,dæmz
damped,dæmpt
dampened,ˈdæmpənd
dampens,ˈdæmpənz
damps,dæmps
dams,dæmz
dances,ˈdænsəz
dandered,ˈdændərd
danders,ˈdændərz
dandifies,ˈdændɪˌfaɪz
dandles,ˈdændəlz
danged,dæŋd
dangered,ˈdeɪndʒərd
dangers,ˈdeɪndʒərz
dangles,ˈdæŋɡəlz
dangs,dæŋz
dantesque,dænˈtɛsk
dapped,dæpt
dapples,ˈdæpəlz
daps,dæps
dares,dɛrz
daresays,ˈdɛərˌseɪz
darked,dɑːrkt
darkened,ˈdɑːrkənd
darkens,ˈdɑːrkənz
darkles,ˈdɑːrkəlz
darkskinned,ˈdɑːrkˈskɪnd
darksome,ˈdɑːrksəm
darned,dɑːrnd
darneder,ˈdɑːrnədər
darnedest,ˈdɑːrnədəst
darns,dɑːrnz
dartles,ˈdɑːrtəlz
darts,dɑːrts
dashed,dæʃt
dashes,ˈdæʃəz
datelines,ˈdeɪtˌlaɪnz
dates,deɪts
dative,ˈdeɪtɪv
datively,ˈdeɪtɪvli
datives,ˈdeɪtɪvz
daubed,dɔːbd
daubs,dɔːbz
daughter,ˈdɔːtər
daughterless,ˈdɔːtərləs
daughterly,ˈdɔːtərli
daughters,ˈdɔːtərz
daundered,ˈdɔːndərd
daunders,ˈdɔːndərz
daunts,dɔːnts
dauts,dɔːts
davened,ˈdɑːvənd
davens,ˈdɑːvənz
dawdles,ˈdɔːdəlz
dawed,dɔːd
dawked,dɔːkt
dawks,dɔːks
dawned,dɔːnd
dawns,dɔːnz
daws,dɔːz
dawts,dɔːts
daybreak,ˈdeɪˌbreɪk
daybreaks,ˈdeɪˌbreɪks
daydreamed,ˈdeɪˌdriːmd
daydreams,ˈdeɪˌdriːmz
daydreamt,ˈdeɪˌdriːmt
dayflower,ˈdeɪˌflaʊər
dayflowers,ˈdeɪˌflaʊərz
daylight,ˈdeɪˌlaɪt
daylighted,ˈdeɪˌlaɪtəd
daylighting,ˈdeɪˌlaɪtɪŋ
daylightings,ˈdeɪˌlaɪtɪŋz
daylights,ˈdeɪˌlaɪts
dazes,ˈdeɪzəz
dazzles,ˈdæzəlz
deacidifies,diːəˈsɪdɪˌfaɪz
deaconed,ˈdiːkənd
deacons,ˈdiːkənz
deactivates,diːˈæktɪˌveɪts
dead,dɛd
deadbeat,ˈdɛdˌbiːt
deadbeats,ˈdɛdˌbiːts
deadbolt,ˈdɛdˌboʊlt
deadbolted,ˈdɛdˌboʊltəd
deadbolting,ˈdɛdˌboʊltɪŋ
deadbolts,ˈdɛdˌboʊlts
deadboy,ˈdɛdˌbɔɪ
deadboys,ˈdɛdˌbɔɪz
deaden,ˈdɛdən
deadened,ˈdɛdənd
deadener,ˈdɛdənər
deadeners,ˈdɛdənərz
deadening,ˈdɛdənɪŋ
deadeningly,ˈdɛdənɪŋli
deadenings,ˈdɛdənɪŋz
deadens,ˈdɛdənz
deader,ˈdɛdər
deadest,ˈdɛdəst
deadeye,ˈdɛdˌaɪ
deadeyes,ˈdɛdˌaɪz
deadfall,ˈdɛdˌfɔːl
deadfalls,ˈdɛdˌfɔːlz
deadhead,ˈdɛdˌhɛd
deadheaded,ˈdɛdˌhɛdəd
deadheading,ˈdɛdˌhɛdɪŋ
deadheads,ˈdɛdˌhɛdz
deadhouse,ˈdɛdˌhaʊs
deadhouses,ˈdɛdˌhaʊsəz
deadlier,ˈdɛdliər
deadliest,ˈdɛdliəst
deadlift,ˈdɛdˌlɪft
deadlifted,ˈdɛdˌlɪftəd
deadlifting,ˈdɛdˌlɪftɪŋ
deadlifts,ˈdɛdˌlɪfts
deadlight,ˈdɛdˌlaɪt
deadlights,ˈdɛdˌlaɪts
deadline,ˈdɛdˌlaɪn
deadlined,ˈdɛdˌlaɪnd
deadlines,ˈdɛdˌlaɪnz
deadliness,ˈdɛdlɪnəs
deadlining,ˈdɛdˌlaɪnɪŋ
deadlock,ˈdɛdˌlɑk
deadlocked,ˈdɛdˌlɑkt
deadlocking,ˈdɛdˌlɑkɪŋ
deadlocks,ˈdɛdˌlɑks
deadly,ˈdɛdli
deadman,ˈdɛdmən
deadmen,ˈdɛdmɛn
deadness,ˈdɛdnəs
deadpan,ˈdɛdˌpæn
deadpanned,ˈdɛdˌpænd
deadpanner,ˈdɛdˌpænər
deadpanners,ˈdɛdˌpænərz
deadpanning,ˈdɛdˌpænɪŋ
deadpans,ˈdɛdˌpænz
deadrise,ˈdɛdˌraɪz
deadrises,ˈdɛdˌraɪzəz
deadstock,ˈdɛdˌstɑk
deadweight,ˈdɛdˌweɪt
deadweights,ˈdɛdˌweɪts
deadwood,ˈdɛdˌwʊd
deadwoods,ˈdɛdˌwʊdz
deadwork,ˈdɛdˌwɜrk
deaerates,diˈɛrˌeɪts
deaf,dɛf
deafen,ˈdɛfən
deafened,ˈdɛfənd
deafening,ˈdɛfənɪŋ
deafeningly,ˈdɛfənɪŋli
deafens,ˈdɛfənz
deafer,ˈdɛfər
deafest,ˈdɛfəst
deafish,ˈdɛfɪʃ
deafly,ˈdɛfli
deafness,ˈdɛfnəs
deaired,diˈɛrd
deairs,diˈɛrz
dealate,ˈdiˌleɪt
dealates,ˈdiˌleɪts
deals,dilz
dealt,dɛlt
deaminates,diˈæməˌneɪts
deaned,dind
deans,dinz
dearth,dɜrθ
dearths,dɜrθs
deashed,ˈdiˌæʃt
deashes,ˈdiˌæʃəz
deaspirates,diˈæspəˌreɪts
death,dɛθ
deathbed,ˈdɛθˌbɛd
deathbeds,ˈdɛθˌbɛdz
deathblow,ˈdɛθˌbloʊ
deathblows,ˈdɛθˌbloʊz
deathcup,ˈdɛθˌkʌp
deathcups,ˈdɛθˌkʌps
deathday,ˈdɛθˌdeɪ
deathdays,ˈdɛθˌdeɪz
deathful,ˈdɛθfəl
deathless,ˈdɛθləs
deathlessly,ˈdɛθləsli
deathlessness,ˈdɛθləsnəs
deathly,ˈdɛθli
deathplace,ˈdɛθˌpleɪs
deathplaces,ˈdɛθˌpleɪsəz
deaths,dɛθs
deathsman,ˈdɛθsmən
deathsmen,ˈdɛθsmɛn
deathtrap,ˈdɛθˌtræp
deathtraps,ˈdɛθˌtræps
deathward,ˈdɛθwərd
deathwatch,ˈdɛθˌwɑtʃ
deathwatches,ˈdɛθˌwɑtʃəz
deathy,ˈdɛθi
deattributes,diəˈtrɪbjuts
deave,div
deaved,divd
deaves,divz
debarked,diˈbɑrkt
debarks,diˈbɑrks
debarred,diˈbɑrd
debars,diˈbɑrz
debases,diˈbeɪsəz
debates,diˈbeɪts
debauch,dɪˈbɑtʃ
debauched,dɪˈbɑtʃt
debauchee,ˌdɛbɔˈʃi
debauchees,ˌdɛbɔˈʃiz
debaucher,dɪˈbɑtʃər
debaucheries,dɪˈbɑtʃəriz
debauchers,dɪˈbɑtʃərz
debauchery,dɪˈbɑtʃəri
debauches,dɪˈbɑtʃəz
debauching,dɪˈbɑtʃɪŋ
debeaked,diˈbikt
debeaks,diˈbiks
debilitates,dɪˈbɪləˌteɪts
debilitative,dɪˈbɪləˌteɪtɪv
debits,ˈdɛbɪts
debones,diˈboʊnz
debouch,dɪˈbaʊtʃ
debouche,dɪˈbuʃ
debouched,dɪˈbuʃt
debouches,dɪˈbuʃəz
debouching,dɪˈbaʊtʃɪŋ
debouchment,dɪˈbaʊtʃmənt
debouchments,dɪˈbaʊtʃmənts
debrides,diˈbraɪdz
debriefed,diˈbrift
debriefs,diˈbrifs
debris,dəˈbri
debruise,diˈbruz
debruised,diˈbruzd
debruises,diˈbruzəz
debruising,diˈbruzɪŋ
debt,dɛt
debtless,ˈdɛtləs
debtor,ˈdɛtər
debtors,ˈdɛtərz
debts,dɛts
debugged,diˈbʌɡd
debugs,diˈbʌɡz
debunked,diˈbʌŋkt
debunks,diˈbʌŋks
debut,ˈdeɪbju
debuted,deɪˈbjud
debuting,ˈdeɪbjʊɪŋ
debuts,ˈdeɪbjuz
decaffeinates,diˈkæfəˌneɪts
decalcifies,diˈkælsəˌfaɪz
decamped,diˈkæmpt
decamps,diˈkæmps
decants,diˈkænts
decapitates,diˈkæpəˌteɪts
decarbonates,diˈkɑrbəˌneɪts
decarbonises,diˈkɑrbəˌnaɪzəz
decarbonizes,diˈkɑrbəˌnaɪzəz
decarboxylates,diˈkɑrbɒksəˌleɪts
decarburizes,diˈkɑrbjəˌraɪzəz
decasualizes,diˈkæʒuəˌlaɪzəz
decayed,dɪˈkeɪd
decays,dɪˈkeɪz
deceases,dɪˈsisəz
deceit,dɪˈsit
deceitful,dɪˈsitfəl
deceitfully,dɪˈsitfəli
deceitfulness,dɪˈsitfəlnəs
deceits,dɪˈsits
deceivable,dɪˈsivəbəl
deceive,dɪˈsiv
deceived,dɪˈsivd
deceiver,dɪˈsivər
deceivers,dɪˈsivərz
deceives,dɪˈsivz
deceiving,dɪˈsivɪŋ
deceivingly,dɪˈsivɪŋli
decelerates,diˈsɛləˌreɪts
decentered,diˈsɛntərd
decenters,diˈsɛntərz
decentralises,diˈsɛntrəˌlaɪzəz
decentralizes,diˈsɛntrəˌlaɪzəz
decentred,diˈsɛntərd
decentres,diˈsɛntərz
deceptive,dɪˈsɛptɪv
deceptively,dɪˈsɛptɪvli
deceptiveness,dɪˈsɛptɪvnəs
decerebrate,diˈsɛrəˌbreɪt
decerebrates,diˈsɛrəˌbreɪts,(verb),or,diˈsɛrəˌbrəts,(noun)
decerned,dɪˈsɜrnd
decerns,dɪˈsɜrnz
decertifies,diˈsɜrtəˌfaɪz
dechlorinates,diˈklɔrəˌneɪts
decides,dɪˈsaɪdz
deciduate,dɪˈsɪdjuˌeɪt
decimalises,ˈdɛsəməˌlaɪzəz
decimalizes,ˈdɛsəməˌlaɪzəz
decimates,ˈdɛsəˌmeɪts
deciphered,dɪˈsaɪfərd
deciphers,dɪˈsaɪfərz
decisioned,dɪˈsɪʒənd
decisions,dɪˈsɪʒənz
decisive,dɪˈsaɪsɪv
decisively,dɪˈsaɪsɪvli
decisiveness,dɪˈsaɪsɪvnəs
decked,dɛkt
decks,dɛks
declaimed,dɪˈkleɪmd
declaims,dɪˈkleɪmz
declarative,dɪˈklærətɪv
declaratively,dɪˈklærətɪvli
declares,dɪˈklɛrz
declasse,ˌdeɪklɑˈseɪ
declassed,ˌdeɪklɑˈseɪd
declasses,ˌdeɪklɑˈseɪz
declassifies,diˈklæsəˌfaɪz
declawed,diˈklɔd
declaws,diˈklɔz
declines,dɪˈklaɪnz
decocts,dɪˈkɑkts
decodes,diˈkoʊdz
decollates,diˈkɑˌleɪts
decollete,deɪˌkɑːlˈteɪ
decolonises,diˈkɑləˌnaɪzəz
decolonizes,diˈkɑləˌnaɪzəz
decolored,diˈkʌlərd
decolorises,diˈkʌləˌraɪzəz
decolorizes,diˈkʌləˌraɪzəz
decolors,diˈkʌlərz
decoloured,diˈkʌlərd
decolourises,diˈkʌləˌraɪzəz
decolours,diˈkʌlərz
decommissioned,diˌkəˈmɪʃənd
decommissions,diˌkəˈmɪʃənz
decompensates,diˈkɑmpənˌseɪts
decomplicates,diˈkɑmpləˌkeɪts
decomposes,diˌkəmˈpoʊzəz
decomposite,diˌkɑmpəˈzɪt
decomposites,diˌkɑmpəˈzɪts
decompounds,diˌkəmˈpaʊndz
decompressed,diˌkəmˈprɛst
decompresses,diˌkəmˈprɛsəz
deconcentrates,diˈkɑnsənˌtreɪts
deconditioned,diˈkəndɪʃənd
deconditions,diˈkəndɪʃənz
decongestive,diˌkənˈdʒɛstɪv
decongests,diˌkənˈdʒɛsts
deconsecrates,diˈkɑnsəˌkreɪts
deconstructive,diˌkənˈstrʌktɪv
deconstructs,diˌkənˈstrʌkts
decontaminates,diˌkənˈtæməˌneɪts
decontrolled,diˌkənˈtroʊld
decontrols,diˌkənˈtroʊlz
decorates,ˈdɛkəˌreɪts
decorative,ˈdɛkərətɪv
decoratively,ˈdɛkərətɪvli
decorativeness,ˈdɛkərətɪvnəs
decorticates,diˈkɔrtəˌkeɪts
decoupage,deɪkuˈpɑʒ
decoupaged,deɪkuˈpɑʒd
decoupages,deɪkuˈpɑʒəz
decoupaging,deɪkuˈpɑʒɪŋ
decouple,diˈkʌpəl
decoupled,diˈkʌpəld
decouples,diˈkʌpəlz
decoupling,diˈkʌpəlɪŋ
decoyed,dɪˈkɔɪd
decoys,dɪˈkɔɪz
decreases,dɪˈkrisəz
decrees,dɪˈkriz
decrements,ˈdɛkrəmənts
decrepitates,dɪˈkrɛpəˌteɪts
decretive,dɪˈkritɪv
decries,dɪˈkraɪz
decriminalises,diˈkrɪmənəˌlaɪzəz
decriminalizes,diˈkrɪmənəˌlaɪzəz
decrown,diˈkraʊn
decrowned,diˈkraʊnd
decrowning,diˈkraʊnɪŋ
decrowns,diˈkraʊnz
decrypts,dɪˈkrɪpts
decuples,ˈdɛkjəpəlz
decurve,diˈkɜrv
decurved,diˈkɜrvd
decurves,diˈkɜrvz
decussate,ˈdɛkjəˌseɪt
decussates,ˈdɛkjəˌseɪts
dedicates,ˈdɛdəˌkeɪts
dedifferentiates,diˌdɪfəˈrɛnʃiˌeɪts
deduces,dɪˈdusəz
deductive,dɪˈdʌktɪv
deductively,dɪˈdʌktɪvli
deducts,dɪˈdʌkts
deduplicates,diˈdupləˌkeɪts
deeds,didz
deejayed,ˈdiˌdʒeɪd
deejays,ˈdiˌdʒeɪz
deemed,dimd
deems,dimz
deepened,ˈdipənd
deepens,ˈdipənz
deerstalker,ˈdɪrˌstɔkər
deerstalkers,ˈdɪrˌstɔkərz
deescalates,diˈɛskəˌleɪts
defaces,diˈfeɪsəz
defalcates,ˈdɛfælˌkeɪts
defames,dɪˈfeɪmz
defanged,diˈfæŋd
defangs,diˈfæŋz
defats,diˈfæts
defaults,dɪˈfɔlts
defeats,dɪˈfits
defecates,ˈdɛfəˌkeɪts
defective,dɪˈfɛktɪv
defectively,dɪˈfɛktɪvli
defectiveness,dɪˈfɛktɪvnəs
defectives,dɪˈfɛktɪvz
defects,dɪˈfɛkts
defeminizes,diˈfɛməˌnaɪzəz
defends,dɪˈfɛndz
defenestrates,diˈfɛnəˌstreɪts
defensive,dɪˈfɛnsɪv
defensively,dɪˈfɛnsɪvli
defensiveness,dɪˈfɛnsɪvnəs
defensives,dɪˈfɛnsɪvz
deferred,dɪˈfɜrd
defers,dɪˈfɜrz
defibrillates,diˈfɪbrəˌleɪts
defibrinates,diˈfaɪbrəˌneɪts
defies,dɪˈfaɪz
defilades,ˈdɛfəˌleɪdz
defiles,dɪˈfaɪlz
defines,dɪˈfaɪnz
definite,ˈdɛfənət
definitely,ˈdɛfənətli
definiteness,ˈdɛfənətnəs
definitive,dɪˈfɪnətɪv
definitively,dɪˈfɪnətɪvli
definitiveness,dɪˈfɪnətɪvnəs
definitives,dɪˈfɪnətɪvz
definitizes,dɪˈfɪnəˌtaɪzəz
deflagrates,ˈdɛfləˌɡreɪts
deflates,dɪˈfleɪts
defleaed,diˈflid
defleas,diˈfliz
deflective,dɪˈflɛktɪv
deflects,dɪˈflɛkts
deflexed,dɪˈflɛkst
deflexes,dɪˈflɛksəz
deflower,diˈflaʊər
deflowered,diˈflaʊərd
deflowerer,diˈflaʊərər
deflowerers,diˈflaʊərərz
deflowering,diˈflaʊərɪŋ
deflowers,diˈflaʊərz
defoamed,diˈfoʊmd
defoams,diˈfoʊmz
defocused,diˈfoʊkəst
defocuses,diˈfoʊkəsəz
defocussed,diˈfoʊkəst
defocusses,diˈfoʊkəsəz
defocussing,diˈfoʊkəsɪŋ
defogged,diˈfɔɡd
defogs,diˈfɔɡz
defoliates,diˈfoʊliˌeɪts
deforces,diˈfɔrsəz
deforests,diˈfɔrəsts
deformalizes,diˈfɔrməˌlaɪzəz
deformative,dɪˈfɔrmətɪv
deformed,dɪˈfɔrmd
deforms,dɪˈfɔrmz
defragments,diˈfræɡmənts
defrauds,dɪˈfrɔdz
defrayed,dɪˈfreɪd
defrays,dɪˈfreɪz
defrocked,diˈfrɑkt
defrocks,diˈfrɑks
defrosts,diˈfrɔsts
defunds,diˈfʌndz
defuses,diˈfjuzəz
defuzes,diˈfjuzəz
degage,ˌdeɪɡɑːˈʒeɪ
degases,diˈɡæsəz
degassed,diˈɡæst
degasses,diˈɡæsəz
degaussed,diˈɡaʊst
degausses,diˈɡaʊsəz
degenerate,dɪˈdʒɛnəˌreɪt
degenerately,dɪˈdʒɛnərətli
degenerateness,dɪˈdʒɛnərətnəs
degenerates,dɪˈdʒɛnəˌreɪts,(verb),or,dɪˈdʒɛnəˌrəts,(noun)
degenerative,dɪˈdʒɛnərətɪv
degermed,diˈdʒɜrmd
degerms,diˈdʒɜrmz
deglaciates,diˈɡleɪʃiˌeɪts
deglamorises,diˈɡlæməˌraɪzəz
deglamorizes,diˈɡlæməˌraɪzəz
deglamourises,diˈɡlæməˌraɪzəz
deglazes,diˈɡleɪzəz
degradative,ˈdɛɡrəˌdeɪtɪv
degrades,dɪˈɡreɪdz
degreases,diˈɡrisəz
degressive,dɪˈɡrɛsɪv
degressively,dɪˈɡrɛsɪvli
degummed,diˈɡʌmd
degums,diˈɡʌmz
degusts,dɪˈɡʌsts
dehisces,dɪˈhɪsəz
dehorned,diˈhɔrnd
dehorns,diˈhɔrnz
dehorts,diˈhɔrts
dehumanises,diˈhjuməˌnaɪzəz
dehumanizes,diˈhjuməˌnaɪzəz
dehumidifies,diˈhjumədəˌfaɪz
dehydrates,diˈhaɪˌdreɪts
dehydrochlorinates,diˌhaɪdroʊˈklɔrəˌneɪts
dehydrogenates,diˈhaɪdrədʒəˌneɪts
deices,diˈaɪsəz
deifies,ˈdiəˌfaɪz
deigned,deɪnd
deigns,deɪnz
deindustrializes,diɪnˈdʌstriəˌlaɪzəz
deinstitutionalizes,diˌɪnstəˈtuʃənəˌlaɪzəz
deionizes,diˈaɪəˌnaɪzəz
dekes,diks
delaminates,diˈlæməˌneɪts
delates,dɪˈleɪts
delayed,dɪˈleɪd
delays,dɪˈleɪz
delead,diˈlɛd
deleaded,diˈlɛdəd
deleading,diˈlɛdɪŋ
deleads,diˈlɛdz
deleave,diˈliv
deleaved,diˈlivd
deleaves,diˈlivz
delegate,ˈdɛləˌɡeɪt
delegates,ˈdɛləˌɡeɪts,(verb),or,ˈdɛləˌɡəts,(noun)
delegitimizes,diˈlɪdʒətəˌmaɪzəz
deles,dilz
deletes,dɪˈlits
deleverages,diˈlɛvərɪdʒəz
deliberate,dɪˈlɪbərət
deliberately,dɪˈlɪbərətli
deliberateness,dɪˈlɪbərətnəs
deliberates,dɪˈlɪbəˌreɪts
deliberative,dɪˈlɪbərətɪv
deliberatively,dɪˈlɪbərətɪvli
deliberativeness,dɪˈlɪbərətɪvnəs
delicate,ˈdɛləkət
delicately,ˈdɛləkətli
delicateness,ˈdɛləkətnəs
delicates,ˈdɛləkəts
delight,dɪˈlaɪt
delighted,dɪˈlaɪtəd
delightedly,dɪˈlaɪtədli
delightedness,dɪˈlaɪtədnəs
delighter,dɪˈlaɪtər
delighters,dɪˈlaɪtərz
delightful,dɪˈlaɪtfəl
delightfully,dɪˈlaɪtfəli
delightfulness,dɪˈlaɪtfəlnəs
delighting,dɪˈlaɪtɪŋ
delights,dɪˈlaɪts
delightsome,dɪˈlaɪtsəm
delimes,diˈlaɪmz
delimits,dɪˈlɪməts
delineates,dɪˈlɪniˌeɪts
delineative,dɪˈlɪniˌeɪtɪv
deliquesces,ˌdɛləˈkwɛsəz
delists,diˈlɪsts
delivered,dɪˈlɪvərd
delivers,dɪˈlɪvərz
delocalizes,diˈloʊkəˌlaɪzəz
delouses,diˈlaʊsəz
deludes,dɪˈludz
deluges,ˈdɛljudʒəz
delusive,dɪˈlusɪv
delusively,dɪˈlusɪvli
delusiveness,dɪˈlusɪvnəs
delustered,diˈlʌstərd
delusters,diˈlʌstərz
delve,dɛlv
delved,dɛlvd
delves,dɛlvz
demagnetizes,diˈmæɡnəˌtaɪzəz
demagoged,ˈdɛməˌɡɑɡd
demagogs,ˈdɛməˌɡɑɡz
demagogued,ˈdɛməˌɡɑɡd
demagogues,ˈdɛməˌɡɑɡz
demands,dɪˈmændz
demarcates,ˈdimɑrˌkeɪts
demarche,deɪˈmɑrʃ
demarches,deɪˈmɑrʃəz
demarked,dɪˈmɑrkt
demarks,dɪˈmɑrks
demasts,diˈmæsts
dematerializes,diˈmətɪriəˌlaɪzəz
demeaned,dɪˈmind
demeans,dɪˈminz
dements,dɪˈmɛnts
demergered,diˈmɜrdʒərd
demergers,diˈmɜrdʒərz
demerges,diˈmɜrdʒəz
demesne,dɪˈmeɪn
demesnes,dɪˈmeɪnz
demilitarises,diˈmɪlətəˌraɪzəz
demilitarizes,diˈmɪlətəˌraɪzəz
demineralizes,diˈmɪnərəˌlaɪzəz
demises,dɪˈmaɪsəz
demits,dɪˈmɪts
demobbed,diˈmɑbd
demobilises,diˈmoʊbəˌlaɪzəz
demobilizes,diˈmoʊbəˌlaɪzəz
demobs,diˈmɑbz
democratises,dɪˈkɑmrəˌtaɪzəz
democratizes,dɪˈkɑmrəˌtaɪzəz
demode,ˌdeɪmoʊˈdeɪ
demodulates,diˈmɑdʒəˌleɪts
demolished,dɪˈmɑlɪʃt
demolishes,dɪˈmɑlɪʃəz
demonetises,diˈmɑnəˌtaɪzəz
demonetizes,diˈmɑnəˌtaɪzəz
demonises,diˈmɑnəˌtaɪzəz
demonizes,diˈmɑnəˌtaɪzəz
demonstrates,ˈdɛmənˌstreɪts
demonstrative,dɪˈmɑnstrətɪv
demonstratively,dɪˈmɑnstrətɪvli
demonstrativeness,dɪˈmɑnstrətɪvnəs
demonstratives,dɪˈmɑnstrətɪvz
demoralises,diˈmɔrəˌlaɪzəz
demoralizes,diˈmɔrəˌlaɪzəz
demotes,diˈmoʊts
demounts,diˈmaʊnts
demurred,dɪˈmɜrd
demurs,dɪˈmɜrz
demyelinates,diˈmaɪələˌneɪts
demystifies,diˈmɪstəˌfaɪz
demythologises,diˈmɪθələˌdʒaɪzəz
demythologizes,diˈmɪθələˌdʒaɪzəz
denationalises,diˈnæʃənəˌlaɪzəz
denationalizes,diˈnæʃənəˌlaɪzəz
denaturalizes,diˈnætʃərəˌlaɪzəz
denatures,diˈneɪtʃərz
denazifies,diˈnɑzəˌfaɪz
denervates,diˈnɜrvˌeɪts
dengue,ˈdɛŋɡi
denies,dɪˈnaɪz
denigrates,ˈdɛnəˌɡreɪts
denigrative,ˈdɛnəˌɡreɪtɪv
denitrifies,diˈnaɪtrəˌfaɪz
denizened,ˈdɛnəzənd
denizens,ˈdɛnəzənz
denned,dɛnd
denominates,dɪˈnɑməˌneɪts
denominative,dɪˈnɑmənətɪv
denominatives,dɪˈnɑmənətɪvz
denotative,diˈnoʊtətɪv
denotatively,diˈnoʊtətɪvli
denotes,dɪˈnoʊts
denotive,diˈnoʊtɪv
denounces,dɪˈnaʊnsəz
dens,dɛnz
densifies,ˈdɛnsəˌfaɪz
denticulate,dɛnˈtɪkjələt
denticulately,dɛnˈtɪkjələtli
dentiled,ˈdɛntəld
dents,dɛnts
denuclearises,diˈnukliəˌraɪzəz
denuclearizes,diˈnukliəˌraɪzəz
denudates,ˈdɛnjəˌdeɪts
denudes,dɪˈnudz
denunciative,dɪˈnʌnsiˌeɪtɪv
deodorises,diˈoʊdəˌraɪzəz
deodorizes,diˈoʊdəˌraɪzəz
deorbits,diˈɔrbɪts
deoxidizes,diˈɑksəˌdaɪzəz
deoxygenates,diˈɑksədʒəˌneɪts
depaints,diˈpeɪnts
departmentalises,diˌpɑrtˈmɛntəˌlaɪzəz
departmentalizes,diˌpɑrtˈmɛntəˌlaɪzəz
departs,dɪˈpɑrts
depends,dɪˈpɛndz
depermed,diˈpɜrmd
deperms,diˈpɜrmz
depersonalises,diˈpɜrsənəˌlaɪzəz
depersonalizes,diˈpɜrsənəˌlaɪzəz
dephlogisticates,diˌfloʊˈdʒɪstəˌkeɪts
dephosphorylates,diˌfɑsfəˈrɪləˌteɪts
depicts,dɪˈpɪkts
depigments,diˈpɪɡmənts
depilates,ˈdɛpəˌleɪts
deplanes,diˈpleɪnz
deplatformed,diˈplætfɔrmd
deplatforms,diˈplætfɔrmz
deplenished,diˈplɛnɪʃt
deplenishes,diˈplɛnɪʃəz
depletes,dɪˈplits
depletive,dɪˈplitɪv
deplores,dɪˈplɔrz
deployed,dɪˈplɔɪd
deploys,dɪˈplɔɪz
deplumes,diˈplumz
depolarises,diˈpoʊləˌraɪzəz
depolarizes,diˈpoʊləˌraɪzəz
depolished,diˈpɑlɪʃt
depolishes,diˈpɑlɪʃəz
depoliticises,diˈpɑlətəˌsaɪzəz
depoliticizes,diˈpɑlətəˌsaɪzəz
depollutes,diˈpɑluts
depolymerises,diˈpɑləməˌraɪzəz
depolymerizes,diˈpɑləməˌraɪzəz
depones,dɪˈpoʊnz
depopulates,diˈpɑpjəˌleɪts
deports,dɪˈpɔrts
deposes,dɪˈpoʊzəz
deposits,dɪˈpɑzəts
depot,ˈdɛpoʊ
depots,ˈdɛpoʊz
depraves,dɪˈpreɪvz
deprecates,ˈdɛprəˌkeɪts
depreciates,dɪˈpriʃiˌeɪts
depreciative,dɪˈpriʃiˌeɪtɪv
depredates,ˈdɛprəˌdeɪts
depressed,dɪˈprɛst
depresses,dɪˈprɛsəz
depressive,dɪˈprɛsɪv
depressively,dɪˈprɛsɪvli
depressiveness,dɪˈprɛsɪvnəs
depressives,dɪˈprɛsɪvz
depressurizes,diˈprɛʃərəˌraɪzəz
deprives,dɪˈpraɪvz
deprogramed,diˈproʊɡræmd
deprogramer,diˈproʊɡræmər
deprogramers,diˈproʊɡræmərz
deprograming,diˈproʊɡræmɪŋ
deprogrammed,diˈproʊɡræmd
deprogrammes,diˈproʊɡræmz
deprograms,diˈproʊɡræmz
depurates,ˈdɛpjəˌreɪts
deputes,dɪˈpjuts
deputises,ˈdɛpjəˌtaɪzəz
deputizes,ˈdɛpjəˌtaɪzəz
deracinates,diˈræsəˌneɪts
deraigned,dɪˈreɪnd
deraigns,dɪˈreɪnz
derailed,diˈreɪld
derails,diˈreɪlz
deranges,dɪˈreɪndʒəz
derates,diˈreɪts
derats,diˈræts
derecho,dɪˈreɪtʃoʊ
derechos,dɪˈreɪtʃoʊz
dereferences,diˈrɛfərənsəz
deregulates,diˈrɛɡjəˌleɪts
dereplicates,diˈrɛpləˌkeɪts
derepressed,diˈrɪprɛst
derepresses,diˈrɪprɛsəz
derides,dɪˈraɪdz
derisive,dɪˈraɪsɪv
derisively,dɪˈraɪsɪvli
derisiveness,dɪˈraɪsɪvnəs
derivatises,ˈdɛrəvəˌtaɪzəz
derivative,dɪˈrɪvətɪv
derivatively,dɪˈrɪvətɪvli
derivativeness,dɪˈrɪvətɪvnəs
derivatives,dɪˈrɪvətɪvz
derivatizes,dɪˈrɪvəˌtaɪzəz
derives,dɪˈraɪvz
derogates,ˈdɛrəˌɡeɪts
derogative,dɪˈrɑɡətɪv
derogatively,dɪˈrɑɡətɪvli
desacralises,diˈsækrəˌlaɪzəz
desacralizes,diˈsækrəˌlaɪzəz
desalinates,diˈsæləˌneɪts
desalinises,diˈsælənəˌsaɪzəz
desalinizes,diˈsælənəˌsaɪzəz
desalts,diˈsɔlts
desands,diˈsændz
descants,ˈdɛskænts
descends,dɪˈsɛndz
deschooled,diˈskuld
deschools,diˈskulz
descrambles,diˈskræmbəlz
describes,dɪˈskraɪbz
descries,dɪˈskraɪz
descriptive,dɪˈskrɪptɪv
descriptively,dɪˈskrɪptɪvli
descriptiveness,dɪˈskrɪptɪvnəs
desecrates,ˈdɛsəˌkreɪts
desegregates,diˈsɛɡrəˌɡeɪts
deselects,diˈsɪlɛkts
desensitises,diˈsɛnsəˌtaɪzəz
desensitizes,diˈsɛnsəˌtaɪzəz
deserts,dɪˈzɜrts
deserve,dɪˈzɜrv
deserved,dɪˈzɜrvd
deserves,dɪˈzɜrvz
desexed,diˈsɛkst
desexes,diˈsɛksəz
desexualizes,diˈsɛkʃuəˌlaɪzəz
desiccates,ˈdɛsəˌkeɪts
desiccative,ˈdɛsəˌkeɪtɪv
desiderates,dɪˈsɪdəˌreɪts
desiderative,dɪˈsɪdərəˌtɪv
designates,ˈdɛzɪɡˌneɪts
designative,ˈdɛzɪɡˌneɪtɪv
designed,dɪˈzaɪnd
designs,dɪˈzaɪnz
desilvered,diˈsɪlvərd
desilvers,diˈsɪlvərz
desires,dɪˈzaɪərz
desists,dɪˈzɪsts
deskilled,diˈskɪld
deskills,diˈskɪlz
desolate,ˈdɛsələt
desolately,ˈdɛsələtli
desolateness,ˈdɛsələtnəs
desolates,ˈdɛsəˌleɪts
desorbed,diˈsɔrbd
desorbs,diˈsɔrbz
despaired,dɪˈspɛrd
despairs,dɪˈspɛrz
despatched,dɪˈspætʃt
despatches,dɪˈspætʃəz
desperate,ˈdɛspərət
desperately,ˈdɛspərətli
desperateness,ˈdɛspərətnəs
despiritualises,diˈspɪrətʃuəˌlaɪzəz
despiritualizes,diˈspɪrətʃuəˌlaɪzəz
despises,dɪˈspaɪzəz
despoiled,dɪˈspɔɪld
despoils,dɪˈspɔɪlz
desponds,dɪˈspɑndz
desquamates,ˈdɛskwəˌmeɪts
destabilises,diˈsteɪbəˌlaɪzəz
destabilizes,diˈsteɪbəˌlaɪzəz
destained,diˈsteɪnd
destains,diˈsteɪnz
destemmed,diˈstɛmd
destems,diˈstɛmz
desterilizes,diˈstɛrəˌlaɪzəz
destigmatises,diˈstɪɡməˌtaɪzəz
destigmatizes,diˈstɪɡməˌtaɪzəz
destine,ˈdɛstɪn
destined,ˈdɛstɪnd
destines,ˈdɛstɪnz
destressed,diˈstrɛst
destresses,diˈstrɛsəz
destroyed,dɪˈstrɔɪd
destroys,dɪˈstrɔɪz
destructive,dɪˈstrʌktɪv
destructively,dɪˈstrʌktɪvli
destructiveness,dɪˈstrʌktɪvnəs
destructs,dɪˈstrʌkts
desugared,diˈʃʊɡərd
desugars,diˈʃʊɡərz
desulfured,diˈsʌlfərd
desulfurizes,diˈsʌlfəˌraɪzəz
desulfurs,diˈsʌlfərz
desynchronises,diˈsɪŋkrəˌnaɪzəz
desynchronizes,diˈsɪŋkrəˌnaɪzəz
detach,dɪˈtætʃ
detachability,dɪˌtætʃəˈbɪləti
detachable,dɪˈtætʃəbəl
detachably,dɪˈtætʃəbli
detached,dɪˈtætʃt
detachedly,dɪˈtætʃədli
detachedness,dɪˈtætʃədnəs
detacher,dɪˈtætʃər
detachers,dɪˈtætʃərz
detaches,dɪˈtætʃəz
detaching,dɪˈtætʃɪŋ
detachment,dɪˈtætʃmənt
detachments,dɪˈtætʃmənts
detailed,dɪˈteɪld
details,dɪˈteɪlz
detained,dɪˈteɪnd
detains,dɪˈteɪnz
detasseled,diˈtæsəld
detasselled,diˈtæsəld
detasselling,diˈtæsəlɪŋ
detassels,diˈtæsəlz
detective,dɪˈtɛktɪv
detectivelike,dɪˈtɛktɪvˌlaɪk
detectives,dɪˈtɛktɪvz
detects,dɪˈtɛkts
deterges,dɪˈtɜrdʒəz
deteriorates,dɪˈtɪriəˌreɪts
deteriorative,dɪˈtɪriərətɪv
determinate,dɪˈtɜrmənət
determinately,dɪˈtɜrmənətli
determinateness,dɪˈtɜrmənətnəs
determinative,dɪˈtɜrmənətɪv
determinatively,dɪˈtɜrmənətɪvli
determinativeness,dɪˈtɜrmənətɪvnəs
determinatives,dɪˈtɜrmənətɪvz
determine,dɪˈtɜrmən
determined,dɪˈtɜrmənd
determines,dɪˈtɜrmənz
deterred,dɪˈtɜrd
deters,dɪˈtɜrz
detersive,dɪˈtɜrsɪv
detersives,dɪˈtɜrsɪvz
detests,dɪˈtɛsts
dethrones,diˈθroʊnz
deticked,diˈtɪkt
deticks,diˈtɪks
detonates,ˈdɛtəˌneɪts
detonative,ˈdɛtəˌneɪtɪv
detorts,dɪˈtɔrts
detour,ˈdiˌtʊr
detoured,ˈdiˌtʊrd
detouring,ˈdiˌtʊrɪŋ
detours,ˈdiˌtʊrz
detoxed,diˈtɑkst
detoxes,diˈtɑksəz
detoxicates,diˈtɑksəˌkeɪts
detoxifies,diˈtɑksəˌfaɪz
detractive,dɪˈtræktɪv
detractively,dɪˈtræktɪvli
detracts,dɪˈtrækts
detrained,diˈtreɪnd
detrains,diˈtreɪnz
detribalizes,diˈtraɪbəˌlaɪzəz
detrudes,dɪˈtrudz
detruncates,diˈtrʌŋˌkeɪts
detunes,diˈtunz
deunionises,diˈjunjəˌnaɪzəz
deunionizes,diˈjunjəˌnaɪzəz
deurbanisations,diˌɜrbənəˈzeɪʃənz
deurbanises,diˈɜrbəˌnaɪzəz
deurbanizes,diˈɜrbəˌnaɪzəz
deuterates,ˈdutəˌreɪts
devalorises,diˈvæləˌraɪzəz
devalorizes,diˈvæləˌraɪzəz
devaluates,diˈvæljuˌeɪts
devalues,diˈvæljuz
devastates,ˈdɛvəˌsteɪts
devastative,ˈdɛvəˌsteɪtɪv
deveined,diˈveɪnd
deveins,diˈveɪnz
develed,ˈdɛvəld
developed,dɪˈvɛləpt
developes,dɪˈvɛləps
develops,dɪˈvɛləps
devels,ˈdɛvəlz
deverbative,diˈvɜrbətɪv
deverbatives,diˈvɜrbətɪvz
devests,dɪˈvɛsts
deviate,ˈdiviˌeɪt
deviates,ˈdiviˌeɪts,(verb),or,ˈdiviˌəts,(noun)
deviative,ˈdiviˌeɪtɪv
deviled,ˈdɛvəld
devilled,ˈdɛvəld
devilling,ˈdɛvəlɪŋ
devils,ˈdɛvəlz
devises,dɪˈvaɪzəz
devitalises,diˈvaɪtəˌlaɪzəz
devitalizes,diˈvaɪtəˌlaɪzəz
devitrifies,diˈvɪtrəˌfaɪz
devocalises,diˈvoʊkəˌlaɪzəz
devocalizes,diˈvoʊkəˌlaɪzəz
devoices,diˈvɔɪsəz
devolatilises,diˈvɑlətəˌlaɪzəz
devolatilizes,diˈvɑlətəˌlaɪzəz
devolve,dɪˈvɑlv
devolved,dɪˈvɑlvd
devolves,dɪˈvɑlvz
devotes,dɪˈvoʊts
devoured,dɪˈvaʊərd
devours,dɪˈvaʊərz
dewatered,diˈwɔtərd
dewaters,diˈwɔtərz
dewaxed,diˈwækst
dewaxes,diˈwæksəz
dewclaws,ˈduˌklɔz
dewed,dud
dewlapped,ˈduˌlæpt
dewooled,diˈwʊld
dewools,diˈwʊlz
dewormed,diˈwɜrmd
deworms,diˈwɜrmz
dews,duz
dextrogyrate,ˈdɛkstrəˌdʒaɪreɪt
dezinced,diˈzɪnst
dezincked,diˈzɪŋkt
dezincs,diˈzɪŋks
dhow,daʊ
dhows,daʊz
diabolizes,daɪˈæbəˌlaɪzəz
diademed,ˈdaɪəˌdɛmd
diadems,ˈdaɪəˌdɛmz
diagnoses,ˌdaɪəɡˈnoʊsəz
diagonalizes,daɪˈæɡəˌnaɪzəz
diagramed,ˈdaɪəˌɡræmd
diagraming,ˈdaɪəˌɡræmɪŋ
diagrammed,ˈdaɪəˌɡræmd
diagrammes,ˈdaɪəˌɡræmz
diagrams,ˈdaɪəˌɡræmz
dialed,ˈdaɪəld
dialled,ˈdaɪəld
dialler,ˈdaɪələr
diallers,ˈdaɪələrz
dialling,ˈdaɪəlɪŋ
diallings,ˈdaɪəlɪŋz
diallist,ˈdaɪəlɪst
diallists,ˈdaɪəlɪsts
dialoged,ˈdaɪəˌlɔɡd
dialogs,ˈdaɪəˌlɔɡz
dialogued,ˈdaɪəˌlɔɡd
dialogues,ˈdaɪəˌlɔɡz
dials,ˈdaɪəlz
dialysate,daɪˈæləˌseɪt
dialysates,daɪˈæləˌseɪts
dialyses,ˈdaɪəˌlaɪzəz
dialyzate,ˈdaɪələˌzeɪt
dialyzates,ˈdaɪələˌzeɪts
dialyzes,ˈdaɪəˌlaɪzəz
diamonds,ˈdaɪəməndz
diapauses,ˈdaɪəˌpɔzəz
diapered,ˈdaɪəpərd
diapers,ˈdaɪəpərz
diapositive,ˌdaɪəˈpɑzətɪv
diapositives,ˌdaɪəˈpɑzətɪvz
diazotises,daɪˈæzəˌtaɪzəz
diazotizes,daɪˈæzəˌtaɪzəz
dibbed,dɪbd
dibbles,ˈdɪbəlz
dibranchiate,daɪˈbræŋkiˌeɪt
dibranchiates,daɪˈbræŋkiˌeɪts
dibs,dɪbz
dices,ˈdaɪsəz
dichotomises,daɪˈkɑtəˌmaɪzəz
dichotomizes,daɪˈkɑtəˌmaɪzəz
dickered,ˈdɪkərd
dickers,ˈdɪkərz
dickhead,ˈdɪkˌhɛd
dickheads,ˈdɪkˌhɛdz
dictates,ˈdɪkˌteɪts
diddered,ˈdɪdərd
didders,ˈdɪdərz
diddles,ˈdɪdəlz
dies,daɪz
dieseled,ˈdizəld
dieselizes,ˈdizələˌlaɪzəz
dieselled,ˈdizəld
dieselling,ˈdizəlɪŋ
diesels,ˈdizəlz
diets,ˈdaɪəts
diffed,dɪft
differed,ˈdɪfərd
differences,ˈdɪfrənsəz
differentiates,ˌdɪfəˈrɛnʃiˌeɪts
differs,ˈdɪfərz
diffracts,dɪˈfrækts
diffuse,dɪˈfjuz
diffused,dɪˈfjuzd
diffusely,dɪˈfjusli
diffuseness,dɪˈfjusnəs
diffuser,dɪˈfjuzər
diffusers,dɪˈfjuzərz
diffuses,dɪˈfjuzəz
diffusible,dɪˈfjuzəbəl
diffusing,dɪˈfjuzɪŋ
diffusive,dɪˈfjusɪv
diffusively,dɪˈfjusɪvli
diffusiveness,dɪˈfjusɪvnəs
diffusor,dɪˈfjuzər
diffusors,dɪˈfjuzərz
digestive,daɪˈdʒɛstɪv
digestively,daɪˈdʒɛstɪvli
digestives,daɪˈdʒɛstɪvz
digests,daɪˈdʒɛsts
digged,dɪɡd
dight,daɪt
dighted,ˈdaɪtəd
dighting,ˈdaɪtɪŋ
dights,daɪts
digitalises,ˈdɪdʒətəˌlaɪzəz
digitalizes,ˈdɪdʒətəˌlaɪzəz
digitates,ˈdɪdʒəˌteɪts
digitises,ˈdɪdʒəˌtaɪzəz
digitizes,ˈdɪdʒəˌtaɪzəz
dignifies,ˈdɪɡnəˌfaɪz
digressed,daɪˈɡrɛst
digresses,daɪˈɡrɛsəz
digressive,daɪˈɡrɛsɪv
digressively,daɪˈɡrɛsɪvli
digressiveness,daɪˈɡrɛsɪvnəs
digs,dɪɡz
dikes,daɪks
dilacerates,daɪˈlæsəˌreɪts
dilapidates,dɪˈlæpəˌdeɪts
dilates,daɪˈleɪts
dilative,ˈdaɪlətɪv
dilled,dɪld
dills,dɪlz
dillydallies,ˈdɪliˌdæliz
dilutes,daɪˈluts
dilutive,daɪˈlutɪv
dimensioned,dɪˈmɛnʃənd
dimensions,dɪˈmɛnʃənz
dimerises,ˈdaɪməˌraɪzəz
dimerizes,ˈdaɪməˌraɪzəz
dimidiate,dɪˈmɪdiˌeɪt
dimidiates,dɪˈmɪdiˌeɪts
diminished,dɪˈmɪnɪʃt
diminishes,dɪˈmɪnɪʃəz
diminutive,dɪˈmɪnjətɪv
diminutively,dɪˈmɪnjətɪvli
diminutiveness,dɪˈmɪnjətɪvnəs
diminutives,dɪˈmɪnjətɪvz
dimmed,dɪmd
dimples,ˈdɪmpəlz
dims,dɪmz
dindles,ˈdɪndəlz
dines,daɪnz
dinette,daɪˈnɛt
dinettes,daɪˈnɛts
dingdonged,ˈdɪŋˌdɔŋd
dingdongs,ˈdɪŋˌdɔŋz
dinged,dɪŋd
dings,dɪŋz
dinked,dɪŋkt
dinks,dɪŋks
dinned,dɪnd
dins,dɪnz
dints,dɪnts
diosmoses,daɪˈɑzmoʊsəz
diphthongizes,ˈdɪfθɑŋˌɡaɪzəz
diplomaed,dɪˈploʊmd
diplomates,ˈdɪpləˌmeɪts
diplomatizes,dɪˈplɑməˌtaɪzəz
dipnets,ˈdɪpˌnɛts
dipped,dɪpt
dips,dɪps
directive,dɪˈrɛktɪv
directives,dɪˈrɛktɪvz
directorate,dɪˈrɛktərət
directorates,dɪˈrɛktərəts
directs,dɪˈrɛkts
dirked,dɜrkt
dirks,dɜrks
dirled,dɜrld
dirls,dɜrlz
dirties,ˈdɜrtiz
disables,dɪˈseɪbəlz
disabusal,dɪsəˈbjuzəl
disabuse,dɪsəˈbjuz
disabused,dɪsəˈbjuzd
disabuses,dɪsəˈbjuzəz
disabusing,dɪsəˈbjuzɪŋ
disaccords,dɪsəˈkɔrdz
disaccredits,dɪsəˈkrɛdəts
disaccustomed,dɪsəˈkʌstəmd
disaccustoms,dɪsəˈkʌstəmz
disacknowledge,dɪsəkˈnɑlɪdʒ
disacknowledged,dɪsəkˈnɑlɪdʒd
disacknowledgement,dɪsəkˈnɑlɪdʒmənt
disacknowledges,dɪsəkˈnɑlɪdʒəz
disacknowledging,dɪsəkˈnɑlɪdʒɪŋ
disadvantages,dɪsədˈvæntɪdʒəz
disaffectionate,dɪsəˈfɛkʃənət
disaffects,dɪsəˈfɛkts
disaffiliates,dɪsəˈfɪliˌeɪts
disaffirmed,dɪsəˈfɜrmd
disaffirms,dɪsəˈfɜrmz
disafforests,dɪsəˈfɔrəsts
disaggregates,dɪsˈæɡrəˌɡeɪts
disaggregative,dɪsˈæɡrəˌɡeɪtɪv
disagrees,dɪsəˈɡriz
disallow,dɪsəˈlaʊ
disallowable,dɪsəˈlaʊəbəl
disallowance,dɪsəˈlaʊəns
disallowances,dɪsəˈlaʊənsəz
disallowed,dɪsəˈlaʊd
disallowing,dɪsəˈlaʊɪŋ
disallows,dɪsəˈlaʊz
disambiguates,dɪsæmˈbɪɡjuˌeɪts
disanchor,dɪsˈæŋkər
disanchored,dɪsˈæŋkərd
disanchoring,dɪsˈæŋkərɪŋ
disanchors,dɪsˈæŋkərz
disanimates,dɪsˈænəˌmeɪts
disannexed,dɪsəˈnɛkst
disannexes,dɪsəˈnɛksəz
disannulled,dɪsəˈnʌld
disannuls,dɪsəˈnʌlz
disappeared,dɪsəˈpɪrd
disappears,dɪsəˈpɪrz
disappoints,dɪsəˈpɔɪnts
disapproval,dɪsəˈpruvəl
disapprovals,dɪsəˈpruvəlz
disapprove,dɪsəˈpruv
disapproved,dɪsəˈpruvd
disapprover,dɪsəˈpruvər
disapprovers,dɪsəˈpruvərz
disapproves,dɪsəˈpruvz
disapproving,dɪsəˈpruvɪŋ
disapprovingly,dɪsəˈpruvɪŋli
disarmed,dɪsˈɑrmd
disarms,dɪsˈɑrmz
disarranges,dɪsəˈreɪndʒəz
disarrayed,dɪsəˈreɪd
disarrays,dɪsəˈreɪz
disarticulates,dɪsɑrˈtɪkjəˌleɪts
disassembles,dɪsəˈsɛmbəlz
disassociates,dɪsəˈsoʊʃiˌeɪts
disavow,dɪsəˈvaʊ
disavowable,dɪsəˈvaʊəbəl
disavowal,dɪsəˈvaʊəl
disavowals,dɪsəˈvaʊəlz
disavowed,dɪsəˈvaʊd
disavowing,dɪsəˈvaʊɪŋ
disavows,dɪsəˈvaʊz
disbands,dɪsˈbændz
disbarred,dɪsˈbɑrd
disbars,dɪsˈbɑrz
disbelieve,dɪsbɪˈliv
disbelieved,dɪsbɪˈlivd
disbelieves,dɪsbɪˈlivz
disbosomed,dɪsˈboʊzəmd
disbosoms,dɪsˈboʊzəmz
disbowel,dɪsˈbaʊəl
disboweled,dɪsˈbaʊəld
disboweling,dɪsˈbaʊəlɪŋ
disbowelled,dɪsˈbaʊəld
disbowelling,dɪsˈbaʊəlɪŋ
disbowels,dɪsˈbaʊəlz
disbranch,dɪsˈbræntʃ
disbranched,dɪsˈbræntʃt
disbranches,dɪsˈbræntʃəz
disbranching,dɪsˈbræntʃɪŋ
disbuds,dɪsˈbʌdz
disburdened,dɪsˈbɜrdənd
disburdens,dɪsˈbɜrdənz
disburses,dɪsˈbɜrsəz
discages,dɪˈskeɪdʒəz
discants,ˈdɪskænts
discards,dɪsˈkɑrdz
discarnate,dɪsˈkɑrnət
discases,dɪˈskeɪsəz
disced,dɪst
discepts,dɪˈsɛpts
discerned,dɪˈsɜrnd
discerns,dɪˈsɜrnz
discharge,dɪsˈtʃɑrdʒ
dischargeable,dɪsˈtʃɑrdʒəbəl
discharged,dɪsˈtʃɑrdʒd
dischargee,ˌdɪstʃɑrˈdʒi
dischargees,ˌdɪstʃɑrˈdʒiz
discharger,dɪsˈtʃɑrdʒər
dischargers,dɪsˈtʃɑrdʒərz
discharges,dɪsˈtʃɑrdʒəz
discharging,dɪsˈtʃɑrdʒɪŋ
discides,dɪˈsaɪdz
discing,ˈdɪsɪŋ
disciples,dɪˈsaɪpəlz
discipline,ˈdɪsəplən
disciplined,ˈdɪsəplənd
disciplines,ˈdɪsəplənz
disclaimed,dɪsˈkleɪmd
disclaims,dɪsˈkleɪmz
disclose,dɪsˈkloʊz
disclosed,dɪsˈkloʊzd
discloser,dɪsˈkloʊzər
disclosers,dɪsˈkloʊzərz
discloses,dɪsˈkloʊzəz
disclosing,dɪsˈkloʊzɪŋ
discolored,dɪˈskʌlərd
discolors,dɪˈskʌlərz
discoloured,dɪˈskʌlərd
discolours,dɪˈskʌlərz
discombobulates,ˌdɪskəmˈbɑbjəˌleɪts
discomfits,dɪsˈkʌmfɪts
discomforts,dɪsˈkʌmfərts
discommends,ˌdɪskəˈmɛndz
discommodes,ˌdɪskəˈmoʊdz
discommoned,ˌdɪskəˈmɑnd
discommons,ˌdɪskəˈmɑndz
discomposes,ˌdɪskəmˈpoʊzəz
disconcerts,ˌdɪskənˈsɜrts
disconfirmed,ˌdɪskənˈfɜrmd
disconfirms,ˌdɪskənˈfɜrmz
disconnective,ˌdɪskəˈnɛktɪv
disconnectiveness,ˌdɪskəˈnɛktɪvnəs
disconnects,ˌdɪskəˈnɛkts
disconsolate,dɪsˈkɑnsələt
disconsolately,dɪsˈkɑnsələtli
disconsolateness,dɪsˈkɑnsələtnəs
discontents,ˌdɪskənˈtɛnts
discontinues,ˌdɪskənˈtɪnjuəz
discords,ˈdɪskɔrdz
discotheque,ˈdɪskəˌtɛk
discotheques,ˈdɪskəˌtɛks
discountenances,dɪsˈkaʊntənənsəz
discounts,dɪsˈkaʊnts
discourage,dɪsˈkɜrɪdʒ
discourageable,dɪsˈkɜrɪdʒəbəl
discouraged,dɪsˈkɜrɪdʒd
discouragement,dɪsˈkɜrɪdʒmənt
discouragements,dɪsˈkɜrɪdʒmənts
discourager,dɪsˈkɜrɪdʒər
discouragers,dɪsˈkɜrɪdʒərz
discourages,dɪsˈkɜrɪdʒəz
discouraging,dɪsˈkɜrɪdʒɪŋ
discouragingly,dɪsˈkɜrɪdʒɪŋli
discourse,dɪsˈkɔrs
discoursed,dɪsˈkɔrst
discourser,dɪsˈkɔrsər
discoursers,dɪsˈkɔrsərz
discourses,dɪsˈkɔrsəz
discoursing,dɪsˈkɔrsɪŋ
discourteous,dɪsˈkɜrtiəs
discourteously,dɪsˈkɜrtiəsli
discourteousness,dɪsˈkɜrtiəsnəs
discourtesies,dɪsˈkɜrtəsiz
discourtesy,dɪsˈkɜrtəsi
discovered,dɪsˈkʌvərd
discovers,dɪsˈkʌvərz
discreates,dɪsˈkriˌeɪts
discredits,dɪsˈkrɛdəts
discriminate,dɪˈskrɪməˌneɪt
discriminates,dɪˈskrɪməˌneɪts
discriminative,dɪˈskrɪmənətɪv
discriminatively,dɪˈskrɪmənətɪvli
discrown,dɪsˈkraʊn
discrowned,dɪsˈkraʊnd
discrowning,dɪsˈkraʊnɪŋ
discrowns,dɪsˈkraʊnz
discs,dɪsks
disculpates,dɪsˈkʌlpəˌteɪts
discursive,dɪˈskɜrsɪv
discursively,dɪˈskɜrsɪvli
discursiveness,dɪˈskɜrsɪvnəs
discussed,dɪˈskʌst
discusses,dɪˈskʌsəz
disdained,dɪsˈdeɪnd
disdains,dɪsˈdeɪnz
diseases,dɪˈzizəz
disembarked,ˌdɪsɛmˈbɑrkt
disembarks,ˌdɪsɛmˈbɑrks
disembarrassed,ˌdɪsɛmˈbærəst
disembarrasses,ˌdɪsɛmˈbærəsəz
disembodies,ˌdɪsɛmˈbɑdiz
disembogue,ˌdɪsɛmˈboʊɡ
disembogued,ˌdɪsɛmˈboʊɡd
disembogues,ˌdɪsɛmˈboʊɡz
disemboguing,ˌdɪsɛmˈboʊɡɪŋ
disembosomed,ˌdɪsɛmˈboʊzəmd
disembosoms,ˌdɪsɛmˈboʊzəmz
disembowel,ˌdɪsɛmˈbaʊəl
disemboweled,ˌdɪsɛmˈbaʊəld
disemboweling,ˌdɪsɛmˈbaʊəlɪŋ
disembowelled,ˌdɪsɛmˈbaʊəld
disembowelling,ˌdɪsɛmˈbaʊəlɪŋ
disembowelment,ˌdɪsɛmˈbaʊəlmənt
disembowelments,ˌdɪsɛmˈbaʊəlmənts
disembowels,ˌdɪsɛmˈbaʊəlz
disembroiled,ˌdɪsɛmˈbrɔɪld
disembroils,ˌdɪsɛmˈbrɔɪlz
disemburdened,ˌdɪsɛmˈbɜrdənd
disemburdens,ˌdɪsɛmˈbɜrdənz
disemployed,ˌdɪsɛmˈplɔɪd
disemploys,ˌdɪsɛmˈplɔɪz
disempower,ˌdɪsɛmˈpaʊər
disempowered,ˌdɪsɛmˈpaʊərd
disempowering,ˌdɪsɛmˈpaʊərɪŋ
disempowerment,ˌdɪsɛmˈpaʊərmənt
disempowers,ˌdɪsɛmˈpaʊərz
disenchain,ˌdɪsɛnˈtʃeɪn
disenchained,ˌdɪsɛnˈtʃeɪnd
disenchaining,ˌdɪsɛnˈtʃeɪnɪŋ
disenchains,ˌdɪsɛnˈtʃeɪnz
disenchant,ˌdɪsɛnˈtʃænt
disenchanted,ˌdɪsɛnˈtʃæntəd
disenchanter,ˌdɪsɛnˈtʃæntər
disenchanters,ˌdɪsɛnˈtʃæntərz
disenchanting,ˌdɪsɛnˈtʃæntɪŋ
disenchantingly,ˌdɪsɛnˈtʃæntɪŋli
disenchantment,ˌdɪsɛnˈtʃæntmənt
disenchantments,ˌdɪsɛnˈtʃæntmənts
disenchants,ˌdɪsɛnˈtʃænts
disencumbered,ˌdɪsɛnˈkʌmbərd
disencumbers,ˌdɪsɛnˈkʌmbərz
disendow,ˌdɪsɛnˈdaʊ
disendowed,ˌdɪsɛnˈdaʊd
disendower,ˌdɪsɛnˈdaʊər
disendowers,ˌdɪsɛnˈdaʊərz
disendowing,ˌdɪsɛnˈdaʊɪŋ
disendowment,ˌdɪsɛnˈdaʊmənt
disendowments,ˌdɪsɛnˈdaʊmənts
disendows,ˌdɪsɛnˈdaʊz
disenfranchise,ˌdɪsɛnˈfræntʃaɪz
disenfranchised,ˌdɪsɛnˈfræntʃaɪzd
disenfranchisement,ˌdɪsɛnˈfræntʃaɪzmənt
disenfranchisements,ˌdɪsɛnˈfræntʃaɪzmənts
disenfranchises,ˌdɪsɛnˈfræntʃaɪzəz
disenfranchising,ˌdɪsɛnˈfræntʃaɪzɪŋ
disengages,ˌdɪsɛnˈɡeɪdʒəz
disennobles,dɪsəˈnoʊbəlz
disenrolled,ˌdɪsɛnˈroʊld
disenrolls,ˌdɪsɛnˈroʊlz
disenslaves,dɪsɛnˈsleɪvz
disentailed,ˌdɪsɛnˈteɪld
disentails,ˌdɪsɛnˈteɪlz
disentangles,ˌdɪsɛnˈtæŋɡəlz
disenthralled,ˌdɪsɛnˈθrɔld
disenthralls,ˌdɪsɛnˈθrɔlz
disenthrals,ˌdɪsɛnˈθrɔlz
disentitles,ˌdɪsɛnˈtaɪtəlz
disentomb,ˌdɪsɛnˈtum
disentombed,ˌdɪsɛnˈtumd
disentombing,ˌdɪsɛnˈtumɪŋ
disentombs,ˌdɪsɛnˈtumz
disentrained,ˌdɪsɛnˈtreɪnd
disentrains,ˌdɪsɛnˈtreɪnz
disentrances,ˌdɪsɛnˈtrænsəz
disentwines,ˌdɪsɛnˈtwaɪnz
disenveloped,ˌdɪsɛnˈvɛləpt
disenvelops,ˌdɪsɛnˈvɛləps
disenvironed,ˌdɪsɪnˈvaɪərənd
disenvirons,ˌdɪsɪnˈvaɪərənz
disequilibrates,dɪsɪˈkwɪləˌbreɪts
disespouses,dɪsɪˈspaʊzəz
disestablished,ˌdɪsɪˈstæblɪʃt
disestablishes,ˌdɪsɪˈstæblɪʃəz
disesteemed,ˌdɪsɪˈstimd
disesteems,ˌdɪsɪˈstimz
disfavored,dɪsˈfeɪvərd
disfavors,dɪsˈfeɪvərz
disfavoured,dɪsˈfeɪvərd
disfavours,dɪsˈfeɪvərz
disfeatures,dɪsˈfitʃərz
disfellowshiped,dɪsˈfɛloʊʃɪpt
disfellowshipped,dɪsˈfɛloʊʃɪpt
disfellowshipping,dɪsˈfɛloʊʃɪpɪŋ
disfellowships,dɪsˈfɛloʊʃɪps
disfigures,dɪsˈfɪɡjərz
disfleshed,dɪsˈflɛʃt
disfleshes,dɪsˈflɛʃəz
disformed,dɪsˈfɔrmd
disforms,dɪsˈfɔrmz
disfranchise,dɪsˈfræntʃaɪz
disfranchised,dɪsˈfræntʃaɪzd
disfranchisement,dɪsˈfræntʃaɪzmənt
disfranchisements,dɪsˈfræntʃaɪzmənts
disfranchises,dɪsˈfræntʃaɪzəz
disfranchising,dɪsˈfræntʃaɪzɪŋ
disfrocked,dɪsˈfrɑkt
disfrocks,dɪsˈfrɑks
disfurnished,dɪsˈfɜrnɪʃt
disfurnishes,dɪsˈfɜrnɪʃəz
disgarnished,dɪsˈɡɑrnɪʃt
disgarnishes,dɪsˈɡɑrnɪʃəz
disgaveled,dɪsˈɡævəld
disgavelled,dɪsˈɡævəld
disgavelling,dɪsˈɡævəlɪŋ
disgavels,dɪsˈɡævəlz
disgorges,dɪsˈɡɔrdʒəz
disgown,dɪsˈɡaʊn
disgowned,dɪsˈɡaʊnd
disgowning,dɪsˈɡaʊnɪŋ
disgowns,dɪsˈɡaʊnz
disgraces,dɪsˈɡreɪsəz
disgrades,dɪsˈɡreɪdz
disgregates,dɪsˈɡrɛɡeɪts
disgruntles,dɪsˈɡrʌntəlz
disguise,dɪsˈɡaɪz
disguised,dɪsˈɡaɪzd
disguisedly,dɪsˈɡaɪzədli
disguisement,dɪsˈɡaɪzmənt
disguisements,dɪsˈɡaɪzmənts
disguiser,dɪsˈɡaɪzər
disguisers,dɪsˈɡaɪzərz
disguises,dɪsˈɡaɪzəz
disguising,dɪsˈɡaɪzɪŋ
disgusts,dɪsˈɡʌsts
disharmonises,dɪsˈhɑrməˌnaɪzəz
disharmonizes,dɪsˈhɑrməˌnaɪzəz
dishearten,dɪsˈhɑrtən
disheartened,dɪsˈhɑrtənd
disheartening,dɪsˈhɑrtənɪŋ
dishearteningly,dɪsˈhɑrtənɪŋli
disheartenment,dɪsˈhɑrtənmənt
disheartenments,dɪsˈhɑrtənmənts
disheartens,dɪsˈhɑrtənz
dished,dɪʃt
dishelmed,dɪsˈhɛlmd
dishelms,dɪsˈhɛlmz
disherits,dɪsˈhɛrəts
dishes,ˈdɪʃəz
disheveled,dɪˈʃɛvəld
dishevelled,dɪˈʃɛvəld
dishevelling,dɪˈʃɛvəlɪŋ
dishevels,dɪˈʃɛvəlz
dishonored,dɪsˈhɑnərd
dishonors,dɪsˈhɑnərz
dishonoured,dɪsˈhɑnərd
dishonours,dɪsˈhɑnərz
dishtowel,ˈdɪʃˌtaʊəl
dishtowels,ˈdɪʃˌtaʊəlz
disilludes,dɪsəˈludz
disillusioned,ˌdɪsəˈluʒənd
disillusions,ˌdɪsəˈluʒənz
disillusive,ˌdɪsəˈlusɪv
disimagine,dɪsɪˈmædʒən
disimagined,dɪsɪˈmædʒənd
disimagines,dɪsɪˈmædʒənz
disincentive,ˌdɪsɪnˈsɛntɪv
disincentives,ˌdɪsɪnˈsɛntɪvz
disinclines,dɪsɪnˈklaɪnz
disinfective,ˌdɪsɪnˈfɛktɪv
disinfects,ˌdɪsɪnˈfɛkts
disinfests,ˌdɪsɪnˈfɛsts
disinherits,ˌdɪsɪnˈhɛrəts
disinhibits,ˌdɪsɪnˈhɪbəts
disintegrates,dɪsˈɪntəˌɡreɪts
disintegrative,dɪsˈɪntəˌɡreɪtɪv
disinterests,dɪsˈɪntrəsts
disinterred,ˌdɪsɪnˈtɜrd
disinters,ˌdɪsɪnˈtɜrz
disintoxicates,dɪsɪnˈtɑksəˌkeɪts
disinvests,ˌdɪsɪnˈvɛsts
disinvigorates,dɪsɪnˈvɪɡəˌreɪts
disinvites,ˌdɪsɪnˈvaɪts
disinvolve,dɪsɪnˈvɑlv
disinvolved,dɪsɪnˈvɑlvd
disinvolvement,dɪsɪnˈvɑlvmənt
disinvolves,dɪsɪnˈvɑlvz
disjects,dɪˈdʒɛkts
disjoined,dɪsˈdʒɔɪnd
disjoins,dɪsˈdʒɔɪnz
disjoints,dɪsˈdʒɔɪnts
disjunctive,dɪsˈdʒʌŋktɪv
disjunctively,dɪsˈdʒʌŋktɪvli
disjunctives,dɪsˈdʒʌŋktɪvz
disked,dɪskt
diskette,dɪˈskɛt
diskettes,dɪˈskɛts
disks,dɪsks
dislikes,dɪsˈlaɪks
dislimned,dɪsˈlɪmd
dislimns,dɪsˈlɪmz
dislocates,ˈdɪsləˌkeɪts
dislodgement,dɪsˈlɑdʒmənt
dislodgements,dɪsˈlɑdʒmənts
dislodges,dɪsˈlɑdʒəz
dismantles,dɪsˈmæntəlz
dismasts,dɪsˈmæsts
dismayed,dɪsˈmeɪd
dismays,dɪsˈmeɪz
dismembered,dɪsˈmɛmbərd
dismembers,dɪsˈmɛmbərz
dismissed,dɪsˈmɪst
dismisses,dɪsˈmɪsəz
dismissive,dɪsˈmɪsɪv
dismissively,dɪsˈmɪsɪvli
dismissiveness,dɪsˈmɪsɪvnəs
dismounts,dɪsˈmaʊnts
disobeyed,ˌdɪsəˈbeɪd
disobeys,ˌdɪsəˈbeɪz
disobliges,ˌdɪsəˈblaɪdʒəz
disordered,dɪsˈɔrdərd
disorderedly,dɪsˈɔrdərdli
disorderedness,dɪsˈɔrdərdnəs
disorganises,dɪsˈɔrɡəˌnaɪzəz
disorganizes,dɪsˈɔrɡəˌnaɪzəz
disorientates,dɪsˈɔriənˌteɪts
disorients,dɪsˈɔriənts
disowned,dɪsˈoʊnd
disowns,dɪsˈoʊnz
disparages,dɪˈspærɪdʒəz
disparate,ˈdɪspərət
disparately,ˈdɪspərətli
disparateness,ˈdɪspərətnəs
disparts,dɪˈspɑrts
dispassionate,dɪˈspæʃənət
dispassionately,dɪˈspæʃənətli
dispassionateness,dɪˈspæʃənətnəs
dispatched,dɪˈspætʃt
dispatches,dɪˈspætʃəz
dispelled,dɪˈspɛld
dispels,dɪˈspɛlz
dispends,dɪˈspɛndz
dispenses,dɪˈspɛnsəz
dispeople,dɪsˈpipəl
dispeopled,dɪsˈpipəld
dispeoples,dɪsˈpipəlz
dispeopling,dɪsˈpipəlɪŋ
disperses,dɪˈspɜrsəz
dispersive,dɪˈspɜrsɪv
dispersively,dɪˈspɜrsɪvli
dispersiveness,dɪˈspɜrsɪvnəs
dispirits,dɪˈspɪrəts
displaces,dɪˈspleɪsəz
displants,dɪsˈplænts
displayed,dɪˈspleɪd
displays,dɪˈspleɪz
displeases,dɪsˈplizəz
displeasure,dɪsˈplɛʒər
displeasures,dɪsˈplɛʒərz
displodes,dɪˈsploʊdz
displumes,dɪˈsplumz
disports,dɪˈspɔrts
disposes,dɪˈspoʊzəz
dispositive,dɪˈspɑzətɪv
dispossessed,ˌdɪspəˈzɛst
dispossesses,ˌdɪspəˈzɛsəz
dispraises,dɪsˈpreɪzəz
dispread,dɪˈsprɛd
dispreading,dɪˈsprɛdɪŋ
dispreads,dɪˈsprɛdz
disprizes,dɪˈspraɪzəz
disproportionate,ˌdɪsprəˈpɔrʃənət
disproportionately,ˌdɪsprəˈpɔrʃənətli
disproportionates,ˌdɪsprəˈpɔrʃənəts
disproportioned,ˌdɪsprəˈpɔrʃənd
disproportions,ˌdɪsprəˈpɔrʃənz
disprovable,dɪsˈpruvəbəl
disprove,dɪsˈpruv
disproved,dɪsˈpruvd
disproven,dɪsˈpruvən
disproves,dɪsˈpruvz
disproving,dɪsˈpruvɪŋ
disputes,dɪˈspjuts
disqualifies,dɪsˈkwɑləˌfaɪz
disquantities,dɪsˈkwɑntətiz
disquiets,dɪsˈkwaɪəts
disrates,dɪsˈreɪts
disregards,ˌdɪsrɪˈɡɑrdz
disrelished,dɪsˈrɛlɪʃt
disrelishes,dɪsˈrɛlɪʃəz
disremembered,ˌdɪsrɪˈmɛmbərd
disremembers,ˌdɪsrɪˈmɛmbərz
disrespects,ˌdɪsrɪˈspɛkts
disrobes,dɪsˈroʊbz
disroots,dɪsˈruts
disruptive,dɪsˈrʌptɪv
disruptively,dɪsˈrʌptɪvli
disruptiveness,dɪsˈrʌptɪvnəs
disrupts,dɪsˈrʌpts
dissatisfies,dɪˈsætəsˌfaɪz
dissaves,dɪˈseɪvz
disseats,dɪsˈsits
dissects,dɪˈsɛkts
dissed,dɪst
disseise,dɪˈsiz
disseised,dɪˈsizd
disseises,dɪˈsizəz
disseisin,dɪˈsizən
disseising,dɪˈsizɪŋ
disseisins,dɪˈsizənz
disseisor,dɪˈsizər
disseisors,dɪˈsizərz
disseize,dɪˈsiz
disseized,dɪˈsizd
disseizes,dɪˈsizəz
disseizin,dɪˈsizən
disseizing,dɪˈsizɪŋ
disseizins,dɪˈsizənz
dissembles,dɪˈsɛmbəlz
disseminates,dɪˈsɛməˌneɪts
dissents,dɪˈsɛnts
dissertates,ˈdɪsərˌteɪts
disserts,dɪˈsɜrts
disserve,dɪˈsɜrv
disserved,dɪˈsɜrvd
disserves,dɪˈsɜrvz
disses,ˈdɪsəz
dissevered,dɪˈsɛvərd
dissevers,dɪˈsɛvərz
dissimilates,dɪˈsɪməˌleɪts
dissimulates,dɪˈsɪmjəˌleɪts
dissimulative,dɪˈsɪmjələtɪv
dissipates,ˈdɪsəˌpeɪts
dissipative,ˈdɪsəˌpeɪtɪv
dissociates,dɪˈsoʊʃiˌeɪts
dissociative,dɪˈsoʊʃiətɪv
dissolve,dɪˈzɑlv
dissolved,dɪˈzɑlvd
dissolves,dɪˈzɑlvz
dissuades,dɪˈsweɪdz
dissuasive,dɪˈsweɪsɪv
dissuasively,dɪˈsweɪsɪvli
dissuasiveness,dɪˈsweɪsɪvnəs
distained,dɪˈsteɪnd
distains,dɪˈsteɪnz
distances,ˈdɪstənsəz
distastes,dɪsˈteɪsts
distaves,ˈdɪsteɪvz
distemperate,dɪˈstɛmpərət
distempered,dɪˈstɛmpərd
distempers,dɪˈstɛmpərz
distends,dɪˈstɛndz
distil,dɪˈstɪl
distillate,ˈdɪstəˌleɪt
distillates,ˈdɪstəˌleɪts
distilled,dɪˈstɪld
distills,dɪˈstɪlz
distils,dɪˈstɪlz
distinctive,dɪˈstɪŋktɪv
distinctively,dɪˈstɪŋktɪvli
distinctiveness,dɪˈstɪŋktɪvnəs
distingue,dɪˈstɪŋɡweɪ
distinguished,dɪˈstɪŋɡwɪʃt
distinguishes,dɪˈstɪŋɡwɪʃəz
distortive,dɪˈstɔrtɪv
distorts,dɪˈstɔrts
distractive,dɪˈstræktɪv
distractively,dɪˈstræktɪvli
distracts,dɪˈstrækts
distrains,dɪˈstreɪnz
distraught,dɪˈstrɔt
distraughtly,dɪˈstrɔtli
distressed,dɪˈstrɛst
distresses,dɪˈstrɛsəz
distributes,dɪˈstrɪbjuts
distributive,dɪˈstrɪbjətɪv
distributively,dɪˈstrɪbjətɪvli
districts,ˈdɪstrɪkts
distrusts,dɪˈstrʌsts
disturbed,dɪˈstɜrbd
disturbs,dɪˈstɜrbz
disunites,dɪsjuˈnaɪts
disuse,dɪˈsjus
disused,dɪˈsjusd
disuses,dɪˈsjusəz
disusing,dɪˈsjusɪŋ
disvalues,dɪsˈvæljuz
disyokes,dɪˈsoʊks
ditched,dɪtʃt
ditches,ˈdɪtʃəz
dites,daɪts
dithered,ˈdɪθərd
dithers,ˈdɪθərz
ditransitive,daɪˈtrænsətɪv
dittos,ˈdɪtoʊz
divagates,ˈdaɪvəˌɡeɪts
divaricates,daɪˈværəˌkeɪts
divebombed,ˈdaɪvˌbɑmd
divebombs,ˈdaɪvˌbɑmz
diverges,daɪˈvɜrdʒəz
diversifies,daɪˈvɜrsəˌfaɪz
diverts,daɪˈvɜrts
dives,daɪvz
divests,dɪˈvɛsts
divides,dɪˈvaɪdz
divines,dɪˈvaɪnz
divinises,dɪˈvaɪnəˌsaɪzəz
divinizes,dɪˈvaɪnəˌtaɪzəz
divisive,dɪˈvaɪsɪv
divisively,dɪˈvaɪsɪvli
divisiveness,dɪˈvaɪsɪvnəs
divorces,dɪˈvɔrsəz
divulges,dɪˈvʌldʒəz
divvies,ˈdɪviz
dizened,ˈdaɪzənd
dizens,ˈdaɪzənz
dizzies,ˈdɪziz
do,du
doable,ˈduəbəl
doats,doʊts
docked,dɑkt
dockets,ˈdɑkəts
docks,dɑks
doctorate,ˈdɑktərət
doctorates,ˈdɑktərəts
doctored,ˈdɑktərd
doctors,ˈdɑktərz
doctrine,ˈdɑktrən
doctrines,ˈdɑktrənz
documents,ˈdɑkjəmənts
doddered,ˈdɑdərd
dodders,ˈdɑdərz
dodges,ˈdɑdʒəz
doer,ˈduər
doers,ˈduərz
does,dʌz
doest,ˈdoʊəst
doeth,ˈdoʊəθ
doffed,dɑft
doffs,dɑfs
dogeared,ˈdɔɡˌɪrd
dogears,ˈdɔɡˌɪrz
dogfight,ˈdɔɡˌfaɪt
dogfighting,ˈdɔɡˌfaɪtɪŋ
dogfights,ˈdɔɡˌfaɪts
dogfought,ˈdɔɡˌfɔt
dogged,ˈdɔɡəd
doggone,ˈdɔɡˌɡɑn
doggoned,ˈdɔɡˌɡɑnd
doggoneder,ˈdɔɡˌɡɑnədər
doggonedest,ˈdɔɡˌɡɑnədəst
doggones,ˈdɔɡˌɡɑnz
doglegged,ˈdɔɡˌlɛɡd
doglegs,ˈdɔɡˌlɛɡz
dogmatises,ˈdɔɡməˌtaɪzəz
dogmatizes,ˈdɔɡməˌtaɪzəz
dognaped,ˈdɔɡˌnæpt
dognapped,ˈdɔɡˌnæpt
dognapping,ˈdɔɡˌnæpɪŋ
dognappings,ˈdɔɡˌnæpɪŋz
dognaps,ˈdɔɡˌnæps
dogs,dɔɡz
dogsleds,ˈdɔɡˌslɛdz
dogtrots,ˈdɔɡˌtrɑts
dogwalk,ˈdɔɡˌwɔk
dogwalked,ˈdɔɡˌwɔkt
dogwalking,ˈdɔɡˌwɔkɪŋ
dogwalks,ˈdɔɡˌwɔks
doiled,dɔɪld
doing,ˈduɪŋ
doings,ˈduɪŋz
doles,doʊlz
dolesome,ˈdoʊlsəm
dolled,dɑld
dollies,ˈdɑliz
dolloped,ˈdɑləpt
dollops,ˈdɑləps
dolls,dɑlz
dolomitizes,dɑˈlɑməˌtaɪzəz
domes,doʊmz
domesticates,dəˈmɛstəˌkeɪts
domiciles,ˈdɑməsˌaɪlz
domiciliates,dəˈmɪsiˌliˌeɪts
dominates,ˈdɑməˌneɪts
dominative,ˈdɑmənətɪv
domineered,ˌdɑməˈnɪrd
domineers,ˌdɑməˈnɪrz
donates,ˈdoʊˌneɪts
donative,ˈdɑnətɪv
donatives,ˈdɑnətɪvz
done,dʌn
doneness,ˈdʌnnəs
donned,dɑnd
dons,dɑnz
doodles,ˈdudəlz
doomed,dumd
dooms,dumz
door,dɔr
doorbell,ˈdɔrˌbɛl
doorbells,ˈdɔrˌbɛlz
doorframe,ˈdɔrˌfreɪm
doorframes,ˈdɔrˌfreɪmz
doorjamb,ˈdɔrˌdʒæm
doorjambs,ˈdɔrˌdʒæmz
doorkeeper,ˈdɔrˌkipər
doorkeepers,ˈdɔrˌkipərz
doorknob,ˈdɔrˌnɑb
doorknobs,ˈdɔrˌnɑbz
doorknocker,ˈdɔrˌnɑkər
doorknockers,ˈdɔrˌnɑkərz
doorless,ˈdɔrləs
doorman,ˈdɔrˌmæn
doormat,ˈdɔrˌmæt
doormats,ˈdɔrˌmæts
doormen,ˈdɔrˌmɛn
doornail,ˈdɔrˌneɪl
doornails,ˈdɔrˌneɪlz
doorplate,ˈdɔrˌpleɪt
doorplates,ˈdɔrˌpleɪts
doorpost,ˈdɔrˌpoʊst
doorposts,ˈdɔrˌpoʊsts
doors,dɔrz
doorsill,ˈdɔrˌsɪl
doorsills,ˈdɔrˌsɪlz
doorstep,ˈdɔrˌstɛp
doorsteps,ˈdɔrˌstɛps
doorstop,ˈdɔrˌstɑp
doorstops,ˈdɔrˌstɑps
doorway,ˈdɔrˌweɪ
doorways,ˈdɔrˌweɪz
dooryard,ˈdɔrˌjɑrd
dooryards,ˈdɔrˌjɑrdz
dopehead,ˈdoʊpˌhɛd
dopeheads,ˈdoʊpˌhɛdz
dopes,doʊps
dorked,dɔrkt
dorks,dɔrks
dos,duz
doses,ˈdoʊsəz
dossed,dɑst
dosses,ˈdɑsəz
dossier,ˈdɒsieɪ
dossiers,ˈdɒsieɪz
dotes,doʊts
double,ˈdʌbəl
doublebreasted,ˈdʌbəlˌbrɛstəd
doublecross,ˈdʌbəlˌkrɔs
doubled,ˈdʌbəld
doubleheader,ˈdʌbəlˌhɛdər
doubleheaders,ˈdʌbəlˌhɛdərz
doubleness,ˈdʌbəlnəs
doubler,ˈdʌbələr
doublers,ˈdʌbələrz
doubles,ˈdʌbəlz
doublespeak,ˈdʌbəlˌspik
doublespeaker,ˈdʌbəlˌspikər
doublespeakers,ˈdʌbəlˌspikərz
doublet,ˈdʌblət
doublethink,ˈdʌbəlˌθɪŋk
doublethinks,ˈdʌbəlˌθɪŋks
doubleton,ˈdʌbəltən
doubletons,ˈdʌbəltənz
doublets,ˈdʌbləts
doubling,ˈdʌbəlɪŋ
doubloon,dʌˈblun
doubloons,dʌˈblunz
doublure,duˈblur
doublures,duˈblurz
doubly,ˈdʌbli
doubt,daʊt
doubtable,ˈdaʊtəbəl
doubted,ˈdaʊtəd
doubter,ˈdaʊtər
doubters,ˈdaʊtərz
doubtful,ˈdaʊtfəl
doubtfully,ˈdaʊtfəli
doubtfulness,ˈdaʊtfəlnəs
doubting,ˈdaʊtɪŋ
doubtingly,ˈdaʊtɪŋli
doubtless,ˈdaʊtləs
doubtlessly,ˈdaʊtləsli
doubtlessness,ˈdaʊtləsnəs
doubts,daʊts
douce,dus
doucely,ˈdusli
douceur,duˈsɜr
douche,duʃ
douched,duʃt
douches,ˈduʃəz
douching,ˈduʃɪŋ
dough,doʊ
doughboy,ˈdoʊˌbɔɪ
doughboys,ˈdoʊˌbɔɪz
doughface,ˈdoʊˌfeɪs
doughfaces,ˈdoʊˌfeɪsəz
doughier,ˈdoʊiər
doughiest,ˈdoʊiəst
doughlike,ˈdoʊˌlaɪk
doughnut,ˈdoʊnʌt
doughnutlike,ˈdoʊnʌtˌlaɪk
doughnuts,ˈdoʊnʌts
doughs,doʊz
dought,dɔt
doughtier,ˈdɔtiər
doughtiest,ˈdɔtiəst
doughtily,ˈdɔtəli
doughtiness,ˈdɔtinəs
doughty,ˈdɔti
doughy,ˈdoʊi
doula,ˈdulə
doulas,ˈduləz
douma,ˈdumə
doumas,ˈduməz
doupioni,duˈpiˌoʊni
dourine,duˈrin
douroucouli,ˌdʊruˈkuli
douroucoulis,ˌdʊruˈkuliz
douses,ˈdaʊsəz
doux,du
dove,dʌv
dovecot,ˈdʌvkɑt
dovecote,ˈdʌvkoʊt
dovecotes,ˈdʌvkoʊts
dovecots,ˈdʌvkɑts
doveish,ˈdʌvɪʃ
doveishness,ˈdʌvɪʃnəs
dovekey,ˈdʌvki
dovekeys,ˈdʌvkiz
dovekie,ˈdʌvki
dovekies,ˈdʌvkiz
dovelet,ˈdʌvlət
dovelets,ˈdʌvləts
dovelike,ˈdʌvˌlaɪk
dovened,ˈdʌvənd
dovens,ˈdʌvənz
doves,dʌvz
dovetail,ˈdʌvˌteɪl
dovetailed,ˈdʌvˌteɪld
dovetailing,ˈdʌvˌteɪlɪŋ
dovetails,ˈdʌvˌteɪlz
dow,daʊ
dowable,ˈdaʊəbəl
dowager,ˈdaʊədʒər
dowagers,ˈdaʊədʒərz
dowdier,ˈdaʊdiər
dowdies,ˈdaʊdiz
dowdiest,ˈdaʊdiəst
dowdily,ˈdaʊdəli
dowdiness,ˈdaʊdinəs
dowdy,ˈdaʊdi
dowdyish,ˈdaʊdiɪʃ
dowed,daʊd
dowel,ˈdaʊəl
doweled,ˈdaʊəld
doweling,ˈdaʊəlɪŋ
dowelled,ˈdaʊəld
dowelling,ˈdaʊəlɪŋ
dowels,ˈdaʊəlz
dower,ˈdaʊər
dowered,ˈdaʊərd
doweries,ˈdaʊəriz
dowering,ˈdaʊərɪŋ
dowers,ˈdaʊərz
dowery,ˈdaʊəri
dowie,ˈdaʊi
dowing,ˈdaʊɪŋ
dowitcher,ˈdaʊɪtʃər
dowitchers,ˈdaʊɪtʃərz
dowlas,ˈdaʊləs
down,daʊn
downbeat,ˈdaʊnˌbit
downbeats,ˈdaʊnˌbits
downburst,ˈdaʊnˌbɜrst
downbursts,ˈdaʊnˌbɜrsts
downcast,ˈdaʊnˌkæst
downcasts,ˈdaʊnˌkæsts
downcome,ˈdaʊnˌkʌm
downcomes,ˈdaʊnˌkʌmz
downcourt,ˈdaʊnˌkɔrt
downdraft,ˈdaʊnˌdræft
downdrafts,ˈdaʊnˌdræfts
downed,daʊnd
downer,ˈdaʊnər
downers,ˈdaʊnərz
downfall,ˈdaʊnˌfɔl
downfallen,ˈdaʊnˌfɔlən
downfalls,ˈdaʊnˌfɔlz
downfield,ˈdaʊnˌfild
downgrade,ˈdaʊnˌɡreɪd
downgraded,ˈdaʊnˌɡreɪdəd
downgrades,ˈdaʊnˌɡreɪdz
downgrading,ˈdaʊnˌɡreɪdɪŋ
downhaul,ˈdaʊnˌhɔl
downhauls,ˈdaʊnˌhɔlz
downhearted,ˈdaʊnˌhɑrtəd
downheartedly,ˈdaʊnˌhɑrtədli
downheartedness,ˈdaʊnˌhɑrtədnəs
downhill,ˈdaʊnˌhɪl
downhiller,ˈdaʊnˌhɪlər
downhillers,ˈdaʊnˌhɪlərz
downhills,ˈdaʊnˌhɪlz
downier,ˈdaʊniər
downiest,ˈdaʊniəst
downing,ˈdaʊnɪŋ
downland,ˈdaʊnˌlænd
downlands,ˈdaʊnˌlændz
downlink,ˈdaʊnˌlɪŋk
downlinks,ˈdaʊnˌlɪŋks
download,ˈdaʊnˌloʊd
downloadable,ˈdaʊnˌloʊdəbəl
downloaded,ˈdaʊnˌloʊdəd
downloading,ˈdaʊnˌloʊdɪŋ
downloads,ˈdaʊnˌloʊdz
downpipe,ˈdaʊnˌpaɪp
downpipes,ˈdaʊnˌpaɪpz
downplay,ˈdaʊnˌpleɪ
downplayed,ˈdaʊnˌpleɪd
downplaying,ˈdaʊnˌpleɪɪŋ
downplays,ˈdaʊnˌpleɪz
downpour,ˈdaʊnˌpɔr
downpours,ˈdaʊnˌpɔrz
downrange,ˈdaʊnˌreɪndʒ
downright,ˈdaʊnˌraɪt
downrightness,ˈdaʊnˌraɪtnəs
downriver,ˈdaʊnˌrɪvər
downs,daʊnz
downscale,ˈdaʊnˌskeɪl
downscaled,ˈdaʊnˌskeɪld
downscales,ˈdaʊnˌskeɪlz
downscaling,ˈdaʊnˌskeɪlɪŋ
downshift,ˈdaʊnˌʃɪft
downshifted,ˈdaʊnˌʃɪftəd
downshifting,ˈdaʊnˌʃɪftɪŋ
downshifts,ˈdaʊnˌʃɪfts
downside,ˈdaʊnˌsaɪd
downsides,ˈdaʊnˌsaɪdz
downsize,ˈdaʊnˌsaɪz
downsized,ˈdaʊnˌsaɪzd
downsizes,ˈdaʊnˌsaɪzəz
downsizing,ˈdaʊnˌsaɪzɪŋ
downslide,ˈdaʊnˌslaɪd
downslides,ˈdaʊnˌslaɪdz
downslope,ˈdaʊnˌsloʊp
downspout,ˈdaʊnˌspaʊt
downspouts,ˈdaʊnˌspaʊts
downstage,ˈdaʊnˌsteɪdʒ
downstages,ˈdaʊnˌsteɪdʒəz
downstairs,ˈdaʊnˌstɛrz
downstate,ˈdaʊnˌsteɪt
downstater,ˈdaʊnˌsteɪtər
downstaters,ˈdaʊnˌsteɪtərz
downstream,ˈdaʊnˌstrim
downstroke,ˈdaʊnˌstroʊk
downstrokes,ˈdaʊnˌstroʊks
downswing,ˈdaʊnˌswɪŋ
downswings,ˈdaʊnˌswɪŋz
downtick,ˈdaʊnˌtɪk
downticks,ˈdaʊnˌtɪks
downtime,ˈdaʊnˌtaɪm
downtimes,ˈdaʊnˌtaɪmz
downtown,ˈdaʊnˌtaʊn
downtowner,ˈdaʊnˌtaʊnər
downtowners,ˈdaʊnˌtaʊnərz
downtowns,ˈdaʊnˌtaʊnz
downtrend,ˈdaʊnˌtrɛnd
downtrends,ˈdaʊnˌtrɛndz
downtrod,ˈdaʊnˌtrɑd
downtrodden,ˈdaʊnˌtrɑdən
downtrodding,ˈdaʊnˌtrɑdɪŋ
downturn,ˈdaʊnˌtɜrn
downturns,ˈdaʊnˌtɜrnz
downward,ˈdaʊnwərd
downwardly,ˈdaʊnwərdli
downwardness,ˈdaʊnwərdnəs
downwards,ˈdaʊnwərdz
downwash,ˈdaʊnˌwɑʃ
downwashes,ˈdaʊnˌwɑʃəz
downwind,ˈdaʊnˌwɪnd
downy,ˈdaʊni
dowries,ˈdaʊriz
dowry,ˈdaʊri
dows,daʊz
dowsabel,ˈdaʊzəbəl
dowsabels,ˈdaʊzəbəlz
dowse,daʊz
dowsed,daʊzd
dowser,ˈdaʊzər
dowsers,ˈdaʊzərz
dowses,ˈdaʊzəz
dowsing,ˈdaʊzɪŋ
dozened,ˈdʌzənd
dozens,ˈdʌzənz
dozes,ˈdoʊzəz
drabbed,dræbd
drabbles,ˈdræbəlz
dracaena,drəˈsiːnə
dracaenas,drəˈsiːnəz
drafts,dræfts
dragged,dræɡd
draggles,ˈdræɡəlz
dragonhead,ˈdræɡənˌhɛd
dragonheads,ˈdræɡənˌhɛdz
dragooned,drəˈɡund
dragoons,drəˈɡunz
drags,dræɡz
drained,dreɪnd
drains,dreɪnz
dramatises,ˈdræməˌtaɪzəz
dramatizes,ˈdræməˌtaɪzəz
drapeability,ˈdreɪpəˌbɪləti
drapes,dreɪps
drats,dræts
draughtboard,ˈdræftˌbɔrd
draughtboards,ˈdræftˌbɔrdz
draughts,dræfts
draughtswoman,ˈdræftswʊmən
draughtswomen,ˈdræftswʊmən
drawdown,ˈdrɔˌdaʊn
drawdowns,ˈdrɔˌdaʊnz
drawled,drɔld
drawls,drɔlz
draws,drɔz
drayed,dreɪd
drays,dreɪz
dread,drɛd
dreaded,ˈdrɛdəd
dreadful,ˈdrɛdfəl
dreadfully,ˈdrɛdfəli
dreadfulness,ˈdrɛdfəlnəs
dreadfuls,ˈdrɛdfəlz
dreading,ˈdrɛdɪŋ
dreadlock,ˈdrɛdˌlɑk
dreadlocks,ˈdrɛdˌlɑks
dreadnaught,ˈdrɛdˌnɔt
dreadnaughts,ˈdrɛdˌnɔts
dreadnought,ˈdrɛdˌnɔt
dreadnoughts,ˈdrɛdˌnɔts
dreads,drɛdz
dreamed,drimd
dreams,drimz
dreamt,drɛmt
dredges,ˈdrɛdʒəz
drees,driz
drench,drɛntʃ
drenched,drɛntʃt
drencher,ˈdrɛntʃər
drenchers,ˈdrɛntʃərz
drenches,ˈdrɛntʃəz
drenching,ˈdrɛntʃɪŋ
dressed,drɛst
dresses,ˈdrɛsəz
dribbed,drɪbd
dribbles,ˈdrɪbəlz
dribs,drɪbz
dries,draɪz
drifts,drɪfts
drilled,drɪld
drills,drɪlz
drinks,drɪŋks
dripped,drɪpt
drips,drɪps
driveled,ˈdrɪvəld
drivelled,ˈdrɪvəld
drivelling,ˈdrɪvəlɪŋ
drivels,ˈdrɪvəlz
drives,draɪvz
drizzles,ˈdrɪzəlz
drogue,droʊɡ
drogues,droʊɡz
drolled,droʊld
drolls,droʊlz
drones,droʊnz
drooked,drukd
drooks,druks
drooled,druld
drools,drulz
drooped,drupt
droops,drups
drophead,ˈdrɑpˌhɛd
dropheads,ˈdrɑpˌhɛdz
droplight,ˈdrɑpˌlaɪt
droplights,ˈdrɑpˌlaɪts
dropped,drɑpt
drops,drɑps
drought,draʊt
droughtier,ˈdraʊtiər
droughtiest,ˈdraʊtiəst
droughtiness,ˈdraʊtinəs
droughts,draʊts
droughty,ˈdraʊti
drouked,drukd
drouks,druks
droves,droʊvz
drow,draʊ
drown,draʊn
drownd,draʊnd
drownded,ˈdraʊndəd
drownding,ˈdraʊndɪŋ
drownds,draʊndz
drowned,draʊnd
drowner,ˈdraʊnər
drowners,ˈdraʊnərz
drowning,ˈdraʊnɪŋ
drowns,draʊnz
drowse,draʊz
drowsed,draʊzd
drowses,ˈdraʊzəz
drowsier,ˈdraʊziər
drowsiest,ˈdraʊziəst
drowsily,ˈdraʊzəli
drowsiness,ˈdraʊzinəs
drowsing,ˈdraʊzɪŋ
drowsy,ˈdraʊzi
drubbed,drʌbd
drubs,drʌbz
drudges,ˈdrʌdʒəz
drugged,drʌɡd
drugs,drʌɡz
drumbles,ˈdrʌmbəlz
drumhead,ˈdrʌmˌhɛd
drumheads,ˈdrʌmˌhɛdz
drummed,drʌmd
drums,drʌmz
dualizes,ˈduəˌlaɪzəz
dubbed,dʌbd
dubs,dʌbz
duchess,ˈdʌtʃəs
duchesses,ˈdʌtʃəsəz
duchies,ˈdʌtʃiz
duchy,ˈdʌtʃi
ducked,dʌkt
ducks,dʌks
duckwalk,ˈdʌkˌwɔk
duckwalked,ˈdʌkˌwɔkt
duckwalking,ˈdʌkˌwɔkɪŋ
duckwalks,ˈdʌkˌwɔks
ducts,dʌkts
dudes,dudz
dudgeon,ˈdʌdʒən
dudgeons,ˈdʌdʒənz
dueled,ˈduəld
duelled,ˈduəld
dueller,ˈduələr
duellers,ˈduələrz
duelling,ˈduəlɪŋ
duellist,ˈduəlɪst
duellists,ˈduəlɪsts
duels,ˈduəlz
duets,duˈɛts
dukes,duks
dulcifies,ˈdʌlsəˌfaɪz
dulled,dʌld
dulls,dʌlz
dumb,dʌm
dumbass,ˈdʌmˌæs
dumbasses,ˈdʌmˌæsəz
dumbcane,ˈdʌmˌkeɪn
dumbcanes,ˈdʌmˌkeɪnz
dumbed,dʌmd
dumber,ˈdʌmər
dumbest,ˈdʌməst
dumbfound,ˈdʌmˌfaʊnd
dumbfounded,ˈdʌmˌfaʊndəd
dumbfounder,ˈdʌmˌfaʊndər
dumbfoundered,ˈdʌmˌfaʊndərd
dumbfoundering,ˈdʌmˌfaʊndərɪŋ
dumbfounders,ˈdʌmˌfaʊndərz
dumbfounding,ˈdʌmˌfaʊndɪŋ
dumbfounds,ˈdʌmˌfaʊndz
dumbhead,ˈdʌmˌhɛd
dumbheads,ˈdʌmˌhɛdz
dumbing,ˈdʌmɪŋ
dumbly,ˈdʌmli
dumbness,ˈdʌmnəs
dumbs,dʌmz
dumbstruck,ˈdʌmˌstrʌk
dumbwaiter,ˈdʌmˌweɪtər
dumbwaiters,ˈdʌmˌweɪtərz
dumfound,ˈdʌmˌfaʊnd
dumfounded,ˈdʌmˌfaʊndəd
dumfounding,ˈdʌmˌfaʊndɪŋ
dumfounds,ˈdʌmˌfaʊndz
dummies,ˈdʌmiz
dumped,dʌmpt
dumps,dʌmps
dunch,dʌntʃ
dunched,dʌntʃt
dunches,ˈdʌntʃəz
dunching,ˈdʌntʃɪŋ
dunderhead,ˈdʌndərˌhɛd
dunderheaded,ˈdʌndərˌhɛdəd
dunderheadedness,ˈdʌndərˌhɛdədnəs
dunderheads,ˈdʌndərˌhɛdz
dunged,dʌŋd
dungeon,ˈdʌndʒən
dungeoned,ˈdʌndʒənd
dungeoning,ˈdʌndʒənɪŋ
dungeons,ˈdʌndʒənz
dungs,dʌŋz
dunked,dʌŋkt
dunks,dʌŋks
dunned,dʌnd
duns,dʌnz
dunts,dʌnts
dupes,dups
duplexed,ˈduˌplɛkst
duplexes,ˈduˌplɛksəz
duplicate,ˈdupləˌkeɪt
duplicates,ˈdupləˌkeɪts,(verb),or,ˈdupləˌkəts,(noun)
duplicative,ˈdupləˌkeɪtɪv
dups,dʌps
durative,ˈdʊrətɪv
duratives,ˈdʊrətɪvz
dures,djʊrz
durned,dɜrnd
durns,dɜrnz
dusked,dʌskt
dusks,dʌsks
dusts,dʌsts
duumvirate,duˈʌmvərət
duumvirates,duˈʌmvərəts
duvet,duˈveɪ
duvets,duˈveɪz
dwarfed,dwɔrft
dwarfs,dwɔrfs
dwarves,dwɔrvz
dwelled,dwɛld
dwells,dwɛlz
dwindles,ˈdwɪndəlz
dwines,dwaɪnz
dyes,daɪz
dykes,daɪks
dynamites,ˈdaɪnəˌmaɪts
dyvour,ˈdaɪvər
dyvours,ˈdaɪvərz
dyvoury,ˈdaɪvəri
each,itʃ
eachwhere,ˈitʃˌwɛr
eared,ɪrd
earl,ɜrl
earldom,ˈɜrldəm
earldoms,ˈɜrldəmz
earldorman,ˈɜrldɔrmən
earldormen,ˈɜrldɔrmɛn
earle,ɜrl
earles,ɜrlz
earlier,ˈɜrliər
earliest,ˈɜrliəst
earliness,ˈɜrlinəs
earls,ɜrlz
earlship,ˈɜrlˌʃɪp
earlships,ˈɜrlˌʃɪps
early,ˈɜrli
earlywood,ˈɜrliˌwʊd
earlywoods,ˈɜrliˌwʊdz
earmarked,ˈɪrˌmɑrkt
earmarks,ˈɪrˌmɑrks
earn,ɜrn
earned,ɜrnd
earner,ˈɜrnər
earners,ˈɜrnərz
earnest,ˈɜrnəst
earnestful,ˈɜrnəstfəl
earnestly,ˈɜrnəstli
earnestness,ˈɜrnəstnəs
earnests,ˈɜrnəsts
earnful,ˈɜrnfəl
earning,ˈɜrnɪŋ
earnings,ˈɜrnɪŋz
earns,ɜrnz
earreach,ˈɪrˌritʃ
earth,ɜrθ
earthbag,ˈɜrθˌbæɡ
earthbags,ˈɜrθˌbæɡz
earthbank,ˈɜrθˌbæŋk
earthbanks,ˈɜrθˌbæŋks
earthboard,ˈɜrθˌbɔrd
earthboards,ˈɜrθˌbɔrdz
earthborn,ˈɜrθˌbɔrn
earthbound,ˈɜrθˌbaʊnd
earthbred,ˈɜrθˌbrɛd
earthdin,ˈɜrθˌdɪn
earthdins,ˈɜrθˌdɪnz
earthdrake,ˈɜrθˌdreɪk
earthdrakes,ˈɜrθˌdreɪks
earthed,ɜrθt
earthen,ˈɜrθən
earthenware,ˈɜrθənˌwɛr
earthenwares,ˈɜrθənˌwɛrz
earthier,ˈɜrθiər
earthiest,ˈɜrθiəst
earthily,ˈɜrθəli
earthiness,ˈɜrθinəs
earthing,ˈɜrθɪŋ
earthlier,ˈɜrθliər
earthliest,ˈɜrθliəst
earthlight,ˈɜrθˌlaɪt
earthlights,ˈɜrθˌlaɪts
earthlike,ˈɜrθˌlaɪk
earthliness,ˈɜrθlinəs
earthling,ˈɜrθlɪŋ
earthlings,ˈɜrθlɪŋz
earthly,ˈɜrθli
earthmad,ˈɜrθˌmæd
earthman,ˈɜrθˌmæn
earthmen,ˈɜrθˌmɛn
earthmover,ˈɜrθˌmuvər
earthmovers,ˈɜrθˌmuvərz
earthmoving,ˈɜrθˌmuvɪŋ
earthmovings,ˈɜrθˌmuvɪŋz
earthnut,ˈɜrθˌnʌt
earthnuts,ˈɜrθˌnʌts
earthpea,ˈɜrθˌpi
earthpeas,ˈɜrθˌpiz
earthquake,ˈɜrθˌkweɪk
earthquakes,ˈɜrθˌkweɪks
earthrise,ˈɜrθˌraɪz
earthrises,ˈɜrθˌraɪzəz
earths,ɜrθs
earthset,ˈɜrθˌsɛt
earthsets,ˈɜrθˌsɛts
earthshaker,ˈɜrθˌʃeɪkər
earthshakers,ˈɜrθˌʃeɪkərz
earthshaking,ˈɜrθˌʃeɪkɪŋ
earthshakingly,ˈɜrθˌʃeɪkɪŋli
earthshine,ˈɜrθˌʃaɪn
earthshock,ˈɜrθˌʃɑk
earthshocks,ˈɜrθˌʃɑks
earthstar,ˈɜrθˌstɑr
earthstars,ˈɜrθˌstɑrz
earthward,ˈɜrθwərd
earthwards,ˈɜrθwərdz
earthwork,ˈɜrθˌwɜrk
earthworks,ˈɜrθˌwɜrks
earthworm,ˈɜrθˌwɜrm
earthworms,ˈɜrθˌwɜrmz
earthy,ˈɜrθi
earwigged,ˈɪrˌwɪɡd
earwigs,ˈɪrˌwɪɡz
eases,ˈizəz
easternmost,ˈistərnˌmoʊst
eats,its
eaux,oʊz
eave,iv
eaved,ivd
eavedrop,ˈivˌdrɑp
eavedrops,ˈivˌdrɑps
eaves,ivz
eavesdrop,ˈivzˌdrɑp
eavesdropped,ˈivzˌdrɑpt
eavesdropper,ˈivzˌdrɑpər
eavesdroppers,ˈivzˌdrɑpərz
eavesdropping,ˈivzˌdrɑpɪŋ
eavesdrops,ˈivzˌdrɑps
ebbed,ɛbd
ebbs,ɛbz
ebonises,ˈɛbəˌnaɪzəz
ebonizes,ˈɛbəˌnaɪzəz
ebracteate,iˈbræktiˌeɪt
ebracteolate,iˈbræktiəˌleɪt
ecchymoses,ˈɛkəˌmoʊsiz
eche,itʃ
eched,itʃt
echelle,eɪˈʃɛl
echelles,eɪˈʃɛlz
echelon,ˈɛʃəˌlɑn
echeloned,ˈɛʃəˌlɑnd
echeloning,ˈɛʃəˌlɑnɪŋ
echelons,ˈɛʃəˌlɑnz
eches,ˈitʃəz
echeveria,ˌɛtʃəˈvɪriə
echeverias,ˌɛtʃəˈvɪriəz
echinate,ˈɛkəˌneɪt
echinates,ˈɛkəˌneɪts
eching,ˈitʃɪŋ
echoes,ˈɛkoʊz
echos,ˈɛkoʊz
eclipses,ɪˈklɪpsəz
eclogue,ˈɛklɔɡ
eclogues,ˈɛklɔɡz
economises,ɪˈkɑnəˌmaɪzəz
economizes,ɪˈkɑnəˌmaɪzəz
ecotourism,ˈikoʊˌtʊrɪzəm
ecotourist,ˈikoʊˌtʊrɪst
ecotourists,ˈikoʊˌtʊrɪsts
eddies,ˈɛdiz
edges,ˈɛdʒəz
edifies,ˈɛdəˌfaɪz
editorialises,ˌɛdətɔriəˌlaɪzəz
editorializes,ˌɛdətɔriəˌlaɪzəz
edits,ˈɛdɪts
educates,ˈɛdʒəˌkeɪts
educative,ˈɛdʒəkətɪv
educes,ɪˈdusəz
eductive,ɪˈdʌktɪv
educts,ˈɛdʌkts
edulcorates,ɪˈdʌlkəˌreɪts
effaces,ɪˈfeɪsəz
effective,ɪˈfɛktɪv
effectively,ɪˈfɛktɪvli
effectiveness,ɪˈfɛktɪvnəs
effectives,ɪˈfɛktɪvz
effects,ɪˈfɛkts
effectuates,ɪˈfɛktʃuˌeɪts
effed,ɛft
effeminate,ɪˈfɛmənət
effeminately,ɪˈfɛmənətli
effeminates,ɪˈfɛmənəts
effeminises,ɪˈfɛmənəˌsaɪzəz
effeminizes,ɪˈfɛmənəˌtaɪzəz
effervesces,ˌɛfərˈvɛsəz
effloresces,ˌɛfləˈrɛsəz
effs,ɛfs
effuse,ɪˈfjuz
effused,ɪˈfjuzd
effuses,ɪˈfjuzəz
effusing,ɪˈfjuzɪŋ
effusive,ɪˈfjusɪv
effusively,ɪˈfjusɪvli
effusiveness,ɪˈfjusɪvnəs
egestive,ɪˈdʒɛstɪv
egests,ɪˈdʒɛsts
egged,ɛɡd
egghead,ˈɛɡˌhɛd
eggheaded,ˈɛɡˌhɛdəd
eggheadedness,ˈɛɡˌhɛdədnəs
eggheads,ˈɛɡˌhɛdz
eggs,ɛɡz
egressed,ˈiˌɡrɛst
egresses,ˈiˌɡrɛsəz
eiderdown,ˈaɪdərˌdaʊn
eiderdowns,ˈaɪdərˌdaʊnz
eight,eɪt
eighteen,eɪˈtin
eighteens,eɪˈtinz
eighteenth,eɪˈtinθ
eighteenths,eɪˈtinθs
eightfold,ˈeɪtˌfoʊld
eighth,eɪtθ
eighthly,ˈeɪtθli
eighths,eɪtθs
eighties,ˈeɪtiz
eightieth,ˈeɪtiəθ
eightieths,ˈeɪtiəθs
eights,eɪts
eightvo,ˈeɪtvoʊ
eightvos,ˈeɪtvoʊz
eighty,ˈeɪti
eightyish,ˈeɪtiɪʃ
ejaculate,ɪˈdʒækjəˌleɪt
ejaculates,ɪˈdʒækjəˌleɪts,(verb),or,ɪˈdʒækjəˌləts,(noun)
ejective,ɪˈdʒɛktɪv
ejectives,ɪˈdʒɛktɪvz
ejects,ɪˈdʒɛkts
ekes,iks
elaborate,ɪˈlæbərət
elaborately,ɪˈlæbərətli
elaborateness,ɪˈlæbərətnəs
elaborates,ɪˈlæbəˌreɪts
elaborative,ɪˈlæbərətɪv
elances,ɪˈlænsəz
elapses,ɪˈlæpsəz
elasticizes,ɪˈlæstəˌsaɪzəz
elates,ɪˈleɪts
elative,ˈɛlətɪv
elatives,ˈɛlətɪvz
elbowed,ˈɛlˌboʊd
elbows,ˈɛlˌboʊz
electioneered,ɪˌlɛkʃəˈnɪrd
electioneers,ɪˌlɛkʃəˈnɪrz
elective,ɪˈlɛktɪv
electively,ɪˈlɛktɪvli
electiveness,ɪˈlɛktɪvnəs
electives,ɪˈlɛktɪvz
electorate,ɪˈlɛktərət
electorates,ɪˈlɛktərəts
electrifies,ɪˈlɛktrəˌfaɪz
electroconvulsive,ɪˌlɛktroʊkənˈvʌlsɪv
electrocutes,ɪˈlɛktrəˌkjuts
electroformed,ɪˈlɛktrəˌfɔrmd
electroforms,ɪˈlɛktrəˌfɔrmz
electrolyzes,ɪˈlɛktrəˌlaɪzəz
electronegative,ɪˌlɛktroʊˈnɛɡətɪv
electrophoreses,ɪˌlɛktrəˈfɔrəsəz
electroplates,ɪˈlɛktrəˌpleɪts
electropositive,ɪˌlɛktroʊˈpɑzətɪv
electrotypes,ɪˈlɛktrəˌtaɪps
elects,ɪˈlɛkts
elegises,ˈɛləˌdʒaɪzəz
elegizes,ˈɛləˌdʒaɪzəz
elevates,ˈɛləˌveɪts
elicits,ɪˈlɪsəts
elides,ɪˈlaɪdz
elimates,ˈɛləˌmeɪts
eliminates,ɪˈlɪməˌneɪts
eliminative,ɪˈlɪmənətɪv
eloigned,ɪˈlɔɪnd
eloigns,ɪˈlɔɪnz
eloined,ɪˈlɔɪnd
eloins,ɪˈlɔɪnz
elongates,ˈiˌlɔŋˌɡeɪts
elopes,ɪˈloʊps
eluate,ˈɛljuˌeɪt
eluates,ˈɛljuˌeɪts,(verb),or,ˈɛljuˌəts,(noun)
elucidates,ɪˈlusəˌdeɪts
elucidative,ɪˈlusədətɪv
elucubrates,ɪˈlukjəˌbreɪts
eludes,ɪˈludz
elusive,ɪˈlusɪv
elusively,ɪˈlusɪvli
elusiveness,ɪˈlusɪvnəs
elutes,ɪˈluts
elutriates,ɪˈlutriˌeɪts
eluviates,ɪˈluviˌeɪts
elves,ɛlvz
emaciates,ɪˈmeɪʃiˌeɪts
emailed,ˈeɪˌmeɪld
emails,ˈeɪˌmeɪlz
emanates,ˈɛməˌneɪts
emanative,ˈɛmənətɪv
emancipates,ɪˈmænsəˌpeɪts
emarginate,ɪˈmɑrdʒənət
emarginates,ɪˈmɑrdʒənəts
emasculates,ɪˈmæskjəˌleɪts
embalm,ɪmˈbɑm
embalmed,ɪmˈbɑmd
embalmer,ɪmˈbɑmər
embalmers,ɪmˈbɑmərz
embalming,ɪmˈbɑmɪŋ
embalmment,ɪmˈbɑmmənt
embalmments,ɪmˈbɑmmənts
embalms,ɪmˈbɑmz
embanked,ɪmˈbæŋkt
embanks,ɪmˈbæŋks
embargoes,ɪmˈbɑrɡoʊz
embarked,ɪmˈbɑrkt
embarks,ɪmˈbɑrks
embarrassed,ɪmˈbærəst
embarrasses,ɪmˈbærəsəz
embarred,ɪmˈbɑrd
embars,ɪmˈbɑrz
embattles,ɪmˈbætəlz
embayed,ɪmˈbeɪd
embays,ɪmˈbeɪz
embeds,ɪmˈbɛdz
embellished,ɪmˈbɛlɪʃt
embellishes,ɪmˈbɛlɪʃəz
embezzles,ɪmˈbɛzəlz
embittered,ɪmˈbɪtərd
embitters,ɪmˈbɪtərz
emblazes,ɪmˈbleɪzəz
emblazoned,ɪmˈbleɪzənd
emblazons,ɪmˈbleɪzənz
emblematises,ɪmˈblɛmətəˌsaɪzəz
emblematizes,ɪmˈblɛmətəˌtaɪzəz
emblemed,ˈɛmbləmd
emblems,ˈɛmbləmz
embodies,ɪmˈbɑdiz
emboldened,ɪmˈboʊldənd
emboldens,ɪmˈboʊldənz
embolises,ˈɛmbəˌlaɪzəz
embolizes,ˈɛmbəˌlaɪzəz
embordered,ɪmˈbɔrdərd
emborders,ɪmˈbɔrdərz
embosked,ɪmˈbɑskt
embosks,ɪmˈbɑsks
embosomed,ɪmˈboʊzəmd
embosoms,ɪmˈboʊzəmz
embossed,ɪmˈbɑst
embosses,ɪmˈbɑsəz
embouchure,ˌɑmbuˈʃʊr
embouchures,ˌɑmbuˈʃʊrz
embowed,ɪmˈboʊd
embowel,ɪmˈbaʊəl
emboweled,ɪmˈbaʊəld
emboweling,ɪmˈbaʊəlɪŋ
embowelled,ɪmˈbaʊəld
embowelling,ɪmˈbaʊəlɪŋ
embowels,ɪmˈbaʊəlz
embower,ɪmˈbaʊər
embowered,ɪmˈbaʊərd
embowering,ɪmˈbaʊərɪŋ
embowers,ɪmˈbaʊərz
embows,ɪmˈbaʊz
embraces,ɪmˈbreɪsɪz
embracive,ɪmˈbreɪsɪv
embrangles,ɪmˈbræŋɡəlz
embrittles,ɪmˈbrɪtəlz
embroidered,ɪmˈbrɔɪdərd
embroiders,ɪmˈbrɔɪdərz
embroiled,ɪmˈbrɔɪld
embroils,ɪmˈbrɔɪlz
embrown,ɪmˈbraʊn
embrowned,ɪmˈbraʊnd
embrowning,ɪmˈbraʊnɪŋ
embrowns,ɪmˈbraʊnz
embrues,ɪmˈbruːz
embrutes,ɪmˈbruːts
emcees,ˌɛmˈsiːz
emendates,ˈɛmənˌdeɪts
emends,ɪˈmɛndz
emerges,ɪˈmɜːrdʒɪz
emigrates,ˈɛmɪˌɡreɪts
emigre,ˈɛmɪˌɡreɪ
emigres,ˈɛmɪˌɡreɪz
emissive,ɪˈmɪsɪv
emits,ɪˈmɪts
emmenagogue,əˈmɛnəˌɡɔːɡ
emmenagogues,əˈmɛnəˌɡɔːɡz
emotes,ɪˈmoʊts
emotionalizes,ɪˈmoʊʃənəˌlaɪzɪz
emotive,ɪˈmoʊtɪv
emotively,ɪˈmoʊtɪvli
empales,ɪmˈpeɪlz
empaneled,ɪmˈpænəld
empanelled,ɪmˈpænəld
empanelling,ɪmˈpænəlɪŋ
empanels,ɪmˈpænəlz
empathises,ˈɛmpəˌθaɪzɪz
empathizes,ˈɛmpəˌθaɪzɪz
emphasises,ˈɛmfəˌsaɪzɪz
emphasizes,ˈɛmfəˌsaɪzɪz
emplaces,ɪmˈpleɪsɪz
emplanes,ɪmˈpleɪnz
employed,ɪmˈplɔɪd
employs,ɪmˈplɔɪz
empoisoned,ɪmˈpɔɪzənd
empoisons,ɪmˈpɔɪzənz
empower,ɪmˈpaʊər
empowered,ɪmˈpaʊərd
empowering,ɪmˈpaʊərɪŋ
empowerment,ɪmˈpaʊərmənt
empowerments,ɪmˈpaʊərmənts
empowers,ɪmˈpaʊərz
empties,ˈɛmptiːz
empurples,ɪmˈpɜːrpəlz
emulates,ˈɛmjəˌleɪts
emulative,ˈɛmjələtɪv
emulatively,ˈɛmjələtɪvli
emulsifies,ɪˈmʌlsəˌfaɪz
emulsive,ɪˈmʌlsɪv
enables,ɪˈneɪbəlz
enactive,ɛˈnæktɪv
enacts,ɪˈnækts
enameled,ɪˈnæməld
enamelled,ɪˈnæməld
enamelling,ɪˈnæməlɪŋ
enamels,ɪˈnæməlz
enamored,ɪˈnæmərd
enamors,ɪˈnæmərz
enamoured,ɪˈnæmərd
enamours,ɪˈnæmərz
encages,ɪnˈkeɪdʒɪz
encamped,ɪnˈkæmpt
encamps,ɪnˈkæmps
encapsulates,ɪnˈkæpsjəˌleɪts
encapsules,ɪnˈkæpsjuːlz
encases,ɪnˈkeɪsɪz
encashed,ɪnˈkæʃt
encashes,ɪnˈkæʃɪz
enchain,ɪnˈtʃeɪn
enchained,ɪnˈtʃeɪnd
enchaining,ɪnˈtʃeɪnɪŋ
enchainment,ɪnˈtʃeɪnmənt
enchainments,ɪnˈtʃeɪnmənts
enchains,ɪnˈtʃeɪnz
enchant,ɪnˈtʃænt
enchanted,ɪnˈtʃæntɪd
enchanter,ɪnˈtʃæntər
enchanters,ɪnˈtʃæntərz
enchanting,ɪnˈtʃæntɪŋ
enchantingly,ɪnˈtʃæntɪŋli
enchantment,ɪnˈtʃæntmənt
enchantments,ɪnˈtʃæntmənts
enchantress,ɪnˈtʃæntrɪs
enchantresses,ɪnˈtʃæntrɪsɪz
enchants,ɪnˈtʃænts
enchase,ɪnˈtʃeɪs
enchased,ɪnˈtʃeɪst
enchaser,ɪnˈtʃeɪsər
enchasers,ɪnˈtʃeɪsərz
enchases,ɪnˈtʃeɪsɪz
enchasing,ɪnˈtʃeɪsɪŋ
enchilada,ˌɛntʃɪˈlɑːdə
enchiladas,ˌɛntʃɪˈlɑːdəz
enciphered,ɪnˈsaɪfərd
enciphers,ɪnˈsaɪfərz
encircles,ɪnˈsɜːrkəlz
enclasped,ɪnˈklæspt
enclasps,ɪnˈklæsps
encloses,ɪnˈkloʊzɪz
encodes,ɪnˈkoʊdz
encompassed,ɪnˈkʌmpəst
encompasses,ɪnˈkʌmpəsɪz
encores,ɑːŋˈkɔːrz
encountered,ɪnˈkaʊntərd
encounters,ɪnˈkaʊntərz
encourage,ɪnˈkɜːrɪdʒ
encouraged,ɪnˈkɜːrɪdʒd
encouragement,ɪnˈkɜːrɪdʒmənt
encouragements,ɪnˈkɜːrɪdʒmənts
encourager,ɪnˈkɜːrɪdʒər
encouragers,ɪnˈkɜːrɪdʒərz
encourages,ɪnˈkɜːrɪdʒɪz
encouraging,ɪnˈkɜːrɪdʒɪŋ
encouragingly,ɪnˈkɜːrɪdʒɪŋli
encrimsoned,ɪnˈkrɪmzd
encrimsons,ɪnˈkrɪmznz
encroach,ɪnˈkroʊtʃ
encroached,ɪnˈkroʊtʃt
encroacher,ɪnˈkroʊtʃər
encroachers,ɪnˈkroʊtʃərz
encroaches,ɪnˈkroʊtʃɪz
encroaching,ɪnˈkroʊtʃɪŋ
encroachment,ɪnˈkroʊtʃmənt
encroachments,ɪnˈkroʊtʃmənts
encrusts,ɪnˈkrʌsts
encrypts,ɪnˈkrɪpts
encumbered,ɪnˈkʌmbərd
encumbers,ɪnˈkʌmbərz
encyclopaedia,ɪnˌsaɪkləˈpiːdiə
encyclopaedias,ɪnˌsaɪkləˈpiːdiəz
encyclopaedic,ɪnˌsaɪkləˈpiːdɪk
encysts,ɪnˈsɪsts
endamages,ɪnˈdæmɪdʒɪz
endamoeba,ˌɛndəˈmiːbə
endamoebae,ˌɛndəˈmiːbiː
endamoebas,ˌɛndəˈmiːbəz
endangered,ɪnˈdeɪndʒərd
endangers,ɪnˈdeɪndʒərz
endeared,ɪnˈdɪrd
endears,ɪnˈdɪrz
endeavor,ɪnˈdɛvər
endeavored,ɪnˈdɛvərd
endeavoring,ɪnˈdɛvərɪŋ
endeavors,ɪnˈdɛvərz
endeavour,ɪnˈdɛvər
endeavoured,ɪnˈdɛvərd
endeavouring,ɪnˈdɛvərɪŋ
endeavours,ɪnˈdɛvərz
endleaves,ˈɛndˌliːvz
endmost,ˈɛndˌmoʊst
endorses,ɪnˈdɔːrsɪz
endow,ɪnˈdaʊ
endowed,ɪnˈdaʊd
endower,ɪnˈdaʊər
endowers,ɪnˈdaʊərz
endowing,ɪnˈdaʊɪŋ
endowment,ɪnˈdaʊmənt
endowments,ɪnˈdaʊmənts
endows,ɪnˈdaʊz
ends,ɛndz
endues,ɪnˈduːz
endures,ɪnˈdjʊrz
energises,ˈɛnərdʒaɪzɪz
energizes,ˈɛnərdʒaɪzɪz
enervate,ˈɛnərˌveɪt
enervates,ˈɛnərˌveɪts
enfaces,ɪnˈfeɪsɪz
enfeebles,ɪnˈfiːbəlz
enfeoff,ɪnˈfɛf
enfeoffed,ɪnˈfɛft
enfeoffing,ɪnˈfɛfɪŋ
enfeoffment,ɪnˈfɛfmənt
enfeoffments,ɪnˈfɛfmənts
enfeoffs,ɪnˈfɛfs
enfettered,ɪnˈfɛtərd
enfetters,ɪnˈfɛtərz
enfevered,ɪnˈfiːvərd
enfevers,ɪnˈfiːvərz
enfilades,ˌɛnfɪˈleɪdz
enflames,ɪnˈfleɪmz
enfleshed,ɪnˈflɛʃt
enfleshes,ɪnˈflɛʃɪz
enfolds,ɪnˈfoʊldz
enforces,ɪnˈfɔːrsɪz
enframes,ɪnˈfreɪmz
enfranchise,ɪnˈfræntʃaɪz
enfranchised,ɪnˈfræntʃaɪzd
enfranchisement,ɪnˈfræntʃaɪzmənt
enfranchisements,ɪnˈfræntʃaɪzmənts
enfranchises,ɪnˈfræntʃaɪzɪz
enfranchising,ɪnˈfræntʃaɪzɪŋ
engages,ɪnˈɡeɪdʒɪz
engarlands,ɪnˈɡɑːrləndz
engendered,ɪnˈdʒɛndərd
engenders,ɪnˈdʒɛndərz
engilds,ɪnˈɡɪldz
engine,ˈɛndʒɪn
engined,ˈɛndʒɪnd
engineered,ˌɛndʒɪˈnɪərd
engineers,ˌɛndʒɪˈnɪərz
engines,ˈɛndʒɪnz
engirdles,ɪnˈɡɜːrdəlz
engirds,ɪnˈɡɜːrdz
engirts,ɪnˈɡɜːrts
englished,ˈɪŋɡlɪʃt
englishes,ˈɪŋɡlɪʃɪz
englishwomen,ˈɪŋɡlɪʃˌwɪmɪn
engluts,ɪnˈɡlʌts
engorges,ɪnˈɡɔːrdʒɪz
engrafts,ɪnˈɡræfts
engrailed,ɪnˈɡreɪld
engrails,ɪnˈɡreɪlz
engrained,ɪnˈɡreɪnd
engrains,ɪnˈɡreɪnz
engraves,ɪnˈɡreɪvz
engrossed,ɪnˈɡroʊst
engrosses,ɪnˈɡroʊsɪz
engulfed,ɪnˈɡʌlft
engulfs,ɪnˈɡʌlfs
enhaloes,ɪnˈheɪloʊz
enhalos,ɪnˈheɪloʊz
enhances,ɪnˈhænsɪz
enisle,ɪnˈaɪl
enisled,ɪnˈaɪld
enisles,ɪnˈaɪlz
enisling,ɪnˈaɪlɪŋ
enjamb,ɪnˈdʒæm
enjambed,ɪnˈdʒæmd
enjambement,ɪnˈdʒæmbmənt
enjambements,ɪnˈdʒæmbmənts
enjambing,ɪnˈdʒæmɪŋ
enjambment,ɪnˈdʒæmbmənt
enjambments,ɪnˈdʒæmbmənts
enjambs,ɪnˈdʒæmz
enjoined,ɪnˈdʒɔɪnd
enjoins,ɪnˈdʒɔɪnz
enjoyed,ɪnˈdʒɔɪd
enjoys,ɪnˈdʒɔɪz
enkindles,ɪnˈkɪndəlz
enlaces,ɪnˈleɪsɪz
enlarges,ɪnˈlɑːrdʒɪz
enlighten,ɪnˈlaɪtən
enlightened,ɪnˈlaɪtənd
enlightening,ɪnˈlaɪtənɪŋ
enlightenment,ɪnˈlaɪtənmənt
enlightenments,ɪnˈlaɪtənmənts
enlightens,ɪnˈlaɪtənz
enlists,ɪnˈlɪsts
enlivened,ɪnˈlaɪvənd
enlivens,ɪnˈlaɪvənz
enmeshed,ɪnˈmɛʃt
enmeshes,ɪnˈmɛʃɪz
ennobles,ɪˈnoʊbəlz
enough,ɪˈnʌf
enoughs,ɪˈnʌfs
enounces,ɪˈnaʊnsɪz
enplanes,ɪnˈpleɪnz
enquires,ɪnˈkwaɪərz
enrages,ɪnˈreɪdʒɪz
enraptures,ɪnˈræptʃərz
enravished,ɪnˈrævɪʃt
enravishes,ɪnˈrævɪʃɪz
enregistered,ɪnˈrɛdʒɪstərd
enregisters,ɪnˈrɛdʒɪstərz
enrich,ɪnˈrɪtʃ
enriched,ɪnˈrɪtʃt
enricher,ɪnˈrɪtʃər
enrichers,ɪnˈrɪtʃərz
enriches,ɪnˈrɪtʃɪz
enriching,ɪnˈrɪtʃɪŋ
enrichment,ɪnˈrɪtʃmənt
enrichments,ɪnˈrɪtʃmənts
enrobes,ɪnˈroʊbz
enrolled,ɪnˈroʊld
enrolls,ɪnˈroʊlz
enrols,ɪnˈroʊlz
enroots,ɪnˈruːts
ensanguine,ɪnˈsæŋɡwɪn
ensanguined,ɪnˈsæŋɡwɪnd
ensanguines,ɪnˈsæŋɡwɪnz
ensconces,ɪnˈskɒnsɪz
enscrolled,ɪnˈskroʊld
enscrolls,ɪnˈskroʊlz
enserfed,ɪnˈsɜːrft
enserfs,ɪnˈsɜːrfs
ensheathes,ɪnˈʃiːðz
ensheaths,ɪnˈʃiːðz
enshrines,ɪnˈʃraɪnz
enshrouds,ɪnˈʃraʊdz
ensign,ˈɛnsaɪn
ensigncies,ˈɛnsənsiːz
ensigncy,ˈɛnsənsi
ensigns,ˈɛnsaɪnz
ensilages,ˈɛnsɪlɪdʒɪz
ensiles,ɪnˈsaɪlz
enskies,ɪnˈskaɪz
enskyed,ɪnˈskaɪd
enslaves,ɪnˈsleɪvz
ensnares,ɪnˈsnɛrz
ensnarled,ɪnˈsnɑːrld
ensnarls,ɪnˈsnɑːrlz
ensorceled,ɪnˈsɔːrsəld
ensorcelled,ɪnˈsɔːrsəld
ensorcelling,ɪnˈsɔːrsəlɪŋ
ensorcellment,ɪnˈsɔːrsəlmənt
ensorcellments,ɪnˈsɔːrsəlmənts
ensorcells,ɪnˈsɔːrsəlz
ensorcels,ɪnˈsɔːrsəlz
ensoul,ɪnˈsoʊl
ensouled,ɪnˈsoʊld
ensouling,ɪnˈsoʊlɪŋ
ensouls,ɪnˈsoʊlz
enspheres,ɪnˈsfɪrz
ensues,ɪnˈsuːz
ensures,ɪnˈʃʊrz
enswathes,ɪnˈswɑːðz
entailed,ɪnˈteɪld
entails,ɪnˈteɪlz
entangles,ɪnˈtæŋɡəlz
entendered,ɪnˈtɛndərd
entenders,ɪnˈtɛndərz
entered,ˈɛntərd
enters,ˈɛntərz
entertained,ˌɛntərˈteɪnd
entertains,ˌɛntərˈteɪnz
enthralled,ɪnˈθrɔːld
enthralls,ɪnˈθrɔːlz
enthrals,ɪnˈθrɔːlz
enthrones,ɪnˈθroʊnz
enthuses,ɪnˈθjuːzɪz
entices,ɪnˈtaɪsɪz
entitative,ˈɛntɪteɪtɪv
entitatively,ˈɛntɪteɪtɪvli
entitles,ɪnˈtaɪtəlz
entoiled,ɪnˈtɔɪld
entoils,ɪnˈtɔɪlz
entomb,ɪnˈtuːm
entombed,ɪnˈtuːmd
entombing,ɪnˈtuːmɪŋ
entombment,ɪnˈtuːmmənt
entombments,ɪnˈtuːmmənts
entombs,ɪnˈtuːmz
entourage,ˈɑːntərəʒ
entourages,ˈɑːntərəʒɪz
entrailed,ɪnˈtreɪld
entrails,ˈɛntreɪlz
entrained,ɪnˈtreɪnd
entrains,ɪnˈtreɪnz
entrances,ˈɛntrənsɪz
entrapped,ɪnˈtræpt
entraps,ɪnˈtræps
entreats,ɪnˈtriːts
entrechat,ˈɑːntrəʃɑː
entrechats,ˈɑːntrəʃɑːz
entree,ˈɑːntreɪ
entrees,ˈɑːntreɪz
entrench,ɪnˈtrɛntʃ
entrenched,ɪnˈtrɛntʃt
entrenches,ɪnˈtrɛntʃɪz
entrenching,ɪnˈtrɛntʃɪŋ
entrenchment,ɪnˈtrɛntʃmənt
entrenchments,ɪnˈtrɛntʃmənts
entrusts,ɪnˈtrʌsts
entwines,ɪnˈtwaɪnz
entwists,ɪnˈtwɪsts
enucleates,ɪˈnjuːkliˌeɪts
enumerates,ɪˈnjuːməˌreɪts
enumerative,ɪˈnjuːməreɪtɪv
enunciates,ɪˈnʌnsiˌeɪts
enures,ɪˈnjʊrz
enveloped,ɪnˈvɛləpt
envelops,ɪnˈvɛləps
envenomed,ɪnˈvɛnəmd
envenoms,ɪnˈvɛnəmz
envies,ˈɛnviːz
environed,ɪnˈvaɪərənd
environs,ɪnˈvaɪərənz
envisages,ɪnˈvɪzɪdʒɪz
envisioned,ɪnˈvɪʒənd
envisions,ɪnˈvɪʒənz
enwheeled,ɪnˈhwiːld
enwheels,ɪnˈhwiːlz
enwind,ɪnˈwaɪnd
enwinding,ɪnˈwaɪndɪŋ
enwinds,ɪnˈwaɪndz
enwomb,ɪnˈwuːm
enwombed,ɪnˈwuːmd
enwombing,ɪnˈwuːmɪŋ
enwombs,ɪnˈwuːmz
enwrapped,ɪnˈræpt
enwraps,ɪnˈræps
enwreathes,ɪnˈriːðz
epaulette,ˌɛpəˈlɛt
epaulettes,ˌɛpəˈlɛts
epigrammatises,ˌɛpɪˈɡræməˌtaɪzɪz
epigrammatizes,ˌɛpɪˈɡræməˌtaɪzɪz
epiloged,ˈɛpɪˌlɔːɡd
epilogises,ˈɛpɪləˌdʒaɪzɪz
epilogizes,ˈɛpɪləˌdʒaɪzɪz
epilogs,ˈɛpɪˌlɔːɡz
epilogued,ˈɛpɪˌlɔːɡd
epilogues,ˈɛpɪˌlɔːɡz
epiloguises,ˈɛpɪləˌdʒaɪzɪz
epiloguize,ˈɛpɪləˌdʒaɪz
epiloguizes,ˈɛpɪləˌdʒaɪzɪz
epithelialises,ˌɛpɪˈθiːliəˌlaɪzɪz
epithelializes,ˌɛpɪˈθiːliəˌlaɪzɪz
epithelises,ˌɛpɪˈθiːlaɪzɪz
epithelizes,ˌɛpɪˈθiːlaɪzɪz
epitomises,ɪˈpɪtəˌmaɪzɪz
epitomizes,ɪˈpɪtəˌmaɪzɪz
epoxidizes,ɪˈpɒksɪˌdaɪzɪz
epoxies,ɪˈpɒksiːz
equaled,ˈiːkwəld
equalises,ˈiːkwəlaɪzɪz
equalizes,ˈiːkwəlaɪzɪz
equalled,ˈiːkwəld
equalling,ˈiːkwəlɪŋ
equals,ˈiːkwəlz
equates,ɪˈkweɪts
equilibrates,ɪˈkwɪlɪˌbreɪts
equipoises,ˈiːkwɪˌpɔɪzɪz
equipped,ɪˈkwɪpt
equips,ɪˈkwɪps
equivocates,ɪˈkwɪvəˌkeɪts
equivoque,ˈɛkwɪˌvoʊk
equivoques,ˈɛkwɪˌvoʊks
eradiates,ɪˈreɪdiˌeɪts
eradicates,ɪˈrædɪˌkeɪts
erases,ɪˈreɪsɪz
erective,ɪˈrɛktɪv
erects,ɪˈrɛkts
erenow,ˌɛrəˈnaʊ
ergative,ˈɜːrɡətɪv
ergatively,ˈɜːrɡətɪvli
ergatives,ˈɜːrɡətɪvz
ergotizes,ˈɜːrɡəˌtaɪzɪz
ermine,ˈɜːrmɪn
ermines,ˈɜːrmɪnz
erodes,ɪˈroʊdz
erosive,ɪˈroʊsɪv
erosively,ɪˈroʊsɪvli
erosiveness,ɪˈroʊsɪvnəs
eroticises,ɪˈrɒtɪsaɪzɪz
eroticizes,ɪˈrɒtɪsaɪzɪz
erotises,ˈɛroʊtaɪzɪz
erotizes,ˈɛroʊtaɪzɪz
erred,ɜːrd
errs,ɜːrz
eructates,ɪˈrʌkteɪts
eructs,ɪˈrʌkts
eruptive,ɪˈrʌptɪv
eruptively,ɪˈrʌptɪvli
eruptives,ɪˈrʌptɪvz
erupts,ɪˈrʌpts
escalades,ˈɛskəˌleɪdz
escalates,ˈɛskəˌleɪts
escalloped,ɪˈskɒləpt
escallops,ɪˈskɒləps
escaloped,ˈɛskəˌloʊpt
escalops,ˈɛskəˌloʊps
escapes,ɪˈskeɪps
escargot,ˈɛskɑːrɡoʊ
escargots,ˈɛskɑːrɡoʊz
escarped,ɪˈskɑːrpt
escarps,ɪˈskɑːrps
escheat,ɪˈstʃiːt
escheatable,ɪˈstʃiːtəbəl
escheated,ɪˈstʃiːtɪd
escheating,ɪˈstʃiːtɪŋ
escheats,ɪˈstʃiːts
eschew,ɪˈstʃuː
eschewal,ɪˈstʃuːəl
eschewals,ɪˈstʃuːəlz
eschewed,ɪˈstʃuːd
eschewing,ɪˈstʃuːɪŋ
eschews,ɪˈstʃuːz
escorts,ɪˈskɔːrts
escots,ˈɛskɒts
escrowed,ˈɛskroʊd
escrows,ˈɛskroʊz
escutcheon,ɪˈskʌtʃən
escutcheoned,ɪˈskʌtʃənd
escutcheons,ɪˈskʌtʃənz
espaliered,ɪˈspæljərd
espaliers,ɪˈspæljərz
espies,ɪˈspaɪz
espouses,ɪˈspaʊzɪz
esprit,ɪˈspriː
esprits,ɪˈspriːz
esque,ɛsk
esques,ɛsks
esquires,ɪˈskwaɪərz
essayed,ɛˈseɪd
essays,ˈɛseɪz
essentializes,ɪˈsɛnʃəˌlaɪzɪz
essoined,ɪˈsɔɪnd
essoins,ɪˈsɔɪnz
established,ɪˈstæblɪʃt
establishes,ɪˈstæblɪʃɪz
esteemed,ɪˈstiːmd
esteems,ɪˈstiːmz
esterifies,ɛˈstɛrɪˌfaɪz
estheticises,ɛsˈθɛtɪˌsaɪzɪz
estheticizes,ɛsˈθɛtɪˌsaɪzɪz
estimate,ˈɛstɪmɪt
estimates,ˈɛstɪmeɪts,(verb),or,ˈɛstɪmɪts,(noun)
estimative,ˈɛstɪmətɪv
estivates,ˈɛstɪˌveɪts
estopped,ɪˈstɒpt
estops,ɪˈstɒps
estranges,ɪˈstreɪndʒɪz
estrayed,ɪˈstreɪd
estrays,ɪˈstreɪz
estreats,ɪˈstriːts
etched,ɛtʃt
etches,ˈɛtʃɪz
eternalises,ɪˈtɜːrnəˌlaɪzɪz
eternalizes,ɪˈtɜːrnəˌlaɪzɪz
eternises,ɪˈtɜːrniːzɪz
eternizes,ɪˈtɜːrniːzɪz
etherealizes,ɪˈθɪəriəˌlaɪzɪz
etherifies,ɪˈθɛrɪˌfaɪz
etherises,ˈiːθəˌraɪzɪz
etherizes,ˈiːθəˌraɪzɪz
ethicises,ˈɛθɪˌsaɪzɪz
ethicizes,ˈɛθɪˌsaɪzɪz
ethylates,ˈɛθɪˌleɪts
etiolates,ˈiːtiəˌleɪts
etiquette,ˈɛtɪkɪt
etiquettes,ˈɛtɪkɪts
etouffee,ˌeɪtuːˈfeɪ
etouffees,ˌeɪtuːˈfeɪz
etymologises,ˌɛtɪˈmɒləˌdʒaɪzɪz
etymologizes,ˌɛtɪˈmɒləˌdʒaɪzɪz
euchres,ˈjuːkərz
eulogises,ˈjuːləˌdʒaɪzɪz
eulogizes,ˈjuːləˌdʒaɪzɪz
euphemises,ˈjuːfəˌmaɪzɪz
euphemizes,ˈjuːfəˌmaɪzɪz
europeanises,jʊərəˈpiːəˌnaɪzɪz
europeanizes,jʊərəˈpiːəˌnaɪzɪz
euthanatizes,juːˈθænəˌtaɪzɪz
euthanises,ˈjuːθəˌnaɪzɪz
euthanizes,ˈjuːθəˌnaɪzɪz
evacuates,ɪˈvækjəˌweɪts
evacuative,ɪˈvækjəˌweɪtɪv
evades,ɪˈveɪdz
evaginates,ɪˈvædʒɪˌneɪts
evaluates,ɪˈvæljuˌeɪts
evaluative,ɪˈvæljuˌeɪtɪv
evanesces,ˌɛvəˈnɛsɪz
evangelises,ɪˈvændʒəˌlaɪzɪz
evangelizes,ɪˈvændʒəˌlaɪzɪz
evanished,ɪˈvænɪʃt
evanishes,ɪˈvænɪʃɪz
evaporates,ɪˈvæpəˌreɪts
evaporative,ɪˈvæpəˌreɪtɪv
evasive,ɪˈveɪsɪv
evasively,ɪˈveɪsɪvli
evasiveness,ɪˈveɪsɪvnəs
evened,ˈiːvənd
eveningwear,ˈiːvnɪŋˌwɛər
evens,ˈiːvənz
eventuates,ɪˈvɛntʃuˌeɪts
everts,ɪˈvɜːrts
every,ˈɛvri
everybody,ˈɛvriˌbɒdi
everyday,ˈɛvriˌdeɪ
everydayness,ˈɛvriˌdeɪnəs
everyman,ˈɛvrimæn
everymen,ˈɛvrimɛn
everyone,ˈɛvriˌwʌn
everyplace,ˈɛvriˌpleɪs
everything,ˈɛvriˌθɪŋ
everyway,ˈɛvriˌweɪ
everywhen,ˈɛvriˌwɛn
everywhere,ˈɛvriˌwɛər
everywoman,ˈɛvriˌwʊmən
everywomen,ˈɛvriˌwɪmɪn
evicts,ɪˈvɪkts
evidences,ˈɛvɪdənsɪz
evildoer,ˈiːvəlˌduːər
evildoers,ˈiːvəlˌduːərz
evildoing,ˈiːvəlˌduːɪŋ
evildoings,ˈiːvəlˌduːɪŋz
eviller,ˈiːvələr
evillest,ˈiːvəlɪst
evinces,ɪˈvɪnsɪz
evincive,ɪˈvɪnsɪv
eviscerate,ɪˈvɪsəˌreɪt
eviscerates,ɪˈvɪsəˌreɪts
evites,ɪˈvaɪts
evocative,ɪˈvɒkətɪv
evocatively,ɪˈvɒkətɪvli
evocativeness,ɪˈvɒkətɪvnəs
evokes,ɪˈvoʊks
evolve,ɪˈvɒlv
evolved,ɪˈvɒlvd
evolvement,ɪˈvɒlvmənt
evolvements,ɪˈvɒlvmənts
evolves,ɪˈvɒlvz
evulses,ɪˈvʌlsɪz
exacerbates,ɪɡˈzæsərˌbeɪts
exacts,ɪɡˈzækts
exaggerates,ɪɡˈzædʒəˌreɪts
exaggerative,ɪɡˈzædʒəˌreɪtɪv
exalts,ɪɡˈzɔːlts
examine,ɪɡˈzæmɪn
examined,ɪɡˈzæmɪnd
examines,ɪɡˈzæmɪnz
examples,ɪɡˈzæmpəlz
exanimate,ɪɡˈzænɪmɪt
exasperates,ɪɡˈzæspəˌreɪts
excavates,ˈɛkskəˌveɪts
exceeds,ɪkˈsiːdz
excelled,ɪkˈsɛld
excels,ɪkˈsɛlz
exceptive,ɪkˈsɛptɪv
excepts,ɪkˈsɛpts
excerpts,ˈɛksˌsɜːrpts
excessed,ɪkˈsɛst
excesses,ɪkˈsɛsɪz
excessive,ɪkˈsɛsɪv
excessively,ɪkˈsɛsɪvli
excessiveness,ɪkˈsɛsɪvnəs
exchange,ɪksˈtʃeɪndʒ
exchangeability,ɪksˌtʃeɪndʒəˈbɪlɪti
exchangeable,ɪksˈtʃeɪndʒəbəl
exchanged,ɪksˈtʃeɪndʒd
exchanger,ɪksˈtʃeɪndʒər
exchangers,ɪksˈtʃeɪndʒərz
exchanges,ɪksˈtʃeɪndʒɪz
exchanging,ɪksˈtʃeɪndʒɪŋ
exchequer,ˈɛksˌtʃɛkər
exchequers,ˈɛksˌtʃɛkərz
excides,ɪkˈsaɪdz
excises,ɪkˈsaɪzɪz
excitative,ɪkˈsaɪtətɪv
excites,ɪkˈsaɪts
exclaimed,ɪkˈskleɪmd
exclaims,ɪkˈskleɪmz
excludes,ɪkˈskluːdz
exclusive,ɪkˈskluːsɪv
exclusively,ɪkˈskluːsɪvli
exclusiveness,ɪkˈskluːsɪvnəs
exclusives,ɪkˈskluːsɪvz
excogitates,ɪkˈskɒdʒɪˌteɪts
excogitative,ɪkˈskɒdʒɪˌteɪtɪv
excommunicates,ˌɛkskəˈmjuːnɪˌkeɪts
excommunicative,ˌɛkskəˈmjuːnɪˌkeɪtɪv
excoriates,ɪkˈskɔːriˌeɪts
excretes,ɪkˈskriːts
excruciates,ɪkˈskruːʃiˌeɪts
exculpates,ˈɛkskʌlˌpeɪts
excursive,ɪkˈskɜːrsɪv
excursively,ɪkˈskɜːrsɪvli
excursiveness,ɪkˈskɜːrsɪvnəs
excuses,ɪkˈskjuːzɪz
execrates,ˈɛksɪˌkreɪts
execrative,ˈɛksɪˌkreɪtɪv
executes,ˈɛksɪˌkjuːts
executive,ɪɡˈzɛkjətɪv
executives,ɪɡˈzɛkjətɪvz
exemplifies,ɪɡˈzɛmplɪˌfaɪz
exempts,ɪɡˈzɛmpts
exenterates,ɪɡˈzɛntəˌreɪts
exercises,ˈɛksərˌsaɪzɪz
exergue,ˈɛɡzɜːrɡ
exergues,ˈɛɡzɜːrɡz
exertive,ɪɡˈzɜːrtɪv
exerts,ɪɡˈzɜːrts
exfiltrates,ˈɛksfɪlˌtreɪts
exfoliates,ɪksˈfoʊliˌeɪts
exfoliative,ɪksˈfoʊliˌeɪtɪv
exhales,ɪksˈheɪlz
exhaustive,ɪɡˈzɔːstɪv
exhaustively,ɪɡˈzɔːstɪvli
exhaustiveness,ɪɡˈzɔːstɪvnəs
exhausts,ɪɡˈzɔːsts
exhibitive,ɪɡˈzɪbɪtɪv
exhibits,ɪɡˈzɪbɪts
exhilarates,ɪɡˈzɪləˌreɪts
exhilarative,ɪɡˈzɪləˌreɪtɪv
exhortative,ɪɡˈzɔːrtətɪv
exhorts,ɪɡˈzɔːrts
exhumes,ɪɡˈzjuːmz
exiles,ˈɛɡzaɪlz
exists,ɪɡˈzɪsts
exits,ˈɛɡzɪts
exonerates,ɪɡˈzɒnəˌreɪts
exonerative,ɪɡˈzɒnəˌreɪtɪv
exorciser,ˈɛksɔːrˌsaɪzər
exorcisers,ˈɛksɔːrˌsaɪzərz
exorcises,ˈɛksɔːrˌsaɪzɪz
exorcizes,ˈɛksɔːrˌsaɪzɪz
expands,ɪkˈspændz
expansive,ɪkˈspænsɪv
expansively,ɪkˈspænsɪvli
expansiveness,ɪkˈspænsɪvnəs
expatiates,ɪkˈspeɪʃiˌeɪts
expatriate,ɪkˈspeɪtriˌeɪt
expatriates,ɪkˈspeɪtriˌeɪts,(verb),or,ɪkˈspeɪtriˌəts,(noun)
expectative,ɪkˈspɛktətɪv
expectorates,ɪkˈspɛktəˌreɪts
expects,ɪkˈspɛkts
expedites,ˈɛkspɪˌdaɪts
expelled,ɪkˈspɛld
expels,ɪkˈspɛlz
expends,ɪkˈspɛndz
expenses,ɪkˈspɛnsɪz
expensive,ɪkˈspɛnsɪv
expensively,ɪkˈspɛnsɪvli
expensiveness,ɪkˈspɛnsɪvnəs
experiences,ɪkˈspɪriənsɪz
experiments,ɪkˈspɛrɪmənts
expertizes,ˈɛkspərˌtaɪzɪz
expiates,ˈɛkspiˌeɪts
expires,ɪkˈspaɪərz
explained,ɪkˈspleɪnd
explains,ɪkˈspleɪnz
explanative,ɪkˈsplænətɪv
explanatively,ɪkˈsplænətɪvli
explants,ˈɛksplænts
expletive,ˈɛksplətɪv
expletives,ˈɛksplətɪvz
explicates,ˈɛksplɪˌkeɪts
explicative,ˈɛksplɪˌkeɪtɪv
explicatively,ˈɛksplɪˌkeɪtɪvli
explodes,ɪkˈsploʊdz
exploitative,ɪkˈsplɔɪtətɪv
exploitatively,ɪkˈsplɔɪtətɪvli
exploitive,ɪkˈsplɔɪtɪv
exploitively,ɪkˈsplɔɪtɪvli
exploits,ɪkˈsplɔɪts
explorative,ɪkˈsplɔːrətɪv
exploratively,ɪkˈsplɔːrətɪvli
explores,ɪkˈsplɔːrz
explosive,ɪkˈsploʊsɪv
explosively,ɪkˈsploʊsɪvli
explosiveness,ɪkˈsploʊsɪvnəs
explosives,ɪkˈsploʊsɪvz
exponentiates,ˌɛkspoʊˈnɛnʃiˌeɪts
exports,ɪkˈspɔːrts
expose,ˌɛkspoʊˈzeɪ
exposes,ɪkˈspoʊzɪz
expositive,ɪkˈspɒzɪtɪv
exposits,ɪkˈspɒzɪts
expostulates,ɪkˈspɒstʃəˌleɪts
expounds,ɪkˈspaʊndz
expressed,ɪkˈsprɛst
expresses,ɪkˈsprɛsɪz
expressive,ɪkˈsprɛsɪv
expressively,ɪkˈsprɛsɪvli
expressiveness,ɪkˈsprɛsɪvnəs
expropriates,ɪkˈsproʊpriˌeɪts
expulses,ɪkˈspʌlsɪz
expulsive,ɪkˈspʌlsɪv
expunges,ɪkˈspʌndʒɪz
expurgates,ˈɛkspərˌɡeɪts
exquisite,ˈɛkskwɪzɪt
exquisitely,ˈɛkskwɪzɪtli
exquisiteness,ˈɛkskwɪzɪtnəs
exquisites,ˈɛkskwɪzɪts
exsanguinates,ɪkˈsæŋɡwɪˌneɪts
exscinds,ɪkˈsɪndz
exsects,ɪkˈsɛkts
exserts,ɪkˈsɜːrts
exsiccates,ˈɛksɪˌkeɪts
exsolve,ɛkˈsɒlv
exsolved,ɛkˈsɒlvd
exsolves,ɛkˈsɒlvz
extemporises,ɪkˈstɛmpəˌraɪzɪz
extemporizes,ɪkˈstɛmpəˌraɪzɪz
extends,ɪkˈstɛndz
extensive,ɪkˈstɛnsɪv
extensively,ɪkˈstɛnsɪvli
extensiveness,ɪkˈstɛnsɪvnəs
extenuates,ɪkˈstɛnjuˌeɪts
exteriorises,ɪkˈstɪəriəˌraɪzɪz
exteriorizes,ɪkˈstɪəriəˌraɪzɪz
exterminates,ɪkˈstɜːrmɪˌneɪts
extermine,ɪkˈstɜːrmɪn
extermined,ɪkˈstɜːrmɪnd
extermines,ɪkˈstɜːrmɪnz
externalises,ɪkˈstɜːrnəˌlaɪzɪz
externalizes,ɪkˈstɜːrnəˌlaɪzɪz
exteroceptive,ˌɛkstɪroʊˈsɛptɪv
extinctive,ɪkˈstɪŋktɪv
extinguished,ɪkˈstɪŋɡwɪʃt
extinguishes,ɪkˈstɪŋɡwɪʃɪz
extirpates,ˈɛkstərˌpeɪts
extolled,ɪkˈstoʊld
extolls,ɪkˈstoʊlz
extolment,ɪkˈstoʊlmənt
extolments,ɪkˈstoʊlmənts
extols,ɪkˈstoʊlz
extortionate,ɪkˈstɔːrʃənɪt
extortionately,ɪkˈstɔːrʃənɪtli
extortive,ɪkˈstɔːrtɪv
extorts,ɪkˈstɔːrts
extractive,ɪkˈstræktɪv
extractively,ɪkˈstræktɪvli
extracts,ɪkˈstrækts
extradites,ˈɛkstrəˌdaɪts
extrapolates,ɪkˈstræpəˌleɪts
extrapolative,ɪkˈstræpəˌleɪtɪv
extravagates,ɪkˈstrævəˌɡeɪts
extravasates,ɪkˈstrævəˌseɪts
extricates,ˈɛkstrɪˌkeɪts
extrudes,ɪkˈstruːdz
extrusive,ɪkˈstruːsɪv
extrusively,ɪkˈstruːsɪvli
extubates,ɪkˈstjuːˌbeɪts
exuberates,ɪɡˈzuːbəˌreɪts
exudate,ˈɛɡzjəˌdeɪt
exudates,ˈɛɡzjəˌdeɪts
exudative,ɪɡˈzuːdətɪv
exudes,ɪɡˈzuːdz
exults,ɪɡˈzʌlts
exuviates,ɪɡˈzuːviˌeɪts
eye,aɪ
eyeable,ˈaɪəbəl
eyeball,ˈaɪˌbɔːl
eyeballed,ˈaɪˌbɔːld
eyeballing,ˈaɪˌbɔːlɪŋ
eyeballs,ˈaɪˌbɔːlz
eyebar,ˈaɪˌbɑːr
eyebars,ˈaɪˌbɑːrz
eyebeam,ˈaɪˌbiːm
eyebeams,ˈaɪˌbiːmz
eyebolt,ˈaɪˌboʊlt
eyebolts,ˈaɪˌboʊlts
eyebright,ˈaɪˌbraɪt
eyebrights,ˈaɪˌbraɪts
eyebrow,ˈaɪˌbraʊ
eyebrows,ˈaɪˌbraʊz
eyecup,ˈaɪˌkʌp
eyecups,ˈaɪˌkʌps
eyed,aɪd
eyedness,ˈaɪdnəs
eyedropper,ˈaɪˌdrɒpər
eyedroppers,ˈaɪˌdrɒpərz
eyedrops,ˈaɪˌdrɒps
eyeful,ˈaɪˌfʊl
eyefuls,ˈaɪˌfʊlz
eyeglass,ˈaɪˌɡlæs
eyeglasses,ˈaɪˌɡlæsɪz
eyehole,ˈaɪˌhoʊl
eyeholes,ˈaɪˌhoʊlz
eyehook,ˈaɪˌhʊk
eyehooks,ˈaɪˌhʊks
eyeing,ˈaɪɪŋ
eyelash,ˈaɪˌlæʃ
eyelashes,ˈaɪˌlæʃɪz
eyeless,ˈaɪlɪs
eyelet,ˈaɪlɪt
eyeleted,ˈaɪlɪtɪd
eyeleting,ˈaɪlɪtɪŋ
eyelets,ˈaɪlɪts
eyeletted,ˈaɪlɪtɪd
eyeletting,ˈaɪlɪtɪŋ
eyelid,ˈaɪˌlɪd
eyelids,ˈaɪˌlɪdz
eyelike,ˈaɪˌlaɪk
eyeliner,ˈaɪˌlaɪnər
eyeliners,ˈaɪˌlaɪnərz
eyeopener,ˈaɪˌoʊpənər
eyeopening,ˈaɪˌoʊpənɪŋ
eyepatch,ˈaɪˌpætʃ
eyepatches,ˈaɪˌpætʃɪz
eyepiece,ˈaɪˌpiːs
eyepieces,ˈaɪˌpiːsɪz
eyepoint,ˈaɪˌpɔɪnt
eyepoints,ˈaɪˌpɔɪnts
eyepopper,ˈaɪˌpɒpər
eyepoppers,ˈaɪˌpɒpərz
eyer,ˈaɪər
eyeroll,ˈaɪˌroʊl
eyerolls,ˈaɪˌroʊlz
eyers,ˈaɪərz
eyes,aɪz
eyeshade,ˈaɪˌʃeɪd
eyeshades,ˈaɪˌʃeɪdz
eyeshadow,ˈaɪˌʃædoʊ
eyeshadows,ˈaɪˌʃædoʊz
eyeshot,ˈaɪˌʃɒt
eyeshots,ˈaɪˌʃɒts
eyesight,ˈaɪˌsaɪt
eyesights,ˈaɪˌsaɪts
eyesome,ˈaɪsəm
eyesore,ˈaɪˌsɔːr
eyesores,ˈaɪˌsɔːrz
eyespot,ˈaɪˌspɒt
eyespots,ˈaɪˌspɒts
eyestalk,ˈaɪˌstɔːk
eyestalks,ˈaɪˌstɔːks
eyestone,ˈaɪˌstoʊn
eyestones,ˈaɪˌstoʊnz
eyestrain,ˈaɪˌstreɪn
eyestrains,ˈaɪˌstreɪnz
eyestring,ˈaɪˌstrɪŋ
eyestrings,ˈaɪˌstrɪŋz
eyeteeth,ˈaɪˌtiːθ
eyetooth,ˈaɪˌtuːθ
eyewash,ˈaɪˌwɒʃ
eyewashes,ˈaɪˌwɒʃɪz
eyewater,ˈaɪˌwɔːtər
eyewaters,ˈaɪˌwɔːtərz
eyewear,ˈaɪˌwɛər
eyewink,ˈaɪˌwɪŋk
eyewinks,ˈaɪˌwɪŋks
eyewitness,ˈaɪˌwɪtnəs
eyewitnesses,ˈaɪˌwɪtnəsɪz
eying,ˈaɪɪŋ
fables,ˈfeɪbəlz
fabliaux,ˈfæbliˌoʊ
fabricates,ˈfæbrɪˌkeɪts
fabricked,ˈfæbrɪkt
fabrics,ˈfæbrɪks
fabulises,ˈfæbjəˌlaɪzɪz
fabulizes,ˈfæbjəˌlaɪzɪz
facade,fəˈsɑːd
facades,fəˈsɑːdz
facedown,ˈfeɪsˌdaʊn
facedowns,ˈfeɪsˌdaʊnz
faces,ˈfeɪsɪz
facets,ˈfæsɪts
facette,fəˈsɛt
facettes,fəˈsɛts
facilitates,fəˈsɪlɪˌteɪts
facilitative,fəˈsɪlɪˌteɪtɪv
factitive,ˈfæktɪtɪv
factitively,ˈfæktɪtɪvli
factive,ˈfæktɪv
factively,ˈfæktɪvli
factored,ˈfæktərd
factorises,ˈfæktəˌraɪzɪz
factorizes,ˈfæktəˌraɪzɪz
factors,ˈfæktərz
facultative,ˈfækəltətɪv
facultatively,ˈfækəltətɪvli
faddles,ˈfædəlz
fades,feɪdz
fadges,ˈfædʒɪz
faffles,ˈfæfəlz
fagged,fæɡd
faggots,ˈfæɡəts
fagots,ˈfæɡəts
fags,fæɡz
failed,feɪld
fails,feɪlz
fainthearted,ˈfeɪntˌhɑːrtɪd
faintheartedly,ˈfeɪntˌhɑːrtɪdli
faintheartedness,ˈfeɪntˌhɑːrtɪdnəs
faints,feɪnts
faired,fɛrd
fairs,fɛrz
fairweather,ˈfɛərˌwɛðər
faithed,feɪθt
faitour,ˈfeɪtər
faitours,ˈfeɪtərz
fakes,feɪks
falchion,ˈfɔːltʃən
falchions,ˈfɔːltʃənz
fallowed,ˈfæloʊd
fallows,ˈfæloʊz
falls,fɔːlz
falsifies,ˈfɔːlsɪˌfaɪz
faltered,ˈfɔːltərd
falters,ˈfɔːltərz
fames,feɪmz
familiarises,fəˈmɪliəˌraɪzɪz
familiarizes,fəˈmɪliəˌraɪzɪz
famine,ˈfæmɪn
famines,ˈfæmɪnz
famished,ˈfæmɪʃt
famishes,ˈfæmɪʃɪz
famoused,ˈfeɪməst
fanaticises,fəˈnætɪˌsaɪzɪz
fanaticizes,fəˈnætɪˌsaɪzɪz
fancies,ˈfænsiːz
fancifies,ˈfænsɪˌfaɪz
fands,fændz
fanfolds,ˈfænˌfoʊldz
fanged,fæŋd
fangles,ˈfæŋɡəlz
fanlight,ˈfænˌlaɪt
fanlights,ˈfænˌlaɪts
fanned,fænd
fans,fænz
fantasies,ˈfæntəsiːz
fantasises,ˈfæntəˌsaɪzɪz
fantasizes,ˈfæntəˌsaɪzɪz
fantasticates,fænˈtæstɪˌkeɪts
faradises,ˈfærəˌdaɪzɪz
faradizes,ˈfærəˌdaɪzɪz
farces,ˈfɑːrsɪz
fards,fɑːrdz
fares,fɛrz
farfetched,ˈfɑːrˌfɛtʃt
farmed,fɑːrmd
farmerette,ˌfɑːrməˈrɛt
farmerettes,ˌfɑːrməˈrɛts
farmost,ˈfɑːrmoʊst
farms,fɑːrmz
farmstead,ˈfɑːrmˌstɛd
farmsteading,ˈfɑːrmˌstɛdɪŋ
farmsteadings,ˈfɑːrmˌstɛdɪŋz
farmsteads,ˈfɑːrmˌstɛdz
farouche,fəˈruːʃ
farries,ˈfæriːz
farrowed,ˈfæroʊd
farrows,ˈfæroʊz
farsighted,ˈfɑːrˌsaɪtɪd
farsightedly,ˈfɑːrˌsaɪtɪdli
farsightedness,ˈfɑːrˌsaɪtɪdnəs
farstretched,ˈfɑːrˌstrɛtʃt
farthered,ˈfɑːrðərd
farthermost,ˈfɑːrðərmoʊst
farthers,ˈfɑːrðərz
farts,fɑːrts
fasciates,ˈfæʃiˌeɪts
fasciculate,fəˈsɪkjəlɪt
fascinates,ˈfæsɪˌneɪts
fashed,fæʃt
fashes,ˈfæʃɪz
fashion,ˈfæʃən
fashionability,ˌfæʃənəˈbɪlɪti
fashionable,ˈfæʃənəbəl
fashionableness,ˈfæʃənəbəlnəs
fashionables,ˈfæʃənəbəlz
fashionably,ˈfæʃənəbli
fashioned,ˈfæʃənd
fashioner,ˈfæʃənər
fashioners,ˈfæʃənərz
fashioning,ˈfæʃənɪŋ
fashionist,ˈfæʃənɪst
fashionista,ˌfæʃəˈniːstə
fashionistas,ˌfæʃəˈniːstəz
fashionists,ˈfæʃənɪsts
fashionless,ˈfæʃənlɪs
fashionmonger,ˈfæʃənˌmɒŋɡər
fashionmongers,ˈfæʃənˌmɒŋɡərz
fashions,ˈfæʃənz
fastbreak,ˈfæstˌbreɪk
fastbreaks,ˈfæstˌbreɪkz
fastened,ˈfæsənd
fastens,ˈfæsənz
fastigiate,fəˈstɪdʒiˌeɪt
fasts,fæsts
fates,feɪts
fathead,ˈfætˌhɛd
fatheaded,ˈfætˌhɛdɪd
fatheadedly,ˈfætˌhɛdɪdli
fatheadedness,ˈfætˌhɛdɪdnəs
fatheads,ˈfætˌhɛdz
fathered,ˈfɑːðərd
fathers,ˈfɑːðərz
fathomed,ˈfæðəmd
fathoms,ˈfæðəmz
fatigates,ˈfætɪˌɡeɪts
fatigue,fəˈtiːɡ
fatigued,fəˈtiːɡd
fatigues,fəˈtiːɡz
fatiguing,fəˈtiːɡɪŋ
fatiguingly,fəˈtiːɡɪŋli
fats,fæts
fattened,ˈfætənd
fattens,ˈfætənz
faubourg,ˈfoʊbɜːr
faubourgs,ˈfoʊbɜːrz
faugh,fɔː
faulchion,ˈfɔːltʃən
faulchions,ˈfɔːltʃənz
faultfinder,ˈfɔːltˌfaɪndər
faultfinders,ˈfɔːltˌfaɪndərz
faultfinding,ˈfɔːltˌfaɪndɪŋ
faultfindings,ˈfɔːltˌfaɪndɪŋz
faults,fɔːlts
fauvette,foʊˈvɛt
fauvettes,foʊˈvɛts
faux,foʊ
faveolate,ˈfæviəˌleɪt
favored,ˈfeɪvərd
favorite,ˈfeɪvərɪt
favorites,ˈfeɪvərɪts
favors,ˈfeɪvərz
favoured,ˈfeɪvərd
favourite,ˈfeɪvərɪt
favourites,ˈfeɪvərɪts
favours,ˈfeɪvərz
fawned,fɔːnd
fawns,fɔːnz
faxed,fækst
faxes,ˈfæksɪz
fayed,feɪd
fays,feɪz
faytour,ˈfeɪtər
faytours,ˈfeɪtərz
fazes,ˈfeɪzɪz
feague,fiːɡ
feagued,fiːɡd
feagues,fiːɡz
feaguing,ˈfiːɡɪŋ
feared,fɪrd
fearnaught,ˈfɪərˌnɔːt
fearnaughts,ˈfɪərˌnɔːts
fears,fɪrz
fearsome,ˈfɪərsəm
fearsomely,ˈfɪərsəmli
fearsomeness,ˈfɪərsəmnəs
feases,ˈfiːzɪz
feasts,fiːsts
feather,ˈfɛðər
featherbed,ˈfɛðərˌbɛd
featherbedded,ˈfɛðərˌbɛdɪd
featherbedding,ˈfɛðərˌbɛdɪŋ
featherbeds,ˈfɛðərˌbɛdz
featherbrain,ˈfɛðərˌbreɪn
featherbrained,ˈfɛðərˌbreɪnd
featherbrains,ˈfɛðərˌbreɪnz
feathered,ˈfɛðərd
featheredge,ˈfɛðərˌɛdʒ
featheredged,ˈfɛðərˌɛdʒd
featheredges,ˈfɛðərˌɛdʒɪz
featheredging,ˈfɛðərˌɛdʒɪŋ
featherhead,ˈfɛðərˌhɛd
featherheaded,ˈfɛðərˌhɛdɪd
featherheads,ˈfɛðərˌhɛdz
featherier,ˈfɛðəriər
featheriest,ˈfɛðəriɪst
feathering,ˈfɛðərɪŋ
featherings,ˈfɛðərɪŋz
featherless,ˈfɛðərlɪs
featherlight,ˈfɛðərˌlaɪt
featherlike,ˈfɛðərˌlaɪk
featherly,ˈfɛðərli
feathers,ˈfɛðərz
featherstitch,ˈfɛðərˌstɪtʃ
featherstitched,ˈfɛðərˌstɪtʃt
featherstitches,ˈfɛðərˌstɪtʃɪz
featherstitching,ˈfɛðərˌstɪtʃɪŋ
featherweight,ˈfɛðərˌweɪt
featherweights,ˈfɛðərˌweɪts
feathery,ˈfɛðəri
features,ˈfiːtʃərz
featurette,ˌfiːtʃəˈrɛt
featurettes,ˌfiːtʃəˈrɛts
feazed,fiːzd
feazes,ˈfiːzɪz
fecundates,ˈfɛkəndˌeɪts
fecundifies,fɪˈkʌndɪˌfaɪz
federalises,ˈfɛdərəˌlaɪzɪz
federalizes,ˈfɛdərəˌlaɪzɪz
federates,ˈfɛdəˌreɪts
federative,ˈfɛdərətɪv
federatively,ˈfɛdərətɪvli
feebleminded,ˈfiːbəlˌmaɪndɪd
feeblemindedly,ˈfiːbəlˌmaɪndɪdli
feeblemindedness,ˈfiːbəlˌmaɪndɪdnəs
feeds,fiːdz
feels,fiːlz
fees,fiːz
feezes,ˈfiːzɪz
feigned,feɪnd
feigns,feɪnz
feints,feɪnts
feize,fiːz
feized,fiːzd
feizes,ˈfiːzɪz
feizing,ˈfiːzɪŋ
felicitates,fɪˈlɪsɪˌteɪts
fellates,fɛˈleɪts
felled,fɛld
fellmongered,ˈfɛlˌmɒŋɡərd
fellmongers,ˈfɛlˌmɒŋɡərz
fellowed,ˈfɛloʊd
fellowfeels,ˈfɛloʊˌfiːlz
fellows,ˈfɛloʊz
fellowshiped,ˈfɛloʊˌʃɪpt
fellowshipped,ˈfɛloʊˌʃɪpt
fellowshipping,ˈfɛloʊˌʃɪpɪŋ
fellowships,ˈfɛloʊˌʃɪps
feltered,ˈfɛltərd
felters,ˈfɛltərz
felts,fɛlts
femalizes,ˈfiːməˌlaɪzɪz
feminate,ˈfɛmɪnɪt
feminine,ˈfɛmɪnɪn
femininely,ˈfɛmɪnɪnli
feminineness,ˈfɛmɪnɪnnəs
feminines,ˈfɛmɪnɪnz
feminises,ˈfɛmɪˌnaɪzɪz
feminizes,ˈfɛmɪˌnaɪzɪz
fenagles,fəˈneɪɡəlz
fences,ˈfɛnsɪz
fendered,ˈfɛndərd
fends,fɛndz
fenerates,ˈfɛnəˌreɪts
fenestrates,ˈfɛnɪˌstreɪts
feoff,fiːf
feoffed,fiːft
feoffee,ˌfɛˈfiː
feoffees,ˌfɛˈfiːz
feoffer,ˈfɛfər
feoffers,ˈfɛfərz
feoffing,ˈfiːfɪŋ
feoffment,ˈfiːfmənt
feoffments,ˈfiːfmənts
feoffor,ˈfɛfər
feoffors,ˈfɛfərz
feoffs,fiːfs
feofor,ˈfɛfər
feofors,ˈfɛfərz
ferlies,ˈfɜːrliːz
fermentative,fɜːrˈmɛntətɪv
ferments,fɜːrˈmɛnts
ferreled,ˈfɛrəld
ferrelled,ˈfɛrəld
ferrelling,ˈfɛrəlɪŋ
ferrels,ˈfɛrəlz
ferrets,ˈfɛrɪts
ferrules,ˈfɛruːlz
fertilises,ˈfɜːrtɪˌlaɪzɪz
fertilitates,fɜːrˈtɪlɪˌteɪts
fertilizes,ˈfɜːrtɪˌlaɪzɪz
ferules,ˈfɛruːlz
fescues,ˈfɛskjuːz
fessed,fɛst
fesses,ˈfɛsɪz
festered,ˈfɛstərd
festers,ˈfɛstərz
festeye,ˈfɛstˌaɪ
festeyed,ˈfɛstˌaɪd
festeyes,ˈfɛstˌaɪz
festeying,ˈfɛstˌaɪɪŋ
festinate,ˈfɛstɪˌneɪt
festinately,ˈfɛstɪˌneɪtli
festinates,ˈfɛstɪˌneɪts
festive,ˈfɛstɪv
festively,ˈfɛstɪvli
festiveness,ˈfɛstɪvnəs
festooned,fɛˈstuːnd
festoons,fɛˈstuːnz
fetched,fɛtʃt
fetches,ˈfɛtʃɪz
fetes,feɪts
fetishises,ˈfɛtɪʃˌaɪzɪz
fetishizes,ˈfɛtɪʃˌaɪzɪz
fets,fɛts
fettered,ˈfɛtərd
fetters,ˈfɛtərz
fettles,ˈfɛtəlz
feudalises,ˈfjuːdəˌlaɪzɪz
feudalizes,ˈfjuːdəˌlaɪzɪz
feuds,fjuːdz
feus,fjuːz
feutered,ˈfjuːtərd
feuters,ˈfjuːtərz
fevered,ˈfiːvərd
fevers,ˈfiːvərz
fewtered,ˈfjuːtərd
fewters,ˈfjuːtərz
fezzed,fɛzd
fiance,ˌfiːɑːnˈseɪ
fiances,ˌfiːɑːnˈseɪz
fianchettos,ˌfiːənˈtʃɛtoʊz
fibbed,fɪbd
fibered,ˈfaɪbərd
fiberglassed,ˈfaɪbərˌɡlæst
fiberglasses,ˈfaɪbərˌɡlæsɪz
fiberises,ˈfaɪbəˌraɪzɪz
fiberizes,ˈfaɪbəˌraɪzɪz
fibred,ˈfaɪbərd
fibreglasses,ˈfaɪbərˌɡlæsɪz
fibrillates,ˈfaɪbrɪˌleɪts
fibs,fɪbz
fiche,fiːʃ
fiches,ˈfiːʃɪz
fichu,ˈfɪʃuː
fichus,ˈfɪʃuːz
fictionalises,ˈfɪkʃənəˌlaɪzɪz
fictionalizes,ˈfɪkʃənəˌlaɪzɪz
fictionises,ˈfɪkʃəˌnaɪzɪz
fictionizes,ˈfɪkʃəˌnaɪzɪz
fictive,ˈfɪktɪv
fictively,ˈfɪktɪvli
fictiveness,ˈfɪktɪvnəs
fiddlehead,ˈfɪdəlˌhɛd
fiddleheads,ˈfɪdəlˌhɛdz
fiddles,ˈfɪdəlz
fidges,ˈfɪdʒɪz
fidgets,ˈfɪdʒɪts
fields,fiːldz
fieldstripped,ˈfiːldˌstrɪpt
fieldstrips,ˈfiːldˌstrɪps
fierier,ˈfaɪəriər
fieriest,ˈfaɪəriɪst
fierily,ˈfaɪəriːli
fieriness,ˈfaɪəriːnəs
fiery,ˈfaɪəri
fifes,faɪfs
figged,fɪɡd
fight,faɪt
fighter,ˈfaɪtər
fighters,ˈfaɪtərz
fighting,ˈfaɪtɪŋ
fightingly,ˈfaɪtɪŋli
fightings,ˈfaɪtɪŋz
fights,faɪts
fightwite,ˈfaɪtˌwaɪt
figs,fɪɡz
figurate,ˈfɪɡjərɪt
figurately,ˈfɪɡjərɪtli
figurates,ˈfɪɡjəˌreɪts
figurative,ˈfɪɡjərətɪv
figuratively,ˈfɪɡjərətɪvli
figurativeness,ˈfɪɡjərətɪvnəs
figurehead,ˈfɪɡjərˌhɛd
figureheads,ˈfɪɡjərˌhɛdz
figures,ˈfɪɡjərz
fikes,faɪks
filagrees,ˈfɪləˌɡriːz
filch,fɪltʃ
filched,fɪltʃt
filcher,ˈfɪltʃər
filchers,ˈfɪltʃərz
filches,ˈfɪltʃɪz
filching,ˈfɪltʃɪŋ
filchingly,ˈfɪltʃɪŋli
files,faɪlz
filet,fɪˈleɪ
fileted,fɪˈleɪd
fileting,fɪˈleɪɪŋ
filets,fɪˈleɪz
filiates,ˈfɪliˌeɪts
filibustered,ˈfɪləˌbʌstərd
filibusters,ˈfɪləˌbʌstərz
filigrees,ˈfɪlɪˌɡriːz
filled,fɪld
fillet,ˈfɪlɪt
filleted,ˈfɪlɪtɪd
filleting,ˈfɪlɪtɪŋ
fillets,ˈfɪlɪts
fillibustered,ˈfɪləˌbʌstərd
fillibusters,ˈfɪləˌbʌstərz
filliped,ˈfɪlɪpt
fillips,ˈfɪlɪps
fills,fɪlz
filmed,fɪlmd
films,fɪlmz
filmsets,ˈfɪlmˌsɛts
filtered,ˈfɪltərd
filters,ˈfɪltərz
filtrates,ˈfɪltreɪts
fimbriate,ˈfɪmbriˌeɪt
fimbriates,ˈfɪmbriˌeɪts
finagles,fəˈneɪɡəlz
finalises,ˈfaɪnəlaɪzɪz
finalizes,ˈfaɪnəlaɪzɪz
finances,fəˈnænsɪz
financiered,fɪˈnænsiˌɪərd
financiers,fɪˈnænsiˌɪərz
finative,ˈfaɪnətɪv
finch,fɪntʃ
finchbacked,ˈfɪntʃˌbækt
finched,fɪntʃt
finches,ˈfɪntʃɪz
finching,ˈfɪntʃɪŋ
find,faɪnd
findable,ˈfaɪndəbəl
finde,faɪnd
finder,ˈfaɪndər
finders,ˈfaɪndərz
findfault,ˈfaɪndˌfɔːlt
findfaults,ˈfaɪndˌfɔːlts
finding,ˈfaɪndɪŋ
findings,ˈfaɪndɪŋz
finds,faɪndz
finedraws,ˈfaɪnˌdrɔːz
fineered,fɪˈnɪərd
fineers,fɪˈnɪərz
fines,faɪnz
finessed,fɪˈnɛst
finesses,fɪˈnɛsɪz
finestilled,ˈfaɪnˌstɪld
finestills,ˈfaɪnˌstɪlz
fingered,ˈfɪŋɡərd
fingerpicked,ˈfɪŋɡərˌpɪkt
fingerpicks,ˈfɪŋɡərˌpɪks
fingerpost,ˈfɪŋɡərˌpoʊst
fingerposts,ˈfɪŋɡərˌpoʊsts
fingerprints,ˈfɪŋɡərˌprɪnts
fingers,ˈfɪŋɡərz
fingerspelled,ˈfɪŋɡərˌspɛld
fingerspells,ˈfɪŋɡərˌspɛlz
finialed,ˈfɪniˌæld
finialled,ˈfɪniˌæld
finifies,ˈfɪnɪˌfaɪz
finished,ˈfɪnɪʃt
finishes,ˈfɪnɪʃɪz
finked,fɪŋkt
finks,fɪŋks
finlandisations,ˌfɪnləndɪˈzeɪʃənz
finlandises,ˈfɪnlənˌdaɪzɪz
finlandizes,ˈfɪnlənˌdaɪzɪz
finned,fɪnd
fins,fɪnz
fique,fiːk
firebombed,ˈfaɪərˌbɒmd
firebombs,ˈfaɪərˌbɒmz
firebreak,ˈfaɪərˌbreɪk
firebreaks,ˈfaɪərˌbreɪkz
firefanged,ˈfaɪərˌfæŋd
firefangs,ˈfaɪərˌfæŋz
firefight,ˈfaɪərˌfaɪt
firefighter,ˈfaɪərˌfaɪtər
firefighters,ˈfaɪərˌfaɪtərz
firefighting,ˈfaɪərˌfaɪtɪŋ
firefights,ˈfaɪərˌfaɪts
fireguard,ˈfaɪərˌɡɑːrd
fireguards,ˈfaɪərˌɡɑːrdz
firelight,ˈfaɪərˌlaɪt
firelights,ˈfaɪərˌlaɪts
firepower,ˈfaɪərˌpaʊər
firepowers,ˈfaɪərˌpaʊərz
fireproofed,ˈfaɪərˌpruːft
fireproofs,ˈfaɪərˌpruːfs
fires,ˈfaɪərz
firked,fɜːrkt
firks,fɜːrks
firmed,fɜːrmd
firms,fɜːrmz
fished,fɪʃt
fisherwomen,ˈfɪʃərˌwɪmɪn
fishes,ˈfɪʃɪz
fisheye,ˈfɪʃˌaɪ
fisheyes,ˈfɪʃˌaɪz
fishifies,ˈfɪʃɪˌfaɪz
fishtailed,ˈfɪʃˌteɪld
fishtails,ˈfɪʃˌteɪlz
fishwomen,ˈfɪʃˌwɪmɪn
fisked,fɪskt
fisks,fɪsks
fissioned,ˈfɪʃənd
fissions,ˈfɪʃənz
fissures,ˈfɪʃərz
fistfight,ˈfɪstˌfaɪt
fistfights,ˈfɪstˌfaɪts
fists,fɪsts
fistulate,ˈfɪstʃəˌleɪt
fistulates,ˈfɪstʃəˌleɪts
fits,fɪts
fivesome,ˈfaɪvsəm
fivesomes,ˈfaɪvsəmz
fixates,fɪkˈseɪts
fixative,ˈfɪksətɪv
fixatives,ˈfɪksətɪvz
fixed,fɪkst
fixes,ˈfɪksɪz
fizzed,fɪzd
fizzes,ˈfɪzɪz
fizzles,ˈfɪzəlz
flabbergasts,ˈflæbərˌɡæsts
flabellate,fləˈbɛlɪt
flabellinerved,fləˈbɛlɪˌnɜːrvd
flacked,flækt
flacks,flæks
flagellate,ˈflædʒəˌleɪt
flagellates,ˈflædʒəˌleɪts,(verb),or,ˈflædʒəˌləts,(noun)
flagged,flæɡd
flagitates,ˈflædʒɪˌteɪts
flags,flæɡz
flagstaves,ˈflæɡˌsteɪvz
flailed,fleɪld
flails,fleɪlz
flakes,fleɪks
flambe,flɑːmˈbeɪ
flambeaux,flɑːmˈboʊ
flambee,flɑːmˈbeɪ
flambeed,flɑːmˈbeɪd
flambeing,flɑːmˈbeɪɪŋ
flambes,flɑːmˈbeɪz
flameproofed,ˈfleɪmˌpruːft
flameproofs,ˈfleɪmˌpruːfs
flames,fleɪmz
flammed,flæmd
flams,flæmz
flanch,flæntʃ
flanched,flæntʃt
flanches,ˈflæntʃɪz
flanges,ˈflændʒɪz
flanked,flæŋkt
flankered,ˈflæŋkərd
flankers,ˈflæŋkərz
flanks,flæŋks
flanneled,ˈflænəld
flannelette,ˌflænəˈlɛt
flannelettes,ˌflænəˈlɛts
flannelled,ˈflænəld
flannelling,ˈflænəlɪŋ
flannelmouthed,ˈflænəlˌmaʊθt
flapped,flæpt
flaps,flæps
flares,flɛrz
flashed,flæʃt
flashes,ˈflæʃɪz
flashflood,ˈflæʃˌflʌd
flashfloods,ˈflæʃˌflʌdz
flashlight,ˈflæʃˌlaɪt
flashlights,ˈflæʃˌlaɪts
flatbread,ˈflætˌbrɛd
flatbreads,ˈflætˌbrɛdz
flatfoots,ˈflætˌfʊts
flathead,ˈflætˌhɛd
flatheads,ˈflætˌhɛdz
flative,ˈfleɪtɪv
flatlines,ˈflætˌlaɪnz
flats,flæts
flattened,ˈflætənd
flattens,ˈflætənz
flattered,ˈflætərd
flatters,ˈflætərz
flattopped,ˈflætˌtɒpt
flaughter,ˈflɔːtər
flaughtered,ˈflɔːtərd
flaughtering,ˈflɔːtərɪŋ
flaughters,ˈflɔːtərz
flaunch,flɔːntʃ
flaunched,flɔːntʃt
flaunches,ˈflɔːntʃɪz
flaunching,ˈflɔːntʃɪŋ
flaunchings,ˈflɔːntʃɪŋz
flaunts,flɔːnts
flavored,ˈfleɪvərd
flavors,ˈfleɪvərz
flavorsome,ˈfleɪvərsəm
flavoured,ˈfleɪvərd
flavours,ˈfleɪvərz
flavoursome,ˈfleɪvərsəm
flawed,flɔːd
flaws,flɔːz
flawtered,ˈflɔːtərd
flawters,ˈflɔːtərz
flayed,fleɪd
flays,fleɪz
fleaked,fliːkt
fleaks,fliːks
fleared,flɪrd
flears,flɪrz
fleche,flɛʃ
fleches,ˈflɛʃɪz
flechette,flɛˈʃɛt
flechettes,flɛˈʃɛts
flecked,flɛkt
flecks,flɛks
fledges,ˈflɛdʒɪz
fleeces,ˈfliːsɪz
fleech,fliːtʃ
fleeched,fliːtʃt
fleeches,ˈfliːtʃɪz
fleeching,ˈfliːtʃɪŋ
fleered,flɪrd
fleers,flɪrz
flees,fliːz
fleets,fliːts
flemished,ˈflɛmɪʃt
flemishes,ˈflɛmɪʃɪz
flench,flɛntʃ
flenched,flɛntʃt
flencher,ˈflɛntʃər
flenchers,ˈflɛntʃərz
flenches,ˈflɛntʃɪz
flenching,ˈflɛntʃɪŋ
flenses,ˈflɛnsɪz
fleshed,flɛʃt
fleshes,ˈflɛʃɪz
fletched,flɛtʃt
fletches,ˈflɛtʃɪz
flewed,fluːd
flexed,flɛkst
flexes,ˈflɛksɪz
fleyed,fleɪd
fleys,fleɪz
flichtered,ˈflɪtʃərd
flichters,ˈflɪtʃərz
flicked,flɪkt
flickered,ˈflɪkərd
flickers,ˈflɪkərz
flicks,flɪks
flies,flaɪz
flight,flaɪt
flighted,ˈflaɪtɪd
flighter,ˈflaɪtər
flighters,ˈflaɪtərz
flightier,ˈflaɪtiər
flightiest,ˈflaɪtiɪst
flightily,ˈflaɪtiːli
flightiness,ˈflaɪtiːnəs
flighting,ˈflaɪtɪŋ
flightless,ˈflaɪtlɪs
flights,flaɪts
flighty,ˈflaɪti
flimflammed,ˈflɪmˌflæmd
flinch,flɪntʃ
flinched,flɪntʃt
flincher,ˈflɪntʃər
flinchers,ˈflɪntʃərz
flinches,ˈflɪntʃɪz
flinching,ˈflɪntʃɪŋ
flinchingly,ˈflɪntʃɪŋli
flinders,ˈflɪndərz
flings,flɪŋz
flints,flɪnts
flipchart,ˈflɪpˌtʃɑːrt
flipcharts,ˈflɪpˌtʃɑːrts
flipped,flɪpt
flips,flɪps
flirts,flɜːrts
flitched,flɪtʃt
flitches,ˈflɪtʃɪz
flites,flaɪts
flits,flɪts
flittered,ˈflɪtərd
flitters,ˈflɪtərz
floats,floʊts
flocced,flɒkt
flocculates,ˈflɒkjəˌleɪts,(verb),or,ˈflɒkjəˌləts,(noun)
flocked,flɒkt
flocks,flɒks
flogged,flɒɡd
flogs,flɒɡz
flood,flʌd
floodage,ˈflʌdɪdʒ
flooded,ˈflʌdɪd
flooder,ˈflʌdər
flooders,ˈflʌdərz
floodgate,ˈflʌdˌɡeɪt
floodgates,ˈflʌdˌɡeɪts
flooding,ˈflʌdɪŋ
floodlight,ˈflʌdˌlaɪt
floodlighted,ˈflʌdˌlaɪtɪd
floodlighting,ˈflʌdˌlaɪtɪŋ
floodlights,ˈflʌdˌlaɪts
floodlit,ˈflʌdˌlɪt
floodplain,ˈflʌdˌpleɪn
floodplains,ˈflʌdˌpleɪnz
floods,flʌdz
floodwall,ˈflʌdˌwɔːl
floodwalls,ˈflʌdˌwɔːlz
floodwater,ˈflʌdˌwɔːtər
floodwaters,ˈflʌdˌwɔːtərz
floodway,ˈflʌdˌweɪ
floodways,ˈflʌdˌweɪz
floor,flɔːr
floorage,ˈflɔːrɪdʒ
floorboard,ˈflɔːrˌbɔːrd
floorboards,ˈflɔːrˌbɔːrdz
floorcloth,ˈflɔːrˌklɒθ
floorcloths,ˈflɔːrˌklɒθs
floored,flɔːrd
floorer,ˈflɔːrər
floorers,ˈflɔːrərz
floorhead,ˈflɔːrˌhɛd
floorheads,ˈflɔːrˌhɛdz
flooring,ˈflɔːrɪŋ
floorings,ˈflɔːrɪŋz
floorless,ˈflɔːrlɪs
floors,flɔːrz
floorshow,ˈflɔːrˌʃoʊ
floorshows,ˈflɔːrˌʃoʊz
floorwalker,ˈflɔːrˌwɔːkər
floorwalkers,ˈflɔːrˌwɔːkərz
flopped,flɒpt
flops,flɒps
floramour,ˈflɔːrəmɔːr
floramours,ˈflɔːrəmɔːrz
flossed,flɒst
flosses,ˈflɒsɪz
flotes,floʊts
flounces,ˈflaʊnsɪz
floundered,ˈflaʊndərd
flounders,ˈflaʊndərz
floured,ˈflaʊərd
flourish,ˈflɜːrɪʃ
flourished,ˈflɜːrɪʃt
flourisher,ˈflɜːrɪʃər
flourishers,ˈflɜːrɪʃərz
flourishes,ˈflɜːrɪʃɪz
flourishing,ˈflɜːrɪʃɪŋ
flourishingly,ˈflɜːrɪʃɪŋli
flouts,flaʊts
flowchart,ˈfloʊˌtʃɑːrt
flowcharting,ˈfloʊˌtʃɑːrtɪŋ
flowcharts,ˈfloʊˌtʃɑːrts
flowed,floʊd
flower,ˈflaʊər
flowerage,ˈflaʊərɪdʒ
flowerages,ˈflaʊərɪdʒɪz
flowerbed,ˈflaʊərˌbɛd
flowerbeds,ˈflaʊərˌbɛdz
flowered,ˈflaʊərd
flowerer,ˈflaʊərər
flowerers,ˈflaʊərərz
floweret,ˈflaʊərɪt
flowerets,ˈflaʊərɪts
flowerette,ˈflaʊərɪt
flowerettes,ˈflaʊərɪts
flowerful,ˈflaʊərfʊl
flowerier,ˈflaʊəriər
floweriest,ˈflaʊəriɪst
flowerily,ˈflaʊəriːli
floweriness,ˈflaʊəriːnəs
flowering,ˈflaʊərɪŋ
flowerless,ˈflaʊərlɪs
flowerlessness,ˈflaʊərlɪsnəs
flowerlike,ˈflaʊərˌlaɪk
flowerpot,ˈflaʊərˌpɑt
flowerpots,ˈflaʊərˌpɑts
flowers,ˈflaʊ.ɚz
flowery,ˈflaʊəri
flows,floʊz
flubbed,flʌbd
flubs,flʌbz
fluctuates,ˈflʌktʃueɪts
flues,fluːz
fluffed,flʌft
fluffs,flʌfs
fluidises,ˈfluɪdaɪzɪz
fluidizes,ˈfluɪdaɪzɪz
flukes,fluːks
flumes,fluːmz
flummoxed,ˈflʌməkst
flummoxes,ˈflʌməksɪz
flumped,flʌmpt
flumps,flʌmps
flunked,flʌŋkt
flunks,flʌŋks
fluorates,ˈflʊəreɪts
fluoresces,flʊəˈrɛsɪz
fluoridates,ˈflʊərɪˌdeɪts
fluorinates,ˈflʊərəˌneɪts
flurries,ˈflɜriz
flurts,flɜrts
flushed,flʌʃt
flushes,ˈflʌʃɪz
flustered,ˈflʌstərd
flustrates,ˈflʌstreɪts
flutes,fluːts
fluttered,ˈflʌtərd
flutters,ˈflʌtərz
fluxed,flʌkst
fluxes,ˈflʌksɪz
fluxive,ˈflʌksɪv
flyblows,ˈflaɪˌbloʊz
flyleaves,ˈflaɪˌliːvz
flyspecked,ˈflaɪˌspɛkt
flyspecks,ˈflaɪˌspɛks
flytes,flaɪts
flyweight,ˈflaɪˌweɪt
flyweights,ˈflaɪˌweɪts
foaled,foʊld
foals,foʊlz
foamed,foʊmd
foamflower,ˈfoʊmˌflaʊər
foamflowers,ˈfoʊmˌflaʊərz
foams,foʊmz
fobbed,fɑbd
fobs,fɑbz
focalises,ˈfoʊkəlaɪzɪz
focalizes,ˈfoʊkəlaɪzɪz
focillates,ˈfɑsɪˌleɪts
focused,ˈfoʊkəst
focuses,ˈfoʊkəsɪz
focussed,ˈfɑkəst
focusses,ˈfɑkəsɪz
focussing,ˈfɑkəsɪŋ
foddered,ˈfɑdərd
fodders,ˈfɑdərz
foehn,fɜrn
foehns,fɜrnz
fogfruit,ˈfɑɡˌfruːt
fogfruits,ˈfɑɡˌfruːts
fogged,fɑɡd
fogs,fɑɡz
fohn,fɑn
fohns,fɑnz
foiled,fɔɪld
foils,fɔɪlz
foined,fɔɪnd
foins,fɔɪnz
foists,fɔɪsts
folds,foʊldz
foliate,ˈfoʊliˌeɪt
foliates,ˈfoʊliˌeɪts
folios,ˈfoʊliˌoʊz
followed,ˈfɑloʊd
follows,ˈfɑloʊz
followthrough,ˈfɑloʊˌθruː
followthroughs,ˈfɑloʊˌθruːz
foments,foʊˈmɛnts
fondles,ˈfɑndəlz
fooled,fuːld
foolifies,ˈfuːlɪˌfaɪz
fools,fuːlz
footbreadth,ˈfʊtˌbrɛθ
footbreadths,ˈfʊtˌbrɛθs
footfaults,ˈfʊtˌfɔlts
footfight,ˈfʊtˌfaɪt
footfights,ˈfʊtˌfaɪts
footglove,ˈfʊtˌɡlʌv
footgloves,ˈfʊtˌɡlʌvz
footles,ˈfʊtəlz
footlight,ˈfʊtˌlaɪt
footlights,ˈfʊtˌlaɪts
footnotes,ˈfʊtˌnoʊts
foots,fʊts
footslogged,ˈfʊtˌslɑɡd
footslogs,ˈfʊtˌslɑɡz
footstalk,ˈfʊtˌstɔk
footstalks,ˈfʊtˌstɔks
footwear,ˈfʊtˌwɛr
foozles,ˈfuːzəlz
forages,ˈfɔrɪdʒɪz
forasmuch,ˌfɔrəzˈmʌtʃ
forayed,ˈfɔreɪd
forays,ˈfɔreɪz
forbathes,fɔrˈbeɪðz
forbear,fɔrˈbɛr
forbearance,fɔrˈbɛrəns
forbearances,fɔrˈbɛrənsɪz
forbearant,fɔrˈbɛrənt
forbearer,fɔrˈbɛrər
forbearers,fɔrˈbɛrərz
forbearing,fɔrˈbɛrɪŋ
forbears,fɔrˈbɛrz
forbids,fɔrˈbɪdz
forbodes,fɔrˈboʊdz
forcarve,fɔrˈkɑrv
forcarved,fɔrˈkɑrvd
forcarves,fɔrˈkɑrvz
forces,ˈfɔrsɪz
fordo,fɔrˈduː
fordoes,fɔrˈduːz
fordoing,fɔrˈduɪŋ
fordone,fɔrˈdʌn
fordries,fɔrˈdraɪz
fordrives,fɔrˈdraɪvz
fords,fɔrdz
fordwines,fɔrˈdwaɪnz
foreadmonished,ˌfɔrədˈmɑnɪʃt
foreadmonishes,ˌfɔrədˈmɑnɪʃɪz
forealleges,ˌfɔrəˈlɛdʒɪz
foreappoints,ˌfɔrəˈpɔɪnts
forearmed,ˌfɔrˈɑrmd
forearms,ˌfɔrˈɑrmz
forebear,ˌfɔrˈbɛr
forebearer,ˌfɔrˈbɛrər
forebearers,ˌfɔrˈbɛrərz
forebears,ˌfɔrˈbɛrz
forebodes,ˌfɔrˈboʊdz
forecasts,ˈfɔrˌkæsts
forecheck,ˈfɔrˌtʃɛk
forechecked,ˈfɔrˌtʃɛkt
forechecker,ˈfɔrˌtʃɛkər
forecheckers,ˈfɔrˌtʃɛkərz
forechecking,ˈfɔrˌtʃɛkɪŋ
forechecks,ˈfɔrˌtʃɛks
forechosen,ˌfɔrˈtʃoʊzən
foreclose,fɔrˈkloʊz
foreclosed,fɔrˈkloʊzd
forecloses,fɔrˈkloʊzɪz
foreclosing,fɔrˈkloʊzɪŋ
foreconceive,ˌfɔrkənˈsiːv
foreconceived,ˌfɔrkənˈsiːvd
foreconceives,ˌfɔrkənˈsiːvz
foreconceiving,ˌfɔrkənˈsiːvɪŋ
forecourt,ˈfɔrˌkɔrt
forecourts,ˈfɔrˌkɔrts
foredates,ˌfɔrˈdeɪts
foredeemed,ˌfɔrˈdiːmd
foredeems,ˌfɔrˈdiːmz
foredesigned,ˌfɔrdɪˈzaɪnd
foredesigns,ˌfɔrdɪˈzaɪnz
foredetermine,ˌfɔrdɪˈtɜrmɪn
foredetermined,ˌfɔrdɪˈtɜrmɪnd
foredetermines,ˌfɔrdɪˈtɜrmɪnz
foredisposes,ˌfɔrdɪˈspoʊzɪz
foredo,fɔrˈduː
foredoes,fɔrˈduːz
foredoing,fɔrˈduɪŋ
foredone,fɔrˈdʌn
foredoomed,ˌfɔrˈduːmd
foredooms,ˌfɔrˈduːmz
forefeels,ˌfɔrˈfiːlz
forefends,ˌfɔrˈfɛndz
foreflowed,ˌfɔrˈfloʊd
foreflows,ˌfɔrˈfloʊz
foregathered,ˌfɔrˈɡæðərd
foregathers,ˌfɔrˈɡæðərz
foregoes,fɔrˈɡoʊz
foregone,fɔrˈɡɔn
foregrounds,ˈfɔrˌɡraʊndz
foreguess,ˌfɔrˈɡɛs
foreguessed,ˌfɔrˈɡɛst
foreguesses,ˌfɔrˈɡɛsɪz
foreguessing,ˌfɔrˈɡɛsɪŋ
forehead,ˈfɔrˌhɛd
foreheads,ˈfɔrˌhɛdz
foreheard,ˌfɔrˈhɜrd
forehears,ˌfɔrˈhɜrz
forehearth,ˈfɔrˌhɑrθ
forehearths,ˈfɔrˌhɑrθs
forehewed,ˌfɔrˈhjuːd
forehews,ˌfɔrˈhjuːz
forehooves,ˌfɔrˈhuːvz
foreign,ˈfɔrən
foreigner,ˈfɔrənər
foreigners,ˈfɔrənərz
foreignism,ˈfɔrənɪzəm
foreignisms,ˈfɔrənɪzəmz
foreignness,ˈfɔrənnəs
forein,ˈfɔrɪn
forejudges,ˌfɔrˈdʒʌdʒɪz
foreknowledge,ˈfɔrˌnɑlɪdʒ
foreknows,ˌfɔrˈnoʊz
forelays,ˌfɔrˈleɪz
forelends,ˌfɔrˈlɛndz
forelets,ˌfɔrˈlɛts
forelies,ˌfɔrˈlaɪz
forelifts,ˌfɔrˈlɪfts
forelimb,ˈfɔrˌlɪm
forelimbs,ˈfɔrˌlɪmz
forelocked,ˌfɔrˈlɑkt
forelocks,ˌfɔrˈlɑks
forelooked,ˌfɔrˈlʊkt
forelooks,ˌfɔrˈlʊks
foremeant,ˌfɔrˈmɛnt
forementioned,ˌfɔrˈmɛnʃənd
foremost,ˈfɔrˌmoʊst
foremostly,ˈfɔrˌmoʊstli
foreordained,ˌfɔrɔrˈdeɪnd
foreordains,ˌfɔrɔrˈdeɪnz
foreordinates,ˌfɔrˈɔrdɪˌneɪts
forepassed,ˌfɔrˈpæst
forepeople,ˈfɔrˌpiːpəl
forepossessed,ˌfɔrpəˈzɛst
foreprizes,ˌfɔrˈpraɪzɪz
forepromised,ˌfɔrˈprɑmɪst
forereach,ˌfɔrˈriːtʃ
forereached,ˌfɔrˈriːtʃt
forereaches,ˌfɔrˈriːtʃɪz
forereaching,ˌfɔrˈriːtʃɪŋ
foreread,ˌfɔrˈriːd
forereads,ˌfɔrˈriːdz
foreremembered,ˌfɔrrɪˈmɛmbərd
foreright,ˈfɔrˌraɪt
foreruns,ˌfɔrˈrʌnz
foresays,ˌfɔrˈseɪz
foresees,ˌfɔrˈsiːz
foreseize,ˌfɔrˈsiːz
foreseized,ˌfɔrˈsiːzd
foreseizes,ˌfɔrˈsiːzɪz
foreseizing,ˌfɔrˈsiːzɪŋ
foreshadowed,fɔrˈʃædoʊd
foreshadows,fɔrˈʃædoʊz
foreshewed,ˌfɔrˈʃuːd
foreshews,ˌfɔrˈʃuːz
foreshortened,fɔrˈʃɔrtənd
foreshortens,fɔrˈʃɔrtənz
foreshowed,ˌfɔrˈʃoʊd
foreshows,ˌfɔrˈʃoʊz
foresight,ˈfɔrˌsaɪt
foresighted,ˈfɔrˌsaɪtɪd
foresightedly,ˈfɔrˌsaɪtɪdli
foresightedness,ˈfɔrˌsaɪtɪdnəs
foresightful,ˈfɔrˌsaɪtfəl
foresights,ˈfɔrˌsaɪts
foresignifies,ˌfɔrsɪɡˈnɪfaɪz
foreslacked,ˌfɔrˈslækt
foreslacks,ˌfɔrˈslæks
foresleeve,ˈfɔrˌsliːv
foresleeves,ˈfɔrˌsliːvz
foreslowed,ˌfɔrˈsloʊd
foreslows,ˌfɔrˈsloʊz
forespeaks,ˌfɔrˈspiːks
forespeech,ˈfɔrˌspiːtʃ
forespeeches,ˈfɔrˌspiːtʃɪz
forespends,fɔrˈspɛndz
forestal,fɔrˈstɔl
forestalled,fɔrˈstɔld
forestalls,fɔrˈstɔlz
forestals,fɔrˈstɔlz
forestaves,ˈfɔrˌsteɪvz
forests,ˈfɔrɪsts
foreswear,fɔrˈswɛr
foreswearing,fɔrˈswɛrɪŋ
foreswears,fɔrˈswɛrz
foretastes,ˈfɔrˌteɪsts
foretaught,ˌfɔrˈtɔt
foreteach,ˌfɔrˈtiːtʃ
foreteaches,ˌfɔrˈtiːtʃɪz
foreteaching,ˌfɔrˈtiːtʃɪŋ
foretells,fɔrˈtɛlz
forethinks,fɔrˈθɪŋks
forethought,ˈfɔrˌθɔt
forethoughtful,ˈfɔrˌθɔtfəl
forethoughtfully,ˈfɔrˌθɔtfəli
forethoughtfulness,ˈfɔrˌθɔtfəlnəs
forethoughts,ˈfɔrˌθɔts
foretokened,ˌfɔrˈtoʊkənd
foretokens,ˌfɔrˈtoʊkənz
forevouched,ˌfɔrvəʊtʃt
forewards,ˈfɔrwərdz
forewarned,fɔrˈwɔrnd
forewarns,fɔrˈwɔrnz
forewastes,fɔrˈweɪsts
forewished,ˌfɔrˈwɪʃt
forewishes,ˌfɔrˈwɪʃɪz
forewomen,ˈfɔrˌwɪmɪn
forfeit,ˈfɔrfɪt
forfeitable,ˈfɔrfɪtəbəl
forfeited,ˈfɔrfɪtɪd
forfeiter,ˈfɔrfɪtər
forfeiters,ˈfɔrfɪtərz
forfeiting,ˈfɔrfɪtɪŋ
forfeits,ˈfɔrfɪts
forfeiture,ˈfɔrfɪtʃər
forfeitures,ˈfɔrfɪtʃərz
forfends,fɔrˈfɛndz
forficate,ˈfɔrfɪkeɪt
forgathered,fɔrˈɡæðərd
forgathers,fɔrˈɡæðərz
forges,ˈfɔrdʒɪz
forgetive,fɔrˈɡɛtɪv
forgets,fɔrˈɡɛts
forgive,fɔrˈɡɪv
forgiveness,fɔrˈɡɪvnəs
forgives,fɔrˈɡɪvz
forgoes,fɔrˈɡoʊz
forgone,fɔrˈɡɔn
forisfamiliates,ˌfɔrɪsfəˈmɪliˌeɪts
forjudges,fɔrˈdʒʌdʒɪz
forked,fɔrkt
forklifts,ˈfɔrkˌlɪfts
forks,fɔrks
forlays,fɔrˈleɪz
forleave,fɔrˈliːv
forleaves,fɔrˈliːvz
forlends,fɔrˈlɛndz
forleses,fɔrˈliːzɪz
forlets,fɔrˈlɛts
forlies,fɔrˈlaɪz
formalises,ˈfɔrməlaɪzɪz
formalizes,ˈfɔrməlaɪzɪz
formalwear,ˈfɔrməlˌwɛr
formates,ˈfɔrmeɪts
formative,ˈfɔrmətɪv
formatively,ˈfɔrmətɪvli
formatives,ˈfɔrmətɪvz
formats,ˈfɔrmæts
formed,fɔrmd
formicates,ˈfɔrmɪˌkeɪts
forms,fɔrmz
formularises,ˈfɔrmjələraɪzɪz
formularizes,ˈfɔrmjələraɪzɪz
formulates,ˈfɔrmjəˌleɪts
formulises,ˈfɔrmjəlaɪzɪz
formulizes,ˈfɔrmjəlaɪzɪz
forncasts,ˈfɔrnˌkæsts
fornicates,ˈfɔrnɪˌkeɪts
forpassed,fɔrˈpæst
forpasses,fɔrˈpæsɪz
forpines,fɔrˈpaɪnz
forsakes,fɔrˈseɪks
forsays,fɔrˈseɪz
forshapes,fɔrˈʃeɪps
forslacked,fɔrˈslækt
forslacks,fɔrˈslæks
forslowed,fɔrˈsloʊd
forslows,fɔrˈsloʊz
forspeaks,fɔrˈspiːks
forstalled,fɔrˈstɔld
forstalls,fɔrˈstɔlz
forstraught,fɔrˈstrɔt
forswear,fɔrˈswɛr
forswearer,fɔrˈswɛrər
forswearing,fɔrˈswɛrɪŋ
forswears,fɔrˈswɛrz
forthinks,fɔrˈθɪŋks
forthought,ˈfɔrˌθɔt
forthright,ˈfɔrθˌraɪt
forthrightly,ˈfɔrθˌraɪtli
forthrightness,ˈfɔrθˌraɪtnəs
forthrights,ˈfɔrθˌraɪts
fortifies,ˈfɔrtɪˌfaɪz
fortitudes,ˈfɔrtɪˌtuːdz
fortnight,ˈfɔrtˌnaɪt
fortnightlies,ˈfɔrtˌnaɪtliːz
fortnightly,ˈfɔrtˌnaɪtli
fortnights,ˈfɔrtˌnaɪts
fortread,fɔrˈtrɛd
fortreading,fɔrˈtrɛdɪŋ
fortreads,fɔrˈtrɛdz
fortressed,ˈfɔrtrɪst
fortresses,ˈfɔrtrɪsɪz
fortunate,ˈfɔrtʃənɪt
fortunately,ˈfɔrtʃənɪtli
fortunateness,ˈfɔrtʃənɪtnəs
fortunes,ˈfɔrtʃənz
fortunizes,ˈfɔrtʃənaɪzɪz
forwandered,fɔrˈwɑndərd
forwanders,fɔrˈwɑndərz
forwards,ˈfɔrwərdz
forwastes,fɔrˈweɪsts
forwearies,fɔrˈwɪriz
forweeps,fɔrˈwiːps
forwrapped,fɔrˈræpt
forwraps,fɔrˈræps
fossette,fɒˈsɛt
fossettes,fɒˈsɛts
fossicked,ˈfɑsɪkt
fossicks,ˈfɑsɪks
fossilises,ˈfɑsɪlaɪzɪz
fossilizes,ˈfɑsɪlaɪzɪz
fossulate,ˈfɑsəˌleɪt
fostered,ˈfɑstərd
fosters,ˈfɑstərz
fothered,ˈfɑðərd
fothers,ˈfɑðərz
fotive,ˈfoʊtɪv
fou,fuː
fouette,fuˈɛt
fouettes,fuˈɛts
fougade,fuˈɡɑd
fougades,fuˈɡɑdz
fougasse,fuˈɡæs
fougasses,fuˈɡæsɪz
fought,fɔt
foughten,ˈfɔtən
fouldered,ˈfaʊldərd
foulders,ˈfaʊldərz
fouled,faʊld
foulmouthed,ˈfaʊlˌmaʊθt
fouls,faʊlz
foumart,ˈfaʊmɑrt
foumarts,ˈfaʊmɑrts
foundered,ˈfaʊndərd
founds,faʊndz
fountain,ˈfaʊntən
fountained,ˈfaʊntənd
fountainhead,ˈfaʊntənˌhɛd
fountainheads,ˈfaʊntənˌhɛdz
fountaining,ˈfaʊntənɪŋ
fountainless,ˈfaʊntənləs
fountains,ˈfaʊntənz
four,fɔr
fourb,fʊrb
fourbe,ˈfʊərbi
fourbes,ˈfʊərbiz
fourbs,fʊrbz
fourche,fʊrʃ
fourchee,fʊrˈʃeɪ
fourchette,fʊrˈʃɛt
fourchettes,fʊrˈʃɛts
fourfold,ˈfɔrˌfoʊld
fourfooted,ˈfɔrˌfʊtɪd
fourgon,ˈfʊərɡɑn
fourgons,ˈfʊərɡɑnz
fourhanded,ˈfɔrˌhændɪd
fourling,ˈfɔrlɪŋ
fourlings,ˈfɔrlɪŋz
fourneau,ˈfʊərnoʊ
fourneaus,ˈfʊərnoʊz
fourneaux,ˈfʊərnoʊ
fourpence,ˈfɔrpəns
fourpences,ˈfɔrpənsɪz
fourplex,ˈfɔrˌplɛks
fourplexes,ˈfɔrˌplɛksɪz
fourragere,ˌfʊərəˈʒɛr
fourrageres,ˌfʊərəˈʒɛrz
fours,fɔrz
fourscore,ˈfɔrˌskɔr
foursome,ˈfɔrsəm
foursomes,ˈfɔrsəmz
foursquare,ˈfɔrˌskwɛr
fourteen,ˌfɔrˈtiːn
fourteener,ˌfɔrˈtiːnər
fourteeners,ˌfɔrˈtiːnərz
fourteens,ˌfɔrˈtiːnz
fourteenth,ˌfɔrˈtiːnθ
fourteenths,ˌfɔrˈtiːnθs
fourth,fɔrθ
fourthly,ˈfɔrθli
fourths,fɔrθs
fourway,ˈfɔrˌweɪ
fouter,ˈfaʊtər
fouters,ˈfaʊtərz
foutra,ˈfaʊtrə
foutras,ˈfaʊtrəz
fouty,ˈfaʊti
foveate,ˈfoʊviˌeɪt
foveates,ˈfoʊviˌeɪts
foveolate,foʊˈviːəˌleɪt
fowl,faʊl
fowled,faʊld
fowler,ˈfaʊlər
fowlerite,ˈfaʊlərˌaɪt
fowlerites,ˈfaʊlərˌaɪts
fowlers,ˈfaʊlərz
fowling,ˈfaʊlɪŋ
fowlpox,ˈfaʊlˌpɑks
fowls,faʊlz
foxearth,ˈfɑksˌɜrθ
foxearths,ˈfɑksˌɜrθs
foxed,fɑkst
foxglove,ˈfɑksˌɡlʌv
foxgloves,ˈfɑksˌɡlʌvz
foxhunts,ˈfɑksˌhʌnts
foxtrots,ˈfɑksˌtrɑts
frabbed,fræbd
frabs,fræbz
frache,frɑʃ
fraches,frɑʃɪz
fracked,frækt
fracks,fræks
fractionalises,ˈfrækʃənəlaɪzɪz
fractionalizes,ˈfrækʃənəlaɪzɪz
fractionates,ˈfrækʃəˌneɪts
fractioned,ˈfrækʃənd
fractions,ˈfrækʃənz
fractures,ˈfræktʃərz
fragged,fræɡd
fragmentates,ˈfræɡmənˌteɪts
fragmentizes,ˈfræɡmənˌtaɪzɪz
fragments,ˈfræɡmənts
frags,fræɡz
fraicheur,frɛˈʃɜr
fraight,freɪt
fraises,ˈfreɪzɪz
framboise,fræmˈbwɑz
framboises,fræmˈbwɑzɪz
frames,freɪmz
franchise,ˈfræntʃaɪz
franchised,ˈfræntʃaɪzd
franchisee,ˌfræntʃaɪˈziː
franchisees,ˌfræntʃaɪˈziːz
franchisement,ˈfræntʃaɪzmənt
franchiser,ˈfræntʃaɪzər
franchisers,ˈfræntʃaɪzərz
franchises,ˈfræntʃaɪzɪz
franchising,ˈfræntʃaɪzɪŋ
franchisor,ˈfræntʃaɪzər
franchisors,ˈfræntʃaɪzərz
franked,fræŋkt
franks,fræŋks
frapes,freɪps
frappe,fræˈpeɪ
frapped,fræpt
frappeing,fræˈpeɪɪŋ
frappes,fræˈpeɪz
fraps,fræps
fraternises,ˈfrætərnaɪzɪz
fraternizes,ˈfrætərnaɪzɪz
fraught,frɔt
fraughtage,ˈfrɔtɪdʒ
fraughted,ˈfrɔtɪd
fraughting,ˈfrɔtɪŋ
fraughts,frɔts
frayed,freɪd
frays,freɪz
frazzles,ˈfræzəlz
freaked,friːkt
freaks,friːks
frecked,frɛkt
freckles,ˈfrɛkəlz
frecks,frɛks
freebases,ˈfriːˌbeɪsɪz
freeboots,ˈfriːˌbuːts
freedwomen,ˈfriːdˌwɪmɪn
freehands,ˈfriːˌhændz
freehearted,ˈfriːˌhɑrtɪd
freeheartedly,ˈfriːˌhɑrtɪdli
freeheartedness,ˈfriːˌhɑrtɪdnəs
freelances,ˈfriːˌlænsɪz
freeloads,ˈfriːˌloʊdz
frees,friːz
freewheeled,ˈfriːˌwiːld
freewheels,ˈfriːˌwiːlz
freezes,ˈfriːzɪz
freight,freɪt
freightage,ˈfreɪtɪdʒ
freightages,ˈfreɪtɪdʒɪz
freighted,ˈfreɪtɪd
freighter,ˈfreɪtər
freighters,ˈfreɪtərz
freighting,ˈfreɪtɪŋ
freightless,ˈfreɪtləs
freights,freɪts
french,frɛntʃ
frenched,frɛntʃt
frenches,ˈfrɛntʃɪz
frenchies,ˈfrɛntʃiz
frenchification,ˌfrɛntʃɪfɪˈkeɪʃən
frenchifications,ˌfrɛntʃɪfɪˈkeɪʃənz
frenchified,ˈfrɛntʃɪˌfaɪd
frenchifies,ˈfrɛntʃɪˌfaɪz
frenchify,ˈfrɛntʃɪˌfaɪ
frenchifying,ˈfrɛntʃɪˌfaɪɪŋ
frenching,ˈfrɛntʃɪŋ
frenchism,ˈfrɛntʃɪzəm
frenchman,ˈfrɛntʃmən
frenchmen,ˈfrɛntʃmən
frenchwoman,ˈfrɛntʃˌwʊmən
frenchwomen,ˈfrɛntʃˌwɪmɪn
frenchy,ˈfrɛntʃi
frenzies,ˈfrɛnziːz
frequentative,frɪˈkwɛntətɪv
frequentatives,frɪˈkwɛntətɪvz
frequents,ˈfriːkwɪnts
frescoes,ˈfrɛskoʊz
freshed,frɛʃt
freshened,ˈfrɛʃənd
freshens,ˈfrɛʃənz
freshes,ˈfrɛʃɪz
frets,frɛts
fretsome,ˈfrɛtsəm
fribbles,ˈfrɪbəlz
fricandeaux,ˈfrɪkəndoʊz
fricassees,ˌfrɪkəˈsiːz
fricative,ˈfrɪkətɪv
fricatives,ˈfrɪkətɪvz
friend,frɛnd
friended,ˈfrɛndɪd
friending,ˈfrɛndɪŋ
friendless,ˈfrɛndləs
friendlessness,ˈfrɛndləsnəs
friendlier,ˈfrɛndliər
friendlies,ˈfrɛndliːz
friendliest,ˈfrɛndliɪst
friendlily,ˈfrɛndlɪli
friendliness,ˈfrɛndlinəs
friendly,ˈfrɛndli
friends,frɛndz
friendship,ˈfrɛndʃɪp
friendships,ˈfrɛndʃɪps
fries,fraɪz
frigate,ˈfrɪɡɪt
frigates,ˈfrɪɡɪts
frigefactive,ˌfrɪdʒɪˈfæktɪv
frigerates,ˈfrɪdʒəˌreɪts
frigged,frɪɡd
fright,fraɪt
frighted,ˈfraɪtɪd
frighten,ˈfraɪtən
frightened,ˈfraɪtənd
frightening,ˈfraɪtənɪŋ
frighteningly,ˈfraɪtənɪŋli
frightens,ˈfraɪtənz
frightful,ˈfraɪtfəl
frightfully,ˈfraɪtfəli
frightfulness,ˈfraɪtfəlnəs
frighting,ˈfraɪtɪŋ
frightless,ˈfraɪtləs
frightment,ˈfraɪtmənt
frights,fraɪts
frigs,frɪɡz
frilled,frɪld
frills,frɪlz
fringes,ˈfrɪndʒɪz
frisette,frɪˈzɛt
frisettes,frɪˈzɛts
frisked,frɪskt
frisks,frɪsks
frits,frɪts
frittered,ˈfrɪtərd
fritters,ˈfrɪtərz
frivoled,ˈfrɪvəld
frivolled,ˈfrɪvəld
frivoller,ˈfrɪvələr
frivollers,ˈfrɪvələrz
frivolling,ˈfrɪvəlɪŋ
frivols,ˈfrɪvəlz
frizes,ˈfraɪzɪz
frizette,frɪˈzɛt
frizettes,frɪˈzɛts
frizzed,frɪzd
frizzes,ˈfrɪzɪz
frizzles,ˈfrɪzəlz
frocked,frɑkt
frocks,frɑks
frogeye,ˈfrɑɡˌaɪ
frogeyed,ˈfrɑɡˌaɪd
frogeyes,ˈfrɑɡˌaɪz
frogged,frɑɡd
frogs,frɑɡz
frolicked,ˈfrɑlɪkt
frolics,ˈfrɑlɪks
frolicsome,ˈfrɑlɪksəm
frondesces,frɑnˈdɛsɪz
frontcourt,ˈfrʌntˌkɔrt
frontcourts,ˈfrʌntˌkɔrts
frontiered,frʌnˈtɪərd
fronts,frʌnts
frostbites,ˈfrɔstˌbaɪts
frosts,frɔsts
frotes,froʊts
frothed,frɑθt
froths,frɑθs
froufrou,ˈfruːfruː
froufrous,ˈfruːfruːz
frounces,ˈfraʊnsɪz
frown,fraʊn
frowned,fraʊnd
frowner,ˈfraʊnər
frowners,ˈfraʊnərz
frowning,ˈfraʊnɪŋ
frowningly,ˈfraʊnɪŋli
frowns,fraʊnz
frowny,ˈfraʊni
frowsier,ˈfraʊziər
frowsiest,ˈfraʊziɪst
frowst,fraʊst
frowsted,ˈfraʊstɪd
frowstier,ˈfraʊstiər
frowstiest,ˈfraʊstiɪst
frowsting,ˈfraʊstɪŋ
frowsts,fraʊsts
frowsty,ˈfraʊsti
frowsy,ˈfraʊzi
frowy,ˈfraʊi
frowzier,ˈfraʊziər
frowziest,ˈfraʊziɪst
frowzily,ˈfraʊzɪli
frowzy,ˈfraʊzi
fructifies,ˈfrʌktɪˌfaɪz
frugged,frʌɡd
frugs,frʌɡz
fruit,fruːt
fruitage,ˈfruːtɪdʒ
fruitages,ˈfruːtɪdʒɪz
fruitarian,fruːˈtɛriən
fruitarians,fruːˈtɛriənz
fruitcake,ˈfruːtˌkeɪk
fruitcakes,ˈfruːtˌkeɪks
fruited,ˈfruːtɪd
fruiter,ˈfruːtər
fruiterer,ˈfruːtərər
fruiterers,ˈfruːtərərz
fruiteress,ˈfruːtərɪs
fruiteresses,ˈfruːtərɪsɪz
fruiteries,ˈfruːtəriz
fruiters,ˈfruːtərz
fruitery,ˈfruːtəri
fruitestere,ˈfruːtˌɛstər
fruitful,ˈfruːtfəl
fruitfuller,ˈfruːtfʊlər
fruitfullest,ˈfruːtfʊlɪst
fruitfully,ˈfruːtfəli
fruitfulness,ˈfruːtfəlnəs
fruitier,ˈfruːtiər
fruitiest,ˈfruːtiɪst
fruitily,ˈfruːtɪli
fruitiness,ˈfruːtinəs
fruiting,ˈfruːtɪŋ
fruitive,ˈfruːtɪv
fruitless,ˈfruːtləs
fruitlessly,ˈfruːtləsli
fruitlessness,ˈfruːtləsnəs
fruitlet,ˈfruːtlɪt
fruitlets,ˈfruːtlɪts
fruits,fruːts
fruitwood,ˈfruːtˌwʊd
fruitwoods,ˈfruːtˌwʊdz
fruity,ˈfruːti
frushes,ˈfrʌʃɪz
frustrates,ˈfrʌstreɪts
frustrative,ˈfrʌstrətɪv
fubbed,fʌbd
fubs,fʌbz
fucked,fʌkt
fuckhead,ˈfʌkˌhɛd
fuckheads,ˈfʌkˌhɛdz
fucks,fʌks
fuddles,ˈfʌdəlz
fudges,ˈfʌdʒɪz
fueled,ˈfjuːəld
fuelled,ˈfjuːəld
fueller,ˈfjuːələr
fuellers,ˈfjuːələrz
fuelling,ˈfjuːəlɪŋ
fuels,ˈfjuːəlz
fuffed,fʌft
fuffs,fʌfs
fugitive,ˈfjuːdʒɪtɪv
fugitively,ˈfjuːdʒɪtɪvli
fugitiveness,ˈfjuːdʒɪtɪvnəs
fugitives,ˈfjuːdʒɪtɪvz
fugles,ˈfjuːɡəlz
fugue,fjuːɡ
fugues,fjuːɡz
fuguist,ˈfjuːɡɪst
fuguists,ˈfjuːɡɪsts
fulfil,fʊlˈfɪl
fulfilled,fʊlˈfɪld
fulfills,fʊlˈfɪlz
fulfilment,fʊlˈfɪlmənt
fulfilments,fʊlˈfɪlmənts
fulfils,fʊlˈfɪlz
fulgurates,ˈfʌlɡjəˌreɪts
fulled,fʊld
fullered,ˈfʊlərd
fullers,ˈfʊlərz
fullmouthed,ˈfʊlˌmaʊθt
fulls,fʊlz
fulminates,ˈfʌlmɪˌneɪts
fulmine,ˈfʌlmɪn
fulmined,ˈfʌlmɪnd
fulmines,ˈfʌlmɪnz
fulsome,ˈfʌlsəm
fulsomely,ˈfʌlsəmli
fulsomeness,ˈfʌlsəmnəs
fumbles,ˈfʌmbəlz
fumette,fjuːˈmɛt
fumettes,fjuːˈmɛts
fumigates,ˈfjuːmɪˌɡeɪts
fummed,fʌmd
fums,fʌmz
funambulates,fjʊˈnæmbjəˌleɪts
functionalises,ˈfʌŋkʃənəlaɪzɪz
functionalizes,ˈfʌŋkʃənəlaɪzɪz
functionates,ˈfʌŋkʃəˌneɪts
functioned,ˈfʌŋkʃənd
functions,ˈfʌŋkʃənz
funds,fʌndz
funerates,ˈfjuːnəˌreɪts
fungates,ˈfʌnˌɡeɪts
funiculate,fjʊˈnɪkjəˌleɪt
funked,fʌŋkt
funks,fʌŋks
funned,fʌnd
funneled,ˈfʌnəld
funnelled,ˈfʌnəld
funnelling,ˈfʌnəlɪŋ
funnels,ˈfʌnəlz
funs,fʌnz
furbearer,ˈfɜrˌbɛrər
furbearers,ˈfɜrˌbɛrərz
furbelowed,ˈfɜrbɪˌloʊd
furbelows,ˈfɜrbɪˌloʊz
furbished,ˈfɜrbɪʃt
furbishes,ˈfɜrbɪʃɪz
furcate,ˈfɜrkeɪt
furcates,ˈfɜrkeɪts
furdles,ˈfɜrdəlz
furled,fɜrld
furlough,ˈfɜrloʊ
furloughed,ˈfɜrloʊd
furloughing,ˈfɜrloʊɪŋ
furloughs,ˈfɜrloʊz
furls,fɜrlz
furnaces,ˈfɜrnɪsɪz
furnished,ˈfɜrnɪʃt
furnishes,ˈfɜrnɪʃɪz
furred,fɜrd
furrowed,ˈfɜroʊd
furrows,ˈfɜroʊz
furs,fɜrz
furthered,ˈfɜrðərd
furthermost,ˈfɜrðərmoʊst
furthers,ˈfɜrðərz
furthersome,ˈfɜrðərsəm
furtive,ˈfɜrtɪv
furtively,ˈfɜrtɪvli
furtiveness,ˈfɜrtɪvnəs
fuse,fjuːz
fused,fjuːzd
fuseless,ˈfjuːsləs
fuses,ˈfjuːzɪz
fusible,ˈfjuːzəbəl
fusillades,ˌfjuːzɪˈlɑdz
fussed,fʌst
fusses,ˈfʌsɪz
fustigates,ˈfʌstɪˌɡeɪts
futzed,fʌtst
futzes,ˈfʌtsɪz
fuzes,ˈfjuːzɪz
fuzzed,fʌzd
fuzzes,ˈfʌzɪz
fuzzles,ˈfʌzəlz
gabbed,ɡæbd
gabbles,ˈɡæbəlz
gabioned,ˈɡeɪbiənd
gabs,ɡæbz
gadrooned,ɡəˈdruːnd
gads,ɡædz
gaelicises,ˈɡeɪlɪˌsaɪzɪz
gaelicizes,ˈɡeɪlɪˌsaɪzɪz
gaes,ɡeɪz
gaffed,ɡæft
gaffs,ɡæfs
gages,ˈɡeɪdʒɪz
gagged,ɡæɡd
gaggles,ˈɡæɡəlz
gags,ɡæɡz
gained,ɡeɪnd
gains,ɡeɪnz
gainsays,ˈɡeɪnˌseɪz
gainsome,ˈɡeɪnsəm
gainstands,ˈɡeɪnˌstændz
gainstrives,ˈɡeɪnˌstraɪvz
gairfowl,ˈɡɛərˌfaʊl
gairfowls,ˈɡɛərˌfaʊlz
gaits,ɡeɪts
galavants,ˈɡæləˌvænts
gales,ɡeɪlz
galivants,ˈɡælɪˌvænts
gallants,ɡəˈlænts
galled,ɡɔld
gallets,ˈɡælɪts
gallicises,ˈɡælɪˌsaɪzɪz
gallicizes,ˈɡælɪˌsaɪzɪz
gallies,ˈɡæliz
gallivants,ˈɡælɪˌvænts
gallooned,ɡəˈluːnd
gallopades,ˌɡæləˈpeɪdz
galloped,ˈɡæləpt
gallops,ˈɡæləps
gallowed,ˈɡæloʊd
gallows,ˈɡæloʊz
galls,ɡɔlz
gallused,ˈɡælɪst
galoped,ˈɡæləpt
galops,ˈɡæləps
galoshe,ɡəˈlɑʃ
galoshed,ɡəˈlɑʃt
galped,ɡælpt
galps,ɡælps
galsome,ˈɡælsəm
galumphed,ɡəˈlʌmpt
galumphs,ɡəˈlʌmfs
galvanises,ˈɡælvəˌnaɪzɪz
galvanizes,ˈɡælvəˌnaɪzɪz
gambles,ˈɡæmbəlz
gamboled,ˈɡæmbəld
gambolled,ˈɡæmbəld
gambolling,ˈɡæmbəlɪŋ
gambols,ˈɡæmbəlz
games,ɡeɪmz
gamesome,ˈɡeɪmsəm
gamesomely,ˈɡeɪmsəmli
gamesomeness,ˈɡeɪmsəmnəs
gammed,ɡæmd
gammoned,ˈɡæmənd
gammons,ˈɡæmənz
gams,ɡæmz
ganache,ɡəˈnɑʃ
ganaches,ɡəˈnɑʃɪz
ganch,ɡæntʃ
ganched,ɡæntʃt
ganches,ˈɡæntʃɪz
ganching,ˈɡæntʃɪŋ
gangbanged,ˈɡæŋˌbæŋd
gangbangs,ˈɡæŋˌbæŋz
ganged,ɡæŋd
gangliate,ˈɡæŋɡliˌeɪt
gangplow,ˈɡæŋˌplaʊ
gangplows,ˈɡæŋˌplaʊz
gangrenates,ˈɡæŋɡrəˌneɪts
gangrenes,ˈɡæŋɡriːnz
gangs,ɡæŋz
gangue,ɡæŋ
gangues,ɡæŋz
gantlets,ˈɡæntlɪts
gaolbreak,ˈdʒeɪlˌbreɪk
gaolbreaks,ˈdʒeɪlˌbreɪks
gaoled,dʒeɪld
gaols,dʒeɪlz
gapes,ɡeɪps
gapped,ɡæpt
gaps,ɡæps
garages,ˈɡærɪdʒɪz
garbed,ɡɑrbd
garbles,ˈɡɑrbəlz
garbs,ɡɑrbz
garcon,ɡɑrˈsɒn
garcons,ɡɑrˈsɒnz
gardened,ˈɡɑrdənd
gardens,ˈɡɑrdənz
garefowl,ˈɡɛərˌfaʊl
garefowls,ˈɡɛərˌfaʊlz
gargalizes,ˈɡɑrɡəˌlaɪzɪz
gargarizes,ˈɡɑrɡəˌraɪzɪz
gargles,ˈɡɑrɡəlz
gargoulette,ˌɡɑːrɡuːˈlɛt
gargoulettes,ˌɡɑːrɡuːˈlɛts
gargoyle,ˈɡɑrɡɔɪl
gargoyled,ˈɡɑrɡɔɪld
gargoyles,ˈɡɑrɡɔɪlz
garigue,ɡəˈriːɡ
garigues,ɡəˈriːɡz
garlands,ˈɡɑrləndz
garlicked,ˈɡɑrlɪkt
garments,ˈɡɑrmənts
garnered,ˈɡɑrnərd
garners,ˈɡɑrnərz
garnetts,ˈɡɑrnɪts
garnished,ˈɡɑrnɪʃt
garnishees,ˌɡɑrnɪˈʃiːz
garnishes,ˈɡɑrnɪʃɪz
garotes,ɡəˈrɑts
garottes,ɡəˈrɑts
garrisoned,ˈɡærɪsənd
garrisons,ˈɡærɪsənz
garrotes,ɡəˈrɑts
garrottes,ɡəˈrɑts
gartered,ˈɡɑrtərd
garters,ˈɡɑrtərz
gasconades,ˌɡæskəˈneɪdz
gases,ˈɡæsɪz
gashed,ɡæʃt
gashes,ˈɡæʃɪz
gasifies,ˈɡæsɪˌfaɪz
gaslight,ˈɡæsˌlaɪt
gaslighted,ˈɡæsˌlaɪtɪd
gaslighting,ˈɡæsˌlaɪtɪŋ
gaslightings,ˈɡæsˌlaɪtɪŋz
gaslights,ˈɡæsˌlaɪts
gasped,ɡæspt
gaspereaux,ɡæsˈpɛroʊ
gasps,ɡæsps
gassed,ɡæst
gasses,ˈɡæsɪz
gastight,ˈɡæsˌtaɪt
gastightness,ˈɡæsˌtaɪtnəs
gastraeum,ɡæsˈtriːəm
gastrulates,ˈɡæstrjəˌleɪts
gasts,ɡæsts
gateaux,ɡæˈtoʊz
gatepost,ˈɡeɪtˌpoʊst
gateposts,ˈɡeɪtˌpoʊsts
gates,ɡeɪts
gathered,ˈɡæðərd
gathers,ˈɡæðərz
gauche,ɡoʊʃ
gauchely,ˈɡoʊʃli
gaucheness,ˈɡoʊʃnəs
gaucher,ˈɡoʊʃər
gaucherie,ˌɡoʊʃəˈriː
gaucheries,ˌɡoʊʃəˈriːz
gauchest,ˈɡoʊʃɪst
gaucho,ˈɡaʊtʃoʊ
gauchos,ˈɡaʊtʃoʊz
gauds,ɡɔdz
gauffered,ˈɡɔfərd
gauffers,ˈɡɔfərz
gauge,ɡeɪdʒ
gaugeable,ˈɡeɪdʒəbəl
gauged,ɡeɪdʒd
gauger,ˈɡeɪdʒər
gaugers,ˈɡeɪdʒərz
gauges,ˈɡeɪdʒɪz
gauging,ˈɡeɪdʒɪŋ
gaumed,ɡɔmd
gaums,ɡɔmz
gaveled,ˈɡævəld
gavelkind,ˈɡævəlˌkaɪnd
gavelkinds,ˈɡævəlˌkaɪndz
gavelled,ˈɡævəld
gavelling,ˈɡævəlɪŋ
gavels,ˈɡævəlz
gavots,ɡəˈvɑts
gavottes,ɡəˈvɑts
gawked,ɡɔkt
gawks,ɡɔks
gawped,ɡɔpt
gawps,ɡɔps
gayne,ɡeɪn
gayned,ɡeɪnd
gaynes,ɡeɪnz
gayning,ˈɡeɪnɪŋ
gaysome,ˈɡeɪsəm
gazes,ˈɡeɪzɪz
gazette,ɡəˈzɛt
gazettes,ɡəˈzɛts
gazpacho,ɡəˈspɑtʃoʊ
gazpachos,ɡəˈspɑtʃoʊz
gazumped,ɡəˈzʌmpt
gazumps,ɡəˈzʌmps
gealed,dʒiːld
geals,dʒiːlz
gearchange,ˈdʒɪrˌtʃeɪndʒ
gearchanges,ˈdʒɪrˌtʃeɪndʒɪz
geared,dʒɪrd
gearhead,ˈdʒɪrˌhɛd
gearheads,ˈdʒɪrˌhɛdz
gears,dʒɪrz
gecked,ɡɛkt
gecks,ɡɛks
geeked,ɡiːkt
geeks,ɡiːks
gees,dʒiːz
gelates,ˈdʒɛleɪts
gelatinises,dʒəˈlætɪˌnaɪzɪz
gelatinizes,dʒəˈlætɪˌnaɪzɪz
gelds,ɡɛldz
gelled,dʒɛld
gels,dʒɛlz
geminate,ˈdʒɛmɪˌneɪt
geminates,ˈdʒɛmɪˌneɪts
gemmates,ˈdʒɛmeɪts
gemmed,dʒɛmd
gems,dʒɛmz
gendered,ˈdʒɛndərd
genders,ˈdʒɛndərz
genealogises,ˌdʒiːniˈæləˌdʒaɪzɪz
genealogizes,ˌdʒiːniˈæləˌdʒaɪzɪz
generalises,ˈdʒɛnərəˌlaɪzɪz
generalizes,ˈdʒɛnərəˌlaɪzɪz
generates,ˈdʒɛnəˌreɪts
generative,ˈdʒɛnərətɪv
generatively,ˈdʒɛnərətɪvli
generativeness,ˈdʒɛnərətɪvnəs
genette,dʒəˈnɛt
genettes,dʒəˈnɛts
geniculate,dʒəˈnɪkjəˌleɪt
geniculates,dʒəˈnɪkjəˌleɪts
genitive,ˈdʒɛnɪtɪv
genitives,ˈdʒɛnɪtɪvz
gentilisations,ˌdʒɛntɪlɪˈzeɪʃənz
gentilises,ˈdʒɛntɪˌlaɪzɪz
gentilizes,ˈdʒɛntɪˌlaɪzɪz
gentles,ˈdʒɛntəlz
gentlewomen,ˈdʒɛntəlˌwɪmɪn
gentrifies,ˈdʒɛntrɪˌfaɪz
genuflects,ˈdʒɛnjəˌflɛkts
genuine,ˈdʒɛnjuɪn
genuinely,ˈdʒɛnjuɪnli
genuineness,ˈdʒɛnjuɪnnəs
geologises,dʒiˈɑləˌdʒaɪzɪz
geologizes,dʒiˈɑləˌdʒaɪzɪz
geometrises,dʒiˈɑməˌtraɪzɪz
geometrizes,dʒiˈɑməˌtraɪzɪz
georgette,dʒɔɹˈdʒɛt
georgettes,dʒɔːrˈdʒɛts
germanises,ˈdʒɜrməˌnaɪzɪz
germanizes,ˈdʒɜrməˌnaɪzɪz
germinates,ˈdʒɜrmɪˌneɪts
germinative,ˈdʒɜrmɪnətɪv
gerned,ɡɜrnd
gerns,ɡɜrnz
gerrymanders,ˈdʒɛrimændərz
gerundive,dʒəˈrʌndɪv
gerundively,dʒəˈrʌndɪvli
gerundives,dʒəˈrʌndɪvz
gestates,ˈdʒɛsteɪts
gesticulates,dʒɛˈstɪkjəˌleɪts
gesticulative,dʒɛˈstɪkjələtɪv
gestour,dʒɛˈstʊr
gestours,dʒɛˈstʊrz
gestures,ˈdʒɛstʃərz
gethered,ˈɡɛðərd
gethers,ˈɡɛðərz
gets,ɡɛts
gettered,ˈɡɛtərd
getters,ˈɡɛtərz
ghessed,ɡɛst
ghesses,ˈɡɛsɪz
ghettoises,ˈɡɛtoʊˌaɪzɪz
ghettoizes,ˈɡɛtoʊˌaɪzɪz
ghost,ɡoʊst
ghosted,ˈɡoʊstɪd
ghostfish,ˈɡoʊstˌfɪʃ
ghostier,ˈɡoʊstiər
ghostiest,ˈɡoʊstiɪst
ghosting,ˈɡoʊstɪŋ
ghostless,ˈɡoʊstləs
ghostlier,ˈɡoʊstliər
ghostliest,ˈɡoʊstliɪst
ghostlike,ˈɡoʊstˌlaɪk
ghostliness,ˈɡoʊstlinəs
ghostly,ˈɡoʊstli
ghostology,ɡoʊˈstɑlədʒi
ghosts,ɡoʊsts
ghostwrite,ˈɡoʊstˌraɪt
ghostwriter,ˈɡoʊstˌraɪtər
ghostwriters,ˈɡoʊstˌraɪtərz
ghostwrites,ˈɡoʊstˌraɪts
ghostwriting,ˈɡoʊstˌraɪtɪŋ
ghostwritten,ˈɡoʊstˌraɪtən
ghostwrote,ˈɡoʊstˌroʊt
ghosty,ˈɡoʊsti
ghoul,ɡuːl
ghoulie,ˈɡuːli
ghoulies,ˈɡuːliːz
ghoulish,ˈɡuːlɪʃ
ghoulishly,ˈɡuːlɪʃli
ghoulishness,ˈɡuːlɪʃnəs
ghouls,ɡuːlz
giantizes,ˈdʒaɪəntˌaɪzɪz
gibbed,ɡɪbd
gibbered,ˈdʒɪbərd
gibbers,ˈdʒɪbərz
gibbets,ˈdʒɪbɪts
gibbetted,ˈdʒɪbɪtɪd
gibbetting,ˈdʒɪbɪtɪŋ
gibes,dʒaɪbz
gibs,ɡɪbz
giddies,ˈɡɪdiːz
gies,ɡiːz
gifts,ɡɪfts
gigantesque,dʒaɪɡænˈtɛsk
gigged,ɡɪɡd
giggles,ˈɡɪɡəlz
gigs,ɡɪɡz
gigue,ʒiːɡ
gigues,ʒiːɡz
gilds,ɡɪldz
gilled,ɡɪld
gillnets,ˈɡɪlˌnɛts
gillyflower,ˈdʒɪliˌflaʊər
gillyflowers,ˈdʒɪliˌflaʊərz
gilthead,ˈɡɪltˌhɛd
giltheads,ˈɡɪltˌhɛdz
gilts,ɡɪlts
gimbaled,ˈɡɪmbəld
gimballed,ˈɡɪmbəld
gimballing,ˈɡɪmbəlɪŋ
gimbals,ˈɡɪmbəlz
gimlets,ˈɡɪmlɪts
gimmicked,ˈɡɪmɪkt
gimmicks,ˈɡɪmɪks
gimped,ɡɪmpt
gimps,ɡɪmps
gingerbread,ˈdʒɪndʒərˌbrɛd
gingerbreaded,ˈdʒɪndʒərˌbrɛdɪd
gingerbreads,ˈdʒɪndʒərˌbrɛdz
gingerbready,ˈdʒɪndʒərˌbrɛdi
gingered,ˈdʒɪndʒərd
gingers,ˈdʒɪndʒərz
gingles,ˈdʒɪŋɡəlz
ginned,ɡɪnd
gipped,dʒɪpt
gips,ɡɪps
gipsies,ˈdʒɪpsiːz
giraffe,dʒəˈræf
giraffes,dʒəˈræfs
girdles,ˈɡɜrdəlz
girdlestead,ˈɡɜrdəlˌstɛd
girdlesteads,ˈɡɜrdəlˌstɛdz
girds,ɡɜrdz
girlfriend,ˈɡɜrlˌfrɛnd
girlfriends,ˈɡɜrlˌfrɛndz
girned,ɡɜrnd
girns,ɡɜrnz
girthed,ɡɜrθt
girths,ɡɜrθs
girts,ɡɜrts
gises,ˈɡaɪzɪz
give,ɡɪv
giveaway,ˈɡɪvəˌweɪ
giveaways,ˈɡɪvəˌweɪz
giveback,ˈɡɪvˌbæk
givebacks,ˈɡɪvˌbæks
gives,ɡɪvz
glabrate,ˈɡleɪbreɪt
glace,ɡlæˈseɪ
glaciates,ˈɡleɪʃiˌeɪts
gladdened,ˈɡlædənd
gladdens,ˈɡlædənz
gladeye,ˈɡlædˌaɪ
gladeyes,ˈɡlædˌaɪz
gladiate,ˈɡlædiˌeɪt
glads,ɡlædz
gladsome,ˈɡlædsəm
gladsomely,ˈɡlædsəmli
gladsomeness,ˈɡlædsəmnəs
glaired,ɡlɛrd
glaires,ɡlɛrz
glairs,ɡlɛrz
glaive,ɡleɪv
glaived,ɡleɪvd
glaives,ɡleɪvz
glamorises,ˈɡlæmərəˌlaɪzɪz
glamorizes,ˈɡlæmərəˌlaɪzɪz
glamourises,ˈɡlæmərəˌlaɪzɪz
glamourizes,ˈɡlæmərəˌlaɪzɪz
glances,ˈɡlænsɪz
glandered,ˈɡlændərd
glares,ɡlɛrz
glassed,ɡlæst
glasses,ˈɡlæsɪz
glasseye,ˈɡlæsˌaɪ
glasseyes,ˈɡlæsˌaɪz
glasspapers,ˈɡlæsˌpeɪpərz
glaumed,ɡlɔmd
glaums,ɡlɔmz
glave,ɡleɪv
glavered,ˈɡleɪvərd
glavers,ˈɡleɪvərz
glaves,ɡleɪvz
glazes,ˈɡleɪzɪz
gleamed,ɡliːmd
gleams,ɡliːmz
gleaned,ɡliːnd
gleans,ɡliːnz
gleeked,ɡliːkt
gleeks,ɡliːks
gleened,ɡliːnd
gleens,ɡliːnz
gleesome,ˈɡliːsəm
gleesomely,ˈɡliːsəmli
gleesomeness,ˈɡliːsəmnəs
gleets,ɡliːts
glegged,ɡlɛɡd
glegs,ɡlɛɡz
gleyed,ɡleɪd
gleys,ɡleɪz
glides,ɡlaɪdz
glimes,ɡlaɪmz
glimmed,ɡlɪmd
glimmered,ˈɡlɪmərd
glimmers,ˈɡlɪmərz
glimpses,ˈɡlɪmpsɪz
glims,ɡlɪmz
glints,ɡlɪnts
glissades,ɡlɪˈsɑdz
glissette,ɡlɪˈsɛt
glissettes,ɡlɪˈsɛts
glisten,ˈɡlɪsən
glistened,ˈɡlɪsənd
glistening,ˈɡlɪsənɪŋ
glistens,ˈɡlɪsənz
glistered,ˈɡlɪstərd
glisters,ˈɡlɪstərz
glitched,ɡlɪtʃt
glitches,ˈɡlɪtʃɪz
glittered,ˈɡlɪtərd
glitters,ˈɡlɪtərz
gloamed,ɡloʊmd
gloams,ɡloʊmz
gloared,ɡlɔrd
gloars,ɡlɔrz
gloats,ɡloʊts
globalises,ˈɡloʊbəˌlaɪzɪz
globalizes,ˈɡloʊbəˌlaɪzɪz
globeflower,ˈɡloʊbˌflaʊər
globeflowers,ˈɡloʊbˌflaʊərz
globes,ɡloʊbz
glochidiate,ɡloʊˈkɪdiˌeɪt
glomerates,ˈɡlɑməˌreɪts
glommed,ɡlɑmd
gloms,ɡlɑmz
gloomed,ɡluːmd
glooms,ɡluːmz
glories,ˈɡlɔriz
glorifies,ˈɡlɔrɪˌfaɪz
gloses,ˈɡloʊzɪz
glossed,ɡlɑst
glosses,ˈɡlɑsɪz
glouts,ɡlaʊts
glove,ɡlʌv
gloved,ɡlʌvd
gloveless,ˈɡlʌvləs
gloves,ɡlʌvz
glowed,ɡloʊd
glower,ˈɡlaʊər
glowered,ˈɡlaʊərd
glowering,ˈɡlaʊərɪŋ
glowers,ˈɡlaʊərz
glows,ɡloʊz
glozes,ˈɡloʊzɪz
glueing,ˈɡluːɪŋ
glues,ɡluːz
glugged,ɡlʌɡd
glugs,ɡlʌɡz
glumped,ɡlʌmpt
glumps,ɡlʌmps
glunch,ɡlʌntʃ
glunched,ɡlʌntʃt
glunches,ˈɡlʌntʃɪz
glunching,ˈɡlʌntʃɪŋ
glutinates,ˈɡluːtɪˌneɪts
glutinative,ˈɡluːtɪnətɪv
gluts,ɡlʌts
gluttonises,ˈɡlʌtəˌnaɪzɪz
gluttonizes,ˈɡlʌtəˌnaɪzɪz
glycerinates,ˈɡlɪsərɪˌneɪts
glycerine,ˈɡlɪsərɪn
glycosylates,ɡlaɪˈkɑsɪˌleɪts
gnarled,ɡnɑrld
gnarls,ɡnɑrlz
gnarr,nɑr
gnarred,nɑrd
gnarrs,nɑrz
gnars,nɑrz
gnashed,næʃt
gnashes,ˈnæʃɪz
gnawed,nɔd
gnaws,nɔz
gnosticises,ˈnɑstɪˌsaɪzɪz
gnosticizes,ˈnɑstɪˌsaɪzɪz
gnow,noʊ
gnows,noʊz
goads,ɡoʊdz
goalpost,ˈɡoʊlˌpoʊst
goalposts,ˈɡoʊlˌpoʊsts
goaves,ɡoʊvz
gobbed,ɡɑbd
gobbets,ˈɡɑbɪts
gobbles,ˈɡɑbəlz
goblinizes,ˈɡɑblɪˌnaɪzɪz
gobs,ɡɑbz
gobsmacked,ˈɡɑbˌsmækt
gobsmacks,ˈɡɑbˌsmæks
godchild,ˈɡɑdˌtʃaɪld
godchildren,ˈɡɑdˌtʃɪldrən
goddammed,ˈɡɑdˌdæmd
goddamned,ˈɡɑdˌdæmd
goddams,ˈɡɑdˌdæmz
goddaughter,ˈɡɑdˌdɔtər
goddaughters,ˈɡɑdˌdɔtərz
godfathered,ˈɡɑdˌfɑðərd
godfathers,ˈɡɑdˌfɑðərz
godhead,ˈɡɑdˌhɛd
godheads,ˈɡɑdˌhɛdz
godlyhead,ˈɡɑdliˌhɛd
godmothered,ˈɡɑdˌmʌðərd
godmothers,ˈɡɑdˌmʌðərz
godown,ɡoʊˈdaʊn
godowns,ɡoʊˈdaʊnz
gods,ɡɑdz
goes,ɡoʊz
goffered,ˈɡɑfərd
goffers,ˈɡɑfərz
goggles,ˈɡɑɡəlz
goitred,ˈɡɔɪtərd
goldarned,ɡoʊlˈdɑrnd
goldbricked,ˈɡoʊldˌbrɪkt
goldbricks,ˈɡoʊldˌbrɪks
goldeneye,ˈɡoʊldənˌaɪ
goldeneyes,ˈɡoʊldənˌaɪz
goldeye,ˈɡoʊldˌaɪ
goldeyes,ˈɡoʊldˌaɪz
goldfinch,ˈɡoʊldˌfɪntʃ
goldfinches,ˈɡoʊldˌfɪntʃɪz
golfed,ɡɑlft
golfs,ɡɑlfs
gollies,ˈɡɑliːz
gonadectomises,ˌɡoʊnædˈɛktəˌmaɪzɪz
gonadectomizes,ˌɡoʊnædˈɛktəˌmaɪzɪz
gone,ɡɔn
goneness,ˈɡɔnnəs
gonged,ɡɑŋd
gongs,ɡɑŋz
goodgeon,ˈɡʊdʒən
goodgeons,ˈɡʊdʒənz
goodhearted,ˌɡʊdˈhɑrtɪd
goodlihead,ˈɡʊdliˌhɛd
goodlyhead,ˈɡʊdliˌhɛd
goodwilled,ˈɡʊdˌwɪld
goofed,ɡuːft
goofs,ɡuːfs
googles,ˈɡuːɡəlz
goosenecked,ˈɡuːsˌnɛkt
gooses,ˈɡuːsɪz
gores,ɡɔrz
gorges,ˈɡɔrdʒɪz
gorgonises,ˈɡɔrɡəˌnaɪzɪz
gorgonizes,ˈɡɔrɡəˌnaɪzɪz
gormandises,ˈɡɔrmənˌdaɪzɪz
gormandizes,ˈɡɔrmənˌdaɪzɪz
gospelises,ˈɡɑspəˌlaɪzɪz
gospelizes,ˈɡɑspəˌlaɪzɪz
gospeller,ˈɡɑspələr
gospellers,ˈɡɑspələrz
gossiped,ˈɡɑsɪpt
gossipped,ˈɡɑsɪpt
gossipper,ˈɡɑsɪpər
gossippers,ˈɡɑsɪpərz
gossipping,ˈɡɑsɪpɪŋ
gossips,ˈɡɑsɪps
gothicises,ˈɡɑθɪˌsaɪzɪz
gothicizes,ˈɡɑθɪˌsaɪzɪz
gouache,ɡuˈɑʃ
gouaches,ɡuˈɑʃɪz
goudron,ɡuˈdrɑn
gouges,ˈɡaʊdʒɪz
goulash,ˈɡuːlɑʃ
goulashes,ˈɡuːlɑʃɪz
gourami,ɡʊˈrɑmi
gouramies,ɡʊˈrɑmiːz
gouramis,ɡʊˈrɑmiːz
gourd,ɡɔrd
gourde,ɡʊrd
gourdes,ɡʊrdz
gourdiness,ˈɡɔrdinəs
gourds,ɡɔrdz
gourdworm,ˈɡɔrdˌwɜrm
gourdworms,ˈɡɔrdˌwɜrmz
gourdy,ˈɡɔrdi
gourmandises,ˈɡʊrmənˌdaɪzɪz
gourmandisms,ˈɡʊrməndɪzəmz
gourmandizes,ˈɡʊrmənˌdaɪzɪz
gourmet,ˈɡʊrmeɪ
gourmets,ˈɡʊrmeɪz
governed,ˈɡʌvərnd
governmentalizes,ˌɡʌvərˈmɛntəlˌaɪzɪz
governs,ˈɡʌvərnz
gowan,ˈɡaʊən
gowaned,ˈɡaʊənd
gowans,ˈɡaʊənz
gowany,ˈɡaʊəni
gowk,ɡaʊk
gowks,ɡaʊks
gown,ɡaʊn
gowned,ɡaʊnd
gowning,ˈɡaʊnɪŋ
gownman,ˈɡaʊnmən
gownmen,ˈɡaʊnmən
gowns,ɡaʊnz
gownsman,ˈɡaʊnzmən
gownsmen,ˈɡaʊnzmən
grabbed,ɡræbd
grabbles,ˈɡræbəlz
grabs,ɡræbz
graces,ˈɡreɪsɪz
gradates,ˈɡreɪdeɪts
grades,ɡreɪdz
graduate,ˈɡrædʒuɪt
graduates,ˈɡrædʒueɪts,(verb),or,ˈɡrædʒuɪts,(noun)
graduateship,ˈɡrædʒuɪtˌʃɪp
graecises,ˈɡriːˌsaɪzɪz
graecisms,ˈɡriːˌsɪzəmz
graecizes,ˈɡriːˌsaɪzɪz
grafts,ɡræfts
grained,ɡreɪnd
grains,ɡreɪnz
graithed,ɡreɪθt
graiths,ɡreɪθs
grammaticises,ɡrəˈmætɪˌsaɪzɪz
grammaticizes,ɡrəˈmætɪˌsaɪzɪz
grandchild,ˈɡrændˌtʃaɪld
grandchildren,ˈɡrændˌtʃɪldrən
granddaughter,ˈɡrændˌdɔtər
granddaughters,ˈɡrændˌdɔtərz
grandfathered,ˈɡrændˌfɑðərd
grandfathers,ˈɡrændˌfɑðərz
grandstands,ˈɡrændˌstændz
granes,ɡreɪnz
grangerises,ˈɡreɪndʒərˌaɪzɪz
grangerizes,ˈɡreɪndʒərˌaɪzɪz
granite,ˈɡrænɪt
granitelike,ˈɡrænɪtˌlaɪk
granites,ˈɡrænɪts
graniteware,ˈɡrænɪtˌwɛr
granitewares,ˈɡrænɪtˌwɛrz
granitifies,ɡræˈnɪtɪˌfaɪz
grants,ɡrænts
granulate,ˈɡrænjəˌleɪt
granulates,ˈɡrænjəˌleɪts
granulative,ˈɡrænjələtɪv
grapefruit,ˈɡreɪpˌfruːt
grapefruits,ˈɡreɪpˌfruːts
graphed,ɡræft
graphitises,ɡræˈfɪtɪˌsaɪzɪz
graphitizes,ɡræˈfɪtɪˌsaɪzɪz
graphs,ɡræfs
grapples,ˈɡræpəlz
gras,ɡrɑ
grasped,ɡræspt
grasps,ɡræsps
grassed,ɡræst
grasses,ˈɡræsɪz
grates,ɡreɪts
gratifies,ˈɡrætɪˌfaɪz
gratinees,ˌɡrætɪˈniːz
gratulates,ˈɡrætʃəˌleɪts
graveled,ˈɡrævəld
gravelled,ˈɡrævəld
graveller,ˈɡrævələr
gravellers,ˈɡrævələrz
gravelling,ˈɡrævəlɪŋ
gravels,ˈɡrævəlz
gravitative,ˈɡrævɪˌteɪtɪv
gravitatively,ˈɡrævɪˌteɪtɪvli
grayed,ɡreɪd
grays,ɡreɪz
graywacke,ˈɡreɪˌwæki
graywackes,ˈɡreɪˌwækiz
grazes,ˈɡreɪzɪz
greases,ˈɡriːsɪz
great,ɡreɪt
greatcoat,ˈɡreɪtˌkoʊt
greatcoats,ˈɡreɪtˌkoʊts
greaten,ˈɡreɪtən
greatened,ˈɡreɪtənd
greatening,ˈɡreɪtənɪŋ
greatens,ˈɡreɪtənz
greater,ˈɡreɪtər
greatest,ˈɡreɪtɪst
greatgrandson,ˈɡreɪtˌɡrænsʌn
greathearted,ˈɡreɪtˌhɑrtɪd
greatheartedly,ˈɡreɪtˌhɑrtɪdli
greatheartedness,ˈɡreɪtˌhɑrtɪdnəs
greatly,ˈɡreɪtli
greatness,ˈɡreɪtnəs
greats,ɡreɪts
greave,ɡriːv
greaved,ɡriːvd
greaves,ɡriːvz
grecianises,ˈɡriːʃəˌnaɪzɪz
grecianizes,ˈɡriːʃəˌnaɪzɪz
grecises,ˈɡriːˌsaɪzɪz
grecizes,ˈɡriːˌsaɪzɪz
grecque,ɡrɛk
grecques,ɡrɛks
greened,ɡriːnd
greenfinch,ˈɡriːnˌfɪntʃ
greenfinches,ˈɡriːnˌfɪntʃɪz
greenhead,ˈɡriːnˌhɛd
greenheads,ˈɡriːnˌhɛdz
greenheart,ˈɡriːnˌhɑrt
greenhearts,ˈɡriːnˌhɑrts
greenlight,ˈɡriːnˌlaɪt
greenlighted,ˈɡriːnˌlaɪtɪd
greenlighting,ˈɡriːnˌlaɪtɪŋ
greenlights,ˈɡriːnˌlaɪts
greenmailed,ˈɡriːnˌmeɪld
greenmails,ˈɡriːnˌmeɪlz
greets,ɡriːts
greeve,ɡriːv
greeves,ɡriːvz
greithed,ɡreɪθt
greiths,ɡreɪθs
greits,ɡreɪts
grepped,ɡrɛpt
greps,ɡrɛps
grewsome,ˈɡruːsəm
greyed,ɡreɪd
greys,ɡreɪz
griddles,ˈɡrɪdəlz
grides,ɡraɪdz
gridlocked,ˈɡrɪdˌlɑkt
gridlocks,ˈɡrɪdˌlɑks
grieve,ɡriːv
grieved,ɡriːvd
grieves,ɡriːvz
grifts,ɡrɪfts
grilled,ɡrɪld
grills,ɡrɪlz
grimaces,ɡrɪˈmeɪsɪz
grimes,ɡraɪmz
grinch,ɡrɪntʃ
grinches,ˈɡrɪntʃɪz
grind,ɡraɪnd
grinded,ˈɡraɪndɪd
grinder,ˈɡraɪndər
grinderies,ˈɡraɪndəriz
grinders,ˈɡraɪndərz
grindery,ˈɡraɪndəri
grinding,ˈɡraɪndɪŋ
grindingly,ˈɡraɪndɪŋli
grindlet,ˈɡraɪndlɪt
grindlets,ˈɡraɪndlɪts
grinds,ɡraɪndz
grindstone,ˈɡraɪndˌstoʊn
grindstones,ˈɡraɪndˌstoʊnz
grinned,ɡrɪnd
grins,ɡrɪnz
griot,ˈɡriːoʊ
griots,ˈɡriːoʊz
gripes,ɡraɪps
gripped,ɡrɪpt
grips,ɡrɪps
grisette,ɡrɪˈzɛt
grisettes,ɡrɪˈzɛts
grits,ɡrɪts
grizzles,ˈɡrɪzəlz
groaned,ɡroʊnd
groans,ɡroʊnz
groined,ɡrɔɪnd
groins,ɡrɔɪnz
grokked,ɡrɑkt
groks,ɡrɑks
groomed,ɡruːmd
grooms,ɡruːmz
groove,ɡruːv
grooved,ɡruːvd
grooves,ɡruːvz
gropes,ɡroʊps
gros,ɡroʊ
grossed,ɡroʊst
grosses,ˈɡroʊsɪz
grotesque,ɡroʊˈtɛsk
grotesquely,ɡroʊˈtɛskli
grotesqueness,ɡroʊˈtɛsknəs
grotesquerie,ɡroʊˈtɛskəri
grotesqueries,ɡroʊˈtɛskəriz
grotesquery,ɡroʊˈtɛskəri
grotesques,ɡroʊˈtɛsks
grouch,ɡraʊtʃ
grouched,ɡraʊtʃt
grouches,ˈɡraʊtʃɪz
grouchier,ˈɡraʊtʃiər
grouchiest,ˈɡraʊtʃiɪst
grouchily,ˈɡraʊtʃɪli
grouchiness,ˈɡraʊtʃinəs
grouching,ˈɡraʊtʃɪŋ
grouchy,ˈɡraʊtʃi
groundbreaker,ˈɡraʊndˌbreɪkər
groundbreakers,ˈɡraʊndˌbreɪkərz
groundbreaking,ˈɡraʊndˌbreɪkɪŋ
groundfished,ˈɡraʊndˌfɪʃt
groundfishes,ˈɡraʊndˌfɪʃɪz
grounds,ɡraʊndz
grouped,ɡruːpt
groups,ɡruːps
grouses,ˈɡraʊsɪz
grouthead,ˈɡraʊtˌhɛd
groutheads,ˈɡraʊtˌhɛdz
grouts,ɡraʊts
groveled,ˈɡrɑvəld
grovelled,ˈɡrɑvəld
groveller,ˈɡrɑvələr
grovellers,ˈɡrɑvələrz
grovelling,ˈɡrɑvəlɪŋ
grovellingly,ˈɡrɑvəlɪŋli
grovels,ˈɡrɑvəlz
growl,ɡraʊl
growled,ɡraʊld
growler,ˈɡraʊlər
growlers,ˈɡraʊlərz
growlier,ˈɡraʊliər
growliest,ˈɡraʊliɪst
growliness,ˈɡraʊlinəs
growling,ˈɡraʊlɪŋ
growlingly,ˈɡraʊlɪŋli
growls,ɡraʊlz
growly,ˈɡraʊli
grows,ɡroʊz
growthead,ˈɡroʊtˌhɛd
growtheads,ˈɡroʊtˌhɛdz
grubbed,ɡrʌbd
grubbles,ˈɡrʌbəlz
grubstakes,ˈɡrʌbˌsteɪks
grudges,ˈɡrʌdʒɪz
grueller,ˈɡruːələr
gruellers,ˈɡruːələrz
gruelling,ˈɡruːəlɪŋ
gruellingly,ˈɡruːəlɪŋli
gruels,ˈɡruːəlz
grues,ɡruːz
gruesome,ˈɡruːsəm
gruesomely,ˈɡruːsəmli
gruesomeness,ˈɡruːsəmnəs
gruffed,ɡrʌft
gruffs,ɡrʌfs
grumbles,ˈɡrʌmbəlz
grumped,ɡrʌmpt
grumps,ɡrʌmps
gruntles,ˈɡrʌntəlz
grunts,ɡrʌnts
grutched,ɡrʌtʃt
grutches,ˈɡrʌtʃɪz
grydes,ɡraɪdz
grypes,ɡraɪps
guacharo,ɡwɑˈtʃɑroʊ
guacharoes,ɡwɑˈtʃɑroʊz
guacharos,ɡwɑˈtʃɑroʊz
guacho,ˈɡwɑtʃoʊ
guachos,ˈɡwɑtʃoʊz
guarantee,ˌɡærənˈtiː
guaranteed,ˌɡærənˈtiːd
guaranteeing,ˌɡærənˈtiːɪŋ
guarantees,ˌɡærənˈtiːz
guarantied,ˈɡærəntiːd
guaranties,ˈɡærəntiːz
guarantor,ˌɡærənˈtɔr
guarantors,ˌɡærənˈtɔrz
guaranty,ˈɡærənti
guarantying,ˈɡærəntiːɪŋ
guard,ɡɑrd
guardable,ˈɡɑrdəbəl
guardage,ˈɡɑrdɪdʒ
guardant,ˈɡɑrdənt
guardants,ˈɡɑrdənts
guarded,ˈɡɑrdɪd
guardedly,ˈɡɑrdɪdli
guardedness,ˈɡɑrdɪdnəs
guardenage,ˈɡɑrdənɪdʒ
guarder,ˈɡɑrdər
guarders,ˈɡɑrdərz
guardfish,ˈɡɑrdˌfɪʃ
guardfishes,ˈɡɑrdˌfɪʃəz
guardful,ˈɡɑrdfəl
guardhouse,ˈɡɑrdˌhaʊs
guardhouses,ˈɡɑrdˌhaʊzəz
guardian,ˈɡɑrdiən
guardianage,ˈɡɑrdiənɪdʒ
guardiance,ˈɡɑrdiəns
guardianess,ˈɡɑrdiənɪs
guardianesses,ˈɡɑrdiənəsəz
guardianless,ˈɡɑrdiənləs
guardians,ˈɡɑrdiənz
guardianship,ˈɡɑrdiənˌʃɪp
guardianships,ˈɡɑrdiənˌʃɪps
guarding,ˈɡɑrdɪŋ
guardless,ˈɡɑrdləs
guardrail,ˈɡɑrdˌreɪl
guardrails,ˈɡɑrdˌreɪlz
guardroom,ˈɡɑrdˌrum
guardrooms,ˈɡɑrdˌrumz
guards,ɡɑrdz
guardship,ˈɡɑrdˌʃɪp
guardships,ˈɡɑrdˌʃɪps
guardsman,ˈɡɑrdzmən
guardsmen,ˈɡɑrdzmən
guarished,ˈɡwɛrɪʃt
guarishes,ˈɡwɛrɪʃəz
gubernative,ˈɡubərnətɪv
gudgeon,ˈɡʌdʒən
gudgeoned,ˈɡʌdʒənd
gudgeoning,ˈɡʌdʒənɪŋ
gudgeons,ˈɡʌdʒənz
guenon,ɡəˈnun
guenons,ɡəˈnunz
gueparde,ɡeɪˈpɑrd
guepardes,ɡeɪˈpɑrdz
guerdon,ˈɡɜrdən
guerdonable,ˈɡɜrdənəbəl
guerdoned,ˈɡɜrdənd
guerdoning,ˈɡɜrdənɪŋ
guerdonless,ˈɡɜrdənləs
guerdons,ˈɡɜrdənz
guereza,ɡəˈrizə
guerezas,ɡəˈrizəz
gueridon,ˈɡɛrɪˌdɒn
gueridons,ˈɡɛrɪˌdɒnz
guerite,ɡəˈrit
guerites,ɡəˈrits
guerrilla,ɡəˈrɪlə
guerrillas,ɡəˈrɪləz
guess,ɡɛs
guessable,ˈɡɛsəbəl
guessed,ɡɛst
guesser,ˈɡɛsər
guessers,ˈɡɛsərz
guesses,ˈɡɛsəz
guessing,ˈɡɛsɪŋ
guessive,ˈɡɛsɪv
guesstimate,ˈɡɛstəˌmeɪt
guesstimated,ˈɡɛstəˌmeɪtɪd
guesstimates,ˈɡɛstəˌmeɪts,(verb),or,ˈɡɛstəˌməts,(noun)
guesstimating,ˈɡɛstəˌmeɪtɪŋ
guesswork,ˈɡɛsˌwɜrk
guessworks,ˈɡɛsˌwɜrks
guest,ɡɛst
guested,ˈɡɛstɪd
guesthouse,ˈɡɛstˌhaʊs
guesthouses,ˈɡɛstˌhaʊzəz
guesting,ˈɡɛstɪŋ
guests,ɡɛsts
guestwise,ˈɡɛstˌwaɪz
guffawed,ɡəˈfɔd
guffaws,ɡəˈfɔz
guggles,ˈɡʌɡəlz
guidable,ˈɡaɪdəbəl
guidage,ˈɡaɪdɪdʒ
guidages,ˈɡaɪdɪdʒəz
guidance,ˈɡaɪdəns
guidances,ˈɡaɪdənsəz
guide,ɡaɪd
guideboard,ˈɡaɪdˌbɔrd
guideboards,ˈɡaɪdˌbɔrdz
guidebook,ˈɡaɪdˌbʊk
guidebooks,ˈɡaɪdˌbʊks
guided,ˈɡaɪdɪd
guideless,ˈɡaɪdləs
guideline,ˈɡaɪdˌlaɪn
guidelines,ˈɡaɪdˌlaɪnz
guidepost,ˈɡaɪdˌpoʊst
guideposts,ˈɡaɪdˌpoʊsts
guider,ˈɡaɪdər
guiders,ˈɡaɪdərz
guides,ɡaɪdz
guideway,ˈɡaɪdˌweɪ
guideways,ˈɡaɪdˌweɪz
guiding,ˈɡaɪdɪŋ
guidon,ˈɡaɪdən
guidons,ˈɡaɪdənz
guild,ɡɪld
guildable,ˈɡɪldəbəl
guildhall,ˈɡɪldˌhɔl
guildhalls,ˈɡɪldˌhɔlz
guilds,ɡɪldz
guildship,ˈɡɪldˌʃɪp
guildships,ˈɡɪldˌʃɪps
guildsman,ˈɡɪldzmən
guildsmen,ˈɡɪldzmən
guildswoman,ˈɡɪldˌswʊmən
guildswomen,ˈɡɪldˌswɪmən
guile,ɡaɪl
guiled,ɡaɪld
guileful,ˈɡaɪlfəl
guilefully,ˈɡaɪlfəli
guilefulness,ˈɡaɪlfəlnəs
guileless,ˈɡaɪlləs
guilelessly,ˈɡaɪlləsli
guilelessness,ˈɡaɪlləsnəs
guiles,ɡaɪlz
guiling,ˈɡaɪlɪŋ
guillemet,ˈɡɪləˌmɛt
guillemets,ˈɡɪləˌmɛts
guillemot,ˈɡɪləˌmɒt
guillemots,ˈɡɪləˌmɒts
guilloche,ɡɪˈloʊʃ
guilloched,ɡɪˈloʊʃt
guilloches,ɡɪˈloʊʃəz
guillotine,ˈɡɪləˌtin
guillotined,ˈɡɪləˌtind
guillotines,ˈɡɪləˌtinz
guillotining,ˈɡɪləˌtinɪŋ
guilt,ɡɪlt
guiltier,ˈɡɪltiər
guiltiest,ˈɡɪltiɪst
guiltily,ˈɡɪltɪli
guiltiness,ˈɡɪltinəs
guiltless,ˈɡɪltləs
guiltlessly,ˈɡɪltləsli
guiltlessness,ˈɡɪltləsnəs
guilts,ɡɪlts
guilty,ˈɡɪlti
guiltylike,ˈɡɪltiˌlaɪk
guimp,ɡɪmp
guimpe,ɡɪmp
guimpes,ɡɪmps
guimps,ɡɪmps
guipure,ɡɪˈpjʊr
guipures,ɡɪˈpjʊrz
guirland,ˈɡɜrlənd
guirlands,ˈɡɜrləndz
guisard,ˈɡaɪzərd
guisards,ˈɡaɪzərdz
guise,ɡaɪz
guised,ɡaɪzd
guiser,ˈɡaɪzər
guises,ˈɡaɪzəz
guising,ˈɡaɪzɪŋ
guitar,ɡɪˈtɑr
guitarfish,ɡɪˈtɑrˌfɪʃ
guitarfishes,ɡɪˈtɑrˌfɪʃəz
guitarist,ɡɪˈtɑrɪst
guitarists,ɡɪˈtɑrɪsts
guitars,ɡɪˈtɑrz
gulch,ɡʌltʃ
gulches,ˈɡʌltʃəz
gulfed,ɡʌlft
gulfs,ɡʌlfs
gulled,ɡʌld
gulleyed,ˈɡʌlˌid
gulleys,ˈɡʌliz
gullies,ˈɡʌliz
gulls,ɡʌlz
gulped,ɡʌlpt
gulps,ɡʌlps
gummed,ɡʌmd
gums,ɡʌmz
gumshoe,ˈɡʌmˌʃu
gumshoed,ˈɡʌmˌʃud
gumshoeing,ˈɡʌmˌʃuɪŋ
gumshoes,ˈɡʌmˌʃuz
gunfight,ˈɡʌnˌfaɪt
gunfighter,ˈɡʌnˌfaɪtər
gunfighters,ˈɡʌnˌfaɪtərz
gunfighting,ˈɡʌnˌfaɪtɪŋ
gunfights,ˈɡʌnˌfaɪts
gunked,ɡʌŋkt
gunkholes,ˈɡʌŋkˌhoʊlz
gunks,ɡʌŋks
gunned,ɡʌnd
gunreach,ˈɡʌnˌritʃ
guns,ɡʌnz
gunsight,ˈɡʌnˌsaɪt
gunsights,ˈɡʌnˌsaɪts
gurgeon,ˈɡɜrdʒən
gurgeons,ˈɡɜrdʒənz
gurges,ˈɡɜrdʒəz
gurgles,ˈɡɜrɡəlz
gushed,ɡʌʃt
gushes,ˈɡʌʃəz
gussets,ˈɡʌsəts
gussies,ˈɡʌsiz
gusts,ɡʌsts
guts,ɡʌts
guttered,ˈɡʌtərd
gutters,ˈɡʌtərz
guttles,ˈɡʌtəlz
gutturalises,ˈɡʌtərəˌlaɪzəz
gutturalizes,ˈɡʌtərəˌlaɪzəz
gutturises,ˈɡʌtəˌraɪzəz
gutturizes,ˈɡʌtəˌraɪzəz
guyed,ɡaɪd
guyot,ˈɡaɪoʊ
guyots,ˈɡaɪoʊz
guys,ɡaɪz
guzzles,ˈɡʌzəlz
gybes,ɡaɪbz
gypped,dʒɪpt
gyps,dʒɪps
gyrates,ˈdʒaɪˌreɪts
gyrencephalate,ˌdʒaɪrənˈsɛfələt
gyres,ˈdʒaɪərz
gyves,dʒaɪvz
haberdashed,ˈhæbərˌdæʃt
haberdashes,ˈhæbərˌdæʃəz
habergeon,ˈhæbərdʒən
habergeons,ˈhæbərdʒənz
habilitates,həˈbɪləˌteɪts
habits,ˈhæbɪts
habituates,həˈbɪtʃuˌeɪts
hachure,ˈhæʃər
hachured,ˈhæʃərd
hachures,ˈhæʃərz
hachuring,ˈhæʃərɪŋ
hacked,hækt
hackette,ˌhæˈkɛt
hackettes,ˌhæˈkɛts
hackles,ˈhækəlz
hackneyed,ˈhæknid
hackneys,ˈhækniz
hacks,hæks
hacqueton,ˈhækətən
hacquetons,ˈhækətənz
hades,ˈheɪdiːz
hadsome,ˈhædsəm
haecceities,hɛkˈsiɪtiz
haecceity,hɛkˈsiɪti
haemacyanin,ˌhiməˈsaɪənɪn
haemad,ˈhimæd
haemadremometer,ˌhimədrəˈmɒmɪtər
haemadremometers,ˌhimədrəˈmɒmɪtərz
haemadromograph,ˌhiməˈdrɒməˌɡræf
haemadromographs,ˌhiməˈdrɒməˌɡræfs
haemadynameter,ˌhimədaɪˈnæmɪtər
haemadynameters,ˌhimədaɪˈnæmɪtərz
haemapod,ˈhiməˌpɒd
haemapodous,hiˈmæpədəs
haemapods,ˈhiməˌpɒdz
haematachometry,ˌhimətəˈkɒmɪtri
haematites,ˈhiməˌtaɪts
haematocrya,ˌhiməˈtɒkriə
haematoglobin,ˌhimətoʊˈɡloʊbɪn
haematoglobulin,ˌhimətoʊˈɡlɒbjʊlɪn
haematometer,ˌhiməˈtɒmɪtər
haematometers,ˌhiməˈtɒmɪtərz
haematoplastic,ˌhimətoʊˈplæstɪk
haematosac,ˈhimətəˌsæk
haematosacs,ˈhimətəˌsæks
haematoscope,hiˈmætəˌskoʊp
haematoscopes,hiˈmætəˌskoʊps
haematothoraces,ˌhimətoʊˈθɔrəsiz
haematothorax,ˌhimətoʊˈθɔræks
haematothoraxes,ˌhimətoʊˈθɔræksəz
haematoxylon,ˌhiməˈtɒksɪlɒn
haematoxylons,ˌhiməˈtɒksɪlɒnz
haematozoa,ˌhimətəˈzoʊə
haematozoon,ˌhimətəˈzoʊɒn
haemeprotein,ˈhiməˌproʊtin
haemeproteins,ˈhiməˌproʊtɪnz
haemocytolysis,ˌhiməsaɪˈtɒlɪsɪs
haemocytotrypsis,ˌhiməsaɪtoʊˈtrɪpsɪs
haemolutein,ˌhiməˈluːtiɪn
haemolyses,hiˈmɒlɪsiz
haemolysing,ˈhiməˌlaɪzɪŋ
haemomanometer,ˌhiməˌmæˈnɒmɪtər
haemometer,hiˈmɒmɪtər
haemony,ˈhiməni
haemoplastic,ˌhiməˈplæstɪk
haemorrhages,ˈhɛmərɪdʒəz
haemoscope,ˈhiməˌskoʊp
haemostases,hiˈmɒstəsiz
haemotachometer,ˌhimətəˈkɒmɪtər
haemotachometers,ˌhimətəˈkɒmɪtərz
haemotachometry,ˌhimətəˈkɒmɪtri
haffles,ˈhæfəlz
hafts,hæfts
hagged,hæɡd
haggles,ˈhæɡəlz
hagrides,ˈhæɡˌraɪdz
hags,hæɡz
hailed,heɪld
hails,heɪlz
hairbrained,ˈhɛrˌbreɪnd
hairbreadth,ˈhɛrˌbrɛdθ
hairbreadths,ˈhɛrˌbrɛdθs
hairdo,ˈhɛrˌdu
hairdos,ˈhɛrˌduz
haired,hɛrd
hairsbreadth,ˈhɛrzˌbrɛdθ
hairsbreadths,ˈhɛrzˌbrɛdθs
hales,heɪlz
half,hæf
halfback,ˈhæfˌbæk
halfbacks,ˈhæfˌbæks
halfbeak,ˈhæfˌbik
halfbeaks,ˈhæfˌbiks
halfcock,ˈhæfˌkɒk
halfcocked,ˈhæfˌkɒkt
halfcocking,ˈhæfˌkɒkɪŋ
halfen,ˈhæfən
halfendeal,ˈhæfənˌdil
halfer,ˈhæfər
halfhearted,ˌhæfˈhɑrtɪd
halfheartedly,ˌhæfˈhɑrtɪdli
halfheartedness,ˌhæfˈhɑrtɪdnəs
halflife,ˈhæfˌlaɪf
halflives,ˈhæfˌlaɪvz
halfmoon,ˈhæfˌmun
halfmoons,ˈhæfˌmunz
halfness,ˈhæfnəs
halfpace,ˈhæfˌpeɪs
halfpaces,ˈhæfˌpeɪsəz
halfpence,ˈheɪpəns
halfpennies,ˈheɪpəniz
halfpenny,ˈheɪpəni
halfpipe,ˈhæfˌpaɪp
halfpipes,ˈhæfˌpaɪps
halftime,ˈhæfˌtaɪm
halftimes,ˈhæfˌtaɪmz
halftone,ˈhæfˌtoʊn
halftones,ˈhæfˌtoʊnz
halfway,ˌhæfˈweɪ
hallmarked,ˈhɔlˌmɑrkt
hallmarks,ˈhɔlˌmɑrks
halloaed,həˈloʊd
halloas,həˈloʊz
halloes,həˈloʊz
halloos,həˈluz
hallowed,ˈhæloʊd
hallows,ˈhæloʊz
hallucinates,həˈluːsɪˌneɪts
haloes,ˈheɪloʊz
halogenates,ˈhælədʒəˌneɪts
halsened,ˈhælsənd
halsens,ˈhælsənz
halses,ˈhælsəz
halterbreak,ˈhɔltərˌbreɪk
halterbreaking,ˈhɔltərˌbreɪkɪŋ
halterbreaks,ˈhɔltərˌbreɪks
haltered,ˈhɔltərd
halters,ˈhɔltərz
halts,hɔlts
halve,hæv
halved,hævd
halvers,ˈhævərz
halves,hævz
halving,ˈhævɪŋ
hambles,ˈhæmbəlz
hambones,ˈhæmˌboʊnz
hammed,hæmd
hammered,ˈhæmərd
hammerhead,ˈhæmərˌhɛd
hammerheads,ˈhæmərˌhɛdz
hammers,ˈhæmərz
hampered,ˈhæmpərd
hampers,ˈhæmpərz
hams,hæmz
hamshackles,ˈhæmˌʃækəlz
hamstrings,ˈhæmˌstrɪŋz
hances,ˈhænsəz
hanch,hæntʃ
hanched,hæntʃt
hanches,ˈhæntʃəz
hanching,ˈhæntʃɪŋ
handbreadth,ˈhændˌbrɛdθ
handbreadths,ˈhændˌbrɛdθs
handcrafts,ˈhændˌkræfts
handcuffed,ˈhændˌkʌft
handcuffs,ˈhændˌkʌfs
handfasts,ˈhændˌfæsts
handholds,ˈhændˌhoʊldz
handicapped,ˈhændɪˌkæpt
handicaps,ˈhændɪˌkæps
handkercher,ˈhæŋkərtʃər
handkerchers,ˈhæŋkərtʃərz
handkerchief,ˈhæŋkərtʃɪf
handkerchiefs,ˈhæŋkərtʃɪfs
handkerchieves,ˈhæŋkərtʃivz
handles,ˈhændəlz
handpicked,ˈhændˌpɪkt
handpicks,ˈhændˌpɪks
hands,hændz
handsbreadth,ˈhændzˌbrɛdθ
handsbreadths,ˈhændzˌbrɛdθs
handseled,ˈhændˌsɛld
handselled,ˈhændˌsɛld
handselling,ˈhændˌsɛlɪŋ
handsels,ˈhændˌsɛlz
handsewn,ˈhændˌsoʊn
handshakes,ˈhændˌʃeɪks
handsome,ˈhænsəm
handsomely,ˈhænsəmli
handsomeness,ˈhænsəmnəs
handwaves,ˈhændˌweɪvz
handweave,ˈhændˌwiv
handweaves,ˈhændˌwivz
handwrites,ˈhændˌraɪts
handwrought,ˈhændˌrɔt
handyfight,ˈhændiˌfaɪt
handyfights,ˈhændiˌfaɪts
hangared,ˈhæŋərd
hangars,ˈhæŋərz
hanged,hæŋd
hangs,hæŋz
hanked,hæŋkt
hankered,ˈhæŋkərd
hankers,ˈhæŋkərz
hanks,hæŋks
hanseled,ˈhænsəld
hanselled,ˈhænsəld
hanselling,ˈhænsəlɪŋ
hansels,ˈhænsəlz
hants,hænts
happed,hæpt
happenchance,ˈhæpənˌtʃæns
happenchances,ˈhæpənˌtʃænsəz
happened,ˈhæpənd
happens,ˈhæpənz
haps,hæps
harangue,həˈræŋ
harangued,həˈræŋd
harangueful,həˈræŋfəl
haranguer,həˈræŋər
haranguers,həˈræŋərz
harangues,həˈræŋz
haranguing,həˈræŋɪŋ
harassed,ˈhærəst
harasses,ˈhærəsəz
harbingered,ˈhɑrbɪndʒərd
harbingers,ˈhɑrbɪndʒərz
harbored,ˈhɑrbərd
harborough,ˈhɑrbəroʊ
harboroughs,ˈhɑrbəroʊz
harbors,ˈhɑrbərz
harboured,ˈhɑrbərd
harbours,ˈhɑrbərz
hardballed,ˈhɑrdˌbɔld
hardballs,ˈhɑrdˌbɔlz
hardcodes,ˈhɑrdˌkoʊdz
hardened,ˈhɑrdənd
hardens,ˈhɑrdənz
hardhead,ˈhɑrdˌhɛd
hardheaded,ˈhɑrdˌhɛdɪd
hardheadedly,ˈhɑrdˌhɛdɪdli
hardheadedness,ˈhɑrdˌhɛdɪdnəs
hardheads,ˈhɑrdˌhɛdz
hardhearted,ˌhɑrdˈhɑrtɪd
hardheartedly,ˌhɑrdˈhɑrtɪdli
hardheartedness,ˌhɑrdˈhɑrtɪdnəs
hardmouthed,ˈhɑrdˌmaʊθd
hardpressed,ˌhɑrdˈprɛst
hardwires,ˈhɑrdˌwaɪərz
harebrained,ˈhɛrˌbreɪnd
hares,hɛrz
harked,hɑrkt
harkened,ˈhɑrkənd
harkens,ˈhɑrkənz
harks,hɑrks
harlotizes,ˈhɑrləˌtaɪzəz
harmed,hɑrmd
harmonises,ˈhɑrməˌnaɪzəz
harmonizes,ˈhɑrməˌnaɪzəz
harms,hɑrmz
harnessed,ˈhɑrnɪst
harped,hɑrpt
harpooned,hɑrˈpund
harpoons,hɑrˈpunz
harps,hɑrps
harrages,ˈhærɪdʒəz
harries,ˈhæriz
harrowed,ˈhæroʊd
harrows,ˈhæroʊz
harrumphed,həˈrʌmft
harrumphs,həˈrʌmfs
harshened,ˈhɑrʃənd
harshens,ˈhɑrʃənz
hartened,ˈhɑrtənd
hartens,ˈhɑrtənz
harumphed,həˈrʌmft
harumphs,həˈrʌmfs
harvests,ˈhɑrvɪsts
has,hæz
hashed,hæʃt
hashes,ˈhæʃəz
hashhead,ˈhæʃˌhɛd
hashheads,ˈhæʃˌhɛdz
hasped,hæspt
hasps,hæsps
hassles,ˈhæsəlz
hastened,ˈheɪsənd
hastens,ˈheɪsənz
hastes,heɪsts
hastive,ˈhæstɪv
hatched,hætʃt
hatcheled,ˈhætʃəld
hatchelled,ˈhætʃəld
hatcheller,ˈhætʃələr
hatchellers,ˈhætʃələrz
hatchelling,ˈhætʃəlɪŋ
hatchels,ˈhætʃəlz
hatches,ˈhætʃəz
hatchets,ˈhætʃəts
hates,heɪts
haubergeon,ˈhɔbərdʒən
haubergeons,ˈhɔbərdʒənz
haugh,hɔ
haughs,hɔz
haught,hɔt
haughtier,ˈhɔtiər
haughtiest,ˈhɔtiɪst
haughtily,ˈhɔtɪli
haughtiness,ˈhɔtinəs
haughty,ˈhɔti
hauled,hɔld
haulm,hɔm
hauls,hɔlz
haulses,ˈhɔlzəz
haunch,hɔntʃ
haunched,hɔntʃt
haunches,ˈhɔntʃəz
haunching,ˈhɔntʃɪŋ
haunts,hɔnts
haustellate,hɔˈstɛlət
hautbois,ˈhoʊbɔɪ
have,hæv
haveless,ˈhævləs
havelock,ˈhævəˌlɒk
havelocks,ˈhævəˌlɒks
havened,ˈheɪvənd
havens,ˈheɪvənz
havered,ˈhævərd
havers,ˈhævərz
haves,hævz
havocked,ˈhævəkt
havocs,ˈhævəks
hawed,hɔd
hawfinch,ˈhɔˌfɪntʃ
hawfinches,ˈhɔˌfɪntʃəz
hawked,hɔkt
hawkeyed,ˈhɔˌkaɪd
hawks,hɔks
hawmed,hɔmd
hawms,hɔmz
haws,hɔz
hayed,heɪd
haymow,ˈheɪˌmaʊ
haymows,ˈheɪˌmaʊz
hays,heɪz
haystalk,ˈheɪˌstɔk
haystalks,ˈheɪˌstɔks
hazardizes,ˈhæzərˌdaɪzəz
hazards,ˈhæzərdz
head,hɛd
headache,ˈhɛdˌeɪk
headaches,ˈhɛdˌeɪks
headachier,ˈhɛdˌeɪkiər
headachiest,ˈhɛdˌeɪkiɪst
headachy,ˈhɛdˌeɪki
headband,ˈhɛdˌbænd
headbands,ˈhɛdˌbændz
headboard,ˈhɛdˌbɔrd
headboards,ˈhɛdˌbɔrdz
headborough,ˈhɛdˌbɜroʊ
headboroughs,ˈhɛdˌbɜroʊz
headborrow,ˈhɛdˌbɜroʊ
headborrows,ˈhɛdˌbɜroʊz
headbutt,ˈhɛdˌbʌt
headbutted,ˈhɛdˌbʌtɪd
headbutting,ˈhɛdˌbʌtɪŋ
headbutts,ˈhɛdˌbʌts
headcheese,ˈhɛdˌtʃiz
headcheeses,ˈhɛdˌtʃizəz
headcount,ˈhɛdˌkaʊnt
headcounts,ˈhɛdˌkaʊnts
headdress,ˈhɛdˌdrɛs
headdresses,ˈhɛdˌdrɛsəz
headed,ˈhɛdɪd
header,ˈhɛdər
headers,ˈhɛdərz
headfirst,ˈhɛdˈfɜrst
headfish,ˈhɛdˌfɪʃ
headfishes,ˈhɛdˌfɪʃəz
headforemost,ˈhɛdˈfɔrˌmoʊst
headful,ˈhɛdfəl
headfuls,ˈhɛdfəlz
headgate,ˈhɛdˌɡeɪt
headgates,ˈhɛdˌɡeɪts
headgear,ˈhɛdˌɡɪr
headgears,ˈhɛdˌɡɪrz
headhunt,ˈhɛdˌhʌnt
headhunted,ˈhɛdˌhʌntɪd
headhunter,ˈhɛdˌhʌntər
headhunters,ˈhɛdˌhʌntərz
headhunting,ˈhɛdˌhʌntɪŋ
headhunts,ˈhɛdˌhʌnts
headier,ˈhɛdiər
headiest,ˈhɛdiɪst
headily,ˈhɛdɪli
headiness,ˈhɛdinəs
heading,ˈhɛdɪŋ
headings,ˈhɛdɪŋz
headlamp,ˈhɛdˌlæmp
headlamps,ˈhɛdˌlæmps
headland,ˈhɛdˌlænd
headlands,ˈhɛdˌlændz
headless,ˈhɛdləs
headlessness,ˈhɛdləsnəs
headlight,ˈhɛdˌlaɪt
headlights,ˈhɛdˌlaɪts
headline,ˈhɛdˌlaɪn
headlined,ˈhɛdˌlaɪnd
headliner,ˈhɛdˌlaɪnər
headliners,ˈhɛdˌlaɪnərz
headlines,ˈhɛdˌlaɪnz
headlining,ˈhɛdˌlaɪnɪŋ
headlock,ˈhɛdˌlɒk
headlocks,ˈhɛdˌlɒks
headlong,ˈhɛdˌlɔŋ
headman,ˈhɛdmən
headmaster,ˈhɛdˌmæstər
headmasters,ˈhɛdˌmæstərz
headmastership,ˈhɛdˌmæstərˌʃɪp
headmasterships,ˈhɛdˌmæstərˌʃɪps
headmen,ˈhɛdmən
headmistress,ˈhɛdˌmɪstrəs
headmistresses,ˈhɛdˌmɪstrəsəz
headmost,ˈhɛdˌmoʊst
headnote,ˈhɛdˌnoʊt
headnotes,ˈhɛdˌnoʊts
headpan,ˈhɛdˌpæn
headpans,ˈhɛdˌpænz
headphone,ˈhɛdˌfoʊn
headphones,ˈhɛdˌfoʊnz
headpiece,ˈhɛdˌpis
headpieces,ˈhɛdˌpisəz
headpin,ˈhɛdˌpɪn
headpins,ˈhɛdˌpɪnz
headquarter,ˈhɛdˌkwɔrtər
headquartered,ˈhɛdˌkwɔrtərd
headquartering,ˈhɛdˌkwɔrtərɪŋ
headquarters,ˈhɛdˌkwɔrtərz
headrace,ˈhɛdˌreɪs
headraces,ˈhɛdˌreɪsəz
headrest,ˈhɛdˌrɛst
headrests,ˈhɛdˌrɛsts
headroom,ˈhɛdˌrum
headrooms,ˈhɛdˌrumz
headrope,ˈhɛdˌroʊp
headropes,ˈhɛdˌroʊps
heads,hɛdz
headsail,ˈhɛdˌseɪl
headsails,ˈhɛdˌseɪlz
headscarf,ˈhɛdˌskɑrf
headscarves,ˈhɛdˌskɑrvz
headset,ˈhɛdˌsɛt
headsets,ˈhɛdˌsɛts
headshake,ˈhɛdˌʃeɪk
headshakes,ˈhɛdˌʃeɪks
headship,ˈhɛdˌʃɪp
headships,ˈhɛdˌʃɪps
headshot,ˈhɛdˌʃɒt
headshots,ˈhɛdˌʃɒts
headshrinker,ˈhɛdˌʃrɪŋkər
headshrinkers,ˈhɛdˌʃrɪŋkərz
headsman,ˈhɛdzmən
headsmen,ˈhɛdzmən
headspace,ˈhɛdˌspeɪs
headspaces,ˈhɛdˌspeɪsəz
headspring,ˈhɛdˌsprɪŋ
headsprings,ˈhɛdˌsprɪŋz
headstall,ˈhɛdˌstɔl
headstalls,ˈhɛdˌstɔlz
headstand,ˈhɛdˌstænd
headstands,ˈhɛdˌstændz
headstart,ˈhɛdˌstɑrt
headstarts,ˈhɛdˌstɑrts
headstay,ˈhɛdˌsteɪ
headstays,ˈhɛdˌsteɪz
headstock,ˈhɛdˌstɒk
headstocks,ˈhɛdˌstɒks
headstone,ˈhɛdˌstoʊn
headstones,ˈhɛdˌstoʊnz
headstream,ˈhɛdˌstrim
headstreams,ˈhɛdˌstrimz
headstrong,ˈhɛdˌstrɔŋ
headstrongly,ˈhɛdˌstrɔŋli
headstrongness,ˈhɛdˌstrɔŋnəs
headtire,ˈhɛdˌtaɪər
headtires,ˈhɛdˌtaɪərz
headwaiter,ˈhɛdˌweɪtər
headwaiters,ˈhɛdˌweɪtərz
headwater,ˈhɛdˌwɔtər
headwaters,ˈhɛdˌwɔtərz
headway,ˈhɛdˌweɪ
headways,ˈhɛdˌweɪz
headwind,ˈhɛdˌwɪnd
headwinds,ˈhɛdˌwɪndz
headword,ˈhɛdˌwɜrd
headwords,ˈhɛdˌwɜrdz
headwork,ˈhɛdˌwɜrk
headworks,ˈhɛdˌwɜrks
heady,ˈhɛdi
healed,hild
heals,hilz
health,hɛlθ
healthful,ˈhɛlθfəl
healthfully,ˈhɛlθfəli
healthfulness,ˈhɛlθfəlnəs
healthier,ˈhɛlθiər
healthiest,ˈhɛlθiɪst
healthily,ˈhɛlθɪli
healthiness,ˈhɛlθinəs
healthless,ˈhɛlθləs
healthlessness,ˈhɛlθləsnəs
healths,hɛlθs
healthsome,ˈhɛlθsəm
healthward,ˈhɛlθwərd
healthy,ˈhɛlθi
heaped,hipt
heaps,hips
heard,hɜrd
hearken,ˈhɑrkən
hearkened,ˈhɑrkənd
hearkener,ˈhɑrkənər
hearkening,ˈhɑrkənɪŋ
hearkens,ˈhɑrkənz
hears,hɪrz
hearse,hɜrs
hearsecloth,ˈhɜrsˌklɔθ
hearsed,hɜrst
hearselike,ˈhɜrsˌlaɪk
hearses,ˈhɜrsəz
hearsing,ˈhɜrsɪŋ
heart,hɑrt
heartache,ˈhɑrtˌeɪk
heartaches,ˈhɑrtˌeɪks
heartbeat,ˈhɑrtˌbit
heartbeats,ˈhɑrtˌbits
heartbreak,ˈhɑrtˌbreɪk
heartbreaker,ˈhɑrtˌbreɪkər
heartbreakers,ˈhɑrtˌbreɪkərz
heartbreaking,ˈhɑrtˌbreɪkɪŋ
heartbreakingly,ˈhɑrtˌbreɪkɪŋli
heartbreaks,ˈhɑrtˌbreɪks
heartbroken,ˈhɑrtˌbroʊkən
heartburn,ˈhɑrtˌbɜrn
heartburned,ˈhɑrtˌbɜrnd
heartburning,ˈhɑrtˌbɜrnɪŋ
heartburnings,ˈhɑrtˌbɜrnɪŋz
heartburns,ˈhɑrtˌbɜrnz
heartdear,ˈhɑrtˌdɪr
heartdeep,ˈhɑrtˌdip
hearted,ˈhɑrtɪd
heartedness,ˈhɑrtɪdnəs
hearten,ˈhɑrtən
heartened,ˈhɑrtənd
heartener,ˈhɑrtənər
heartening,ˈhɑrtənɪŋ
hearteningly,ˈhɑrtənɪŋli
heartens,ˈhɑrtənz
heartfelt,ˈhɑrtˌfɛlt
heartgrief,ˈhɑrtˌɡrif
hearth,hɑrθ
hearthless,ˈhɑrθləs
hearthrug,ˈhɑrθˌrʌɡ
hearthrugs,ˈhɑrθˌrʌɡz
hearths,hɑrθs
hearthside,ˈhɑrθˌsaɪd
hearthstone,ˈhɑrθˌstoʊn
hearthstones,ˈhɑrθˌstoʊnz
heartier,ˈhɑrtiər
hearties,ˈhɑrtiz
heartiest,ˈhɑrtiɪst
heartily,ˈhɑrtɪli
heartiness,ˈhɑrtinəs
hearting,ˈhɑrtɪŋ
heartland,ˈhɑrtˌlænd
heartlands,ˈhɑrtˌlændz
heartless,ˈhɑrtləs
heartlessly,ˈhɑrtləsli
heartlessness,ˈhɑrtləsnəs
heartlet,ˈhɑrtlət
heartling,ˈhɑrtlɪŋ
heartlings,ˈhɑrtlɪŋz
heartpea,ˈhɑrtˌpi
heartpeas,ˈhɑrtˌpiz
heartquake,ˈhɑrtˌkweɪk
heartquakes,ˈhɑrtˌkweɪks
heartrending,ˈhɑrtˌrɛndɪŋ
heartrendingly,ˈhɑrtˌrɛndɪŋli
hearts,hɑrts
heartsease,ˈhɑrtsˌiz
heartseases,ˈhɑrtsˌizəz
heartseed,ˈhɑrtˌsid
heartseeds,ˈhɑrtˌsidz
heartshaped,ˈhɑrtˌʃeɪpt
heartsick,ˈhɑrtˌsɪk
heartsickness,ˈhɑrtˌsɪknəs
heartsome,ˈhɑrtsəm
heartsomely,ˈhɑrtsəmli
heartsore,ˈhɑrtˌsɔr
heartstricken,ˈhɑrtˌstrɪkən
heartstrike,ˈhɑrtˌstraɪk
heartstriking,ˈhɑrtˌstraɪkɪŋ
heartstring,ˈhɑrtˌstrɪŋ
heartstrings,ˈhɑrtˌstrɪŋz
heartstruck,ˈhɑrtˌstrʌk
heartswelling,ˈhɑrtˌswɛlɪŋ
heartthrob,ˈhɑrtˌθrɒb
heartthrobs,ˈhɑrtˌθrɒbz
heartwarming,ˈhɑrtˌwɔrmɪŋ
heartwood,ˈhɑrtˌwʊd
heartwoods,ˈhɑrtˌwʊdz
heartworm,ˈhɑrtˌwɜrm
heartworms,ˈhɑrtˌwɜrmz
hearty,ˈhɑrti
heartyhale,ˈhɑrtiˌheɪl
heathenises,ˈhiðəˌnaɪzəz
heathenizes,ˈhiðəˌnaɪzəz
heather,ˈhɛðər
heathers,ˈhɛðərz
heathery,ˈhɛðəri
heats,hits
heave,hiv
heaved,hivd
heaven,ˈhɛvən
heavened,ˈhɛvənd
heavening,ˈhɛvənɪŋ
heavenize,ˈhɛvəˌnaɪz
heavenized,ˈhɛvəˌnaɪzd
heavenizes,ˈhɛvəˌnaɪzəz
heavenizing,ˈhɛvəˌnaɪzɪŋ
heavenless,ˈhɛvənləs
heavenlier,ˈhɛvənliər
heavenliest,ˈhɛvənliɪst
heavenliness,ˈhɛvənlinəs
heavenly,ˈhɛvənli
heavens,ˈhɛvənz
heavenward,ˈhɛvənwərd
heavenwards,ˈhɛvənwərdz
heaves,hivz
heavier,ˈhɛviər
heavies,ˈhɛviz
heaviest,ˈhɛviɪst
heavily,ˈhɛvɪli
heaviness,ˈhɛvinəs
heavisome,ˈhɛvisəm
heavy,ˈhɛvi
heavyhandedness,ˈhɛviˌhændɪdnəs
heavyhearted,ˈhɛviˈhɑrtɪd
heavyheartedly,ˈhɛviˈhɑrtɪdli
heavyheartedness,ˈhɛviˈhɑrtɪdnəs
heavyset,ˈhɛviˌsɛt
heavyweight,ˈhɛviˌweɪt
heavyweights,ˈhɛviˌweɪts
hebetates,ˈhɛbəˌteɪts
hebraises,ˈhiːbrəˌzeɪzəz
hebraizes,ˈhiːbrəˌzeɪzəz
heckles,ˈhɛkəlz
hectogrammes,ˈhɛktəˌɡræmz
hectographed,ˈhɛktəˌɡræft
hectographs,ˈhɛktəˌɡræfs
hectored,ˈhɛktərd
hectors,ˈhɛktərz
heddles,ˈhɛdəlz
hedgehopped,ˈhɛdʒˌhɒpt
hedgehops,ˈhɛdʒˌhɒps
hedges,ˈhɛdʒəz
heeds,hiːdz
heehawed,ˈhiˌhɔd
heehaws,ˈhiˌhɔz
heeled,hiːld
heelpost,ˈhiːlˌpoʊst
heelposts,ˈhiːlˌpoʊsts
heels,hiːlz
heeltapped,ˈhiːlˌtæpt
heeltaps,ˈhiːlˌtæps
heezes,ˈhiːzəz
hefts,hɛfts
heifer,ˈhɛfər
heifers,ˈhɛfərz
height,haɪt
heighten,ˈhaɪtən
heightened,ˈhaɪtənd
heightener,ˈhaɪtənər
heightening,ˈhaɪtənɪŋ
heightens,ˈhaɪtənz
heighth,haɪθ
heighths,haɪθs
heights,haɪts
heiled,haɪld
heils,haɪlz
heired,ɛrd
heirs,ɛrz
heists,haɪsts
hektographed,ˈhɛktəˌɡræft
hektographs,ˈhɛktəˌɡræfs
helicoptered,ˈhɛlɪˌkɒptərd
helicopters,ˈhɛlɪˌkɒptərz
helicopts,ˈhɛlɪˌkɒpts
helilifts,ˈhɛlɪˌlɪfts
heliographed,ˈhɛliəˌɡræft
heliographs,ˈhɛliəˌɡræfs
hellbrewed,ˈhɛlˌbrud
helldoomed,ˈhɛlˌdumd
helled,hɛld
hellenises,ˈhɛləˌnaɪzəz
hellenizes,ˈhɛləˌnaɪzəz
helloes,həˈloʊz
hellos,həˈloʊz
hells,hɛlz
helmed,hɛlmd
helmets,ˈhɛlmɪts
helminthagogue,hɛlˈmɪnθəˌɡɒɡ
helminthagogues,hɛlˈmɪnθəˌɡɒɡz
helms,hɛlmz
helped,hɛlpt
helps,hɛlps
helve,hɛlv
helved,hɛlvd
helves,hɛlvz
hemagglutinates,ˌhiːməˈɡluːtəˌneɪts
hemagglutinative,ˌhiːməˈɡluːtəˌneɪtɪv
hemibranchiate,ˌhɛmɪˈbræŋkiˌeɪt
hemibranchiates,ˌhɛmɪˈbræŋkiˌeɪts
hemisects,ˈhɛmɪˌsɛkts
hemmed,hɛmd
hemocoel,ˈhiːməˌsil
hemocoels,ˈhiːməˌsilz
hemolyzes,ˈhiːməˌlaɪzəz
hemorrhages,ˈhɛmərɪdʒəz
hems,hɛmz
hemstitched,ˈhɛmˌstɪtʃt
hemstitches,ˈhɛmˌstɪtʃəz
hench,hɛntʃ
henchboy,ˈhɛntʃˌbɔɪ
henchboys,ˈhɛntʃˌbɔɪz
henches,ˈhɛntʃəz
henchman,ˈhɛntʃmən
henchmen,ˈhɛntʃmən
hennaed,ˈhɛnəd
hennas,ˈhɛnəz
henpecked,ˈhɛnˌpɛkt
henpecks,ˈhɛnˌpɛks
hents,hɛnts
heparinises,ˈhɛpərəˌnaɪzəz
heparinizes,ˈhɛpərəˌnaɪzəz
hepatectomizes,ˌhɛpəˈtɛktəˌmaɪzəz
hepatises,ˈhɛpəˌtaɪzəz
hepatizes,ˈhɛpəˌtaɪzəz
heralds,ˈhɛrəldz
herbed,hɜrbd
herborises,ˈhɜrbəˌraɪzəz
herborizes,ˈhɜrbəˌraɪzəz
herborough,ˈhɜrbəroʊ
herds,hɜrdz
herdswomen,ˈhɜrdzˌwɪmɪn
hereinabove,ˌhɪrɪnəˈbʌv
hereinto,ˌhɪrˈɪntu
hereof,hɪrˈɒv
hereticates,həˈrɛtɪˌkeɪts
hereto,hɪrˈtu
hereunto,ˌhɪriˈʌntu
herniates,ˈhɜrniˌeɪts
heroises,ˈhɪroʊˌaɪzəz
heroizes,ˈhɪroʊˌaɪzəz
herries,ˈhɛriz
herringbones,ˈhɛrɪŋˌboʊnz
hesitates,ˈhɛzɪˌteɪts
hesitative,ˈhɛzɪˌteɪtɪv
hetcheled,ˈhɛtʃəld
hetchels,ˈhɛtʃəlz
heterodynes,ˈhɛtərəˌdaɪnz
heterogangliate,ˌhɛtərəˈɡæŋɡliˌeɪt
hewed,hjud
hews,hjuz
hexed,hɛkst
hexes,ˈhɛksəz
hibachi,hɪˈbɑtʃi
hibachis,hɪˈbɑtʃiz
hibernates,ˈhaɪbərˌneɪts
hibernicises,ˈhaɪbərnɪˌsaɪzəz
hibernicizes,ˈhaɪbərnɪˌsaɪzəz
hiccough,ˈhɪkəp
hiccoughed,ˈhɪkəpt
hiccoughing,ˈhɪkəpɪŋ
hiccoughs,ˈhɪkəps
hiccuped,ˈhɪkəpt
hiccupped,ˈhɪkəpt
hiccupping,ˈhɪkəpɪŋ
hiccups,ˈhɪkəps
hides,haɪdz
hierarchises,ˈhaɪərəˌkɑrˌsaɪzəz
hierarchizes,ˈhaɪərəˌkɑrˌsaɪzəz
hies,haɪz
higgles,ˈhɪɡəlz
high,haɪ
highball,ˈhaɪˌbɔl
highballed,ˈhaɪˌbɔld
highballing,ˈhaɪˌbɔlɪŋ
highballs,ˈhaɪˌbɔlz
highbinder,ˈhaɪˌbaɪndər
highbinders,ˈhaɪˌbaɪndərz
highborn,ˈhaɪˈbɔrn
highboy,ˈhaɪˌbɔɪ
highboys,ˈhaɪˌbɔɪz
highbred,ˈhaɪˈbrɛd
highbrow,ˈhaɪˌbraʊ
highbrowed,ˈhaɪˌbraʊd
highbrowism,ˈhaɪˌbraʊɪzəm
highbrowisms,ˈhaɪˌbraʊɪzəmz
highbrows,ˈhaɪˌbraʊz
highbush,ˈhaɪˌbʊʃ
highchair,ˈhaɪˌtʃɛr
highchairs,ˈhaɪˌtʃɛrz
higher,ˈhaɪər
highering,ˈhaɪərɪŋ
highest,ˈhaɪɪst
highfalutin,ˌhaɪfəˈluːtɪn
highfaluting,ˌhaɪfəˈluːtɪŋ
highflier,ˈhaɪˌflaɪər
highfliers,ˈhaɪˌflaɪərz
highflyer,ˈhaɪˌflaɪər
highflyers,ˈhaɪˌflaɪərz
highflying,ˈhaɪˌflaɪɪŋ
highhanded,ˈhaɪˈhændɪd
highhandedly,ˈhaɪˈhændɪdli
highhandedness,ˈhaɪˈhændɪdnəs
highjack,ˈhaɪˌdʒæk
highjacked,ˈhaɪˌdʒækt
highjacking,ˈhaɪˌdʒækɪŋ
highjacks,ˈhaɪˌdʒæks
highland,ˈhaɪlənd
highlander,ˈhaɪləndər
highlanders,ˈhaɪləndərz
highlandry,ˈhaɪləndri
highlands,ˈhaɪləndz
highlife,ˈhaɪˌlaɪf
highlifes,ˈhaɪˌlaɪfs
highlight,ˈhaɪˌlaɪt
highlighted,ˈhaɪˌlaɪtɪd
highlighter,ˈhaɪˌlaɪtər
highlighters,ˈhaɪˌlaɪtərz
highlighting,ˈhaɪˌlaɪtɪŋ
highlights,ˈhaɪˌlaɪts
highly,ˈhaɪli
highman,ˈhaɪmən
highmen,ˈhaɪmən
highmost,ˈhaɪˌmoʊst
highness,ˈhaɪnəs
highpitched,ˈhaɪˈpɪtʃt
highpowered,ˈhaɪˈpaʊərd
highroad,ˈhaɪˌroʊd
highroads,ˈhaɪˌroʊdz
highs,haɪz
highschool,ˈhaɪˌskul
highschools,ˈhaɪˌskulz
highspot,ˈhaɪˌspɒt
highspots,ˈhaɪˌspɒts
hight,haɪt
hightail,ˈhaɪˌteɪl
hightailed,ˈhaɪˌteɪld
hightailing,ˈhaɪˌteɪlɪŋ
hightails,ˈhaɪˌteɪlz
hightener,ˈhaɪtənər
highteners,ˈhaɪtənərz
highth,haɪθ
highths,haɪθs
highway,ˈhaɪˌweɪ
highwayman,ˈhaɪˌweɪmən
highwaymen,ˈhaɪˌweɪmən
highways,ˈhaɪˌweɪz
hijacked,ˈhaɪˌdʒækt
hijacks,ˈhaɪˌdʒæks
hikes,haɪks
hilled,hɪld
hilloas,hɪˈloʊz
hilloes,hɪˈloʊz
hillos,hɪˈloʊz
hills,hɪlz
hilts,hɪlts
hind,haɪnd
hindberries,ˈhaɪndˌbɛriz
hindberry,ˈhaɪndˌbɛri
hindbrain,ˈhaɪndˌbreɪn
hindbrains,ˈhaɪndˌbreɪnz
hindered,ˈhɪndərd
hindermost,ˈhɪndərmoʊst
hinders,ˈhɪndərz
hindfeet,ˈhaɪndˌfit
hindfoot,ˈhaɪndˌfʊt
hindgut,ˈhaɪndˌɡʌt
hindguts,ˈhaɪndˌɡʌts
hindlimb,ˈhaɪndˌlɪm
hindlimbs,ˈhaɪndˌlɪmz
hindmost,ˈhaɪndˌmoʊst
hindquarter,ˈhaɪndˌkwɔrtər
hindquarters,ˈhaɪndˌkwɔrtərz
hinds,haɪndz
hindsight,ˈhaɪndˌsaɪt
hindsights,ˈhaɪndˌsaɪts
hinges,ˈhɪndʒəz
hinniates,ˈhɪniˌeɪts
hinnies,ˈhɪniz
hints,hɪnts
hipped,hɪpt
hips,hɪps
hires,ˈhaɪərz
hirples,ˈhɜrpəlz
hirseled,ˈhɜrsəld
hirselled,ˈhɜrsəld
hirselling,ˈhɜrsəlɪŋ
hirsels,ˈhɜrsəlz
hirsles,ˈhɜrsəlz
hispanicises,hɪˈspænɪˌsaɪzəz
hispanicizes,hɪˈspænɪˌsaɪzəz
hissed,hɪst
hisses,ˈhɪsəz
histohaematin,ˈhɪstoʊˈhimətɪn
historicises,hɪˈstɔrəˌsaɪzəz
historicizes,hɪˈstɔrəˌsaɪzəz
historiette,ˌhɪstɔːriˈɛt
historiettes,ˌhɪstɔːriˈɛts
historifies,hɪˈstɔrəˌfaɪz
historizes,ˈhɪstəˌraɪzəz
histrionizes,ˈhɪstriəˌnaɪzəz
hitched,hɪtʃt
hitches,ˈhɪtʃəz
hitchhikes,ˈhɪtʃˌhaɪks
hithermost,ˈhɪðərmoʊst
hitherto,ˌhɪðərˈtu
hits,hɪts
hives,haɪvz
hizzed,hɪzd
hizzes,ˈhɪzəz
hoards,hɔrdz
hoarsened,ˈhɔrsənd
hoarsens,ˈhɔrsənz
hoaxed,hoʊkst
hoaxes,ˈhoʊksəz
hobbed,hɒbd
hobbles,ˈhɒbəlz
hobnailed,ˈhɒbˌneɪld
hobnails,ˈhɒbˌneɪlz
hobnobbed,ˈhɒbˌnɒbd
hobnobs,ˈhɒbˌnɒbz
hoboes,ˈhoʊboʊz
hobos,ˈhoʊboʊz
hobs,hɒbz
hocked,hɒkt
hocks,hɒks
hocused,ˈhoʊkəst
hocuses,ˈhoʊkəsəz
hocussed,ˈhoʊkəst
hocusses,ˈhoʊkəsəz
hoedown,ˈhoʊˌdaʊn
hoedowns,ˈhoʊˌdaʊnz
hoes,hoʊz
hogchain,ˈhɒɡˌtʃeɪn
hogchains,ˈhɒɡˌtʃeɪnz
hogchoker,ˈhɒɡˌtʃoʊkər
hogchokers,ˈhɒɡˌtʃoʊkərz
hogged,hɒɡd
hogh,hɒɡ
hoghs,hɒɡz
hogreeve,ˈhɒɡˌriv
hogreeves,ˈhɒɡˌrivz
hogs,hɒɡz
hogshead,ˈhɒɡzˌhɛd
hogsheads,ˈhɒɡzˌhɛdz
hogties,ˈhɒɡˌtaɪz
hoicked,hɔɪkt
hoicks,hɔɪks
hoises,ˈhɔɪzəz
hoists,hɔɪsts
hoits,hɔɪts
hokes,hoʊks
holds,hoʊldz
holes,hoʊlz
holidayed,ˈhɒləˌdeɪd
holidays,ˈhɒləˌdeɪz
holked,hɒlkt
holks,hɒlks
hollaed,hɒˈlɑd
hollas,hɒˈlɑz
hollered,ˈhɒlərd
hollers,ˈhɒlərz
holloes,ˈhɒloʊz
hollos,ˈhɒloʊz
hollowed,ˈhɒloʊd
hollows,ˈhɒloʊz
holographed,ˈhɒləˌɡræft
holographs,ˈhɒləˌɡræfs
holped,hoʊlpt
holps,hoʊlps
holstered,ˈhoʊlstərd
holsters,ˈhoʊlstərz
holystones,ˈhoʊliˌstoʊnz
homages,ˈhɒmɪdʒəz
homebuilder,ˈhoʊmˌbɪldər
homebuilders,ˈhoʊmˌbɪldərz
homebuilding,ˈhoʊmˌbɪldɪŋ
homebuilt,ˈhoʊmˌbɪlt
homered,ˈhoʊmərd
homers,ˈhoʊmərz
homes,hoʊmz
homeschooled,ˈhoʊmˌskuld
homeschools,ˈhoʊmˌskulz
homestead,ˈhoʊmˌstɛd
homesteaded,ˈhoʊmˌstɛdɪd
homesteader,ˈhoʊmˌstɛdər
homesteaders,ˈhoʊmˌstɛdərz
homesteading,ˈhoʊmˌstɛdɪŋ
homesteads,ˈhoʊmˌstɛdz
hometown,ˈhoʊmˌtaʊn
hometowns,ˈhoʊmˌtaʊnz
hominizes,ˈhɒmɪˌnaɪzəz
homoeomorphous,ˌhoʊmioʊˈmɔrfəs
homoeothermal,ˌhoʊmioʊˈθɜrməl
homoeozoic,ˌhoʊmioʊˈzoʊɪk
homogangliate,ˌhoʊmoʊˈɡæŋɡliˌeɪt
homogenate,hoʊˈmɒdʒəˌneɪt
homogenates,hoʊˈmɒdʒəˌneɪts
homogenises,hoʊˈmɒdʒəˌnaɪzəz
homogenizes,hoʊˈmɒdʒəˌnaɪzəz
homologates,həˈmɒləˌɡeɪts
homologises,həˈmɒləˌɡaɪzəz
homologizes,həˈmɒləˌɡaɪzəz
homologoumena,həˌmɒləˈɡuːmɪnə
honcho,ˈhɒntʃoʊ
honchoed,ˈhɒntʃoʊd
honchoing,ˈhɒntʃoʊɪŋ
honchos,ˈhɒntʃoʊz
hondles,ˈhɒndəlz
hones,hoʊnz
honey,ˈhʌni
honeybee,ˈhʌniˌbi
honeybees,ˈhʌniˌbiz
honeybird,ˈhʌniˌbɜrd
honeybun,ˈhʌniˌbʌn
honeybunch,ˈhʌniˌbʌntʃ
honeybunches,ˈhʌniˌbʌntʃəz
honeybuns,ˈhʌniˌbʌnz
honeycomb,ˈhʌniˌkoʊm
honeycombed,ˈhʌniˌkoʊmd
honeycombing,ˈhʌniˌkoʊmbɪŋ
honeycombs,ˈhʌniˌkoʊmz
honeycreeper,ˈhʌniˌkripər
honeycreepers,ˈhʌniˌkripərz
honeydew,ˈhʌniˌdu
honeydews,ˈhʌniˌduz
honeyeater,ˈhʌniˌitər
honeyeaters,ˈhʌniˌitərz
honeyed,ˈhʌnid
honeyful,ˈhʌnifəl
honeyguide,ˈhʌniˌɡaɪd
honeyguides,ˈhʌniˌɡaɪdz
honeying,ˈhʌniɪŋ
honeyless,ˈhʌniləs
honeymoon,ˈhʌniˌmun
honeymooned,ˈhʌniˌmund
honeymooner,ˈhʌniˌmunər
honeymooners,ˈhʌniˌmunərz
honeymooning,ˈhʌniˌmunɪŋ
honeymoons,ˈhʌniˌmunz
honeypot,ˈhʌniˌpɒt
honeypots,ˈhʌniˌpɒts
honeys,ˈhʌniz
honeystone,ˈhʌniˌstoʊn
honeysucker,ˈhʌniˌsʌkər
honeysuckle,ˈhʌniˌsʌkəl
honeysuckled,ˈhʌniˌsʌkəld
honeysuckles,ˈhʌniˌsʌkəlz
honeyware,ˈhʌniˌwɛr
honeywort,ˈhʌniˌwɜrt
honeyworts,ˈhʌniˌwɜrts
honied,ˈhʌnid
honked,hɒŋkt
honks,hɒŋks
honored,ˈɒnərd
honors,ˈɒnərz
honoured,ˈɒnərd
honours,ˈɒnərz
hooch,hutʃ
hooches,ˈhutʃəz
hoochie,ˈhutʃi
hoochies,ˈhutʃiz
hoodoos,ˈhuduːz
hoods,hʊdz
hoodwinked,ˈhʊdˌwɪŋkt
hoodwinks,ˈhʊdˌwɪŋks
hoofed,hʊft
hoofs,hʊfs
hooked,hʊkt
hooks,hʊks
hooped,hupt
hoops,hups
hoorahed,hʊˈrɑd
hoorahs,hʊˈrɑz
hoorayed,hʊˈreɪd
hoorays,hʊˈreɪz
hoosegow,ˈhusˌɡaʊ
hoosegows,ˈhusˌɡaʊz
hoosgow,ˈhusˌɡaʊ
hoosgows,ˈhusˌɡaʊz
hoots,huts
hoove,huv
hooved,huvd
hooves,huvz
hopbind,ˈhɒpˌbaɪnd
hopbinds,ˈhɒpˌbaɪndz
hopes,hoʊps
hophead,ˈhɒpˌhɛd
hopheads,ˈhɒpˌhɛdz
hopped,hɒpt
hopples,ˈhɒpəlz
hops,hɒps
hopscotched,ˈhɒpˌskɒtʃt
hopscotches,ˈhɒpˌskɒtʃəz
horde,hɔrd
hordes,hɔrdz
horked,hɔrkt
horks,hɔrks
horned,hɔrnd
hornifies,ˈhɔrnəˌfaɪz
horns,hɔrnz
hornswoggles,ˈhɔrnˌswɒɡəlz
hornyhead,ˈhɔrniˌhɛd
hornyheads,ˈhɔrniˌhɛdz
horrifies,ˈhɔrəˌfaɪz
horsefeathers,ˈhɔrsˌfɛðərz
horsehead,ˈhɔrsˌhɛd
horseheads,ˈhɔrsˌhɛdz
horselaugh,ˈhɔrsˌlæf
horselaughs,ˈhɔrsˌlæfs
horsepower,ˈhɔrsˌpaʊər
horsepowers,ˈhɔrsˌpaʊərz
horses,ˈhɔrsəz
horseshoe,ˈhɔrsˌʃu
horseshoed,ˈhɔrsˌʃud
horseshoeing,ˈhɔrsˌʃuɪŋ
horseshoer,ˈhɔrsˌʃuər
horseshoers,ˈhɔrsˌʃuərz
horseshoes,ˈhɔrsˌʃuz
horsetrades,ˈhɔrsˌtreɪdz
horsewhipped,ˈhɔrsˌwɪpt
horsewhips,ˈhɔrsˌwɪps
horsewomen,ˈhɔrsˌwɪmɪn
hortative,ˈhɔrtətɪv
hortatively,ˈhɔrtətɪvli
hoses,ˈhoʊzəz
hospitalises,ˈhɒspɪtəˌlaɪzəz
hospitalizes,ˈhɒspɪtəˌlaɪzəz
hospitaller,ˈhɒspɪˌtælər
hospitallers,ˈhɒspɪˌtælərz
host,hoʊst
hosteled,ˈhɒstəld
hostelled,ˈhɒstəld
hosteller,ˈhɒstələr
hostellers,ˈhɒstələrz
hostelling,ˈhɒstəlɪŋ
hostels,ˈhɒstəlz
hostessed,ˈhoʊstɪst
hostesses,ˈhoʊstɪsəz
hostilizes,ˈhɒstəˌlaɪzəz
hostless,ˈhoʊstləs
hostly,ˈhoʊstli
hostname,ˈhoʊstˌneɪm
hostnames,ˈhoʊstˌneɪmz
hosts,hoʊsts
hotblood,ˈhɒtˌblʌd
hotbloods,ˈhɒtˌblʌdz
hotched,hɒtʃt
hotches,ˈhɒtʃəz
hotdogged,ˈhɒtˌdɒɡd
hotdogs,ˈhɒtˌdɒɡz
hotes,hoʊts
hotfoots,ˈhɒtˌfʊts
hothead,ˈhɒtˌhɛd
hotheaded,ˈhɒtˌhɛdɪd
hotheadedly,ˈhɒtˌhɛdɪdli
hotheadedness,ˈhɒtˌhɛdɪdnəs
hotheads,ˈhɒtˌhɛdz
hotpressed,ˈhɒtˌprɛst
hotpresses,ˈhɒtˌprɛsəz
hots,hɒts
hotwires,ˈhɒtˌwaɪərz
houghed,hɒkt
houghs,hɒks
hounds,haʊndz
house,haʊs
housebreak,ˈhaʊsˌbreɪk
housebreaker,ˈhaʊsˌbreɪkər
housebreakers,ˈhaʊsˌbreɪkərz
housebreaking,ˈhaʊsˌbreɪkɪŋ
housebreakings,ˈhaʊsˌbreɪkɪŋz
housebreaks,ˈhaʊsˌbreɪks
housebuilder,ˈhaʊsˌbɪldər
housebuilders,ˈhaʊsˌbɪldərz
housebuilding,ˈhaʊsˌbɪldɪŋ
housed,haʊzd
houseguest,ˈhaʊsˌɡɛst
houseguests,ˈhaʊsˌɡɛsts
houseled,ˈhaʊzəld
houselight,ˈhaʊsˌlaɪt
houselights,ˈhaʊsˌlaɪts
houselled,ˈhaʊzəld
houselling,ˈhaʊzəlɪŋ
housels,ˈhaʊzəlz
houses,ˈhaʊzəz
housesits,ˈhaʊsˌsɪts
housewright,ˈhaʊsˌraɪt
housewrights,ˈhaʊsˌraɪts
housing,ˈhaʊzɪŋ
hoveled,ˈhɒvəld
hovelled,ˈhɒvəld
hoveller,ˈhɒvələr
hovellers,ˈhɒvələrz
hovelling,ˈhɒvəlɪŋ
hovels,ˈhɒvəlz
hovered,ˈhʌvərd
hovers,ˈhʌvərz
how,haʊ
howdah,ˈhaʊdə
howdahs,ˈhaʊdəz
howdie,ˈhaʊdi
howdies,ˈhaʊdiz
howdy,ˈhaʊdi
howe,haʊ
howel,ˈhaʊəl
howels,ˈhaʊəlz
howes,haʊz
however,haʊˈɛvər
howitzer,ˈhaʊɪtsər
howitzers,ˈhaʊɪtsərz
howk,haʊk
howked,haʊkt
howker,ˈhaʊkər
howkers,ˈhaʊkərz
howking,ˈhaʊkɪŋ
howks,haʊks
howl,haʊl
howled,haʊld
howler,ˈhaʊlər
howlers,ˈhaʊlərz
howlet,ˈhaʊlɪt
howlets,ˈhaʊlɪts
howling,ˈhaʊlɪŋ
howls,haʊlz
hows,haʊz
howso,ˈhaʊsoʊ
howsoever,ˌhaʊsoʊˈɛvər
howve,haʊv
howves,haʊvz
hoxed,hɒkst
hoxes,ˈhɒksəz
hucked,hʌkt
hucks,hʌks
huckstered,ˈhʌkstərd
hucksters,ˈhʌkstərz
huddles,ˈhʌdəlz
huffed,hʌft
huffs,hʌfs
hugged,hʌɡd
huggles,ˈhʌɡəlz
hugs,hʌɡz
hulch,hʌltʃ
hulches,ˈhʌltʃəz
hulchy,ˈhʌltʃi
hulked,hʌlkt
hulks,hʌlks
hulled,hʌld
hulls,hʌlz
humanifies,ˈhjumənəˌfaɪz
humanises,ˈhjuməˌnaɪzəz
humanizes,ˈhjuməˌnaɪzəz
humankind,ˈhjumənˌkaɪnd
humblehead,ˈhʌmbəlˌhɛd
humbles,ˈhʌmbəlz
humbugged,ˈhʌmˌbʌɡd
humbugs,ˈhʌmˌbʌɡz
humectates,hjuˈmɛkˌteɪts
humective,hjuˈmɛktɪv
humects,hjuˈmɛkts
humidifies,hjuˈmɪdəˌfaɪz
humifies,ˈhjuməˌfaɪz
humiliates,hjuˈmɪliˌeɪts
hummed,hʌmd
hummeled,ˈhʌməld
hummelled,ˈhʌməld
hummeller,ˈhʌmələr
hummellers,ˈhʌmələrz
hummelling,ˈhʌməlɪŋ
hummels,ˈhʌməlz
hummocked,ˈhʌməkt
humored,ˈhjumərd
humoresque,ˌhjuməˈrɛsk
humoresques,ˌhjuməˈrɛsks
humorizes,ˈhjuməˌraɪzəz
humors,ˈhjumərz
humorsome,ˈhjumərsəm
humorsomely,ˈhjumərsəmli
humorsomeness,ˈhjumərsəmnəs
humoured,ˈhjumərd
humours,ˈhjumərz
humoursome,ˈhjumərsəm
humoursomely,ˈhjumərsəmli
humoursomeness,ˈhjumərsəmnəs
humpbacked,ˈhʌmpˌbækt
humped,hʌmpt
humphed,hʌmft
humphs,hʌmfs
humps,hʌmps
hums,hʌmz
hunch,hʌntʃ
hunchback,ˈhʌntʃˌbæk
hunchbacked,ˈhʌntʃˌbækt
hunchbacks,ˈhʌntʃˌbæks
hunched,hʌntʃt
hunches,ˈhʌntʃəz
hunching,ˈhʌntʃɪŋ
hundredweight,ˈhʌndrədˌweɪt
hundredweights,ˈhʌndrədˌweɪts
hungered,ˈhʌŋɡərd
hungers,ˈhʌŋɡərz
hunkered,ˈhʌŋkərd
hunkers,ˈhʌŋkərz
hunts,hʌnts
hurdles,ˈhɜrdəlz
hurled,hɜrld
hurls,hɜrlz
hurrahed,hʊˈrɑd
hurrahs,hʊˈrɑz
hurrayed,hʊˈreɪd
hurrays,hʊˈreɪz
hurries,ˈhɜriz
hurtles,ˈhɜrtəlz
hurts,hɜrts
husbands,ˈhʌzbəndz
hushed,hʌʃt
hushes,ˈhʌʃəz
husked,hʌskt
husks,hʌsks
hustle,ˈhʌsəl
hustled,ˈhʌsəld
hustler,ˈhʌsələr
hustlers,ˈhʌsələrz
hustles,ˈhʌsəlz
hustling,ˈhʌsəlɪŋ
hutched,hʌtʃt
hutches,ˈhʌtʃəz
huzzaed,həˈzɑd
huzzahed,həˈzɑd
huzzahs,həˈzɑz
huzzas,həˈzɑz
hyalinises,ˈhaɪəlɪˌnaɪzəz
hyalinizes,ˈhaɪəlɪˌnaɪzəz
hybridises,ˈhaɪbrɪˌdaɪzəz
hybridizes,ˈhaɪbrɪˌdaɪzəz
hydrates,ˈhaɪˌdreɪts
hydrocracked,ˈhaɪdroʊˌkrækt
hydrocracks,ˈhaɪdroʊˌkræks
hydrogenates,haɪˈdrɒdʒəˌneɪts
hydrogenises,haɪˈdrɒdʒəˌnaɪzəz
hydrogenizes,haɪˈdrɒdʒəˌnaɪzəz
hydrolyses,haɪˈdrɒləzəz
hydrolyses,haɪˈdrɑːləˌzɪz
hydrolyzes,ˈhaɪdrəˌlaɪzəz
hydroplanes,ˈhaɪdroʊˌpleɪnz
hydropower,ˈhaɪdroʊˌpaʊər
hydroxylates,haɪˈdrɑːksəˌleɪts
hyemates,ˈhaɪəˌmeɪts
hymned,hɪmd
hymns,hɪmz
hyperactive,ˌhaɪpərˈæktɪv
hyperaggressive,ˌhaɪpər.əˈɡrɛsɪv
hyperbolises,haɪˈpɜːrbəˌlaɪzɪz
hyperbolizes,haɪˈpɜːrbəˌlaɪzəz
hypercharge,ˈhaɪpərˌtʃɑːrdʒ
hypercharged,ˈhaɪpərˌtʃɑːrdʒd
hypercharges,ˈhaɪpərˌtʃɑːrdʒɪz
hypercompetitive,ˌhaɪpərkəmˈpɛtətɪv
hypercriticises,ˌhaɪpərˈkrɪtəˌsaɪzɪz
hypercriticizes,ˌhaɪpərˈkrɪtəˌsaɪzəz
hyperdeveloped,ˌhaɪpərdiˈvɛləpt
hyperextends,ˌhaɪpərɪkˈstɛndz
hyperimmunises,ˌhaɪpərˈɪmjʊˌnaɪzɪz
hyperimmunizes,ˌhaɪpərˈɪmjʊˌnaɪzəz
hypermasculine,ˌhaɪpərˈmæskjəlɪn
hyperpolarises,ˌhaɪpərˈpoʊləˌraɪzɪz
hyperpolarizes,ˌhaɪpərˈpoʊləˌraɪzəz
hyperreactive,ˌhaɪpərriˈæktɪv
hyperresponsive,ˌhaɪpərriˈspɑːnsɪv
hypersalivates,ˌhaɪpərˈsæləˌveɪts
hypersecretes,ˌhaɪpɚsɪˈkɹits
hypersensitive,ˌhaɪpɚˈsɛnsɪtɪv
hypersensitizes,ˌhaɪpɚˈsɛnsɪˌtaɪzɪz
hyperstimulates,ˌhaɪpɚˈstɪmjəˌleɪts
hypertensive,ˌhaɪpɚˈtɛnsɪv
hyperventilates,ˌhaɪpɚˈvɛntɪˌleɪts
hypes,haɪps
hyphenates,ˈhaɪfəˌneɪts
hyphened,ˈhaɪfənd
hyphens,ˈhaɪfənz
hypnotises,ˈhɪpnəˌtaɪzɪz
hypnotizes,ˈhɪpnəˌtaɪzɪz
hypoactive,ˌhaɪpoʊˈæktɪv
hypocrite,ˈhɪpəˌkɹɪt
hypocritely,ˈhɪpəkrɪtli
hypocrites,ˈhɪpəˌkɹɪts
hypophysectomizes,haɪˌpɑfəˈsɛktəˌmaɪzɪz
hyposensitises,ˌhaɪpoʊˈsɛnsɪˌtaɪzɪz
hyposensitizes,ˌhaɪpoʊˈsɛnsɪˌtaɪzɪz
hypostasises,haɪˈpɑstəˌsaɪzɪz
hypostasizes,haɪˈpɑstəˌmaɪzɪz
hypostatises,haɪˈpɑstəˌtaɪzɪz
hypostatizes,haɪˈpɑstəˌtaɪzɪz
hypotensive,ˌhaɪpoʊˈtɛnsɪv
hypotensives,ˌhaɪpoʊˈtɛnsɪvz
hypothecates,haɪˈpɑθəˌkeɪts
hypothesises,haɪˈpɑθəˌsaɪzɪz
hypothesizes,haɪˈpɑθəˌsaɪzɪz
hysterectomises,ˌhɪstəˈrɛktəˌmaɪzɪz
hysterectomizes,ˌhɪstəˈrɛktəˌmaɪzɪz
iambizes,aɪˈæmbaɪzɪz
icebreaker,ˈaɪsˌbɹeɪkɚ
icebreakers,ˈaɪsˌbɹeɪkɚz
ices,ˈaɪsɪz
idealises,aɪˈdiəˌlaɪzɪz
idealizes,aɪˈdiəˌlaɪzɪz
ideates,ˈaɪdiˌeɪts
ideative,ˈaɪdiˌeɪtɪv
identifies,aɪˈdɛntəˌfaɪz
ideogramic,ˌaɪdiəˈɡɹæmɪk
ideologises,ˌaɪdiˈɑləˌdʒaɪzɪz
ideologizes,ˌaɪdiˈɑləˌdʒaɪzɪz
idles,ˈaɪdəlz
idolises,ˈaɪdəˌlaɪzɪz
idolizes,ˈaɪdəˌlaɪzɪz
iglu,ˈɪɡlu
iglus,ˈɪɡluz
ignifies,ˈɪɡnəˌfaɪz
ignites,ɪɡˈnaɪts
ignores,ɪɡˈnɔɹz
illative,ɪˈleɪtɪv
illatively,ɪˈleɪtɪvli
illatives,ɪˈleɪtɪvz
illegalizes,ɪˈliɡəˌlaɪzɪz
illegitimate,ˌɪlɪˈdʒɪtəmət
illegitimately,ˌɪlɪˈdʒɪtəmətli
illegitimates,ˌɪlɪˈdʒɪtəˌmeɪts,(verb),or,ˌɪlɪˈdʒɪtəˌməts,(noun)
illiterate,ɪˈlɪtəɹət
illiterately,ɪˈlɪtəɹətli
illiterateness,ɪˈlɪtəɹətnəs
illiterates,ɪˈlɪtəɹəts
illumes,ɪˈlumz
illuminates,ɪˈluməˌneɪts
illuminative,ɪˈluməˌneɪtɪv
illumine,ɪˈlumən
illumined,ɪˈlumənd
illumines,ɪˈlumənz
illusive,ɪˈlusɪv
illusively,ɪˈlusɪvli
illusiveness,ɪˈlusɪvnəs
illustrates,ˈɪləˌstɹeɪts
illustrative,ɪˈlʌstɹətɪv
illustratively,ɪˈlʌstɹətɪvli
illuviates,ɪˈluviˌeɪts
images,ˈɪmədʒɪz
imaginative,ɪˈmædʒənətɪv
imaginatively,ɪˈmædʒənətɪvli
imaginativeness,ɪˈmædʒənətɪvnəs
imagine,ɪˈmædʒən
imagined,ɪˈmædʒənd
imagines,ɪˈmædʒənz
imbalm,ɪmˈbɑm
imbalmed,ɪmˈbɑmd
imbalmer,ɪmˈbɑmɚ
imbalmers,ɪmˈbɑmɚz
imbalming,ɪmˈbɑmɪŋ
imbalms,ɪmˈbɑmz
imbarked,ɪmˈbɑɹkt
imbarks,ɪmˈbɑɹks
imbeds,ɪmˈbɛdz
imbibes,ɪmˈbaɪbz
imbittered,ɪmˈbɪtɚd
imbitters,ɪmˈbɪtɚz
imblazes,ɪmˈbleɪzɪz
imbodies,ɪmˈbɑdiz
imboldened,ɪmˈboʊldənd
imboldens,ɪmˈboʊldənz
imbosomed,ɪmˈbʊzəmd
imbosoms,ɪmˈbʊzəmz
imbower,ɪmˈbaʊɚ
imbowered,ɪmˈbaʊɚd
imbowering,ɪmˈbaʊɚɪŋ
imbowers,ɪmˈbaʊɚz
imbricate,ˈɪmbɹɪkət
imbricates,ˈɪmbɹɪˌkeɪts
imbrown,ɪmˈbɹaʊn
imbrowned,ɪmˈbɹaʊnd
imbrowning,ɪmˈbɹaʊnɪŋ
imbrowns,ɪmˈbɹaʊnz
imbrues,ɪmˈbɹuz
imbrutes,ɪmˈbɹuts
imbues,ɪmˈbjuz
imitates,ˈɪmɪˌteɪts
imitative,ˈɪmɪˌteɪtɪv
imitatively,ˈɪmɪˌteɪtɪvli
imitativeness,ˈɪmɪˌteɪtɪvnəs
immaculate,ɪˈmækjələt
immaculately,ɪˈmækjələtli
immaculateness,ɪˈmækjələtnəs
immaterializes,ˌɪməˈtɪɹiəˌlaɪzɪz
immeasurable,ɪˈmɛʒɚəbəl
immeasurableness,ɪˈmɛʒɚəbəlnəs
immeasurably,ɪˈmɛʒɚəbli
immediate,ɪˈmidiət
immediately,ɪˈmidiətli
immediateness,ɪˈmidiətnəs
immerges,ɪˈmɝdʒɪz
immerses,ɪˈmɝsɪz
immeshed,ɪmˈmɛʃt
immeshes,ɪmˈmɛʃɪz
immigrates,ˈɪmɪˌɡɹeɪts
immingles,ɪˈmɪŋɡəlz
immixed,ɪˈmɪkst
immixes,ɪˈmɪksɪz
immobilises,ɪˈmoʊbəˌlaɪzɪz
immobilizes,ɪˈmoʊbəˌlaɪzɪz
immoderate,ɪˈmɑdɚət
immoderately,ɪˈmɑdɚətli
immoderateness,ɪˈmɑdɚətnəs
immolates,ˈɪməˌleɪts
immortalises,ɪˈmɔɹtəˌlaɪzɪz
immortalizes,ɪˈmɔɹtəˌlaɪzɪz
immovability,ɪˌmuvəˈbɪlɪti
immovable,ɪˈmuvəbəl
immovableness,ɪˈmuvəbəlnəs
immovables,ɪˈmuvəbəlz
immovably,ɪˈmuvəbli
immunises,ˈɪmjəˌnaɪzɪz
immunizes,ˈɪmjəˌnaɪzɪz
immunoprecipitate,ˌɪmjənoʊpɹɪˈsɪpɪˌteɪt
immunoprecipitates,ˌɪmjənoʊpɹɪˈsɪpɪˌteɪts,(verb),or,ˌɪmjənoʊpɹɪˈsɪpɪˌtəts,(noun)
immunoreactive,ˌɪmjənoʊɹiˈæktɪv
immunosuppressed,ˌɪmjənoʊsəˈpɹɛst
immunosuppresses,ˌɪmjənoʊsəˈpɹɛsɪz
immunosuppressive,ˌɪmjənoʊsəˈpɹɛsɪv
immures,ɪˈmjʊɹz
impactive,ɪmˈpæktɪv
impactively,ɪmˈpæktɪvli
impacts,ˈɪmpækts
impaints,ɪmˈpeɪnts
impaired,ɪmˈpɛɹd
impairs,ɪmˈpɛɹz
impales,ɪmˈpeɪlz
impaneled,ɪmˈpænəld
impanelled,ɪmˈpænəld
impanelling,ɪmˈpænəlɪŋ
impanels,ɪmˈpænəlz
imparadises,ɪmˈpæɹəˌdaɪsɪz
imparked,ɪmˈpɑɹkt
imparks,ɪmˈpɑɹks
imparts,ɪmˈpɑɹts
impassioned,ɪmˈpæʃənd
impassions,ɪmˈpæʃənz
impassive,ɪmˈpæsɪv
impassively,ɪmˈpæsɪvli
impassiveness,ɪmˈpæsɪvnəs
impastes,ɪmˈpeɪsts
impatched,ɪmˈpitʃt
impawned,ɪmˈpɔnd
impawns,ɪmˈpɔnz
impeach,ɪmˈpitʃ
impeachable,ɪmˈpitʃəbəl
impeached,ɪmˈpiːtʃt
impeaches,ɪmˈpitʃɪz
impeaching,ɪmˈpitʃɪŋ
impeachment,ɪmˈpitʃmənt
impeachments,ɪmˈpitʃmǝnts
impearl,ɪmˈpɝl
impearled,ɪmˈpɝld
impearling,ɪmˈpɝlɪŋ
impearls,ɪmˈpɝlz
imped,ɪmpt
impedes,ɪmˈpidz
impelled,ɪmˈpɛld
impels,ɪmˈpɛlz
impends,ɪmˈpɛndz
imperative,ɪmˈpɛɹətɪv
imperatively,ɪmˈpɛɹətɪvli
imperativeness,ɪmˈpɛɹətɪvnəs
imperatives,ɪmˈpɛɹətɪvz
imperceivable,ˌɪmpɚˈsivəbəl
imperceptive,ˌɪmpɚˈsɛptɪv
imperceptiveness,ˌɪmpɚˈsɛptɪvnəs
imperfective,ˌɪmpɚˈfɛktɪv
imperfectives,ˌɪmpɚˈfɛktɪvz
imperforate,ɪmˈpɝfəɹət
imperforates,ɪmˈpɝfəˌɹeɪts
imperiled,ɪmˈpɛɹəld
imperilled,ɪmˈpɛɹəld
imperilling,ɪmˈpɛɹəlɪŋ
imperils,ɪmˈpɛɹəlz
impersonalizes,ɪmˈpɝsənəˌlaɪzɪz
impersonates,ɪmˈpɝsəˌneɪts
impetrates,ˈɪmpəˌtɹeɪts
impinges,ɪmˈpɪndʒɪz
implants,ɪmˈplænts
impleads,ɪmˈplidz
impledges,ɪmˈplɛdʒɪz
implements,ˈɪmpləmənts
implicates,ˈɪmplɪˌkeɪts
implicative,ɪmˈplɪkətɪv
implicatively,ɪmˈplɪkətɪvli
implicativeness,ɪmˈplɪkətɪvnəs
implies,ɪmˈplaɪz
implodes,ɪmˈploʊdz
implores,ɪmˈplɔɹz
implosive,ɪmˈploʊsɪv
implosively,ɪmˈploʊsɪvli
implosives,ɪmˈploʊsɪvz
impones,ɪmˈpoʊnz
imports,ˈɪmpɔɹts
importunate,ɪmˈpɔɹtʃənət
importunately,ɪmˈpɔɹtʃənətli
importunateness,ɪmˈpɔɹtʃənətnəs
imposes,ɪmˈpoʊzɪz
impost,ˈɪmpoʊst
imposts,ˈɪmpoʊsts
impounds,ɪmˈpaʊndz
impoverished,ɪmˈpɑvɹɪʃt
impoverishes,ɪmˈpɑvɹɪʃɪz
impower,ɪmˈpaʊɚ
impowered,ɪmˈpaʊɚd
impowering,ɪmˈpaʊɚɪŋ
impowers,ɪmˈpaʊɚz
imprecates,ˈɪmpɹɪˌkeɪts
impregnates,ɪmˈpɹɛɡˌneɪts
impressed,ɪmˈpɹɛst
impresses,ɪmˈpɹɛsɪz
impressive,ɪmˈpɹɛsɪv
impressively,ɪmˈpɹɛsɪvli
impressiveness,ɪmˈpɹɛsɪvnəs
imprints,ˈɪmpɹɪnts
imprisoned,ɪmˈpɹɪzənd
imprisons,ɪmˈpɹɪzənz
improvabilities,ɪmˌpɹuvəˈbɪlɪtiz
improvability,ɪmˌpɹuvəˈbɪlɪti
improvable,ɪmˈpɹuvəbəl
improve,ɪmˈpɹuv
improved,ɪmˈpɹuvd
improvement,ɪmˈpɹuvmənt
improvements,ɪmˈpɹuvmǝnts
improver,ɪmˈpɹuvɚ
improvers,ɪmˈpɹuvɚz
improves,ɪmˈpɹuvz
improving,ɪmˈpɹuvɪŋ
improvises,ˈɪmpɹəˌvaɪzɪz
impugned,ɪmˈpjumd
impugns,ɪmˈpjumnz
impulses,ˈɪmpʌlsɪz
impulsive,ɪmˈpʌlsɪv
impulsively,ɪmˈpʌlsɪvli
impulsiveness,ɪmˈpʌlsɪvnəs
imputative,ɪmˈpjutətɪv
imputatively,ɪmˈpjutətɪvli
imputes,ɪmˈpjuts
inaccurate,ɪnˈækjəɹət
inaccurately,ɪnˈækjəɹətli
inactivates,ɪnˈæktəˌveɪts
inactive,ɪnˈæktɪv
inactively,ɪnˈæktɪvli
inadequate,ɪnˈædəkwət
inadequately,ɪnˈædəkwətli
inadequateness,ɪnˈædəkwətnəs
inanimate,ɪnˈænəmət
inanimately,ɪnˈænəmətli
inanimateness,ɪnˈænəmətnəs
inapposite,ɪnˈæpəzɪt
inappositely,ɪnˈæpəzɪtli
inappositeness,ɪnˈæpəzɪtnəs
inappreciative,ˌɪnəˈpɹiʃətɪv
inappreciatively,ˌɪnəˈpɹiʃətɪvli
inappreciativeness,ˌɪnəˈpɹiʃətɪvnəs
inapproachability,ˌɪnəpɹoʊtʃəˈbɪlɪti
inapproachable,ˌɪnəˈpɹoʊtʃəbəl
inapproachably,ˌɪnəˈpɹoʊtʃəbli
inappropriate,ˌɪnəˈpɹoʊpɹiət
inappropriately,ˌɪnəˈpɹoʊpɹiətli
inappropriateness,ˌɪnəˈpɹoʊpɹiətnəs
inarch,ɪnˈɑɹtʃ
inarched,ɪnˈɑɹtʃt
inarches,ɪnˈɑɹtʃɪz
inarching,ɪnˈɑɹtʃɪŋ
inarmed,ɪnˈɑɹmd
inarms,ɪnˈɑɹmz
inarticulate,ˌɪnɑɹˈtɪkjələt
inarticulately,ˌɪnɑɹˈtɪkjələtli
inarticulateness,ˌɪnɑɹˈtɪkjələtnəs
inarticulates,ˌɪnɑɹˈtɪkjələts
inasmuch,ˌɪnəzˈmʌtʃ
inattentive,ˌɪnəˈtɛntɪv
inattentively,ˌɪnəˈtɛntɪvli
inattentiveness,ˌɪnəˈtɛntɪvnəs
inaugurates,ɪˈnɔɡjəˌmeɪts
inboards,ˈɪnˌbɔɹdz
inbounds,ˈɪnˌbaʊndz
inbreaking,ˈɪnˌbɹeɪkɪŋ
inbreakings,ˈɪnˌbɹeɪkɪŋz
inbreathes,ɪnˈbɹiðz
inbreeds,ˈɪnˌbɹidz
inbuilt,ˈɪnˌbɪlt
incages,ɪnˈkeɪdʒɪz
incandesces,ˌɪnkænˈdɛsɪz
incapacitates,ˌɪnkəˈpæsəˌteɪts
incarcerates,ɪnˈkɑɹsəˌɹeɪts
incarnadines,ɪnˈkɑɹnəˌdaɪnz
incarnate,ɪnˈkɑɹnət
incarnates,ɪnˈkɑɹnəts
incases,ɪnˈkeɪsɪz
incenses,ɪnˈsɛnsɪz
incentive,ɪnˈsɛntɪv
incentives,ɪnˈsɛntɪvz
inceptive,ɪnˈsɛptɪv
inceptively,ɪnˈsɛptɪvli
inceptives,ɪnˈsɛptɪvz
incepts,ɪnˈsɛpts
inch,ɪntʃ
inched,ɪntʃt
inches,ˈɪntʃɪz
inching,ˈɪntʃɪŋ
inchmeal,ˈɪntʃˌmil
inchoative,ɪnˈkoʊətɪv
inchoatively,ɪnˈkoʊətɪvli
inchoatives,ɪnˈkoʊətɪvz
inchworm,ˈɪntʃˌwɝm
inchworms,ˈɪntʃˌwɝmz
incinerates,ɪnˈsɪnəˌɹeɪts
incises,ɪnˈsaɪzɪz
incisive,ɪnˈsaɪsɪv
incisively,ɪnˈsaɪsɪvli
incisiveness,ɪnˈsaɪsɪvnəs
incites,ɪnˈsaɪts
inclasped,ɪnˈklæspt
inclasps,ɪnˈklæsps
inclines,ɪnˈklaɪnz
inclipped,ɪnˈklɪpt
inclips,ɪnˈklɪps
inclose,ɪnˈkloʊz
inclosed,ɪnˈkloʊzd
incloser,ɪnˈkloʊzɚ
inclosers,ɪnˈkloʊzɚz
incloses,ɪnˈkloʊzɪz
inclosing,ɪnˈkloʊzɪŋ
includes,ɪnˈkludz
inclusive,ɪnˈklusɪv
inclusively,ɪnˈklusɪvli
inclusiveness,ɪnˈklusɪvnəs
income,ˈɪnˌkʌm
incomes,ˈɪnˌkʌmz
incommensurate,ˌɪnkəˈmɛnsəɹət
incommodes,ˌɪnkəˈmoʊdz
incommunicative,ˌɪnkəˈmjunəkətɪv
inconclusive,ˌɪnkənˈklusɪv
inconclusively,ˌɪnkənˈklusɪvli
inconclusiveness,ˌɪnkənˈklusɪvnəs
inconsecutive,ˌɪnkənˈsɛkjətɪv
inconsecutively,ˌɪnkənˈsɛkjətɪvli
inconsecutiveness,ˌɪnkənˈsɛkjətɪvnəs
inconsiderate,ˌɪnkənˈsɪdɚət
inconsiderately,ˌɪnkənˈsɪdɚətli
inconsiderateness,ˌɪnkənˈsɪdɚətnəs
inconveniences,ˌɪnkənˈvinjənsɪz
incoordinate,ˌɪnkoʊˈɔɹdənət
incoordinately,ˌɪnkoʊˈɔɹdənətli
incorporates,ɪnˈkɔɹpəˌɹeɪts
incorporative,ɪnˈkɔɹpəˌɹeɪtɪv
incorpses,ɪnˈkɔɹpsɪz
increases,ɪnˈkɹisɪz
increments,ˈɪŋkɹəmənts
incriminates,ɪnˈkɹɪməˌneɪts
incrossed,ɪnˈkɹɔst
incrosses,ɪnˈkɹɔsɪz
incubates,ˈɪŋkjəˌbeɪts
incubative,ˈɪŋkjəˌbeɪtɪv
inculcates,ɪnˈkʌlˌkeɪts
inculpates,ɪnˈkʌlˌpeɪts
incumbers,ɪnˈkʌmbɚz
incurred,ɪnˈkʊɹd
incurs,ɪnˈkʊɹz
incurvate,ɪnˈkɝvət
incurvates,ɪnˈkɝvəts
incurve,ˈɪnˌkɝv
incurved,ɪnˈkɝvd
incurves,ˈɪnˌkɝvz
incuses,ɪnˈkjuzɪz
indagates,ˈɪndəˌɡeɪts
indebt,ɪnˈdɛt
indebted,ɪnˈdɛtəd
indebtedness,ɪnˈdɛtədnəs
indebting,ɪnˈdɛtɪŋ
indebts,ɪnˈdɛts
indecisive,ˌɪndɪˈsaɪsɪv
indecisively,ˌɪndɪˈsaɪsɪvli
indecisiveness,ˌɪndɪˈsaɪsɪvnəs
indefinite,ɪnˈdɛfənɪt
indefinitely,ɪnˈdɛfənətli
indefiniteness,ɪnˈdɛfənətnəs
indefinites,ɪnˈdɛfənəts
indelicate,ɪnˈdɛlɪkət
indelicately,ɪnˈdɛlɪkətli
indelicateness,ɪnˈdɛlɪkətnəs
indemnifies,ɪnˈdɛmnəˌfaɪz
indents,ɪnˈdɛnts
indentures,ɪnˈdɛntʃɚz
indeterminate,ˌɪndɪˈtɝmənət
indeterminately,ˌɪndɪˈtɝmənətli
indeterminateness,ˌɪndɪˈtɝmənətnəs
indexed,ˈɪndɛkst
indexes,ˈɪndɛksɪz
indianises,ˈɪndiəˌnaɪzɪz
indianizes,ˈɪndiəˌnaɪzɪz
indicates,ˈɪndəˌkeɪts
indicative,ɪnˈdɪkətɪv
indicatively,ɪnˈdɪkətɪvli
indicatives,ɪnˈdɪkətɪvz
indict,ɪnˈdaɪt
indicts,ɪnˈdaɪts
indigenises,ɪnˈdɪdʒəˌnaɪzɪz
indigenizes,ɪnˈdɪdʒəˌnaɪzɪz
indiscipline,ɪnˈdɪsəplən
indisciplined,ɪnˈdɪsəplənd
indiscriminate,ˌɪndɪˈskɹɪmənət
indiscriminately,ˌɪndɪˈskɹɪmənətli
indiscriminateness,ˌɪndɪˈskɹɪmənətnəs
indisposes,ˌɪndɪˈspoʊzɪz
indistinctive,ˌɪndɪˈstɪŋktɪv
indistinctively,ˌɪndɪˈstɪŋktɪvli
indistinctiveness,ˌɪndɪˈstɪŋktɪvnəs
indites,ɪnˈdaɪts
individualises,ˌɪndɪˈvɪdʒuəˌlaɪzɪz
individualizes,ˌɪndɪˈvɪdʒuəˌlaɪzɪz
individuates,ˌɪndɪˈvɪdʒuˌeɪts
indoctrinates,ɪnˈdɑktɹəˌneɪts
indoor,ˈɪnˌdɔɹ
indoors,ɪnˈdɔɹz
indorses,ɪnˈdɔɹsɪz
indow,ɪnˈdaʊ
indowed,ɪnˈdaʊd
indowing,ɪnˈdaʊɪŋ
indows,ɪnˈdaʊz
induces,ɪnˈdusɪz
inductive,ɪnˈdʌktɪv
inductively,ɪnˈdʌktɪvli
inducts,ɪnˈdʌkts
indues,ɪnˈduz
indulges,ɪnˈdʌldʒɪz
induplicate,ɪnˈduplɪkət
indurate,ˈɪndjəɹət
indurates,ˈɪndjəˌɹeɪts
indurative,ˈɪndjəˌɹeɪtɪv
industrialises,ɪnˈdʌstɹiəˌlaɪzɪz
industrializes,ɪnˈdʌstɹiəˌlaɪzɪz
indwelled,ɪnˈdwɛld
indwells,ɪnˈdwɛlz
inearth,ɪnˈɝθ
inearthed,ɪnˈɝθt
inearthing,ɪnˈɝθɪŋ
inearths,ɪnˈɝθs
inebriate,ɪnˈibɹiət
inebriates,ɪnˈibɹieɪts,(verb),or,ɪnˈibɹiəts,(noun)
ineffective,ˌɪnɪˈfɛktɪv
ineffectively,ˌɪnɪˈfɛktɪvli
ineffectiveness,ˌɪnɪˈfɛktɪvnəs
inequivalve,ˌɪnˈɛkwɪˌvælv
inequivalved,ˌɪnˈɛkwɪˌvælvd
inequivalves,ˌɪnˈɛkwɪˌvælvz
inerts,ɪnˈɝts
inexpensive,ˌɪnɪkˈspɛnsɪv
inexpensively,ˌɪnɪkˈspɛnsɪvli
inexpensiveness,ˌɪnɪkˈspɛnsɪvnəs
inexpressive,ˌɪnɪkˈsprɛsɪv
inexpressively,ˌɪnɪkˈsprɛsɪvli
inexpressiveness,ˌɪnɪkˈsprɛsɪvnəs
infalls,ˈɪnˌfɔlz
infantilises,ɪnˈfæntəˌlaɪzɪz
infantilizes,ɪnˈfæntəˌlaɪzɪz
infatuate,ɪnˈfætʃuət
infatuates,ɪnˈfætʃuˌeɪts
infective,ɪnˈfɛktɪv
infects,ɪnˈfɛkts
infeoff,ɪnˈfɛf
infeoffed,ɪnˈfɛft
infeoffing,ɪnˈfɛfɪŋ
infeoffs,ɪnˈfɛfs
inferred,ɪnˈfʊɹd
infers,ɪnˈfʊɹz
infests,ɪnˈfɛsts
infibulates,ɪnˈfɪbjəˌleɪts
infight,ˈɪnˌfaɪt
infighter,ˈɪnˌfaɪtɚ
infighters,ˈɪnˌfaɪtɚz
infighting,ˈɪnˌfaɪtɪŋ
infightings,ˈɪnˌfaɪtɪŋz
infights,ˈɪnˌfaɪts
infiltrates,ɪnˈfɪlˌtɹeɪts
infiltrative,ɪnˈfɪltɹətɪv
infinite,ˈɪnfənət
infinitely,ˈɪnfənətli
infiniteness,ˈɪnfənətnəs
infinites,ɪnˈdɛfənəts
infinites,ˈɪnfənəts
infinitive,ɪnˈfɪnətɪv
infinitively,ɪnˈfɪnətɪvli
infinitives,ɪnˈfɪnətɪvz
infirmed,ɪnˈfɝmd
infirms,ɪnˈfɝmz
infixed,ɪnˈfɪkst
infixes,ɪnˈfɪksɪz
inflames,ɪnˈfleɪmz
inflates,ɪnˈfleɪts
inflective,ɪnˈflɛktɪv
inflects,ɪnˈflɛkts
inflexed,ɪnˈflɛkst
inflexes,ɪnˈflɛksɪz
inflictive,ɪnˈflɪktɪv
inflicts,ɪnˈflɪkts
inflight,ˈɪnˌflaɪt
influences,ˈɪnfluənsɪz
infolds,ɪnˈfoʊldz
informative,ɪnˈfɔɹmətɪv
informatively,ɪnˈfɔɹmətɪvli
informativeness,ɪnˈfɔɹmətɪvnəs
informed,ɪnˈfɔɹmd
informs,ɪnˈfɔɹmz
infought,ˈɪnˌfɔt
infracts,ɪnˈfɹækts
infringes,ɪnˈfɹɪndʒɪz
infuriates,ɪnˈfjʊɹiˌeɪts
infuse,ɪnˈfjuz
infused,ɪnˈfjuzd
infuser,ɪnˈfjuzɚ
infusers,ɪnˈfjuzɚz
infuses,ɪnˈfjuzɪz
infusibility,ɪnˌfjuzəˈbɪlɪti
infusible,ɪnˈfjuzəbəl
infusibleness,ɪnˈfjuzəbəlnəs
infusing,ɪnˈfjuzɪŋ
infusive,ɪnˈfjusɪv
ingathered,ˈɪnˌɡæðɚd
ingathers,ˈɪnˌɡæðɚz
ingestive,ɪnˈdʒɛstɪv
ingests,ɪnˈdʒɛsts
ingots,ˈɪŋɡəts
ingrafts,ɪnˈɡɹæfts
ingrained,ɪnˈɡɹeɪnd
ingrains,ɪnˈɡɹeɪnz
ingratiates,ɪnˈɡɹeɪʃiˌeɪts
ingressive,ɪnˈɡɹɛsɪv
ingressively,ɪnˈɡɹɛsɪvli
ingressiveness,ɪnˈɡɹɛsɪvnəs
ingressives,ɪnˈɡɹɛsɪvz
ingulfed,ɪnˈɡʌlft
ingulfs,ɪnˈɡʌlfs
ingurgitates,ɪnˈɡɝdʒəˌteɪts
inhabits,ɪnˈhæbəts
inhales,ɪnˈheɪlz
inheres,ɪnˈhɪɹz
inherits,ɪnˈhɛɹəts
inhibitive,ɪnˈhɪbətɪv
inhibits,ɪnˈhɪbəts
initialed,ɪˈnɪʃəld
initialises,ɪˈnɪʃəˌlaɪzɪz
initializes,ɪˈnɪʃəˌlaɪzɪz
initialled,ɪˈnɪʃəld
initialling,ɪˈnɪʃəlɪŋ
initiates,ɪˈnɪʃiˌeɪts
initiative,ɪˈnɪʃətɪv
initiatives,ɪˈnɪʃətɪvz
injective,ɪnˈdʒɛktɪv
injectives,ɪnˈvɛktɪvz
injects,ɪnˈdʒɛkts
injunctive,ɪnˈdʒʌŋktɪv
injure,ˈɪndʒɚ
injured,ˈɪndʒɚd
injures,ˈɪndʒɚz
inked,ɪŋkt
inks,ɪŋks
inlaces,ɪnˈleɪsɪz
inlays,ˈɪnˌleɪz
inlets,ˈɪnˌlɛts
inlines,ˈɪnˌlaɪnz
inmeshed,ɪnˈmɛʃt
inmeshes,ɪnˈmɛʃɪz
inmost,ˈɪnˌmoʊst
inned,ɪnd
innermost,ˈɪnɚˌmoʊst
innermosts,ˈɪnɚˌmoʊsts
innervates,ɪˈnɝveɪts
innerve,ɪˈnɝv
innerved,ɪˈnɝvd
innerves,ɪˈnɝvz
innominate,ɪˈnɑmənət
innovates,ˈɪnəˌveɪts
innovative,ˈɪnəˌveɪtɪv
innovatively,ˈɪnəˌveɪtɪvli
innovativeness,ˈɪnəˌveɪtɪvnəs
inns,ɪnz
innumerate,ɪˈnuməɹət
innumerates,ɪˈnuməɹəts
inoculates,ɪˈnɑkjəˌleɪts
inoculative,ɪˈnɑkjəˌleɪtɪv
inoffensive,ˌɪnəˈfɛnsɪv
inoffensively,ˌɪnəˈfɛnsɪvli
inoffensiveness,ˌɪnəˈfɛnsɪvnəs
inoperative,ɪnˈɑpɹətɪv
inoperativeness,ɪnˈɑpɹətɪvnəs
inoperculate,ˌɪnoʊˈpɝkjələt
inoperculates,ˌɪnoʊˈpɝkjələts
inordinate,ɪnˈɔɹdənət
inordinately,ɪnˈɔɹdənətli
inordinateness,ɪnˈɔɹdənətnəs
inosculates,ɪˈnɑskjəˌleɪts
inpour,ˈɪnˌpɔɹ
inpoured,ˈɪnˌpɔɹd
inpouring,ˈɪnˌpɔɹɪŋ
inpours,ˈɪnˌpɔɹz
input,ˈɪnˌpʊt
inputs,ˈɪnˌpʊts
inputting,ˈɪnˌpʊtɪŋ
inquiets,ɪnˈkwaɪəts
inquires,ɪnˈkwaɪɚz
inquisitive,ɪnˈkwɪzətɪv
inquisitively,ɪnˈkwɪzətɪvli
inquisitiveness,ɪnˈkwɪzətɪvnəs
insatiate,ɪnˈseɪʃiət
insatiately,ɪnˈseɪʃiətli
insatiateness,ɪnˈseɪʃiətnəs
inscribes,ɪnˈskɹaɪbz
inscriptive,ɪnˈskɹɪptɪv
inscriptively,ɪnˈskɹɪptɪvli
inscrolled,ɪnˈskɹoʊld
inscrolls,ɪnˈskɹoʊlz
insculps,ɪnˈskʌlps
inseminates,ɪnˈsɛməˌneɪts
insensate,ɪnˈsɛnseɪt
insensately,ɪnˈsɛnseɪtli
insensitive,ɪnˈsɛnsɪtɪv
insensitively,ɪnˈsɛnsɪtɪvli
insensitiveness,ɪnˈsɛnsɪvnəs
inserts,ɪnˈsɝts
insets,ˈɪnˌsɛts
insheath,ɪnˈʃiθ
insheaths,ɪnˈʃiθs
inshrines,ɪnˈʃɹaɪnz
insight,ˈɪnˌsaɪt
insightful,ˈɪnˌsaɪtfəl
insightfully,ˈɪnˌsaɪtfəli
insights,ˈɪnˌsaɪts
insinuates,ɪnˈsɪnjuˌeɪts
insinuative,ɪnˈsɪnjuətɪv
insinuatively,ɪnˈsɪnjuətɪvli
insists,ɪnˈsɪsts
insnares,ɪnˈsnɛɹz
insolates,ˈɪnsəˌleɪts
insolubilises,ɪnˈsɑljəbəˌlaɪzɪz
insolubilizes,ɪnˈsɑljəbəˌlaɪzɪz
insomuch,ˌɪnsoʊˈmʌtʃ
insouciance,ɪnˈsusiəns
insouciances,ɪnˈsusiənsɪz
insouciant,ɪnˈsusiənt
insouciantly,ɪnˈsusiəntli
insoul,ɪnˈsoʊl
insouled,ɪnˈsoʊld
insouling,ɪnˈsoʊlɪŋ
insouls,ɪnˈsoʊlz
inspanned,ɪnˈspænd
inspans,ɪnˈspænz
inspective,ɪnˈspɛktɪv
inspectorate,ɪnˈspɛktəɹət
inspectorates,ɪnˈspɛktəɹəts
inspects,ɪnˈspɛkts
inspheres,ɪnˈsfɪɹz
inspires,ɪnˈspaɪɚz
inspirits,ɪnˈspɪɹɪts
inspissates,ɪnˈspɪsˌeɪts
installed,ɪnˈstɔld
installs,ɪnˈstɔlz
instalment,ɪnˈstɔlmənt
instalments,ɪnˈstɔlmənts
instals,ɪnˈstɔlz
instances,ˈɪnstənsɪz
instantiates,ɪnˈstænʃiˌeɪts
instarred,ɪnˈstɑɹd
instars,ɪnˈstɑɹz
instates,ɪnˈsteɪts
instead,ɪnˈstɛd
instigates,ˈɪnstəˌɡeɪts
instigative,ˈɪnstəˌɡeɪtɪv
instilled,ɪnˈstɪld
instills,ɪnˈstɪlz
instils,ɪnˈstɪlz
instinctive,ɪnˈstɪŋktɪv
instinctively,ɪnˈstɪŋktɪvli
institutes,ˈɪnstəˌtuts
institutionalises,ˌɪnstəˈtuʃənəˌlaɪzɪz
institutionalizes,ˌɪnstəˈtuʃənəˌlaɪzɪz
instructive,ɪnˈstɹʌktɪv
instructively,ɪnˈstɹʌktɪvli
instructiveness,ɪnˈstɹʌktɪvnəs
instructs,ɪnˈstɹʌkts
instruments,ˈɪnstɹəmənts
insubordinate,ˌɪnsəˈbɔɹdənət
insubordinately,ˌɪnsəˈbɔɹdənətli
insubordinateness,ˌɪnsəˈbɔɹdənətnəs
insubordinates,ˌɪnsəˈbɔɹdənəts
insufflates,ˈɪnsəˌfleɪts
insulates,ˈɪnsəˌleɪts
insults,ɪnˈsʌlts
insures,ɪnˈʃʊɹz
inswathes,ɪnˈsweɪðz
intaglios,ɪnˈtælioʊz
intakes,ˈɪnˌteɪks
integrates,ˈɪntəˌɡɹeɪts
integrative,ˈɪntəˌɡɹeɪtɪv
intellective,ˌɪntəˈlɛktɪv
intellectively,ˌɪntəˈlɛktɪvli
intellectualises,ˌɪntəˈlɛktʃuəˌlaɪzɪz
intellectualizes,ˌɪntəˈlɛktʃuəˌlaɪzɪz
intemperate,ɪnˈtɛmpɹət
intemperately,ɪnˈtɛmpɹətli
intemperateness,ɪnˈtɛmpɹətnəs
intends,ɪnˈtɛndz
intenerates,ɪnˈtɛnəˌɹeɪts
intensifies,ɪnˈtɛnsəˌfaɪz
intensive,ɪnˈtɛnsɪv
intensively,ɪnˈtɛnsɪvli
intensiveness,ɪnˈtɛnsɪvnəs
intensives,ɪnˈtɛnsɪvz
intentioned,ɪnˈtɛntʃənd
interactive,ˌɪntɚˈæktɪv
interactively,ˌɪntɚˈæktɪvli
interacts,ˌɪntɚˈækts
interbeds,ˈinterˌbɛdz
interborough,ˌɪntərˈbʌroʊ
interboroughs,ˌɪntɚˈbɝoʊz
interbranch,ˌɪntɚˈbɹæntʃ
interbreeds,ˌɪntɚˈbɹidz
intercalates,ɪnˈtɝkəˌleɪts
intercalibrates,ˌɪntɚˈkælɪˌbɹeɪts
intercedes,ˌɪntɚˈsidz
intercepts,ˌɪntɚˈsɛpts
interchain,ˌɪntɚˈtʃeɪn
interchained,ˌɪntɚˈtʃeɪnd
interchaining,ˌɪntɚˈtʃeɪnɪŋ
interchains,ˌɪntɚˈtʃeɪnz
interchange,ˌɪntɚˈtʃeɪndʒ
interchangeability,ˌɪntɚˌtʃeɪndʒəˈbɪlɪti
interchangeable,ˌɪntɚˈtʃeɪndʒəbəl
interchangeableness,ˌɪntɚˈtʃeɪndʒəbəlnəs
interchangeably,ˌɪntɚˈtʃeɪndʒəbli
interchanged,ˌɪntɚˈtʃeɪndʒd
interchanger,ˌɪntɚˈtʃeɪndʒɚ
interchangers,ˌɪntɚˈtʃeɪndʒɚz
interchanges,ˌɪntɚˈtʃeɪndʒɪz
interchanging,ˌɪntɚˈtʃeɪndʒɪŋ
interchannel,ˌɪntɚˈtʃænəl
interchurch,ˌɪntɚˈtʃɝtʃ
intercollegiate,ˌɪntɚkəˈlidʒət
intercommunicates,ˌɪntɚkəˈmjunəˌkeɪts
intercompares,ˌɪntɚkəmˈpɛɹz
interconnects,ˌɪntɚkəˈnɛkts
interconverts,ˌɪntɚkənˈvɝts
intercorporate,ˌɪntɚˈkɔɹpɹət
intercorrelates,ˌɪntɚˈkɔɹəˌleɪts
intercountry,ˌɪntɚˈkʌntɹi
intercouple,ˌɪntɚˈkʌpəl
intercourse,ˈɪntɚˌkɔɹs
intercourses,ˈɪntɚˌkɔɹsɪz
intercropped,ˌɪntɚˈkɹɑpt
intercrops,ˌɪntɚˈkɹɑps
intercrossed,ˌɪntɚˈkɹɔst
intercrosses,ˌɪntɚˈkɹɔsɪz
intercuts,ˌɪntɚˈkʌts
interdepends,ˌɪntɚdɪˈpɛndz
interdictive,ˌɪntɚˈdɪktɪv
interdicts,ˌɪntɚˈdɪkts
interdiffuse,ˌɪntɚdɪˈfjuz
interdiffused,ˌɪntɚdɪˈfjuzd
interdiffuses,ˌɪntɚdɪˈfjuzɪz
interdiffusing,ˌɪntɚdɪˈfjuzɪŋ
interdigitates,ˌɪntɚˈdɪdʒəˌteɪts
interests,ˈɪntɹəsts
interfaces,ˈɪntɚˌfeɪsɪz
interferes,ˌɪntɚˈfɪɹz
interfiles,ˌɪntɚˈfaɪlz
interflowed,ˌɪntɚˈfloʊd
interflows,ˌɪntɚˈfloʊz
interfolds,ˌɪntɚˈfoʊldz
interfuse,ˌɪntɚˈfjuz
interfused,ˌɪntɚˈfjuzd
interfuses,ˌɪntɚˈfjuzɪz
interfusing,ˌɪntɚˈfjuzɪŋ
intergrades,ˌɪntɚˈɡɹeɪdz
intergrafts,ˌɪntɚˈɡɹæfts
interinfluences,ˌɪntɚˈɪnfluənsɪz
interinvolve,ˌɪntɚɪnˈvɑlv
interinvolved,ˌɪntɚɪnˈvɑlvd
interinvolves,ˌɪntɚɪnˈvɑlvz
interiorises,ɪnˈtɪɹiəˌlaɪzɪz
interiorizes,ɪnˈtɪɹiəˌlaɪzɪz
interisland,ˌɪntɚˈaɪlənd
interjects,ˌɪntɚˈdʒɛkts
interknits,ˌɪntɚˈnɪts
interlaces,ˌɪntɚˈleɪsɪz
interlapped,ˌɪntɚˈlæpt
interlaps,ˌɪntɚˈlæps
interlards,ˌɪntɚˈlɑɹdz
interlayered,ˌɪntɚˈleɪɚd
interlayers,ˌɪntɚˈleɪɚz
interlays,ˌɪntɚˈleɪz
interleave,ˌɪntɚˈliv
interleaved,ˌɪntɚˈlivd
interleaves,ˌɪntɚˈlivz
interlends,ˌɪntɚˈlɛndz
interlines,ˌɪntɚˈlaɪnz
interlinked,ˌɪntɚˈlɪŋkt
interlinks,ˌɪntɚˈlɪŋks
interlocked,ˌɪntɚˈlɑkt
interlocks,ˌɪntɚˈlɑks
interlopes,ˌɪntɚˈloʊps
intermarries,ˌɪntɚˈmæɹiz
intermeddles,ˌɪntɚˈmɛdəlz
intermediate,ˌɪntɚˈmidiət
intermediately,ˌɪntɚˈmidiətli
intermediateness,ˌɪntɚˈmidiətnəs
intermediates,ˌɪntɚˈmidieɪts,(verb),or,ˌɪntɚˈmidiəts,(noun)
intermeshed,ˌɪntɚˈmɛʃt
intermeshes,ˌɪntɚˈmɛʃɪz
intermingles,ˌɪntɚˈmɪŋɡəlz
intermits,ˌɪntɚˈmɪts
intermixed,ˌɪntɚˈmɪkst
intermixes,ˌɪntɚˈmɪksɪz
intermountain,ˌɪntɚˈmaʊntən
internalises,ɪnˈtɝnəˌlaɪzɪz
internalizes,ɪnˈtɝnəˌlaɪzɪz
internationalises,ˌɪntɚˈnæʃənəˌlaɪzɪz
internationalizes,ˌɪntɚˈnæʃənəˌlaɪzɪz
interned,ɪnˈtɝnd
interns,ˈɪntɝnz
interoceptive,ˌɪntɚoʊˈsɛptɪv
interoperative,ˌɪntɚˈɑpɹətɪv
interpellates,ɪnˈtɝpəˌleɪts
interpenetrates,ˌɪntɚˈpɛnəˌtɹeɪts
interpermeates,ˌɪntɚˈpɝmiˌeɪts
interplants,ˌɪntɚˈplænts
interplayed,ˌɪntɚˈpleɪd
interplays,ˌɪntɚˈpleɪz
interpleads,ˌɪntɚˈplidz
interpolates,ɪnˈtɝpəˌleɪts
interpolative,ɪnˈtɝpəˌleɪtɪv
interposes,ˌɪntɚˈpoʊzɪz
interpretative,ɪnˈtɝpɹəˌteɪtɪv
interpretatively,ɪnˈtɝpɹəˌteɪtɪvli
interpretive,ɪnˈtɝpɹətɪv
interpretively,ɪnˈtɝpɹətɪvli
interprets,ɪnˈtɝpɹəts
interred,ɪnˈtɝd
interrelates,ˌɪntɚɪˈleɪts
interrogates,ɪnˈtɛɹəˌɡeɪts
interrogative,ˌɪntəˈɹɑɡətɪv
interrogatively,ˌɪntəˈɹɑɡətɪvli
interrogatives,ˌɪntəˈɹɑɡətɪvz
interruptive,ˌɪntəˈɹʌptɪv
interrupts,ˌɪntəˈɹʌpts
inters,ɪnˈtɝz
interscholastic,ˌɪntɚskəˈlæstɪk
intersects,ˌɪntɚˈsɛkts
interspaces,ˌɪntɚˈspeɪsɪz
intersperses,ˌɪntɚˈspɝsɪz
interstratifies,ˌɪntɚˈstɹætəˌfaɪz
intersubjective,ˌɪntɚsəbˈdʒɛktɪv
intersubjectively,ˌɪntɚsəbˈdʒɛktɪvli
intertilled,ˌɪntɚˈtɪld
intertills,ˌɪntɚˈtɪlz
intertwines,ˌɪntɚˈtwaɪnz
intertwists,ˌɪntɚˈtwɪsts
intervenes,ˌɪntɚˈvinz
interviewed,ˈɪntɚˌvjud
interweave,ˌɪntɚˈwiv
interweaved,ˌɪntɚˈwivd
interweaves,ˌɪntɚˈwivz
interworked,ˌɪntɚˈwɝkt
interworks,ˌɪntɚˈwɝks
interwrought,ˌɪntɚˈɹɔt
intestate,ɪnˈtɛstət
intestates,ɪnˈtɛstəts
intestine,ɪnˈtɛstən
intestines,ɪnˈtɛstənz
inthralled,ɪnˈθɹɔld
inthralls,ɪnˈθɹɔlz
inthrals,ɪnˈθɹɔlz
inthrones,ɪnˈθɹoʊnz
intimate,ˈɪntəmət
intimately,ˈɪntəmətli
intimateness,ˈɪntəmətnəs
intimates,ˈɪntəməts
intimidates,ɪnˈtɪməˌdeɪts
intitles,ɪnˈtaɪtəlz
intitules,ɪnˈtɪtjəlz
into,ˈɪntu
intomb,ɪnˈtum
intombed,ɪnˈtumd
intombing,ɪnˈtumɪŋ
intombs,ɪnˈtumz
intonates,ˈɪntoʊˌneɪts
intones,ɪnˈtoʊnz
intorts,ɪnˈtɔɹts
intown,ˈɪnˈtaʊn
intoxicates,ɪnˈtɑksəˌkeɪts
intransitive,ɪnˈtɹænsətɪv
intransitively,ɪnˈtɹænsətɪvli
intransitiveness,ɪnˈtrænsətɪvnəs
intransiveness,ɪnˈtɹænsətɪvnəs
intreats,ɪnˈtɹits
intrench,ɪnˈtɹɛntʃ
intrenched,ɪnˈtɹɛntʃt
intrenches,ɪnˈtɹɛntʃɪz
intrenching,ɪnˈtɹɛntʃɪŋ
intricate,ˈɪntɹɪkət
intricately,ˈɪntɹɪkətli
intricateness,ˈɪntɹɪkətnəs
intriguant,ɪnˈtɹiɡənt
intriguants,ɪnˈtɹiɡənts
intrigue,ɪnˈtɹiɡ
intrigued,ɪnˈtɹiɡd
intriguer,ɪnˈtɹiɡɚ
intriguers,ɪnˈtɹiɡɚz
intrigues,ɪnˈtɹiɡz
intriguing,ɪnˈtɹiɡɪŋ
intriguingly,ɪnˈtɹiɡɪŋli
introduces,ˌɪntɹəˈdusɪz
introfies,ˈɪntɹoʊˌfaɪz
introgressive,ˌɪntɹoʊˈɡɹɛsɪv
introjects,ˌɪntɹoʊˈdʒɛkts
intromits,ˌɪntɹoʊˈmɪts
introspective,ˌɪntɹəˈspɛktɪv
introspectively,ˌɪntɹəˈspɛktɪvli
introspectiveness,ˌɪntɹəˈspɛktɪvnəs
introspects,ˌɪntɹəˈspɛkts
introversive,ˌɪntɹəˈvɝsɪv
introversively,ˌɪntɹəˈvɝsɪvli
introverts,ˈɪntɹəˌvɝts
intrudes,ɪnˈtɹudz
intrusive,ɪnˈtɹusɪv
intrusively,ɪnˈtɹusɪvli
intrusiveness,ɪnˈtɹusɪvnəs
intrusives,ɪnˈtɹusɪvz
intrusts,ɪnˈtɹʌsts
intubates,ˈɪntjəˌbeɪts
intuitive,ɪnˈtuətɪv
intuitively,ɪnˈtuətɪvli
intuitiveness,ɪnˈtuətɪvnəs
intuits,ɪnˈtuɪts
inturned,ˈɪnˌtɝnd
inturns,ˈɪnˌtɝnz
intussusceptive,ˌɪntəsəˈsɛptɪv
intussuscepts,ˌɪntəsəˈsɛpts
intwines,ɪnˈtwaɪnz
intwists,ɪnˈtwɪsts
inundates,ˈɪnənˌdeɪts
inures,ɪnˈjʊɹz
inurned,ɪnˈɝnd
inurns,ɪnˈɝnz
invades,ɪnˈveɪdz
invaginate,ɪnˈvædʒənət
invaginates,ɪnˈvædʒəˌneɪts
invalidates,ɪnˈvæləˌdeɪts
invalids,ˈɪnvəlɪdz
invasive,ɪnˈveɪsɪv
invasively,ɪnˈveɪsɪvli
invasiveness,ɪnˈveɪsɪvnəs
invective,ɪnˈvɛktɪv
invectively,ɪnˈvɛktɪvli
invectiveness,ɪnˈvɛktɪvnəs
invectives,ɪnˈvɛktɪvz
inveigh,ɪnˈveɪ
inveighed,ɪnˈveɪd
inveigher,ɪnˈveɪɚ
inveighers,ɪnˈveɪɚz
inveighing,ɪnˈveɪɪŋ
inveighs,ɪnˈveɪz
inveigles,ɪnˈveɪɡəlz
inventive,ɪnˈvɛntɪv
inventively,ɪnˈvɛntɪvli
inventiveness,ɪnˈvɛntɪvnəs
inventories,ˈɪnvənˌtɔɹiz
invents,ɪnˈvɛnts
inversive,ɪnˈvɝsɪv
invertebrate,ɪnˈvɝtəbɹət
invertebrates,ɪnˈvɝtəbɹəts
inverts,ɪnˈvɝts
investigates,ɪnˈvɛstəˌɡeɪts
investigative,ɪnˈvɛstəˌɡeɪtɪv
invests,ɪnˈvɛsts
inveterate,ɪnˈvɛtəɹət
inveterately,ɪnˈvɛtəɹətli
inveterateness,ɪnˈvɛtəɹətnəs
invigilates,ɪnˈvɪdʒəˌleɪts
invigorates,ɪnˈvɪɡəˌɹeɪts
inviolate,inˈvaɪələt
inviolately,inˈvaɪələtli
inviolateness,inˈvaɪələtnəs
invites,ɪnˈvaɪts
invocates,ˈɪnvoʊˌkeɪts
invoices,ˈɪnˌvɔɪsɪz
invokes,ɪnˈvoʊks
involucrate,ˌɪnvəˈluːkɹət
involutes,ˈɪnvəˌluts
involve,ɪnˈvɑlv
involved,ɪnˈvɑlvd
involvement,ɪnˈvɑlvmənt
involvements,ɪnˈvɑlvmənts
involves,ɪnˈvɑlvz
inwalled,ɪnˈwɔld
inwalls,ɪnˈwɔlz
inweave,ˌɪnˈwiv
inweaved,ˌɪnˈwivd
inweaves,ˌɪnˈwivz
inwind,ˌɪnˈwaɪnd
inwinding,ˌɪnˈwaɪndɪŋ
inwinds,ˌɪnˈwaɪndz
inwrapped,ɪnˈɹæpt
inwraps,ɪnˈɹæps
iodates,ˈaɪəˌdeɪts
iodinates,ˈaɪədəˌneɪts
iodises,ˈaɪəˌdaɪzɪz
iodizes,ˈaɪəˌdaɪzɪz
ionises,ˈaɪəˌnaɪzɪz
ionizes,ˈaɪəˌnaɪzɪz
irised,ˈaɪɹɪst
irises,ˈaɪɹɪsɪz
irishwomen,ˈaɪɹɪʃˌwɪmɪn
irked,ɝkt
irks,ɝks
irksome,ˈɝksəm
irksomely,ˈɝksəmli
irksomeness,ˈɝksəmnəs
ironed,ˈaɪɚnd
ironhearted,ˈaɪɚnˌhɑɹtəd
ironises,ˈaɪɚnˌaɪzɪz
ironizes,ˈaɪɚnˌaɪzɪz
irons,ˈaɪɚnz
irradiates,ɪˈɹeɪdiˌeɪts
irradiative,ɪˈɹeɪdiˌeɪtɪv
irreflexive,ˌɪɹɪˈflɛksɪv
irrelative,ɪˈɹɛlətɪv
irrelatively,ɪˈɹɛlətɪvli
irremovability,ˌɪɹɪˌmuvəˈbɪlɪti
irremovable,ˌɪɹɪˈmuvəbəl
irremovably,ˌɪɹɪˈmuvəbli
irrespective,ˌɪɹɪˈspɛktɪv
irrespectively,ˌɪɹɪˈspɛktɪvli
irresponsive,ˌɪɹɪˈspɑnsɪv
irresponsiveness,ˌɪɹɪˈspɑnsɪvnəs
irrigates,ˈɪɹəˌɡeɪts
irritates,ˈɪɹɪˌteɪts
irritative,ˈɪɹɪˌteɪtɪv
irruptive,ɪˈrʌptɪv
irruptively,ɪˈrʌptɪvli
irrupts,ɪˈrʌpts
is,ɪz
islamises,ˈɪzləˌmaɪzɪz
islamizes,ˈɪzləˌmaɪzɪz
island,ˈaɪlənd
islanded,ˈaɪləndəd
islander,ˈaɪləndɚ
islanders,ˈaɪləndɚz
islanding,ˈaɪləndɪŋ
islands,ˈaɪləndz
isle,aɪl
isled,aɪld
isleless,ˈaɪlləs
isles,aɪlz
islet,ˈaɪlət
islets,ˈaɪləts
isografts,ˈaɪsoʊˌɡɹæfts
isolate,ˈaɪsəˌleɪt
isolates,ˈaɪsəˌleɪts,(verb),or,ˈaɪsəˌləts,(noun)
isomerises,aɪˈsɑməˌɹaɪzɪz
isomerizes,aɪˈsɑməˌɹaɪzɪz
issues,ˈɪʃuz
italianate,ɪˈtæljənət
italianates,ɪˈtæljənəts
italianesque,ɪˌtæljəˈnɛsk
italianises,ɪˈtæljəˌnaɪzɪz
italianizes,ɪˈtæljəˌnaɪzɪz
italicises,ɪˈtæləˌsaɪzɪz
italicizes,ɪˈtæləˌsaɪzɪz
itched,ɪtʃt
itches,ˈɪtʃɪz
itemed,ˈaɪtəmd
itemises,ˈaɪtəˌmaɪzɪz
itemizes,ˈaɪtəˌmaɪzɪz
items,ˈaɪtəmz
iterates,ˈɪtəˌɹeɪts
iterative,ˈɪtəɹətɪv
iteratively,ˈɪtəɹətɪvli
itinerates,aɪˈtɪnəˌɹeɪts
jabbed,dʒæbd
jabbered,ˈdʒæbɚd
jabbers,ˈdʒæbɚz
jabs,dʒæbz
jacked,dʒækt
jackets,ˈdʒækəts
jackfruit,ˈdʒækˌfɹut
jackfruits,ˈdʒækˌfɹuts
jackhammered,ˈdʒækˌhæmɚd
jackhammers,ˈdʒækˌhæmɚz
jackknifes,ˈdʒækˌnaɪfs
jacklight,ˈdʒækˌlaɪt
jacklights,ˈdʒækˌlaɪts
jackrabbits,ˈdʒækˌɹæbəts
jackrolled,ˈdʒækˌɹoʊld
jackrolls,ˈdʒækˌɹoʊlz
jacks,dʒæks
jacobinises,ˈdʒækəbəˌnaɪzɪz
jacobinizes,ˈdʒækəbəˌnaɪzɪz
jacquerie,ˈʒækəɹi
jacqueries,ˈʒækəɹiz
jaculates,ˈdʒækjəˌleɪts
jades,dʒeɪdz
jagged,ˈdʒæɡəd
jags,dʒæɡz
jailbreak,ˈdʒeɪlˌbɹeɪk
jailbreaking,ˈdʒeɪlˌbɹeɪkɪŋ
jailbreaks,ˈdʒeɪlˌbɹeɪks
jailed,dʒeɪld
jails,dʒeɪlz
jairou,ˈdʒaɪɹu
jairous,ˈdʒaɪɹuz
jamb,dʒæm
jambeaux,ʒæmˈboʊ
jambs,dʒæm
jammed,dʒæmd
jangles,ˈdʒæŋɡəlz
jants,dʒænts
japanesque,dʒəˌpænˈɛsk
japanises,dʒəˈpænˌaɪzɪz
japanizes,dʒəˈpænˌaɪzɪz
japanned,dʒəˈpænd
japans,dʒəˈpænz
japes,dʒeɪps
jargoned,ˈdʒɑɹɡənd
jargonises,ˈdʒɑɹɡəˌnaɪzɪz
jargonizes,ˈdʒɑɹɡəˌnaɪzɪz
jargons,ˈdʒɑɹɡənz
jarhead,ˈdʒɑɹˌhɛd
jarheads,ˈdʒɑɹˌhɛdz
jarovises,ˈdʒɑɹəˌvaɪzɪz
jarovizes,ˈdʒɑɹəˌvaɪzɪz
jarred,dʒɑɹd
jars,dʒɑɹz
jasperizes,ˈdʒæspəˌɹaɪzɪz
jauked,dʒɔkt
jauks,dʒɔks
jaunces,dʒɔnsɪz
jaundices,ˈdʒɔndəsɪz
jaunts,dʒɔnts
jauped,dʒɔpt
jaups,dʒɔps
javelined,ˈdʒævlɪnd
javelins,ˈdʒævlɪnz
jawbones,ˈdʒɔˌboʊnz
jawbreaker,ˈdʒɔˌbɹeɪkɚ
jawbreakers,ˈdʒɔˌbɹeɪkɚz
jawed,dʒɔd
jaws,dʒɔz
jaywalk,ˈdʒeɪˌwɔk
jaywalked,ˈdʒeɪˌwɔkt
jaywalker,ˈdʒeɪˌwɔkɚ
jaywalkers,ˈdʒeɪˌwɔkɚz
jaywalking,ˈdʒeɪˌwɔkɪŋ
jaywalks,ˈdʒeɪˌwɔks
jazzed,dʒæzd
jazzes,ˈdʒæzɪz
jealous,ˈdʒɛləs
jealoushood,ˈdʒɛləsˌhʊd
jealousies,ˈdʒɛləsiz
jealously,ˈdʒɛləsli
jealousness,ˈdʒɛləsnəs
jealousy,ˈdʒɛləsi
jeeped,dʒipt
jeeps,dʒips
jeered,dʒɪɹd
jeers,dʒɪɹz
jees,dʒiz
jelled,dʒɛld
jellies,ˈdʒɛliz
jellifies,ˈdʒɛləˌfaɪz
jemmies,ˈdʒɛmiz
jennies,ˈdʒɛniz
jeopard,ˈdʒɛpɚd
jeoparded,ˈdʒɛpɚdəd
jeoparder,ˈdʒɛpɚdɚ
jeoparders,ˈdʒɛpɚdɚz
jeopardies,ˈdʒɛpɚdiz
jeoparding,ˈdʒɛpɚdɪŋ
jeopardise,ˈdʒɛpɚˌdaɪz
jeopardised,ˈdʒɛpɚˌdaɪzd
jeopardises,ˈdʒɛpɚˌdaɪzɪz
jeopardising,ˈdʒɛpɚˌdaɪzɪŋ
jeopardize,ˈdʒɛpɚˌdaɪz
jeopardized,ˈdʒɛpɚˌdaɪzd
jeopardizes,ˈdʒɛpɚˌdaɪzɪz
jeopardizing,ˈdʒɛpɚˌdaɪzɪŋ
jeopardous,ˈdʒɛpɚdəs
jeopards,ˈdʒɛpɚdz
jeopardy,ˈdʒɛpɚdi
jerguer,ˈdʒɛɹɡɚ
jerguers,ˈdʒɛɹɡɚz
jerked,dʒɝkt
jerkinhead,ˈdʒɝkɪnˌhɛd
jerkinheads,ˈdʒɝkɪnˌhɛdz
jerks,dʒɝks
jerquer,ˈdʒɛɹkɚ
jerquers,ˈdʒɛɹkɚz
jerquing,ˈdʒɛɹkɪŋ
jerseyed,ˈdʒɝzid
jessed,dʒɛst
jesses,ˈdʒɛsɪz
jests,dʒɛsts
jesuitises,ˈdʒɛʒuəˌtaɪzɪz
jesuitizes,ˈdʒɛʒuəˌtaɪzɪz
jets,dʒɛts
jetties,ˈdʒɛtiz
jettisoned,ˈdʒɛtɪsənd
jettisons,ˈdʒɛtɪsənz
jeux,ʒø
jewed,dʒud
jeweled,ˈdʒuəld
jewelled,ˈdʒuəld
jeweller,ˈdʒuəlɚ
jewelleries,ˈdʒuəlɹiz
jewellers,ˈdʒuəlɚz
jewellery,ˈdʒuəlɹi
jewelling,ˈdʒuəlɪŋ
jews,dʒuz
jibbed,dʒɪbd
jibes,dʒaɪbz
jibs,dʒɪbz
jigged,dʒɪɡd
jiggered,ˈdʒɪɡɚd
jiggers,ˈdʒɪɡɚz
jiggles,ˈdʒɪɡəlz
jigs,dʒɪɡz
jigsawed,ˈdʒɪɡˌsɔd
jigsaws,ˈdʒɪɡˌsɔz
jilts,dʒɪlts
jimmies,ˈdʒɪmiz
jingles,ˈdʒɪŋɡəlz
jinked,dʒɪŋkt
jinks,dʒɪŋks
jinxed,dʒɪŋkst
jinxes,ˈdʒɪŋksɪz
jitterbugged,ˈdʒɪtɚˌbʌɡd
jitterbugs,ˈdʒɪtɚˌbʌɡz
jittered,ˈdʒɪtɚd
jitters,ˈdʒɪtɚz
jives,dʒaɪvz
jobbed,dʒɑbd
jobs,dʒɑbz
jocked,dʒɑkt
jockette,dʒɒˈkɛt
jockettes,dʒɒˈkɛts
jockeyed,ˈdʒɑkid
jockeys,ˈdʒɑkiz
jocks,dʒɑks
jogged,dʒɑɡd
joggles,ˈdʒɑɡəlz
jogs,dʒɑɡz
joined,dʒɔɪnd
joins,dʒɔɪnz
joints,dʒɔɪnts
jointures,ˈdʒɔɪntʃɚz
joists,dʒɔɪsts
jokes,dʒoʊks
jollies,ˈdʒɑliz
jollifies,ˈdʒɑləˌfaɪz
jollyhead,ˈdʒɑliˌhɛd
jolterhead,ˈdʒoʊltɚˌhɛd
jolterheads,ˈdʒoʊltɚˌhɛdz
jolthead,ˈdʒoʊltˌhɛd
joltheads,ˈdʒoʊltˌhɛdz
jolts,dʒoʊlts
jooked,dʒʊkt
jooks,dʒʊks
joshed,dʒɑʃt
joshes,ˈdʒɑʃɪz
jostle,ˈdʒɑsəl
jostled,ˈdʒɑsəld
jostlement,ˈdʒɑsəlmənt
jostler,ˈdʒɑslɚ
jostlers,ˈdʒɑslɚz
jostles,ˈdʒɑsəlz
jostling,ˈdʒɑslɪŋ
jots,dʒɑts
jouked,dʒukt
jouks,dʒuks
jouled,dʒaʊld
jouls,dʒaʊlz
jounces,dʒaʊnsɪz
jour,ʒʊɹ
journal,ˈdʒɝnəl
journaled,ˈdʒɝnəld
journalese,ˌdʒɝnəˈliz
journaleses,ˌdʒɝnəˈlizɪz
journaling,ˈdʒɝnəlɪŋ
journalises,ˈdʒɝnəˌlaɪzɪz
journalism,ˈdʒɝnəˌlɪzəm
journalisms,ˈdʒɝnəˌlɪzəmz
journalist,ˈdʒɝnəlɪst
journalistic,ˌdʒɝnəˈlɪstɪk
journalistically,ˌdʒɝnəˈlɪstɪkli
journalists,ˈdʒɝnəlɪsts
journalization,ˌdʒɝnəlɪˈzeɪʃən
journalizations,ˌdʒɝnəlɪˈzeɪʃənz
journalize,ˈdʒɝnəˌlaɪz
journalized,ˈdʒɝnəˌlaɪzd
journalizer,ˈdʒɝnəˌlaɪzɚ
journalizers,ˈdʒɝnəˌlaɪzɚz
journalizes,ˈdʒɝnəˌlaɪzɪz
journalizing,ˈdʒɝnəˌlaɪzɪŋ
journals,ˈdʒɝnəlz
journey,ˈdʒɝni
journeyed,ˈdʒɝnid
journeyer,ˈdʒɝniɚ
journeyers,ˈdʒɝniɚz
journeying,ˈdʒɝniɪŋ
journeyman,ˈdʒɝnimən
journeymen,ˈdʒɝnimən
journeys,ˈdʒɝniz
journeywork,ˈdʒɝniˌwɝk
jousts,dʒaʊsts
jow,dʒaʊ
jowar,ˈdʒoʊɑɹ
jowars,ˈdʒoʊɑɹz
jowed,dʒaʊd
jowing,ˈdʒaʊɪŋ
jowl,dʒaʊl
jowled,dʒaʊld
jowler,ˈdʒaʊlɚ
jowlier,ˈdʒaʊliɚ
jowliest,ˈdʒaʊliəst
jowls,dʒaʊlz
jowly,ˈdʒaʊli
jows,dʒaʊz
jowter,ˈdʒaʊtɚ
jowters,ˈdʒaʊtɚz
joyed,dʒɔɪd
joypopped,ˈdʒɔɪˌpɑpt
joypops,ˈdʒɔɪˌpɑps
joyrides,ˈdʒɔɪˌɹaɪdz
joys,dʒɔɪz
joysome,ˈdʒɔɪsəm
joysomely,ˈdʒɔɪsəmli
joysomeness,ˈdʒɔɪsəmnəs
jubilates,ˈdʒubəˌleɪts
judaisen,ˈdʒudeɪˌaɪzɪz
judaizes,ˈdʒudeɪˌaɪzɪz
juddered,ˈdʒʌdɚd
judders,ˈdʒʌdɚz
judgement,ˈdʒʌdʒmənt
judgements,ˈdʒʌdʒmənts
judges,ˈdʒʌdʒɪz
judicative,ˈdʒudɪkətɪv
jugate,ˈdʒuɡeɪt
jugged,dʒʌɡd
juggles,ˈdʒʌɡəlz
jughead,ˈdʒʌɡˌhɛd
jugheads,ˈdʒʌɡˌhɛdz
jugs,dʒʌɡz
jugulates,ˈdʒʌɡjəˌleɪts
juice,dʒus
juiced,dʒust
juicehead,ˈdʒusˌhɛd
juiceheads,ˈdʒusˌhɛdz
juiceless,ˈdʒusləs
juicer,ˈdʒusɚ
juicers,ˈdʒusɚz
juices,ˈdʒusɪz
juicier,ˈdʒusiɚ
juiciest,ˈdʒusiəst
juicily,ˈdʒusəli
juiciness,ˈdʒusinəs
juicing,ˈdʒusinɪŋ
juicy,ˈdʒusi
jukes,dʒuks
juliennes,ˌdʒuliˈɛnz
jumbles,ˈdʒʌmbəlz
jumped,dʒʌmpt
jumps,dʒʌmps
jumpstarts,ˈdʒʌmpˌstɑɹts
jumpsuit,ˈdʒʌmpˌsut
jumpsuits,ˈdʒʌmpˌsuts
juniorate,ˈdʒunjɚət
juniorates,ˈdʒunjɚəts
junked,dʒʌŋkt
junkets,ˈdʒʌŋkəts
junks,dʒʌŋks
junoesque,ˌdʒunoʊˈɛsk
juries,ˈdʒʊɹiz
jurisdictive,ˌdʒʊɹɪsˈdɪktɪv
jussive,ˈdʒʌsɪv
jussives,ˈdʒʌsɪvz
justificative,dʒʌˈstɪfɪkətɪv
justifies,ˈdʒʌstəˌfaɪz
justles,ˈdʒʌsəlz
justs,dʒʌsts
juts,dʒʌts
jutties,ˈdʒʌtiz
juxtaposes,ˌdʒʌkstəˈpoʊzɪz
kabassou,kəˈbæsu
kabassous,kəˈbæsʊz
kabeljou,ˈkæbəlˌju
kabeljous,ˈkæbəlˌjuz
kachina,kəˈtʃinə
kachinas,kəˈtʃinəz
kafkaesque,ˌkɑfkəˈɛsk
kaique,kɑˈik
kaiques,kɑˈiks
kamichi,kəˈmitʃi
kamichis,kəˈmitʃiz
kanchil,ˈkæntʃɪl
kanchils,ˈkæntʃɪlz
kaolinises,ˈkeɪəlɪˌnaɪzɪz
kaolinizes,ˈkeɪəlɪˌnaɪzɪz
karts,kɑɹts
karyotypes,ˈkæɹiəˌtaɪps
kashered,ˈkɑʃɚd
kashers,ˈkɑʃɚz
kawed,kɔd
kaws,kɔz
kayaked,ˈkaɪˌækt
kayaks,ˈkaɪˌæks
kayoes,ˈkeɪˌoʊz
kazachok,ˌkɑzəˈtʃɔk
kecked,kɛkt
keckles,ˈkɛkəlz
kecks,kɛks
kedges,ˈkɛdʒɪz
keech,kitʃ
keeches,ˈkitʃɪz
keeked,kikt
keeks,kiks
keeled,kild
keelhales,ˈkilˌheɪlz
keelhauls,ˈkilˌhɔlz
keelrakes,ˈkilˌɹeɪks
keels,kilz
keened,kind
keens,kinz
keeps,kips
keeve,kiv
keeved,kivd
keeves,kivz
kegeled,ˈkiɡəld
kegels,ˈkiɡəlz
kegs,kɛɡz
keister,ˈkistɚ
keisters,ˈkistɚz
keisters,ˈkistɚz
kelped,kɛlpt
kelps,kɛlps
kembed,kɛmd
kembs,kɛmz
kench,kɛntʃ
kenches,ˈkɛntʃɪz
kenned,kɛnd
kenneled,ˈkɛnəld
kennelled,ˈkɛnəld
kennelling,ˈkɛnəlɪŋ
kennels,ˈkɛnəlz
kens,kɛnz
kepped,kɛpt
keps,kɛps
keratinises,kəˈrætənˌaɪzɪz
keratinizes,kəˈrætənˌaɪzɪz
kerbed,kɝbd
kerbs,kɝbz
kerch,kɝtʃ
kercher,ˈkɝtʃɚ
kerchered,ˈkɝtʃɚd
kerchief,ˈkɝtʃəf
kerchiefed,ˈkɝtʃəft
kerchiefs,ˈkɝtʃəfs
kerchieft,ˈkɝtʃəft
kerchieves,ˈkɝtʃɪvz
kerchoo,kɝˈtʃu
kerfed,kɝft
kerfs,kɝfs
kerned,kɝnd
kerneled,ˈkɝnəld
kernelled,ˈkɝnəld
kernelling,ˈkɝnəlɪŋ
kernels,ˈkɝnəlz
kerplunked,kɚˈplʌŋkt
kerplunks,kɚˈplʌŋks
kerve,kɝv
kerved,kɝvd
kerves,kɝvz
keverchief,ˈkɛvɚtʃɪf
keverchiefs,ˈkɛvɚtʃɪfs
keyboards,ˈkiˌbɔɹdz
keychain,ˈkiˌtʃeɪn
keychains,ˈkiˌtʃeɪnz
keyed,kid
keynotes,ˈkiˌnoʊts
keypunch,ˈkiˌpʌntʃ
keypunched,ˈkiˌpʌntʃt
keypuncher,ˈkiˌpʌntʃɚ
keypunchers,ˈkiˌpʌntʃɚz
keypunches,ˈkiˌpʌntʃɪz
keypunching,ˈkiˌpʌntʃɪŋ
keys,kiz
keyster,ˈkistɚ
keystrokes,ˈkiˌstɹoʊks
khoums,xumz
kibbitzed,ˈkɪbɪtst
kibbitzes,ˈkɪbɪtsɪz
kibbles,ˈkɪbəlz
kibitzed,ˈkɪbɪtst
kibitzes,ˈkɪbɪtsɪz
kiboshed,ˈkaɪˌbɑʃt
kiboshes,ˈkaɪˌbɑʃɪz
kicked,kɪkt
kicks,kɪks
kickshoe,ˈkɪkˌʃu
kickshoes,ˈkɪkˌʃuz
kidnaped,ˈkɪdˌnæpt
kidnapped,ˈkɪdˌnæpt
kidnappee,ˌkɪdnæˈpi
kidnappees,ˌkɪdnæˈpiz
kidnapper,ˈkɪdˌnæpɚ
kidnappers,ˈkɪdˌnæpɚz
kidnapping,ˈkɪdˌnæpɪŋ
kidnappings,ˈkɪdˌnæpɪŋz
kidnaps,ˈkɪdˌnæps
kids,kɪdz
kiester,ˈkistɚ
kiesters,ˈkistɚz
kieve,kiv
kieves,kivz
killed,kɪld
kills,kɪlz
kilned,kɪlnd
kilns,kɪlnz
kimchee,ˈkɪmtʃi
kimchees,ˈkɪmtʃiz
kimchi,ˈkɪmtʃi
kimchis,ˈkɪmtʃiz
kind,kaɪnd
kinda,ˈkaɪndə
kinde,kaɪnd
kinder,ˈkaɪndɚ
kindest,ˈkaɪndəst
kindhearted,ˈkaɪndˈhɑɹtəd
kindheartedly,ˈkaɪndˈhɑɹtədli
kindheartedness,ˈkaɪndˈhɑɹtədnəs
kindles,ˈkaɪndəlz
kindless,ˈkaɪndləs
kindlessly,ˈkaɪndləsli
kindlier,ˈkaɪndliɚ
kindliest,ˈkaɪndliəst
kindliness,ˈkaɪndlinəs
kindly,ˈkaɪndli
kindness,ˈkaɪndnəs
kinds,kaɪndz
kinescopes,ˈkɪnəˌskoʊps
kinged,kɪŋd
kingpost,ˈkɪŋˌpoʊst
kingposts,ˈkɪŋˌpoʊsts
kings,kɪŋz
kinkajou,ˈkɪŋkəˌdʒu
kinkajous,ˈkɪŋkəˌdʒuz
kinked,kɪŋkt
kinks,kɪŋks
kinswomen,ˈkɪnzˌwɪmɪn
kipped,kɪpt
kippered,ˈkɪpɚd
kippers,ˈkɪpɚz
kips,kɪps
kirned,kɝnd
kirns,kɝnz
kissed,kɪst
kisses,ˈkɪsɪz
kitchenette,ˌkɪtʃəˈnɛt
kitchenettes,ˌkɪtʃəˈnɛts
kites,kaɪts
kithes,kaɪðz
kittened,ˈkɪtənd
kittens,ˈkɪtənz
kittles,ˈkɪtəlz
kiwifruit,ˈkiwiˌfɹut
kiwifruits,ˈkiwiˌfɹuts
klatches,ˈklætʃɪz
knacked,nækt
knackered,ˈnækɚd
knackers,ˈnækɚz
knacks,næks
knapped,næpt
knaps,næps
knapsacked,ˈnæpˌsækt
knapsacks,ˈnæpˌsæks
knarred,nɑɹd
kneads,nidz
kneecapped,ˈniˌkæpt
kneecaps,ˈniˌkæps
kneeled,nild
kneels,nilz
knees,niz
knelled,nɛld
knells,nɛlz
knickknacks,ˈnɪkˌnæks
knifes,naɪfs
knight,naɪt
knighted,ˈnaɪtəd
knighthood,ˈnaɪtˌhʊd
knighthoods,ˈnaɪtˌhʊdz
knighting,ˈnaɪtɪŋ
knightliness,ˈnaɪtlinəs
knightly,ˈnaɪtli
knights,naɪts
knits,nɪts
knitwear,ˈnɪtˌwɛɹ
knobbed,nɑbd
knockdown,ˈnɑkˌdaʊn
knockdowns,ˈnɑkˌdaʊnz
knocked,nɑkt
knocks,nɑks
knolled,noʊld
knolls,noʊlz
knopped,nɑpt
knots,nɑts
knouts,naʊts
knowhow,ˈnoʊˌhaʊ
knowledge,ˈnɑlɪdʒ
knowledgeability,ˈnɑlɪdʒəˈbɪlɪti
knowledgeable,ˈnɑlɪdʒəbəl
knowledgeableness,ˈnɑlɪdʒəbəlnəs
knowledgeably,ˈnɑlɪdʒəbli
knows,noʊz
knucklehead,ˈnʌkəlˌhɛd
knuckleheaded,ˈnʌkəlˌhɛdəd
knuckleheads,ˈnʌkəlˌhɛdz
knuckles,ˈnʌkəlz
knurled,nɝld
knurls,nɝlz
kohls,koʊlz
konked,kɑŋkt
konks,kɑŋks
koshers,ˈkoʊʃɚz
kouroi,ˈkʊɹɔɪ
kouros,ˈkʊɹɔs
kousso,ˈkusoʊ
koussos,ˈkusʊz
kowtow,ˌkaʊˈtaʊ
kowtowed,ˌkaʊˈtaʊd
kowtower,ˌkaʊˈtaʊɚ
kowtowers,ˌkaʊˈtaʊɚz
kowtowing,ˌkaʊˈtaʊɪŋ
kowtows,ˌkaʊˈtaʊz
kraaled,kɹɑld
kraals,kɹɑlz
krills,kɹɪlz
kurbashed,ˈkʊɹbæʃt
kurbashes,ˈkʊɹbæʃɪz
kvetched,kvɛtʃt
kvetches,ˈkvɛtʃɪz
kyanises,ˈkaɪəˌnaɪzɪz
kyanizes,ˈkaɪəˌnaɪzɪz
kyboshed,ˈkaɪˌbɑʃt
kyboshes,ˈkaɪˌbɑʃɪz
kythes,kaɪðz
laagered,ˈlɑɡɚd
laagers,ˈlɑɡɚz
labefies,ˈlæbəˌfaɪz
labeled,ˈleɪbəld
labelled,ˈleɪbəld
labeller,ˈleɪbəlɚ
labellers,ˈleɪbəlɚz
labelling,ˈleɪbəlɪŋ
labels,ˈleɪbəlz
labializes,ˈleɪbiəˌlaɪzɪz
labiate,ˈleɪbiət
labiates,ˈleɪbieɪts,(verb),or,ˈleɪbiəts,(noun)
labored,ˈleɪbɚd
labors,ˈleɪbɚz
laborsome,ˈleɪbɚsəm
laboured,ˈleɪbɚd
labours,ˈleɪbɚz
laboursome,ˈleɪbɚsəm
lacerate,ˈlæsəˌɹeɪt
lacerates,ˈlæsəˌɹeɪts
lacerative,ˈlæsəˌɹeɪtɪv
laces,ˈleɪsɪz
lachrymates,ˈlækɹəˌmeɪts
laciniate,ləˈsɪniət
lacked,lækt
lackered,ˈlækɚd
lackers,ˈlækɚz
lackeyed,ˈlækid
lackeys,ˈlækiz
lacks,læks
laconizes,ˈlækəˌnaɪzɪz
lacquer,ˈlækɚ
lacquered,ˈlækɚd
lacquerer,ˈlækɚɚ
lacquerers,ˈlækɚɚz
lacquering,ˈlækɚɪŋ
lacquers,ˈlækɚz
lacquerware,ˈlækɚˌwɛɹ
lacquerwares,ˈlækɚˌwɛɹz
lacquerwork,ˈlækɚˌwɝk
lacquerworks,ˈlækɚˌwɝkz
lacquey,ˈlæki
lacqueyed,ˈlækid
lacqueying,ˈlækiɪŋ
lacqueys,ˈlækiz
lacrimates,ˈlækɹəˌmeɪts
lacrymates,ˈlækɹəˌmeɪts
lactates,ˈlækˌteɪts
lacunate,ləˈkjunət
laddered,ˈlædɚd
ladders,ˈlædɚz
ladifes,ˈleɪdɪfs
ladles,ˈleɪdəlz
ladylove,ˈleɪdiˌlʌv
ladyloves,ˈleɪdiˌlʌvz
laevigate,ˈlɛvəˌɡeɪt
laevigates,ˈlɛvəˌɡeɪts
laevo,ˈleɪvoʊ
laevorotation,ˌliːvoʊroʊˈteɪʃən
lagered,ˈlɑɡɚd
lagged,læɡd
lags,læɡz
laicises,ˈleɪəˌsaɪzɪz
laicizes,ˈleɪəˌsaɪzɪz
laired,lɛɹd
lairs,lɛɹz
lait,leɪ
lakes,leɪks
lalled,lɑld
lalls,lɑlz
lallygagged,ˈlɑliˌɡæɡd
lallygags,ˈlɑliˌɡæɡz
lamb,læm
lambastes,læmˈbeɪsts
lambasts,læmˈbæsts
lambative,ˈlæmətɪv
lambed,læmd
lamber,ˈlæmɚ
lambers,ˈlæmɚz
lambie,ˈlæmi
lambier,ˈlæmiɚ
lambies,ˈlæmiz
lambiest,ˈlæmiəst
lambing,ˈlæmɪŋ
lambkill,ˈlæmˌkɪl
lambkills,ˈlæmˌkɪlz
lambkin,ˈlæmˌkɪn
lambkins,ˈlæmˌkɪnz
lamblike,ˈlæmˌlaɪk
lambrequin,ˈlæmbɚkɪn
lambrequins,ˈlæmbɚkɪnz
lambs,læmz
lambskin,ˈlæmˌskɪn
lambskinnet,ˌlæmˈskɪnət
lambskins,ˈlæmˌskɪnz
lamby,ˈlæmi
lamebrained,ˈleɪmˌbɹeɪnd
lamellibranchiate,ləˈmɛləˌbɹæŋkiət
lamellibranchiates,ləˈmɛləˌbɹæŋkiəts
laments,ləˈmɛnts
lames,leɪmz
laminate,ˈlæmənət
laminates,ˈlæməˌneɪts,(verb),or,ˈlæməˌnəts,(noun)
lammed,læmd
lamped,læmpt
lamplight,ˈlæmpˌlaɪt
lamplighter,ˈlæmpˌlaɪtɚ
lamplighters,ˈlæmpˌlaɪtɚz
lamplights,ˈlæmpˌlaɪts
lampooned,læmˈpund
lampoons,læmˈpunz
lamppost,ˈlæmpˌpoʊst
lampposts,ˈlæmpˌpoʊsts
lamps,læmps
lams,læmz
lanceolate,ˈlænsiəleɪt
lances,ˈlænsɪz
lancets,ˈlænsəts
lanch,læntʃ
lanched,læntʃt
lanches,ˈlæntʃɪz
lanching,ˈlæntʃɪŋ
lancinates,ˈlænsəˌneɪts
landflood,ˈlændˌflʌd
landfloods,ˈlændˌflʌdz
landgraviate,lændˈɡɹeɪviət
landgraviates,lændˈɡɹeɪviəts
landlocked,ˈlændˌlɑkt
landlocks,ˈlændˌlɑks
landreeve,ˈlændˌɹiv
landreeves,ˈlændˌɹivz
lands,lændz
landscapes,ˈlændˌskeɪps
landstreight,ˈlændˌstreɪt
landstreights,ˈlændˌstreɪts
langue,lɑŋ
langued,lɑŋd
languished,ˈlæŋɡwɪʃt
languishes,ˈlæŋɡwɪʃɪz
languor,ˈlæŋɡɚ
languorous,ˈlæŋɡɚəs
languorously,ˈlæŋɡɚəsli
lansquenet,ˈlænskənɛt
lansquenets,ˈlænskənɛts
lanterned,ˈlæntɚnd
lanterns,ˈlæntɚnz
lapeled,ləˈpɛld
lapelled,ləˈpɛld
lapidates,ˈlæpəˌdeɪts
lapidifies,ləˈpɪdəˌfaɪz
lapped,læpt
lappered,ˈlæpɚd
lappers,ˈlæpɚz
lappets,ˈlæpəts
laps,læps
lapses,ˈlæpsɪz
larch,lɑɹtʃ
larchen,ˈlɑɹtʃən
larches,ˈlɑɹtʃɪz
lards,lɑɹdz
largehearted,ˈlɑɹdʒˈhɑɹtəd
largeheartedly,ˈlɑɹdʒˈhɑɹtədli
largeheartedness,ˈlɑɹdʒˈhɑɹtədnəs
lariats,ˈlæɹiəts
larked,lɑɹkt
larks,lɑɹks
larksome,ˈlɑɹksəm
larruped,ˈlæɹəpt
larrups,ˈlæɹəps
laryngectomizes,ˌlæɹənˈdʒɛktəˌmaɪzɪz
lases,ˈleɪzɪz
lashed,læʃt
lashes,ˈlæʃɪz
lassoes,ˈlæsuz
lassos,ˈlæsuz
lasts,læsts
latched,lætʃt
latches,ˈlætʃɪz
latened,ˈleɪtənd
latens,ˈleɪtənz
lateraled,ˈlætəɹəld
lateralizes,ˈlætəɹəˌlaɪzɪz
laterals,ˈlætəɹəlz
laterises,ˈlætəˌɹaɪzɪz
laterizes,ˈlætəˌɹaɪzɪz
lathered,ˈlæðɚd
lathereeve,ˈlæðˌɹiv
lathereeves,ˈlæðˌɹivz
lathers,ˈlæðɚz
lathreeve,ˈlæθˌɹiv
lathreeves,ˈlæθˌɹivz
latibulizes,ləˈtɪbjəˌlaɪzɪz
latifoliate,ˌlætəˈfoʊliət
latinises,ˈlætənˌaɪzɪz
latinizes,ˈlætənˌaɪzɪz
latrates,ˈlætɹeɪts
lattices,ˈlætəsɪz
laudative,ˈlɔdətɪv
lauds,lɔdz
laugh,læf
laughable,ˈlæfəbəl
laughableness,ˈlæfəbəlnəs
laughably,ˈlæfəbli
laughed,læft
laugher,ˈlæfɚ
laughers,ˈlæfɚz
laughing,ˈlæfɪŋ
laughingly,ˈlæfɪŋli
laughings,ˈlæfɪŋz
laughingstock,ˈlæfɪŋˌstɑk
laughingstocks,ˈlæfɪŋˌstɑks
laughs,læfs
laughsome,ˈlæfsəm
laughter,ˈlæftɚ
laughterless,ˈlæftɚləs
laughters,ˈlæftɚz
laughworthy,ˈlæfˌwɝði
launch,lɔntʃ
launched,lɔntʃt
launcher,ˈlɔntʃɚ
launchers,ˈlɔntʃɚz
launches,ˈlɔntʃɪz
launching,ˈlɔntʃɪŋ
launchpad,ˈlɔntʃˌpæd
launchpads,ˈlɔntʃˌpædz
laundered,ˈlɔndɚd
launderette,ˌlɔːndəˈrɛt
launderettes,ˌlɔːndəˈrɛts
launders,ˈlɔndɚz
laundrette,ˌlɔːndəˈrɛt
laundrettes,ˌlɔːndəˈrɛts
laureate,ˈlɔɹiət
laureates,ˈlɔɹieɪts,(verb),or,ˈlɔɹiəts,(noun)
laureateship,ˈlɔɹiətˌʃɪp
laureateships,ˈlɔɹiətˌʃɪps
laureled,ˈlɔɹəld
laurelled,ˈlɔɹəld
laurelling,ˈlɔɹəlɪŋ
laurels,ˈlɔɹəlz
laveered,ləˈvɪɹd
laveers,ləˈvɪɹz
lavendered,ˈlævəndɚd
lavenders,ˈlævəndɚz
laves,leɪvz
lavished,ˈlævɪʃt
lavishes,ˈlævɪʃɪz
lawbreaker,ˈlɔˌbɹeɪkɚ
lawbreakers,ˈlɔˌbɹeɪkɚz
lawbreaking,ˈlɔˌbɹeɪkɪŋ
lawbreakings,ˈlɔˌbɹeɪkɪŋz
lawed,lɔd
lawsuit,ˈlɔˌsut
lawsuits,ˈlɔˌsuts
lawyered,ˈlɔjɚd
lawyers,ˈlɔjɚz
laxative,ˈlæksətɪv
laxatives,ˈlæksətɪvz
layed,leɪd
layered,ˈleɪɚd
layers,ˈleɪɚz
layette,leɪˈet
layettes,leɪˈets
laypeople,ˈleɪˌpipəl
lays,leɪz
laywomen,ˈleɪˌwɪmɪn
lazarette,ˌlæzəˈrɛt
lazarettes,ˌlæzəˈrɛts
lazes,ˈleɪzɪz
lazies,ˈleɪziz
leach,litʃ
leachabilities,ˌlitʃəˈbɪlɪtiz
leachability,ˌlitʃəˈbɪlɪti
leachable,ˈlitʃəbəl
leachate,ˈlitʃeɪt
leachates,ˈlitʃeɪts
leached,litʃt
leacher,ˈlitʃɚ
leachers,ˈlitʃɚz
leaches,ˈlitʃɪz
leachier,ˈlitʃiɚ
leachiest,ˈlitʃiəst
leaching,ˈlitʃɪŋ
leachy,ˈlitʃi
lead,lid
leaded,ˈlɛdəd
leaden,ˈlɛdən
leadenly,ˈlɛdənli
leadenness,ˈlɛdənnəs
leadhillite,ˈlɛdˌhɪlaɪt
leadier,ˈlɛdiɚ
leadiest,ˈlɛdiəst
leadless,ˈlɛdləs
leadplant,ˈlɛdˌplænt
leadplants,ˈlɛdˌplænts
leads,lidz
leadwork,ˈlɛdˌwɝk
leadworks,ˈlɛdˌwɝks
leadwort,ˈlɛdˌwɝt
leadworts,ˈlɛdˌwɝts
leady,ˈlɛdi
leafed,lift
leaflets,ˈlifləts
leafletted,ˈliflətəd
leafletting,ˈliflətɪŋ
leafs,lifs
leafstalk,ˈlifˌstɔk
leafstalks,ˈlifˌstɔks
leagers,ˈliɡɚz
league,liɡ
leagued,liɡd
leaguer,ˈliɡɚ
leaguered,ˈliɡɚd
leaguerer,ˈliɡɚɚ
leaguering,ˈliɡɚɪŋ
leaguers,ˈliːɡəɹz
leagues,liɡz
leaguing,ˈliɡɪŋ
leaked,likt
leaks,liks
leamed,limd
leams,limz
leaned,lind
leans,linz
leaped,lipt
leapfrogged,ˈlipˌfɹɔɡd
leapfrogs,ˈlipˌfɹɔɡz
leaps,lips
leared,lɪɹd
learn,lɝn
learnable,ˈlɝnəbəl
learned,ˈlɝnəd
learnedly,ˈlɝnədli
learnedness,ˈlɝnədnəs
learner,ˈlɝnɚ
learners,ˈlɜːrnərz
learning,ˈlɜːrnɪŋ
learnings,ˈlɜːrnɪŋz
learns,ˈlɜːrnz
learnt,ˈlɜːrnt
lears,ˈlɪərz
leases,ˈliːsɪz
leashed,liːʃt
leashes,ˈliːʃɪz
leather,ˈlɛðər
leatherback,ˈlɛðərbæk
leatherbacks,ˈlɛðərbæks
leatherbound,ˈlɛðərbaʊnd
leathered,ˈlɛðərd
leatheret,ˈlɛðərɛt
leatherets,ˈlɛðərɛts
leatherette,ˈlɛðərɛt
leatherettes,ˈlɛðərɛts
leatherhead,ˈlɛðərhɛd
leathering,ˈlɛðərɪŋ
leatherleaf,ˈlɛðərliːf
leatherleafs,ˈlɛðərliːfs
leatherleaves,ˈlɛðərliːvz
leatherlike,ˈlɛðərlaɪk
leathern,ˈlɛðərn
leatherneck,ˈlɛðərnɛk
leathernecks,ˈlɛðərnɛks
leatheroid,ˈlɛðərɔɪd
leathers,ˈlɛðərz
leatherwood,ˈlɛðərwʊd
leatherwoods,ˈlɛðərwʊdz
leatherwork,ˈlɛðərwɜːrk
leatherworker,ˈlɛðərwɜːrkər
leathery,ˈlɛðəri
leave,liːv
leaved,liːvd
leaveless,ˈliːvləs
leaven,ˈlɛvən
leavened,ˈlɛvənd
leavening,ˈlɛvənɪŋ
leavenings,ˈlɛvənɪŋz
leavenous,ˈlɛvənəs
leavens,ˈlɛvənz
leaves,liːvz
lech,lɛtʃ
leched,lɛtʃt
lecher,ˈlɛtʃər
lechered,ˈlɛtʃərd
lecherer,ˈlɛtʃərər
lecheries,ˈlɛtʃəriz
lechering,ˈlɛtʃərɪŋ
lecherous,ˈlɛtʃərəs
lecherously,ˈlɛtʃərəsli
lecherousness,ˈlɛtʃərəsnəs
lechers,ˈlɛtʃərz
lechery,ˈlɛtʃəri
leches,ˈlɛtʃɪz
leching,ˈlɛtʃɪŋ
lechwe,ˈlɛtʃweɪ
lechwes,ˈlɛtʃweɪz
lectures,ˈlɛktʃərz
ledgement,ˈlɛdʒmənt
ledgements,ˈlɛdʒmənts
leech,liːtʃ
leechcraft,ˈliːtʃkræft
leeched,liːtʃt
leeches,ˈliːtʃɪz
leeching,ˈliːtʃɪŋ
leechlike,ˈliːtʃlaɪk
leeped,liːpt
leeps,liːps
leered,ˈlɪərd
leers,ˈlɪərz
leftmost,ˈlɛftmoʊst
legalises,ˈliːɡəlaɪzɪz
legalizes,ˈliːɡəlaɪzɪz
legate,ˈlɛɡət
legates,ˈlɛɡeɪts,(verb),or,ˈlɛɡəts,(noun)
legateship,ˈlɛɡətʃɪp
legateships,ˈlɛɡətʃɪps
legioned,ˈliːdʒənd
legislates,ˈlɛdʒɪsleɪts
legislative,ˈlɛdʒɪsleɪtɪv
legislatively,ˈlɛdʒɪsleɪtɪvli
legislatives,ˈlɛdʒɪsleɪtɪvz
legitimate,lɪˈdʒɪtəmət
legitimately,lɪˈdʒɪtəmətli
legitimateness,lɪˈdʒɪtəmətnəs
legitimates,lɪˈdʒɪtəmeɪts,(verb),or,lɪˈdʒɪtəməts,(noun)
legitimatizes,lɪˈdʒɪtəmətaɪzɪz
legitimeres,ˈlɪɡətʃʊərz
legitimises,lɪˈdʒɪtəmaɪzɪz
legitimizes,lɪˈdʒɪtəmaɪzɪz
legs,lɛɡz
leister,ˈlaɪstər
leistered,ˈlaɪstərd
leistering,ˈlaɪstərɪŋ
leisters,ˈlaɪstərz
leisurable,ˈlɛʒərəbəl
leisurably,ˈlɛʒərəbli
leisure,ˈlɛʒər
leisured,ˈlɛʒərd
leisureliness,ˈlɛʒərilinəs
leisurely,ˈlɛʒərli
leisures,ˈlɛʒərz
lemniscate,lɛmˈnɪskət
lemniscates,lɛmˈnɪskəts
lends,lɛndz
lengthened,ˈlɛŋθənd
lengthens,ˈlɛŋθənz
lenifies,ˈlɛnəfaɪz
lenitive,ˈlɛnətɪv
lenitively,ˈlɛnətɪvli
lenitiveness,ˈlɛnətɪvnəs
lenitives,ˈlɛnətɪvz
lensed,lɛnzd
lenses,ˈlɛnzɪz
lenticellate,ˌlɛntɪˈsɛlət
leonardesque,ˌliːənɑːrˈdɛsk
leopard,ˈlɛpərd
leopardess,ˈlɛpərdəs
leopardesses,ˈlɛpərdəsɪz
leopards,ˈlɛpərdz
leopardwood,ˈlɛpərdwʊd
lepered,ˈlɛpərd
lepers,ˈlɛpərz
lesioned,ˈliːʒənd
lesions,ˈliːʒənz
lessened,ˈlɛsənd
lessens,ˈlɛsənz
lessoned,ˈlɛsənd
lessons,ˈlɛsənz
letched,lɛtʃt
letches,ˈlɛtʃɪz
letdown,ˈlɛtdaʊn
letdowns,ˈlɛtdaʊnz
lethargises,ˈlɛθərdʒaɪzɪz
lethargizes,ˈlɛθərdʒaɪzɪz
letheonizes,lɪˈθiːənaɪzɪz
lets,lɛts
letterboxed,ˈlɛtərbɑːkst
letterboxes,ˈlɛtərbɑːksɪz
lettered,ˈlɛtərd
letterhead,ˈlɛtərhɛd
letterheads,ˈlɛtərhɛdz
letters,ˈlɛtərz
lettes,lɛts
leucomaine,ˌluːkəˈmeɪiːn
leucomata,luːˈkoʊmətə
leucopathies,luːˈkɒpəθiz
leucopathy,luːˈkɒpəθi
leucophane,ˈluːkəfeɪn
leucophlegmacy,ˌluːkəˈflɛɡməsi
leucophlegmatic,ˌluːkəflɛɡˈmætɪk
leucophyll,ˈluːkəfɪl
leucophyllous,luːˈkɒfɪləs
leucoplastid,ˌluːkəˈplæstɪd
leucoplasts,ˈluːkəplæsts
leucopyrite,ˌluːkəˈpaɪraɪt
leucoscope,ˈluːkəskoʊp
leucosphere,ˈluːkəsfiːr
leucoturic,ˌluːkəˈtjʊərɪk
leucous,ˈluːkəs
levants,lɪˈvænts
levees,ˈlɛviːz
leveled,ˈlɛvəld
levelheaded,ˌlɛvəlˈhɛdɪd
levelheadedness,ˌlɛvəlˈhɛdɪdnəs
levelises,ˈlɛvəlaɪzɪz
levelizes,ˈlɛvəlaɪzɪz
levelled,ˈlɛvəld
leveller,ˈlɛvələr
levellers,ˈlɛvələrz
levelling,ˈlɛvəlɪŋ
levels,ˈlɛvəlz
leverages,ˈlɛvərɪdʒɪz
levered,ˈlɛvərd
levers,ˈlɛvərz
levies,ˈlɛviz
levigate,ˈlɛvəɡeɪt
levigates,ˈlɛvəɡeɪts
levirate,ˈlɛvərət
levirates,ˈlɛvərəts
levitates,ˈlɛvɪteɪts
lexes,ˈlɛksɪz
lexicalises,ˈlɛksɪkəlaɪzɪz
lexicalizes,ˈlɛksɪkəlaɪzɪz
liaises,liˈeɪzɪz
libeled,ˈlaɪbəld
libellant,ˈlaɪbələnt
libellants,ˈlaɪbəlænts
libelled,ˈlaɪbəld
libellee,ˌlaɪbəˈliː
libellees,ˌlaɪbəˈliːz
libeller,ˈlaɪbələr
libellers,ˈlaɪbələrz
libelling,ˈlaɪbəlɪŋ
libellous,ˈlaɪbələs
liberalises,ˈlɪbərəlaɪzɪz
liberalizes,ˈlɪbərəlaɪzɪz
liberates,ˈlɪbəreɪts
librates,ˈlaɪbreɪts
libs,lɪbz
licences,ˈlaɪsənsɪz
licenses,ˈlaɪsənsɪz
licentiate,laɪˈsɛnʃiət
licentiates,laɪˈsɛnʃiəts
lich,lɪtʃ
lichee,ˈlaɪtʃiː
lichees,ˈlaɪtʃiːz
lichened,ˈlaɪkənd
liches,ˈlɪtʃɪz
lichi,ˈlaɪtʃiː
lichis,ˈlaɪtʃiːz
lichwale,ˈlɪtʃweɪl
lichwales,ˈlɪtʃweɪlz
lichwort,ˈlɪtʃwɜːrt
lichworts,ˈlɪtʃwɜːrts
licked,lɪkt
licks,lɪks
lids,lɪdz
liefsome,ˈliːfsəm
lies,laɪz
lifeblood,ˈlaɪfblʌd
lifebloods,ˈlaɪfblʌdz
lifeguard,ˈlaɪfɡɑːrd
lifeguarded,ˈlaɪfɡɑːrdɪd
lifeguarding,ˈlaɪfɡɑːrdɪŋ
lifeguards,ˈlaɪfɡɑːrdz
lifesome,ˈlaɪfsəm
lifts,lɪfts
ligates,ˈlaɪɡeɪts
ligative,ˈlaɪɡətɪv
ligatures,ˈlɪɡətʃʊərz
light,laɪt
lightable,ˈlaɪtəbəl
lightbulb,ˈlaɪtbʌlb
lightbulbs,ˈlaɪtbʌlbz
lighte,laɪt
lighted,ˈlaɪtɪd
lighten,ˈlaɪtən
lightened,ˈlaɪtənd
lightener,ˈlaɪtənər
lighteners,ˈlaɪtənərz
lightening,ˈlaɪtənɪŋ
lightens,ˈlaɪtənz
lighter,ˈlaɪtər
lighterage,ˈlaɪtərɪdʒ
lighterages,ˈlaɪtərɪdʒɪz
lightered,ˈlaɪtərd
lightering,ˈlaɪtərɪŋ
lighterman,ˈlaɪtərmən
lightermen,ˈlaɪtərmɛn
lighters,ˈlaɪtərz
lightest,ˈlaɪtɪst
lightface,ˈlaɪtfeɪs
lightfaced,ˈlaɪtfeɪst
lightfaces,ˈlaɪtfeɪsɪz
lightfast,ˈlaɪtfæst
lightfastness,ˈlaɪtfæstnəs
lightfoot,ˈlaɪtfʊt
lightful,ˈlaɪtfʊl
lightheaded,ˌlaɪtˈhɛdɪd
lightheadedly,ˌlaɪtˈhɛdɪdli
lightheadedness,ˌlaɪtˈhɛdɪdnəs
lighthearted,ˌlaɪtˈhɑːrtɪd
lightheartedly,ˌlaɪtˈhɑːrtɪdli
lightheartedness,ˌlaɪtˈhɑːrtɪdnəs
lighthouse,ˈlaɪthaʊs
lighthouses,ˈlaɪthaʊsɪz
lighties,ˈlaɪtiz
lighting,ˈlaɪtɪŋ
lightings,ˈlaɪtɪŋz
lightish,ˈlaɪtɪʃ
lightless,ˈlaɪtləs
lightly,ˈlaɪtli
lightman,ˈlaɪtmən
lightmen,ˈlaɪtmɛn
lightness,ˈlaɪtnəs
lightning,ˈlaɪtnɪŋ
lightnings,ˈlaɪtnɪŋz
lightplane,ˈlaɪtpleɪn
lightplanes,ˈlaɪtpleɪnz
lightproof,ˈlaɪtpruːf
lightroom,ˈlaɪtruːm
lightrooms,ˈlaɪtruːmz
lights,laɪts
lightship,ˈlaɪtʃɪp
lightships,ˈlaɪtʃɪps
lightsome,ˈlaɪtsəm
lightsomely,ˈlaɪtsəmli
lightsomeness,ˈlaɪtsəmnəs
lightswitch,ˈlaɪtswɪtʃ
lightswitches,ˈlaɪtswɪtʃɪz
lighttight,ˈlaɪttaɪt
lightweight,ˈlaɪtweɪt
lightweights,ˈlaɪtweɪts
lightwood,ˈlaɪtwʊd
lightwoods,ˈlaɪtwʊdz
lighty,ˈlaɪti
lignifies,ˈlɪɡnəfaɪz
ligulate,ˈlɪɡjʊlət
likened,ˈlaɪkənd
likens,ˈlaɪkənz
likes,laɪks
lilts,lɪlts
limacon,ˈlɪməsɒn
limacons,ˈlɪməsɒnz
limb,lɪm
limbed,lɪmd
limbered,ˈlɪmbərd
limbers,ˈlɪmbərz
limbless,ˈlɪmləs
limbs,lɪmz
limby,ˈlɪmi
limelight,ˈlaɪmlaɪt
limelighted,ˈlaɪmlaɪtɪd
limelighting,ˈlaɪmlaɪtɪŋ
limelights,ˈlaɪmlaɪts
limes,laɪmz
limitative,ˈlɪmɪteɪtɪv
limits,ˈlɪmɪts
limned,lɪmd
limns,lɪmz
limped,lɪmpt
limps,lɪmps
linchpin,ˈlɪntʃpɪn
linchpins,ˈlɪntʃpɪnz
lincolnesque,ˌlɪŋkəˈnɛsk
linearises,ˈlɪniəraɪzɪz
linearizes,ˈlɪniəraɪzɪz
lineate,ˈlɪniət
linebreeds,ˈlaɪnbriːdz
lines,laɪnz
lingered,ˈlɪŋɡərd
lingers,ˈlɪŋɡərz
linked,lɪŋkt
links,lɪŋks
lionheart,ˈlaɪənhɑːrt
lionhearted,ˌlaɪənˈhɑːrtɪd
lionises,ˈlaɪənaɪzɪz
lionizes,ˈlaɪənaɪzɪz
lipped,lɪpt
lippened,ˈlɪpənd
lippens,ˈlɪpənz
lippered,ˈlɪpərd
lippers,ˈlɪpərz
lips,lɪps
lipsticked,ˈlɪpstɪkt
liquates,ˈlaɪkweɪts
liquefies,ˈlɪkwəfaɪz
liqueur,lɪˈkɜːr
liqueurs,lɪˈkɜːrz
liquidates,ˈlɪkwɪdeɪts
liquidiser,ˈlɪkwɪdaɪzər
liquidisers,ˈlɪkwɪdaɪzərz
liquidises,ˈlɪkwɪdaɪzɪz
liquidizes,ˈlɪkwɪdaɪzɪz
liquifies,ˈlɪkwəfaɪz
liquor,ˈlɪkər
liquored,ˈlɪkərd
liquorice,ˈlɪkrɪʃ
liquorices,ˈlɪkrɪʃɪz
liquoring,ˈlɪkərɪŋ
liquors,ˈlɪkərz
lisle,laɪl
lisles,laɪlz
lisped,lɪspt
listen,ˈlɪsən
listenable,ˈlɪsənəbəl
listened,ˈlɪsənd
listener,ˈlɪsənər
listeners,ˈlɪsənərz
listenership,ˈlɪsənərʃɪp
listenerships,ˈlɪsənərʃɪps
listening,ˈlɪsənɪŋ
listens,ˈlɪsənz
lists,lɪsts
literalises,ˈlɪtərəlaɪzɪz
literalizes,ˈlɪtərəlaɪzɪz
literate,ˈlɪtərət
literately,ˈlɪtərətli
literateness,ˈlɪtərətnəs
literates,ˈlɪtərəts
lithifies,ˈlɪθəfaɪz
lithographed,ˈlɪθəɡræft
lithographs,ˈlɪθəɡræfs
lithos,ˈlaɪθoʊz
litigates,ˈlɪtɪɡeɪts
litre,ˈliːtər
litres,ˈliːtərz
littered,ˈlɪtərd
litters,ˈlɪtərz
live,lɪv
lived,lɪvd
livelong,ˈlɪvˌlɔːŋ
livened,ˈlaɪvənd
livens,ˈlaɪvənz
liveries,ˈlɪvəriz
lives,laɪvz
livetrapped,ˈlaɪvtræpt
livetraps,ˈlaɪvtræps
lixiviates,lɪkˈsɪvieɪts
loach,loʊtʃ
loaches,ˈloʊtʃɪz
loads,loʊdz
loafed,loʊft
loafs,loʊfs
loamed,loʊmd
loams,loʊmz
loaned,loʊnd
loans,loʊnz
loathes,loʊðz
loathsome,ˈloʊðsəm
loathsomely,ˈloʊðsəmli
loathsomeness,ˈloʊðsəmnəs
loaves,loʊvz
lobbed,lɑːbd
lobotomises,ləˈbɑːtəmaɪzɪz
lobotomizes,ləˈbɑːtəmaɪzɪz
lobs,lɑːbz
lobstered,ˈlɑːbstərd
lobsters,ˈlɑːbstərz
lobulate,ˈlɑːbjʊlət
localises,ˈloʊkəlaɪzɪz
localizes,ˈloʊkəlaɪzɪz
locates,ˈloʊkeɪts
locative,ˈlɑːkətɪv
locatives,ˈlɑːkətɪvz
lockdown,ˈlɑːkdaʊn
lockdowns,ˈlɑːkdaʊnz
locked,lɑːkt
locks,lɑːks
lockstitched,ˈlɑːkstɪtʃt
lockstitches,ˈlɑːkstɪtʃɪz
locomotive,ˌloʊkəˈmoʊtɪv
locomotives,ˌloʊkəˈmoʊtɪvz
locos,ˈloʊkoʊz
loculate,ˈlɑːkjʊlət
lodgement,ˈlɑːdʒmənt
lodgements,ˈlɑːdʒmənts
lodges,ˈlɑːdʒɪz
lofts,lɔːfts
logaoedic,ˌlɒɡəˈiːdɪk
logaoedics,ˌlɒɡəˈiːdɪks
logged,lɔːɡd
loggerhead,ˈlɔːɡərhɛd
loggerheads,ˈlɔːɡərhɛdz
logicises,ˈlɑːdʒɪsaɪzɪz
logicizes,ˈlɑːdʒɪsaɪzɪz
logrolled,ˈlɔːɡroʊld
logrolls,ˈlɔːɡroʊlz
logs,lɔːɡz
loitered,ˈlɔɪtərd
loiters,ˈlɔɪtərz
lolled,lɑːld
lolloped,ˈlɑːləpt
lollops,ˈlɑːləps
lolls,lɑːlz
lollygagged,ˈlɑːliɡæɡd
lollygags,ˈlɑːliɡæɡz
lonesome,ˈloʊnsəm
lonesomely,ˈloʊnsəmli
lonesomeness,ˈloʊnsəmnəs
lonesomes,ˈloʊnsəmz
lonesumes,ˈloʊnsəmz
longed,lɔːŋd
longes,ˈlʌndʒɪz
longhaired,ˈlɔːŋhɛərd
longhead,ˈlɔːŋhɛd
longheaded,ˌlɔːŋˈhɛdɪd
longheadedly,ˌlɔːŋˈhɛdɪdli
longheadedness,ˌlɔːŋˈhɛdɪdnəs
longheads,ˈlɔːŋhɛdz
longleaves,ˈlɔːŋliːvz
longs,lɔːŋz
longsighted,ˌlɔːŋˈsaɪtɪd
longsightedness,ˌlɔːŋˈsaɪtɪdnəs
longsome,ˈlɔːŋsəm
longsomely,ˈlɔːŋsəmli
longsomeness,ˈlɔːŋsəmnəs
longueur,lɔːŋˈɡɜːr
longueurs,lɔːŋˈɡɜːrz
lookdown,ˈlʊkdaʊn
lookdowns,ˈlʊkdaʊnz
looked,lʊkt
looks,lʊks
loomed,luːmd
looms,luːmz
looped,luːpt
loopholes,ˈluːphoʊlz
loops,luːps
loos,luːz
loosened,ˈluːsənd
loosens,ˈluːsənz
looses,ˈluːsɪz
loots,luːts
lopes,loʊps
lopped,lɑːpt
loppered,ˈlɑːpərd
loppers,ˈlɑːpərz
lops,lɑːps
lords,lɔːrdz
lorgnette,lɔɹˈnjɛt
lorgnettes,lɔɹˈnjɛts
lorgnon,lɔːrnˈjɒn
lorgnons,lɔːrnˈjɒnz
loricate,ˈlɔːrɪkət
loricates,ˈlɔːrɪkeɪts,(verb),or,ˈlɔːrɪkəts,(noun)
losable,ˈluːzəbəl
losableness,ˈluːzəbəlnəs
lose,luːz
loser,ˈluːzər
losers,ˈluːzərz
loses,ˈluːzɪz
losing,ˈluːzɪŋ
losingly,ˈluːzɪŋli
losings,ˈluːzɪŋz
lothsome,ˈloʊðsəm
louche,luːʃ
loudened,ˈlaʊdənd
loudens,ˈlaʊdənz
loudmouthed,ˈlaʊdmaʊðd
lounges,ˈlaʊndʒɪz
loungewear,ˈlaʊndʒwɛər
loups,luːps
loured,ˈlaʊərd
lours,ˈlaʊərz
louses,ˈlaʊsɪz
louts,laʊts
louver,ˈluːvər
louvered,ˈluːvərd
louvers,ˈluːvərz
louvre,ˈluːvər
louvred,ˈluːvərd
louvres,ˈluːvərz
love,lʌv
lovebird,ˈlʌvbɜːrd
lovebirds,ˈlʌvbɜːrdz
lovebug,ˈlʌvbʌɡ
lovebugs,ˈlʌvbʌɡz
loved,lʌvd
loveless,ˈlʌvləs
lovelessly,ˈlʌvləsli
lovelessness,ˈlʌvləsnəs
lovelier,ˈlʌvliər
lovelies,ˈlʌvliz
loveliest,ˈlʌvliɪst
lovelily,ˈlʌvlɪli
loveliness,ˈlʌvlinəs
lovelock,ˈlʌvlɑːk
lovelocks,ˈlʌvlɑːks
lovelorn,ˈlʌvlɔːrn
lovelornness,ˈlʌvlɔːrnnəs
lovely,ˈlʌvli
lovemaking,ˈlʌvmeɪkɪŋ
lovemakings,ˈlʌvmeɪkɪŋz
loves,lʌvz
loveseat,ˈlʌvsiːt
loveseats,ˈlʌvsiːts
lovesick,ˈlʌvsɪk
lovesickness,ˈlʌvsɪknəs
lovesome,ˈlʌvsəm
lovingkindness,ˈlʌvɪŋˈkaɪndnəs
lowballed,ˈloʊbɔːld
lowballs,ˈloʊbɔːlz
lowbrow,ˈloʊbraʊ
lowbrows,ˈloʊbraʊz
lowdown,ˈloʊdaʊn
lowdowns,ˈloʊdaʊnz
lowercases,ˈloʊərkeɪsɪz
lowered,ˈloʊərd
lowermost,ˈloʊərmoʊst
lowers,ˈloʊərz
lowery,ˈlaʊəri
lowes,loʊz
lowlight,ˈloʊlaɪt
lowlights,ˈloʊlaɪts
lowlihead,ˈloʊlihɛd
lown,laʊn
lubricates,ˈluːbrɪkeɪts
lubricative,ˈluːbrɪkeɪtɪv
lucked,lʌkt
lucks,lʌks
lucrative,ˈluːkrətɪv
lucratively,ˈluːkrətɪvli
lucrativeness,ˈluːkrətɪvnəs
lucubrates,ˈluːkjʊbreɪts
luffed,lʌft
luffs,lʌfs
luges,ˈluːdʒɪz
lugged,lʌɡd
lugs,lʌɡz
lullabies,ˈlʌləbaɪz
lulled,lʌld
lulls,lʌlz
lumbered,ˈlʌmbərd
lumbers,ˈlʌmbərz
luminesces,ˌluːmɪˈnɛsɪz
lumped,lʌmpt
lumps,lʌmps
lunch,lʌntʃ
lunchbox,ˈlʌntʃbɑːks
lunchboxes,ˈlʌntʃbɑːksɪz
lunched,lʌntʃt
luncheon,ˈlʌntʃən
luncheonette,ˌlʌntʃəˈnɛt
luncheonettes,ˌlʌntʃəˈnɛts
luncheons,ˈlʌntʃənz
luncher,ˈlʌntʃər
lunchers,ˈlʌntʃərz
lunches,ˈlʌntʃɪz
lunching,ˈlʌntʃɪŋ
lunchmeat,ˈlʌntʃmiːt
lunchmeats,ˈlʌntʃmiːts
lunchroom,ˈlʌntʃruːm
lunchrooms,ˈlʌntʃruːmz
lunchtime,ˈlʌntʃtaɪm
lunchtimes,ˈlʌntʃtaɪmz
lunette,luːˈnɛt
lunettes,luːˈnɛts
lunges,ˈlʌndʒɪz
lunkhead,ˈlʌŋkhɛd
lunkheaded,ˈlʌŋkhɛdɪd
lunkheads,ˈlʌŋkhɛdz
lunts,lʌnts
lunulate,ˈlʌnjʊlət
lurch,lɜːrtʃ
lurched,lɜːrtʃt
lurcher,ˈlɜːrtʃər
lurchers,ˈlɜːrtʃərz
lurches,ˈlɜːrtʃɪz
lurching,ˈlɜːrtʃɪŋ
lures,ˈlʊərz
lurked,lɜːrkt
lurks,lɜːrks
lushed,lʌʃt
lushes,ˈlʌʃɪz
lustered,ˈlʌstərd
lusters,ˈlʌstərz
lustrates,ˈlʌstreɪts
lustre,ˈlʌstər
lustred,ˈlʌstərd
lustres,ˈlʌstərz
lustring,ˈlʌstrɪŋ
lustrings,ˈlʌstrɪŋz
lusts,lʌsts
luteinises,ˈluːtiənaɪzɪz
luteinizes,ˈluːtiənaɪzɪz
lutes,luːts
luxates,ˈlʌkseɪts
luxuriates,lʌɡˈʒʊrieɪts
lychee,ˈlaɪtʃiː
lychees,ˈlaɪtʃiːz
lynch,lɪntʃ
lynched,lɪntʃt
lyncher,ˈlɪntʃər
lynchers,ˈlɪntʃərz
lynches,ˈlɪntʃɪz
lynching,ˈlɪntʃɪŋ
lynchings,ˈlɪntʃɪŋz
lynchpin,ˈlɪntʃpɪn
lynchpins,ˈlɪntʃpɪnz
lyophilises,laɪˈɑːfəlaɪzɪz
lyophilizes,laɪˈɑːfəlaɪzɪz
lyricises,ˈlɪrɪsaɪzɪz
lyricizes,ˈlɪrɪsaɪzɪz
lyses,ˈlaɪsiːz
lysogenises,laɪˈsɑːdʒənaɪzɪz
lysogenizes,laɪˈsɑːdʒənaɪzɪz
macadamises,məˈkædəmaɪzɪz
macadamizes,məˈkædəmaɪzɪz
macaque,məˈkæk
macaques,məˈkæks
macarizes,ˈmækəraɪzɪz
macerates,ˈmæsəreɪts
maces,ˈmeɪsɪz
mache,mæʃ
maches,ˈmæʃɪz
machete,məˈʃɛti
machetes,məˈʃɛtiz
machicolate,məˈtʃɪkəleɪt
machicolated,məˈtʃɪkəleɪtɪd
machicolates,məˈtʃɪkəleɪts
machicolating,məˈtʃɪkəleɪtɪŋ
machicolation,mətʃɪkəˈleɪʃən
machicolations,mətʃɪkəˈleɪʃənz
machicoulis,ˌmæʃɪˈkuːli
machicoulises,ˌmæʃɪˈkuːlɪz
machinabilities,məˌʃiːnəˈbɪlɪtiz
machinability,məˌʃiːnəˈbɪlɪti
machinable,məˈʃiːnəbəl
machinal,məˈʃiːnəl
machinates,ˈmækəneɪts
machine,məˈʃiːn
machineabilities,məˌʃiːnəˈbɪlɪtiz
machineability,məˌʃiːnəˈbɪlɪtiː
machineable,məˈʃiːnəbəl
machined,məˈʃiːnd
machinelike,ˈmæʃiːnlaɪk
machiner,məˈʃiːnər
machineries,məˈʃiːnəriːz
machiners,məˈʃiːnərz
machinery,məˈʃiːnəriː
machines,məˈʃiːnz
machining,məˈʃiːnɪŋ
machinist,məˈʃiːnəst
machinists,məˈʃiːnɪsts
machismo,mɑːˈtʃiːzmoʊ
machismos,mɑːˈtʃiːzmoʊz
macho,ˈmɑːtʃoʊ
machos,ˈmɑːtʃoʊz
mackles,ˈmækəlz
macrame,ˈmækrəˌmeɪ
macrames,ˈmækrəˌmeɪz
macroaggregate,ˌmækroʊˈæɡrɪɡət
macroaggregates,ˌmækroʊˈæɡrɪɡəts
macrouridae,mæˈkrʊərɪdiː
maculates,ˈmækjʊleɪts
macules,ˈmækjuːlz
maddened,ˈmædənd
maddens,ˈmædənz
mademoiselle,ˌmædəməˈzɛl
mademoiselles,ˌmædəməˈzɛlz
madrague,məˈdræɡ
madragues,məˈdræɡz
madwomen,ˈmædwɪmɪn
mafficked,ˈmæfɪkt
mafficks,ˈmæfɪks
magicked,ˈmædʒɪkt
magics,ˈmædʒɪks
magnetises,ˈmæɡnɪtaɪzɪz
magnetizes,ˈmæɡnɪtaɪzɪz
magnetostrictive,mæɡˌniːtoʊˈstrɪktɪv
magnetostrictively,mæɡˌniːtoʊˈstrɪktɪvli
magnifies,ˈmæɡnəfaɪz
maidenhead,ˈmeɪdənhɛd
maidenheads,ˈmeɪdənhɛdz
mailed,meɪld
maillot,maɪˈoʊ
maillots,maɪˈoʊz
mails,meɪlz
maimed,meɪmd
maims,meɪmz
mainlines,ˈmeɪnlaɪnz
mainstreamed,ˈmeɪnstriːmd
mainstreams,ˈmeɪnstriːmz
maintained,meɪnˈteɪnd
maintains,meɪnˈteɪnz
maisonette,ˌmeɪzəˈnɛt
maisonettes,ˌmeɪzəˈnɛts
majored,ˈmeɪdʒərd
majorette,ˌmeɪdʒəˈrɛt
majorettes,ˌmeɪdʒəˈrɛts
majors,ˈmeɪdʒərz
makereadies,ˈmeɪkˌrɛdiz
makeready,ˈmeɪkˌrɛdi
makes,meɪks
makeweight,ˈmeɪkweɪt
makeweights,ˈmeɪkweɪts
maladaptive,ˌmæləˈdæptɪv
maladjustive,ˌmæləˈdʒʌstɪv
maladministered,ˌmælədˈmɪnɪstərd
maladministers,ˌmælədˈmɪnɪstərz
malapportioned,ˌmæləˈpɔːrʃənd
maledicts,ˈmælədɪkts
malformed,mælˈfɔːrmd
malfunctioned,mælˈfʌŋkʃənd
malfunctions,mælˈfʌŋkʃənz
maligned,məˈlaɪnd
maligns,ˈmælaɪnz
malingered,məˈlɪŋɡərd
malingers,məˈlɪŋɡərz
malled,mɔːld
malls,mɔːlz
malm,mɑːm
malmier,ˈmɑːmiər
malmiest,ˈmɑːmiɪst
malms,mɑːmz
malmy,ˈmɑːmi
malnourish,mælˈnɜːrɪʃ
malnourished,mælˈnɜːrɪʃt
malnourishes,mælˈnɜːrɪʃɪz
malnourishing,mælˈnɜːrɪʃɪŋ
malnourishment,mælˈnɜːrɪʃmənt
maltreats,mælˈtriːts
malts,mɔːlts
mamboes,ˈmæmboʊz
mambos,ˈmæmboʊz
mammered,ˈmæmərd
mammers,ˈmæmərərz
mammocked,ˈmæməkt
mammocks,ˈmæməks
manacles,ˈmænəkəlz
manages,ˈmænɪdʒɪz
manchet,ˈmæntʃɪt
manchets,ˈmæntʃɪts
manchineel,ˌmæntʃɪˈniːl
manchineels,ˌmæntʃɪˈniːlz
manchu,mænˈtʃuː
manchukuo,ˌmæntʃuːˈkwoʊ
manchuria,mænˈtʃʊriə
manchurian,mænˈtʃʊriən
manchurians,mænˈtʃʊriənz
mandamused,ˈmændəməst
mandamuses,ˈmændəməsɪz
mandates,ˈmændeɪts
manders,ˈmændərz
mandibulate,mænˈdɪbjʊlət
mandrils,ˈmændrɪlz
mands,mændz
maneuvered,məˈnuːvərd
maneuvers,məˈnuːvərz
mangles,ˈmæŋɡəlz
manhandles,ˈmænhændəlz
manicures,ˈmænɪkjʊərz
manifestoes,ˌmænɪˈfɛstoʊz
manifestos,ˌmænɪˈfɛstoʊz
manifests,ˈmænɪfɛsts
manifolds,ˈmænɪfoʊldz
manipulates,məˈnɪpjʊleɪts
manipulative,məˈnɪpjʊleɪtɪv
manipulatively,məˈnɪpjʊleɪtɪvli
manipulativeness,məˈnɪpjəˌleɪtɪvnəs
mankind,mænˈkaɪnd
manned,mænd
mannequin,ˈmænɪkɪn
mannequins,ˈmænɪkɪnz
mannered,ˈmænərd
manoeuverabilities,məˌnuːvrəˈbɪlɪtiz
manoeuvrability,məˌnuːvərəˈbɪlɪtiː
manoeuvrable,məˈnuːvərəbəl
manoeuvre,məˈnuːvər
manoeuvred,məˈnuːvərd
manoeuvres,məˈnuːvərz
manoeuvring,məˈnuːvərɪŋ
manpower,ˈmænpaʊər
manpowers,ˈmænpaʊərz
manque,mɑːŋˈkeɪ
mans,mænz
manses,ˈmænsɪz
manslaughter,ˈmænslɔːtər
manslaughters,ˈmænslɔːtərz
manteaux,mænˈtoʊz
mantelshelves,ˈmæntəlʃɛlvz
mantles,ˈmæntəlz
manufactures,ˌmænjʊˈfæktʃərz
manumits,ˌmænjʊˈmɪts
manures,məˈnʊrz
manxwomen,ˈmæŋkswɪmɪn
mapped,mæpt
maps,mæps
maquette,mæˈkɛt
maquettes,mæˈkɛts
maqui,ˈmɑːki
maquiladora,mɑːˌkiːləˈdɔːrə
maquiladoras,mɑːˌkiːləˈdɔːrəz
maquis,ˈmɑːki
marabou,ˈmærəbuː
marabous,ˈmærəbuːz
marathoned,ˈmærəθɑːnd
marathons,ˈmærəθɑːnz
marauds,məˈrɔːdz
marbleise,ˈmɑːrbəlaɪz
marbleised,ˈmɑːrbəlaɪzd
marbleises,ˈmɑːrbəlaɪzɪz
marbleising,ˈmɑːrbəlaɪzɪŋ
marbleize,ˈmɑːrbəlaɪz
marbleized,ˈmɑːrbəlaɪzd
marbleizes,ˈmɑːrbəlaɪzɪz
marbleizing,ˈmɑːrbəlaɪzɪŋ
marbles,ˈmɑːrbəlz
marcelled,mɑːrˈsɛld
marcels,mɑːrˈsɛlz
march,mɑːrtʃ
marched,mɑːrtʃt
marcher,ˈmɑːrtʃər
marchers,ˈmɑːrtʃərz
marches,ˈmɑːrtʃɪz
marching,ˈmɑːrtʃɪŋ
marchioness,ˈmɑːrʃənəs
marchionesses,ˈmɑːrʃənəsɪz
marchlike,ˈmɑːrtʃlaɪk
marchpane,ˈmɑːrtʃpeɪn
marchpanes,ˈmɑːrtʃpeɪnz
margents,ˈmɑːrdʒənts
marginalises,ˈmɑːrdʒɪnəlaɪzɪz
marginalizes,ˈmɑːrdʒɪnəlaɪzɪz
marginate,ˈmɑːrdʒɪnət
marginates,ˈmɑːrdʒɪnəts
margined,ˈmɑːrdʒɪnd
margins,ˈmɑːrdʒɪnz
margravate,ˈmɑːrɡrəveɪt
margravates,ˈmɑːrɡrəveɪts
margraviate,mɑːrˈɡreɪviət
margraviates,mɑːrˈɡreɪviəts
marguerite,ˌmɑːrɡəˈriːt
marguerites,ˌmɑːrɡəˈriːtz
mariachi,ˌmɑːriˈɑːtʃi
mariachis,ˌmɑːriˈɑːtʃiz
marinades,ˈmærəneɪdz
marinates,ˈmærəneɪts
marionette,ˌmæriəˈnɛt
marionettes,ˌmæriəˈnɛts
markdown,ˈmɑːrkdaʊn
markdowns,ˈmɑːrkdaʊnz
marked,mɑːrkt
markets,ˈmɑːrkɪts
marks,mɑːrks
markswomen,ˈmɑːrkswɪmɪn
marled,ˈmɑːrld
marls,ˈmɑːrlz
marooned,məˈruːnd
maroons,məˈruːnz
marque,mɑːrk
marquee,mɑːrˈkiː
marquees,mɑːrˈkiːz
marques,mɑːrks
marquessate,ˈmɑːrwɪsət
marquessates,ˈmɑːrwɪsəts
marqueterie,ˈmɑːrkɪtri
marqueteries,ˈmɑːrkɪtriz
marquetries,ˈmɑːrkɪtriz
marquetry,ˈmɑːrkɪtri
marquisate,ˈmɑːrwɪsət
marquisates,ˈmɑːrwɪsəts
marquise,mɑːrˈkiːz
marquises,mɑːrˈkiːzɪz
marquisette,ˌmɑːrkɪˈzɛt
marquisettes,ˌmɑːrkɪˈzɛts
marred,mɑːrd
marries,ˈmæriz
mars,mɑːrz
marshaled,ˈmɑːrʃəld
marshalled,ˈmːrʃəld
marshalling,ˈmɑːrʃəlɪŋ
marshalls,ˈmɑːrʃəlz
marshals,ˈmɑːrʃəlz
marts,mɑːrts
martyred,ˈmɑːrtərd
martyrizes,ˈmɑːrtəraɪzɪz
martyrizes,ˈmɑːrtəraɪzɪz
martyrs,ˈmɑːrtərz
marveled,ˈmɑːrvəld
marvelled,ˈmɑːrvəld
marvelling,ˈmɑːrvəlɪŋ
marvellous,ˈmɑːrvələs
marvellously,ˈmɑːrvələsli
marvellousness,ˈmɑːrvələsnəs
marvels,ˈmɑːrvəlz
mascaraed,mæˈskærəd
mascaras,mæˈskærəz
masculine,ˈmæskjʊlɪn
masculinely,ˈmæskjʊlɪnli
masculines,ˈmæskjʊlɪnz
masculinises,ˈmæskjʊlɪnaɪzɪz
masculinizes,ˈmæskjʊlɪnaɪzɪz
mashed,mæʃt
mashes,ˈmæʃɪz
masked,mæskt
masks,mæsks
masoned,ˈmeɪsənd
masons,ˈmeɪsənz
masque,mæsk
masquer,ˈmæskər
masquerade,ˌmæskəˈreɪd
masqueraded,ˌmæskəˈreɪdɪd
masquerader,ˌmæskəˈreɪdər
masqueraders,ˌmæskəˈreɪdərz
masquerades,ˌmæskəˈreɪdz
masquerading,ˌmæskəˈreɪdɪŋ
masquers,ˈmæskərz
masques,mæsks
massacres,ˈmæsəkərz
massages,məˈsɑːʒɪz
massed,mæst
masses,ˈmæsɪz
massive,ˈmæsɪv
massively,ˈmæsɪvli
massiveness,ˈmæsɪvnəs
mastered,ˈmæstərd
mastermind,ˈmæstərmaɪnd
masterminded,ˈmæstərmaɪndɪd
masterminding,ˈmæstərmaɪndɪŋ
masterminds,ˈmæstərmaɪndz
masters,ˈmæstərz
masthead,ˈmæsthɛd
mastheaded,ˈmæsthɛdɪd
mastheading,ˈmæsthɛdɪŋ
mastheads,ˈmæsthɛdz
masticates,ˈmæstɪkeɪts
masts,mæsts
masturbates,ˈmæstərbeɪts
matched,mætʃt
matches,ˈmætʃɪz
materialises,məˈtɪəriəlaɪzɪz
materializes,məˈtɪriːəˌlaɪzɪz
mates,meɪts
mathematises,ˌmæθəməˈtaɪzɪz
mathematizes,ˈmæθəməˌtaɪzɪz
matinee,ˌmætəˈneɪ
matinees,ˌmætəˈneɪz
matriarchate,ˌmeɪtriˈɑːrkət
matriarchates,ˌmeɪtriˈɑːrkəts
matriculate,məˈtrɪkjʊleɪt
matriculates,məˈtrɪkjʊleɪts,(verb),or,məˈtrɪkjʊləts,(noun)
mats,mæts
mattered,ˈmætərd
matters,ˈmætərz
maturates,ˈmætʃʊreɪts
matures,məˈtʃʊrz
mauled,mɔːld
mauls,mɔːlz
maundered,ˈmɔːndərd
maunders,ˈmɔːndərz
mauve,moʊv
mauves,moʊvz
mavourneen,məˈvʊərniːn
mavourneens,ˌmævʊrˈniːnz
mavournin,məˈvʊrnɪn
mavournins,məˈvʊrnɪnz
mawed,mɔːd
maxed,mækst
maxes,ˈmæksɪz
maximises,ˈmæksɪmaɪzɪz
maximizes,ˈmæksəˌmaɪzɪz
mayflower,ˈmeɪflaʊər
mayflowers,ˈmeɪflaʊərz
mazes,ˈmeɪzɪz
meadow,ˈmɛdoʊ
meadowland,ˈmɛdoʊlænd
meadowlands,ˈmɛdoʊlændz
meadowlark,ˈmɛdoʊlɑːrk
meadowlarks,ˈmɛdoʊlɑːrkz
meadows,ˈmɛdoʊz
meadowsweet,ˈmɛdoʊswiːt
meadowsweets,ˈmɛdoʊswiːts
meadowy,ˈmɛdoʊi
mealymouthed,ˌmiːlimmaʊðd
meandered,miˈændərd
meanders,miˈændərz
means,miːnz
meant,mɛnt
measurabilities,ˌmɛʒərəˈbɪlɪtiz
measurability,ˌmɛʒərəˈbɪlɪtiː
measurable,ˈmɛʒərəbəl
measurably,ˈmɛʒərəbliː
measure,ˈmɛʒər
measured,ˈmɛʒərd
measuredly,ˈmɛʒərdli
measureless,ˈmɛʒərləs
measurement,ˈmɛʒərmənt
measurements,ˈmɛʒərmənts
measurer,ˈmɛʒərər
measurers,ˈmɛʒərərz
measures,ˈmɛʒərz
measuring,ˈmɛʒərɪŋ
meathead,ˈmiːthɛd
meatheads,ˈmiːthɛdz
meatloaves,ˈmiːtloʊvz
mechanises,ˈmɛkənaɪzɪz
mechanizes,ˈmɛkəˌnaɪzɪz
mechanoreceptive,mɪˌkænoʊrɪˈsɛptɪv
medaled,ˈmɛdəld
medalled,ˈmɛdəld
medalling,ˈmɛdəlɪŋ
medallist,ˈmɛdəlist
medallists,ˈmɛdəlists
medals,ˈmɛdəlz
meddles,ˈmɛdəlz
meddlesome,ˈmɛdəlsəm
meddlesomeness,ˈmɛdəlsəmnəs
medevacked,ˈmɛdɪvækt
medevacs,ˈmɛdɪvæks
mediate,ˈmiːdiːˌeɪt
mediately,ˈmiːdiːˌeɪtli
mediates,ˈmiːdiːˌeɪts
mediatises,ˈmiːdiətaɪzɪz
mediative,ˈmiːdiətɪv
mediatizes,ˈmiːdiəˌtaɪzɪz
medicates,ˈmɛdɪkeɪts
medicine,ˈmɛdəsən
medicines,ˈmɛdəsənz
meditates,ˈmɛdɪteɪts
meditative,ˈmɛdɪteɪtɪv
meditatively,ˈmɛdɪteɪtɪvli
meditativeness,ˈmɛdəˌteɪtɪvnəs
medivacked,ˈmɛdɪvækt
medivacs,ˈmɛdɪvæks
meets,miːts
megachurch,ˈmɛɡətʃɜːrtʃ
megachurches,ˈmɛɡətʃɜːrtʃɪz
megadeath,ˈmɛɡədɛθ
megadeaths,ˈmɛɡədɛθs
megaphones,ˈmɛɡəfoʊnz
melanises,ˈmɛlənaɪzɪz
melanizes,ˈmɛləˌnaɪzɪz
melds,mɛldz
meliorates,ˈmiːliəreɪts
meliorative,ˈmiːliəreɪtɪv
melled,mɛld
mellowed,ˈmɛloʊd
mellows,ˈmɛloʊz
mells,mɛlz
melodises,ˈmɛlədaɪzɪz
melodizes,ˈmɛləˌdaɪzɪz
melodramatises,ˌmɛlədræməˈtaɪzɪz
melodramatizes,ˌmɛləˈdræməˌtaɪzɪz
meltdown,ˈmɛltdaʊn
meltdowns,ˈmɛltdaʊnz
melts,mɛlts
membered,ˈmɛmbərd
memorialises,mɪˈmɔːriəlaɪzɪz
memorializes,məˈmɔːriːəˌlaɪzɪz
memorises,ˈmɛməraɪzɪz
memorizes,ˈmɛmərˌaɪzɪz
menaces,ˈmɛnəsɪz
mends,mɛndz
menses,ˈmɛnsiːz
menstruates,ˈmɛnstrueɪts
mensurates,ˈmɛnsjʊreɪts
menswear,ˈmɛnzwɛər
mentholates,ˈmɛnθəleɪts
mentioned,ˈmɛnʃənd
mentions,ˈmɛnʃənz
mentored,ˈmɛntɔːrd
mentors,ˈmɛntɔːrz
meoued,miˈaʊd
meous,miˈaʊz
meow,miˈaʊ
meowed,miˈaʊd
meowing,miˈaʊɪŋ
meows,miˈaʊz
mercerises,ˈmɜːrsəraɪzɪz
mercerizes,ˈmɜːrsəˌraɪzɪz
merch,mɜːrtʃ
merchandise,ˈmɜːrtʃənˌdaɪz
merchandised,ˈmɜːrtʃənˌdaɪzd
merchandiser,ˈmɜːrtʃənˌdaɪzər
merchandisers,ˈmɜːrtʃənˌdaɪzərz
merchandises,ˈmɜːrtʃənˌdaɪzɪz
merchandising,ˈmɜːrtʃənˌdaɪzɪŋ
merchandisings,ˈmɜːrtʃənˌdaɪzɪŋz
merchandize,ˈmɜːrtʃənˌdaɪz
merchandized,ˈmɜːrtʃənˌdaɪzd
merchandizes,ˈmɜːrtʃənˌdaɪzɪz
merchandizing,ˈmɜːrtʃənˌdaɪzɪŋ
merchandizings,ˈmɜːrtʃənˌdaɪzɪŋz
merchant,ˈmɜːrtʃənt
merchantability,ˌmɜːrtʃəntəˈbɪlɪtiː
merchantable,ˈmɜːrtʃəntəbəl
merchanted,ˈmɜːrtʃəntɪd
merchanting,ˈmɜːrtʃəntɪŋ
merchantman,ˈmɜːrtʃəntmən
merchantmen,ˈmɜːrtʃəntmɪn
merchants,ˈmɜːrtʃənts
mercurates,ˈmɜːrkjʊreɪts
mercurizes,ˈmɜːrkjʊraɪzɪz
merengue,məˈrɛŋɡeɪ
merengues,məˈrɛŋɡeɪz
merges,ˈmɜːrdʒɪz
meringue,məˈræŋ
meringues,məˈræŋz
merits,ˈmɛrəts
merlot,mɛrˈloʊ
merlots,mɛrˈloʊz
merrythought,ˈmɛriθɔːt
merrythoughts,ˈmɛriθɔːts
meseemed,mɪˈsiːmd
meseems,mɪˈsiːmz
meshed,mɛʃt
meshes,ˈmɛʃɪz
mesmerises,ˈmɛzməraɪzɪz
mesmerizes,ˈmɛzmərˌaɪzɪz
mesquit,ˈmɛskiːt
mesquite,ˈmɛˌskiːt
mesquites,ˈmɛˌskiːts
mesquits,ˈmɛskiːts
messages,ˈmɛsədʒəz
messed,mɛst
messes,ˈmɛsɪz
metabolises,mɪˈtæbəlaɪzɪz
metabolizes,məˈtæbəˌlaɪzɪz
metaled,ˈmɛtəld
metalhead,ˈmɛtəlhɛd
metalheads,ˈmɛtəlhɛdz
metalises,ˈmɛtəlaɪzɪz
metalizes,ˈmɛtəˌlaɪzɪz
metalled,ˈmɛtəld
metalling,ˈmɛtəlɪŋ
metallises,ˈmɛtəlaɪzɪz
metallist,ˈmɛtəlɪst
metallists,ˈmɛtəlɪsts
metallization,ˌmɛtəlɪˈzeɪʃən
metallizations,ˌmɛtələˈzeɪʃənz
metallize,ˈmɛtəlaɪz
metallized,ˈmɛtəlaɪzd
metallizes,ˈmɛtəlaɪzɪz
metallizing,ˈmɛtəlaɪzɪŋ
metals,ˈmɛtəlz
metamorphoses,ˌmɛtəˈmɔːrfoʊsiːz
metastasises,mɪˈtæstəsaɪzɪz
metastasizes,məˈtæstəˌsaɪzɪz
metered,ˈmiːtərd
meters,ˈmiːtərz
metes,miːts
methodises,ˈmɛθədaɪzɪz
methodizes,ˈmɛθəˌdaɪzɪz
methods,ˈmɛθədz
methylates,ˈmɛθəleɪts
metier,ˈmɛtieɪ
metiers,ˈmɛtieɪz
metred,ˈmiːtərd
metres,ˈmiːtərz
metricises,ˈmɛtrɪsaɪzɪz
metricizes,ˈmɛtrɪˌsaɪzɪz
metrifies,ˈmɛtrəfaɪz
mettlesome,ˈmɛtəlsəm
mewed,mjuːd
mewled,mjuːld
mewls,mjuːlz
mews,mjuːz
miaou,miˈaʊ
miaoued,miˈaʊd
miaouing,miˈaʊɪŋ
miaous,miˈaʊz
miaow,miˈaʊ
miaowed,miˈaʊd
miaowing,miˈaʊɪŋ
miaows,miˈaʊz
miche,mɪtʃ
miched,mɪtʃt
miches,ˈmɪtʃɪz
miching,ˈmɪtʃɪŋ
micrifies,ˈmaɪkrəfaɪz
microbrews,ˈmaɪkroʊbruːz
microbursts,ˈmaɪkroʊbɜːrsts
microcassette,ˈmaɪkroʊkəˌsɛt
microcassettes,ˈmaɪkroʊkəˌsɛts
microchip,ˈmaɪkroʊtʃɪp
microchips,ˈmaɪkroʊtʃɪps
microclimate,ˈmaɪkroʊklaɪmət
microclimates,ˈmaɪkroʊklaɪməts
microearthquake,ˈmaɪkroʊˈɜːrθkweɪk
microearthquakes,ˈmaɪkroʊˈɜːrθkweɪks
microencapsulates,ˌmaɪkroʊɛnˈkæpsjʊleɪts
microfiche,ˈmaɪkroʊfiːʃ
microfiches,ˈmaɪkroʊfiːʃɪz
microfilmed,ˈmaɪkroʊfɪlmd
microfilms,ˈmaɪkroʊfɪlmz
micrographs,ˈmaɪkrəɡræfs
microgroove,ˈmaɪkroʊɡruːv
microgrooves,ˈmaɪkroʊɡruːvz
microinch,ˈmaɪkroʊɪntʃ
microinches,ˈmaɪkroʊɪntʃɪz
microinjects,ˌmaɪkroʊɪnˈdʒɛkts
microlight,ˈmaɪkroʊlaɪt
micromanages,ˌmaɪkroʊˈmænɪdʒɪz
micromanipulates,ˌmaɪkroʊməˈnɪpjʊleɪts
microminiaturizes,ˌmaɪkroʊˈmɪnɪtʃəraɪzɪz
micronises,ˈmaɪkrənaɪzɪz
micronizes,ˈmaɪkrəˌnaɪzɪz
micropipette,ˌmaɪkroʊpaɪˈpɛt
micropipettes,ˌmaɪkroʊpaɪˈpɛts
microsporangiate,ˌmaɪkroʊspəˈrændʒiət
microtechnique,ˌmaɪkroʊtɛkˈniːk
microtechniques,ˌmaɪkroʊtɛkˈniːks
microwaves,ˈmaɪkroʊweɪvz
micturates,ˈmɪktʃʊreɪts
midcourse,ˈmɪdkɔːrs
midcourt,ˈmɪdkɔːrt
middlebrow,ˈmɪdəlbraʊ
middlebrows,ˈmɪdəlbraʊz
middleweight,ˈmɪdəlweɪt
middleweights,ˈmɪdəlweɪts
midmost,ˈmɪdmoʊst
midmosts,ˈmɪdmoʊsts
midnight,ˈmɪdnaɪt
midnightly,ˈmɪdnaɪtli
midnights,ˈmɪdnaɪts
midtown,ˈmɪdtaʊn
midtowns,ˈmɪdtaʊnz
midwifes,ˈmɪdwaɪfs
miffed,mɪft
miffs,mɪfs
might,maɪt
mightier,ˈmaɪtiər
mightiest,ˈmaɪtiɪst
mightily,ˈmaɪtɪli
mightiness,ˈmaɪtinis
mights,maɪts
mighty,ˈmaɪti
mignon,mɪnˈjɔːn
mignonette,ˌmɪnjəˈnɛt
mignonettes,ˌmɪnjəˈnɛts
mignons,mɪnˈjɔːnz
migrates,ˈmaɪɡreɪts
mikes,maɪks
milch,mɪltʃ
mild,maɪld
milden,ˈmaɪldən
mildened,ˈmaɪldənd
mildening,ˈmaɪldənɪŋ
mildens,ˈmaɪldənz
milder,ˈmaɪldər
mildest,ˈmaɪldɪst
mildewed,ˈmɪldjuːd
mildews,ˈmɪldjuːz
mildly,ˈmaɪldli
mildness,ˈmaɪldnəs
milepost,ˈmaɪlpoʊst
mileposts,ˈmaɪlpoʊsts
militarises,ˈmɪlɪtəraɪzɪz
militarizes,ˈmɪlətərˌaɪzɪz
militates,ˈmɪlɪteɪts
milked,mɪlkt
milks,mɪlks
milled,mɪld
mills,mɪlz
millwright,ˈmɪlraɪt
millwrights,ˈmɪlraɪts
milts,mɪlts
mimeographed,ˈmɪmiəɡræft
mimeographs,ˈmɪmiəɡræfs
mimeos,ˈmɪmioʊz
mimes,maɪmz
mimicked,ˈmɪmɪkt
mimics,ˈmɪmɪks
minces,ˈmɪnsɪz
mind,maɪnd
mindblower,ˈmaɪndˌbloʊər
mindblowers,ˈmaɪndˌbloʊərz
mindblowing,ˈmaɪndˌbloʊɪŋ
mindboggling,ˈmaɪndˌbɑːɡəlɪŋ
minded,ˈmaɪndɪd
mindedness,ˈmaɪndɪdnəs
minder,ˈmaɪndər
minders,ˈmaɪndərz
mindful,ˈmaɪndfʊl
mindfully,ˈmaɪndfʊli
mindfulness,ˈmaɪndfʊlnəs
minding,ˈmaɪndɪŋ
mindless,ˈmaɪndləs
mindlessly,ˈmaɪndləsli
mindlessness,ˈmaɪndləsnəs
minds,maɪndz
mindset,ˈmaɪndsɛt
mindsets,ˈmaɪndsɛts
mineralises,ˈmɪnərəlaɪzɪz
mineralizes,ˈmɪnərəˌlaɪzɪz
mines,maɪnz
mingles,ˈmɪŋɡəlz
miniaturises,ˈmɪnɪtʃəraɪzɪz
miniaturizes,ˈmɪnɪtʃərˌaɪzɪz
minicourse,ˈmɪnikɔːrs
minicourses,ˈmɪnikɔːrsɪz
minifies,ˈmɪnəfaɪz
minimises,ˈmɪnɪmaɪzɪz
minimizes,ˈmɪnəˌmaɪzəz
minished,ˈmɪnɪʃt
minishes,ˈmɪnɪʃɪz
ministered,ˈmɪnɪstərd
ministers,ˈmɪnɪstərz
minored,ˈmaɪnərd
minors,ˈmaɪnərz
mints,mɪnts
minute,ˈmɪnət
minuteman,ˈmɪnɪtmæn
minutemen,ˈmɪnɪtmɛn
minutes,ˈmɪnəts
miquelet,ˈmɪkəlɛt
miquelets,ˈmɪkəlɛts
mires,ˈmaɪərz
mirked,mɜːrkt
mirks,mɜːrks
mirrored,ˈmɪrərd
mirrors,ˈmɪrərz
misacts,ˌmɪsˈækts
misadapts,ˌmɪsəˈdæpts
misaddressed,ˌmɪsəˈdrɛst
misaddresses,ˌmɪsəˈdrɛsɪz
misadds,ˌmɪsˈædz
misadjusts,ˌmɪsəˈdʒʌsts
misadvises,ˌmɪsədˈvaɪzɪz
misaimed,ˌmɪsˈeɪmd
misaims,ˌmɪsˈeɪmz
misaligned,ˌmɪsəˈlaɪnd
misaligns,ˌmɪsəˈlaɪnz
misallies,ˌmɪsəˈlaɪz
misallocates,ˌmɪsˈæləkeɪts
misaltered,ˌmɪsˈɔːltərd
misalters,ˌmɪsˈɔːltərz
misanalyses,ˌmɪsəˈnæləsiːz
misanalyzes,mɪsˈænəˌlaɪzɪz
misapplies,ˌmɪsəˈplaɪz
misappraises,ˌmɪsəˈpreɪzɪz
misapprehends,ˌmɪsˌæprɪˈhɛndz
misappropriates,ˌmɪsəˈproʊprieɪts
misarticulates,ˌmɪsɑːrˈtɪkjʊleɪts
misassayed,ˌmɪsəˈseɪd
misassays,ˌmɪsəˈseɪz
misassembles,ˌmɪsəˈsɛmbəlz
misassumes,ˌmɪsəˈsuːmz
misatones,ˌmɪsəˈtoʊnz
misattributes,ˌmɪsəˈtrɪbjuːts
misawards,ˌmɪsəˈwɔːrdz
misbalances,ˌmɪsˈbælənsɪz
misbecome,ˌmɪsbɪˈkʌm
misbecomes,ˌmɪsbɪˈkʌmz
misbegins,ˌmɪsbɪˈɡɪnz
misbehaves,ˌmɪsbɪˈheɪvz
misbelieve,ˌmɪsbɪˈliːv
misbelieved,ˌmɪsbɪˈliːvd
misbelieves,ˌmɪsbɪˈliːvz
misbilled,ˌmɪsˈbɪld
misbills,ˌmɪsˈbɪlz
misbind,ˌmɪsˈbaɪnd
misbinding,ˌmɪsˈbaɪndɪŋ
misbinds,ˌmɪsˈbaɪndz
misbrands,ˌmɪsˈbrændz
misbuild,ˌmɪsˈbɪld
misbuilding,ˌmɪsˈbɪldɪŋ
misbuilds,ˌmɪsˈbɪldz
misbuilt,ˌmɪsˈbɪlt
misbuttoned,ˌmɪsˈbʌtənd
misbuttons,ˌmɪsˈbʌtənz
miscalculates,ˌmɪsˈkælkjʊleɪts
miscalled,ˌmɪsˈkɔːld
miscalls,ˌmɪsˈkɔːlz
miscaptioned,ˌmɪsˈkæpʃənd
miscaptions,ˌmɪsˈkæpʃənz
miscarries,ˌmɪsˈmæriz
miscasts,ˌmɪsˈkæsts
miscataloged,ˌmɪsˈkætəlɔːɡd
mischance,mɪsˈtʃæns
mischanced,mɪsˈtʃænst
mischances,mɪsˈtʃænsɪz
mischancing,mɪsˈtʃænsɪŋ
mischannel,ˌmɪsˈtʃænəl
mischanneled,ˌmɪsˈtʃænəld
mischanneling,ˌmɪsˈtʃænəlɪŋ
mischannelled,ˌmɪsˈtʃænəld
mischannelling,ˌmɪsˈtʃænəlɪŋ
mischannels,ˌmɪsˈtʃænəlz
mischaracterizes,mɪˈskærəktərˌaɪzɪz
mischarge,ˌmɪsˈtʃɑːrdʒ
mischarged,ˌmɪsˈtʃɑːrdʒt
mischarges,ˌmɪsˈtʃɑːrdʒɪz
mischarging,ˌmɪsˈtʃɑːrdʒɪŋ
mischief,ˈmɪstʃɪf
mischiefs,ˈmɪstʃɪfs
mischievous,ˈmɪstʃɪvəs
mischievously,ˈmɪstʃɪvəsli
mischievousness,ˈmɪstʃɪvəsnəs
mischoice,ˌmɪsˈtʃɔɪs
mischoices,ˌmɪsˈtʃɔɪsɪz
miscites,ˌmɪsˈsaɪts
misclaimed,ˌmɪsˈkleɪmd
misclaims,ˌmɪsˈkleɪmz
misclassed,ˌmɪsˈklæst
misclasses,ˌmɪsˈklæsɪz
misclassifies,ˌmɪsˈklæsəfaɪz
miscodes,ˌmɪsˈkoʊdz
miscoined,ˌmɪsˈkɔɪnd
miscoins,ˌmɪsˈkɔɪnz
miscolored,ˌmɪsˈkʌlərd
miscolors,ˌmɪsˈkʌlərz
miscoloured,ˌmɪsˈkʌlərd
miscolours,ˌmɪsˈkʌlərz
miscommunicates,ˌmɪskəˈmjuːnɪkeɪts
miscomprehends,ˌmɪskɑːmprɪˈhɛndz
miscomputes,ˌmɪskəmˈpjuːts
misconceive,ˌmɪskənˈsiːv
misconceived,ˌmɪskənˈsiːvd
misconceiver,ˌmɪskənˈsiːvər
misconceivers,ˌmɪskənˈsiːvərz
misconceives,ˌmɪskənˈsiːvz
misconceiving,ˌmɪskənˈsiːvɪŋ
misconducts,ˌmɪsˈkɑːndʌkts
misconnects,ˌmɪskəˈnɛkts
misconstructs,ˌmɪskənˈstrʌkts
misconstrues,ˌmɪskənˈstruːz
miscooked,ˌmɪsˈkʊkt
miscooks,ˌmɪsˈkʊks
miscopies,ˌmɪsˈkɑːpiz
miscorrelates,ˌmɪsˈkɔːrəleɪts
miscounts,ˌmɪsˈkaʊnts
miscreates,ˌmɪskriˈeɪts
miscues,ˌmɪsˈkjuːz
miscuts,ˌmɪsˈkʌts
misdates,ˌmɪsˈdeɪts
misdeals,ˌmɪsˈdiːlz
misdealt,ˌmɪsˈdɛlt
misdeemed,ˌmɪsˈdiːmd
misdeems,ˌmɪsˈdiːmz
misdefines,ˌmɪsdɪˈfaɪnz
misdescribes,ˌmɪsdɪˈskraɪbz
misdeveloped,ˌmɪsdɪˈvɛləpt
misdevelops,ˌmɪsdɪˈvɛləps
misdiagnoses,ˌmɪsdaɪəɡˈnoʊsiːz
misdialed,ˌmɪsˈdaɪəld
misdialled,ˌmɪsˈdaɪəld
misdialling,ˌmɪsˈdaɪəlɪŋ
misdials,ˌmɪsˈdaɪəlz
misdirects,ˌmɪsdɪˈrɛkts
misdivides,ˌmɪsdɪˈvaɪdz
misdo,ˌmɪsˈduː
misdoer,ˌmɪsˈduːər
misdoers,ˌmɪsˈduːərz
misdoes,ˌmɪsˈdʌz
misdoing,ˌmɪsˈduːɪŋ
misdoings,ˌmɪsˈduːɪŋz
misdone,ˌmɪsˈdʌn
misdoubt,ˌmɪsˈdaʊt
misdoubted,ˌmɪsˈdaʊtɪd
misdoubting,ˌmɪsˈdaʊtɪŋ
misdoubts,ˌmɪsˈdaʊts
misdraws,ˌmɪsˈdrɔːz
misdrives,ˌmɪsˈdraɪvz
miseats,ˌmɪsˈiːts
misedits,ˌmɪsˈɛdɪts
miseducates,ˌmɪsˈɛdʒʊkeɪts
misemphasises,ˌmɪsˈɛmfəsaɪzɪz
misemphasizes,mɪsˈɛmfəˌsaɪzɪz
misemployed,ˌmɪsɛmˈplɔɪd
misemploys,ˌmɪsɛmˈplɔɪz
misenrolled,ˌmɪsɛnˈroʊld
misenrolls,ˌmɪsɛnˈroʊlz
misenrols,ˌmɪsɛnˈroʊlz
misentered,ˌmɪsˈɛntərd
misenters,ˌmɪsˈɛntərz
misesteemed,ˌmɪsɛsˈtiːmd
misesteems,ˌmɪsɛsˈtiːmz
misestimate,mɪsˈɛstəmət
misestimates,mɪsˈɛstəmeɪts,(verb),or,mɪsˈɛstəməts,(noun)
misevaluates,ˌmɪsɪˈvæljʊeɪts
misfields,ˌmɪsˈfiːldz
misfiles,ˌmɪsˈfaɪlz
misfires,ˌmɪsˈfaɪərz
misfits,ˈmɪsfɪts
misfocused,ˌmɪsˈfoʊkəst
misfocuses,ˌmɪsˈfoʊkəsɪz
misfocussed,ˌmɪsˈfoʊkəst
misfocusses,ˌmɪsˈfoʊkəsɪz
misfocussing,ˌmɪsˈfoʊkəsɪŋ
misformed,ˌmɪsˈfɔːrmd
misforms,ˌmɪsˈfɔːrmz
misfortunate,ˌmɪsˈfɔːrtʃʊnət
misframes,ˌmɪsˈfreɪmz
misfunctioned,ˌmɪsˈfʌŋkʃənd
misfunctions,ˌmɪsˈfʌŋkʃənz
misgauge,ˌmɪsˈɡeɪdʒ
misgauged,ˌmɪsˈɡeɪdʒt
misgauges,ˌmɪsˈɡeɪdʒɪz
misgauging,ˌmɪsˈɡeɪdʒɪŋ
misgive,ˌmɪsˈɡɪv
misgives,ˌmɪsˈɡɪvz
misgoverned,ˌmɪsˈɡʌvərnd
misgoverns,ˌmɪsˈɡʌvərnz
misgrades,ˌmɪsˈɡreɪdz
misgrafts,ˌmɪsˈɡræfts
misgrows,ˌmɪsˈɡroʊz
misguess,ˌmɪsˈɡɛs
misguessed,ˌmɪsˈɡɛst
misguesses,ˌmɪsˈɡɛsɪz
misguessing,ˌmɪsˈɡɛsɪŋ
misguidance,ˌmɪsˈɡaɪdəns
misguidances,ˌmɪsˈɡaɪdənsɪz
misguide,ˌmɪsˈɡaɪd
misguided,ˌmɪsˈɡaɪdɪd
misguidedly,ˌmɪsˈɡaɪdɪdli
misguidedness,mɪsˈɡaɪdɪdnəs
misguider,mɪsˈɡaɪdər
misguiders,mɪsˈɡaɪdərz
misguides,ˌmɪsˈɡaɪdz
misguiding,ˌmɪsˈɡaɪdɪŋ
mishandles,ˌmɪsˈhændəlz
misheard,ˌmɪsˈhɜːrd
mishears,ˌmɪsˈhɪərz
misidentifies,ˌmɪsaɪˈdɛntəfaɪz
misinferred,ˌmɪsɪnˈfɜːrd
misinfers,ˌmɪsɪnˈfɜːrz
misinformed,ˌmɪsɪnˈfɔːrmd
misinforms,ˌmɪsɪnˈfɔːrmz
misinterprets,ˌmɪsɪnˈtɜːrprɪts
misjoined,ˌmɪsˈdʒɔɪnd
misjoins,ˌmɪsˈdʒɔɪnz
misjudgement,ˌmɪsˈdʒʌdʒmənt
misjudgements,ˌmɪsˈdʒʌdʒmɛnts
misjudges,ˌmɪsˈdʒʌdʒɪz
miskeeps,ˌmɪsˈkiːps
miskicked,ˌmɪsˈkɪkt
miskicks,ˌmɪsˈkɪks
misknowledge,ˌmɪsˈnɑːlɪdʒ
misknowledges,ˌmɪsˈnɑːlɪdʒɪz
misknows,ˌmɪsˈnoʊz
mislabeled,ˌmɪsˈleɪbəld
mislabelled,ˌmɪsˈleɪbəld
mislabelling,ˌmɪsˈleɪbəlɪŋ
mislabels,ˌmɪsˈleɪbəlz
mislays,ˌmɪsˈleɪz
misleads,ˌmɪsˈliːdz
mislearn,ˌmɪsˈlɜːrn
mislearned,ˌmɪsˈlɜːrnd
mislearning,ˌmɪsˈlɜːrnɪŋ
mislearns,ˌmɪsˈlɜːrnz
mislearnt,ˌmɪsˈlɜːrnt
mislies,ˌmɪsˈlaɪz
mislight,ˌmɪsˈlaɪt
mislighted,ˌmɪsˈlaɪtɪd
mislighting,ˌmɪsˈlaɪtɪŋ
mislights,ˌmɪsˈlaɪts
mislikes,ˌmɪsˈlaɪks
mislive,ˌmɪsˈlɪv
mislived,ˌmɪsˈlɪvd
mislives,ˌmɪsˈlɪvz
mislocates,ˌmɪsˈloʊkeɪts
mislodges,ˌmɪsˈlɑːdʒɪz
mismakes,ˌmɪsˈmeɪks
mismanages,ˌmɪsˈmænɪdʒɪz
mismarked,ˌmɪsˈmɑːrkt
mismarks,ˌmɪsˈmɑːrks
mismatched,ˌmɪsˈmætʃt
mismatches,ˌmɪsˈmætʃɪz
mismates,ˌmɪsˈmeɪts
mismeasure,mɪsˈmɛʒər
mismeasured,mɪsˈmɛʒərd
mismeasurement,mɪsˈmɛʒərmənt
mismeasurements,mɪsˈmɛʒərmənts
mismeasures,mɪsˈmɛʒərz
mismeasuring,mɪsˈmɛʒərɪŋ
mismeets,ˌmɪsˈmiːts
mismove,ˌmɪsˈmuːv
mismoved,ˌmɪsˈmuːvd
mismoves,ˌmɪsˈmuːvz
mismoving,ˌmɪsˈmuːvɪŋ
misnames,ˌmɪsˈneɪmz
misnomered,ˌmɪsˈnoʊmərd
misnomers,mɪˈsnoʊmərz
misordered,ˌmɪsˈɔːrdərd
misorders,ˌmɪsˈɔːrdərz
misorients,ˌmɪsˈɔːriɛnts
mispackages,ˌmɪsˈpækɪdʒɪz
mispages,ˌmɪsˈpeɪdʒɪz
mispaints,ˌmɪsˈpeɪnts
misparses,ˌmɪsˈpɑːrsɪz
misparts,ˌmɪsˈpɑːrts
mispatched,ˌmɪsˈpætʃt
mispatches,ˌmɪsˈpætʃɪz
mispenned,ˌmɪsˈpɛnd
mispens,ˌmɪsˈpɛnz
misperceive,ˌmɪspərˈsiːv
misperceived,ˌmɪspərˈsiːvd
misperceives,ˌmɪspərˈsiːvz
misperceiving,ˌmɪspərˈsiːvɪŋ
misplaces,ˌmɪsˈpleɪsɪz
misplanned,ˌmɪsˈplænd
misplans,ˌmɪsˈplænz
misplants,ˌmɪsˈplænts
misplayed,ˌmɪsˈpleɪd
misplays,ˌmɪsˈpleɪz
mispleads,ˌmɪsˈpliːdz
mispoints,ˌmɪsˈpɔɪnts
mispoises,ˌmɪsˈpɔɪzɪz
mispositioned,ˌmɪspəˈzɪʃənd
mispositions,ˌmɪspəˈzɪʃənz
misprices,ˌmɪsˈpraɪsɪz
misprints,ˈmɪsprɪnts
misprizes,ˌmɪsˈpraɪzɪz
misprogramed,ˌmɪsˈproʊɡræmd
misprogrammed,mɪsˈproʊˌɡræmd
misprogrammes,mɪsˈproʊˌɡræmz
misprograms,mɪsˈproʊˌɡræmz
mispronounces,ˌmɪsprəˈnaʊnsɪz
misquotes,ˌmɪsˈkwoʊts
misraises,ˌmɪsˈreɪzɪz
misrates,ˌmɪsˈreɪts
misread,mɪsˈriːd
misreads,mɪsˈriːdz
misreckoned,ˌmɪsˈrɛkənd
misreckons,ˌmɪsˈrɛkənz
misrecords,ˌmɪsrɪˈkɔːrdz
misreferred,ˌmɪsrɪˈfɜːrd
misrefers,ˌmɪsrɪˈfɜːrz
misregistered,ˌmɪsˈrɛdʒɪstərd
misregisters,ˌmɪsˈrɛdʒɪstərz
misrelates,ˌmɪsrɪˈleɪts
misrelies,ˌmɪsrɪˈlaɪz
misremembered,ˌmɪsrɪˈmɛmbərd
misremembers,ˌmɪsrɪˈmɛmbərz
misrendered,ˌmɪsˈrɛndərd
misrenders,ˌmɪsˈrɛndərz
misreports,ˌmɪsrɪˈpɔːrts
misrepresentative,ˌmɪsrɛprɪˈzɛntətɪv
misrepresents,ˌmɪsrɛprɪˈzɛnts
misroutes,ˌmɪsˈruːts
misrules,ˌmɪsˈruːlz
missays,ˌmɪsˈsɛz
misseats,ˌmɪsˈiːts
missed,mɪst
missends,ˌmɪsˈsɛndz
missenses,ˌmɪsˈsɛnsɪz
misses,ˈmɪsɪz
missets,ˌmɪsˈsɛts
misshapes,ˌmɪsˈʃeɪps
missioned,ˈmɪʃənd
missionises,ˈmɪʃənaɪzɪz
missionizes,ˈmɪʃəˌnaɪzɪz
missions,ˈmɪʃənz
missive,ˈmɪsɪv
missives,ˈmɪsɪvz
missorts,ˌmɪsˈsɔːrts
missounds,ˌmɪsˈsaʊndz
misspaces,ˌmɪsˈspeɪsɪz
misspeaks,ˌmɪsˈspiːks
misspelled,ˌmɪsˈspɛld
misspells,ˌmɪsˈspɛlz
misspends,ˌmɪsˈspɛndz
misstarts,ˌmɪsˈstɑːrts
misstates,ˌmɪsˈsteɪts
missteered,ˌmɪsˈstɪərd
missteers,ˌmɪsˈstɪərz
misstepped,ˌmɪsˈstɛpt
missteps,ˈmɪsstɛps
misstopped,ˌmɪsˈstɑːpt
misstops,ˌmɪsˈstɑːps
misstrikes,ˌmɪsˈstraɪks
misstyles,ˌmɪsˈstaɪlz
missuit,ˌmɪsˈsuːt
missuited,ˌmɪsˈsuːtɪd
missuiting,ˌmɪsˈsuːtɪŋ
missuits,ˌmɪsˈsuːts
mistakes,mɪsˈteɪks
mistaught,ˌmɪsˈtɔːt
misteach,ˌmɪsˈtiːtʃ
misteaches,ˌmɪsˈtiːtʃɪz
misteaching,ˌmɪsˈtiːtʃɪŋ
mistends,ˌmɪsˈtɛndz
mistermed,ˌmɪsˈtɜːrmd
misterms,ˌmɪsˈtɜːrmz
misthinks,ˌmɪsˈθɪŋks
misthought,ˌmɪsˈθɔːt
misthrows,ˌmɪsˈθroʊz
mistimes,ˌmɪsˈtaɪmz
mistitles,ˌmɪsˈtaɪtəlz
mistouch,ˌmɪsˈtʌtʃ
mistouched,ˌmɪsˈtʌtʃt
mistouches,ˌmɪsˈtʌtʃɪz
mistouching,ˌmɪsˈtʌtʃɪŋ
mistraces,ˌmɪsˈtreɪsɪz
mistrained,ˌmɪsˈtreɪnd
mistrains,ˌmɪsˈtreɪnz
mistranscribes,ˌmɪstrænˈskraɪbz
mistranslates,ˌmɪstrænzˈleɪts
mistreats,ˌmɪsˈtriːts
mistrusts,mɪsˈtrʌsts
mistrysts,ˌmɪsˈtrɪsts
mists,mɪsts
mistunes,ˌmɪsˈtuːnz
mistutored,ˌmɪsˈtuːtərd
mistutors,ˌmɪsˈtuːtərz
mistypes,ˌmɪsˈtaɪps
misunderstands,ˌmɪsʌndərˈstændz
misuse,mɪˈsjuːz
misused,mɪˈsjuːzd
misuser,mɪˈsjuːzər
misusers,mɪˈsjuːzərz
misuses,mɪˈsjuːzɪz
misusing,mɪˈsjuːzɪŋ
misvalues,ˌmɪsˈvæljuːz
miswords,ˌmɪsˈwɜːrdz
miswrites,ˌmɪsˈraɪts
misyokes,ˌmɪsˈjoʊks
mitered,ˈmaɪtərd
miters,ˈmaɪtərz
mithered,ˈmɪðərd
mithers,ˈmɪðərz
mitigates,ˈmɪtɪɡeɪts
mitigative,ˈmɪtɪɡeɪtɪv
mitred,ˈmaɪtərd
mitres,ˈmaɪtərz
mittened,ˈmɪtənd
mixed,mɪkst
mixes,ˈmɪksɪz
mizzles,ˈmɪzəlz
moaned,moʊnd
moans,moʊnz
moats,moʊts
mobbed,mɑːbd
mobilises,ˈmoʊbəlaɪzɪz
mobilizes,ˈmoʊbəˌlaɪzɪz
mobles,ˈmoʊbəlz
mobs,mɑːbz
moccasined,ˈmɑːkəsənd
mochila,moʊˈtʃiːlə
mochilas,moʊˈtʃiːləz
mocked,mɑːkt
mocks,mɑːks
modeled,ˈmɑːdəld
modelled,ˈmɑːdəld
modeller,ˈmɑːdələr
modellers,ˈmɑːdələrz
modelling,ˈmɑːdəlɪŋ
models,ˈmɑːdəlz
moderate,ˈmɑːdərət
moderately,ˈmɑːdərətliː
moderateness,ˈmɑːdərətnəs
moderates,ˈmɑːdəreɪts,(verb),or,ˈmɑːdərəts,(noun)
modernises,ˈmɑːdərnaɪzɪz
modernizes,ˈmɑːdərˌnaɪzɪz
modifies,ˈmɑːdəfaɪz
modularises,ˈmɑːdʒʊləraɪzɪz
modularizes,ˈmɑːdʒələˌraɪzɪz
modulates,ˈmɑːdʒʊleɪts
mofette,moʊˈfɛt
mofettes,moʊˈfɛts
moffette,moʊˈfɛt
moffettes,moʊˈfɛts
mogged,mɑːɡd
mogs,mɑːɡz
moiled,mɔɪld
moils,mɔɪlz
moistened,ˈmɔɪsənd
moistens,ˈmɔɪsənz
moisturises,ˈmɔɪstʃəraɪzɪz
moisturizes,ˈmɔɪstʃəˌraɪzɪz
moldered,ˈmoʊldərd
molders,ˈmoʊldərz
molds,moʊldz
molests,məˈlɛsts
mollifies,ˈmɑːləfaɪz
mollycoddles,ˈmɑːlikɑːdəlz
molts,moʊlts
monetises,ˈmɑːnɪtaɪzɪz
monetizes,ˈmɑːnəˌtaɪzɪz
money,ˈmʌni
moneybag,ˈmʌnibæɡ
moneybags,ˈmʌnibæɡz
moneyed,ˈmʌnid
moneyer,ˈmʌniər
moneyers,ˈmʌniərz
moneygrubbing,ˈmʌniˌɡrʌbɪŋ
moneylender,ˈmʌniˌlɛndər
moneylenders,ˈmʌniˌlɛndərz
moneyless,ˈmʌniləs
moneymaker,ˈmʌniˌmeɪkər
moneymakers,ˈmʌniˌmeɪkərz
moneymaking,ˈmʌniˌmeɪkɪŋ
moneyman,ˈmʌnimæn
moneymen,ˈmʌnimɛn
moneys,ˈmʌniz
moneywort,ˈmʌniwɜːrt
moneyworts,ˈmʌniwɜːrts
mongered,ˈmʌŋɡərd
mongers,ˈmʌŋɡərz
mongrelises,ˈmʌŋɡrəlaɪzɪz
mongrelizes,ˈmʌŋɡrəˌlaɪzɪz
monie,ˈmʌni
monied,ˈmʌnid
monies,ˈmʌniz
monished,ˈmɑːnɪʃt
monishes,ˈmɑːnɪʃɪz
monitive,ˈmɑːnɪtɪv
monitored,ˈmɑːnɪtərd
monitors,ˈmɑːnɪtərz
monkeyed,ˈmʌŋkid
monkeywrench,ˈmʌŋkiwrɛntʃ
monkeywrenches,ˈmʌŋkiwrɛntʃɪz
monocoque,ˈmɑːnəkoʊk
monocoques,ˈmɑːnəkoʊks
monogramed,ˈmɑːnəɡræmd
monogrammed,ˈmɑːnəˌɡræmd
monograms,ˈmɑːnəɡræmz
monographed,ˈmɑːnəɡræft
monographs,ˈmɑːnəɡræfs
monologises,ˈmɑːnəlɑːɡaɪzɪz
monologizes,məˈnɑːləˌdʒaɪzɪz
monologuises,ˈmɑːnəlɑːɡaɪzɪz
monologuizes,məˈnɑːləˌɡaɪzɪz
mononucleate,ˌmɑːnoʊˈnuːkliət
monopolises,məˈnɑːpəlaɪzɪz
monopolizes,məˈnɑːpəˌlaɪzɪz
monounsaturate,ˌmɑːnoʊʌnˈsætʃəreɪt
monounsaturates,ˌmɑːnoʊʌnˈsætʃəˌreɪts
monseigneur,ˌmɔːnsiːnˈjɜːr
monseigneurs,ˌmɑːnseɪnˈjɜːrz
monsters,ˈmɑːnstərz
montages,mɔːnˈtɑːʒɪz
monumentalises,ˌmɑːnjʊˈmɛntəlaɪzɪz
monumentalizes,ˌmɑːnjəˈmɛntəˌlaɪzɪz
mony,ˈmʌni
mooch,muːtʃ
moocha,ˈmuːtʃə
moochas,ˈmuːtʃəz
mooched,muːtʃt
moocher,ˈmuːtʃər
moochers,ˈmuːtʃərz
mooches,ˈmuːtʃɪz
mooching,ˈmuːtʃɪŋ
mooncalf,ˈmuːnkæf
mooncalves,ˈmuːnkævz
mooned,muːnd
mooneye,ˈmuːnaɪ
mooneyes,ˈmuːnaɪz
moonflower,ˈmuːnˌflaʊər
moonflowers,ˈmuːnˌflaʊərz
moonlight,ˈmuːnlaɪt
moonlighted,ˈmuːnlaɪtɪd
moonlighter,ˈmuːnlaɪtər
moonlighters,ˈmuːnlaɪtərz
moonlighting,ˈmuːnlaɪtɪŋ
moonlights,ˈmuːnlaɪts
moons,muːnz
moonscapes,ˈmuːnskeɪps
moonshines,ˈmuːnʃaɪnz
moonwalk,ˈmuːnwɔːk
moonwalked,ˈmuːnwɔːkt
moonwalking,ˈmuːnwɔːkɪŋ
moonwalks,ˈmuːnwɔːks
moorfowl,ˈmʊərfaʊl
moorfowls,ˈmʊərfaʊlz
moors,ˈmʊərz
moos,muːz
moots,muːts
mopes,moʊps
mopped,mɑːpt
mops,mɑːps
moquette,moʊˈkɛt
moquettes,moʊˈkɛts
moralises,ˈmɔːrəlaɪzɪz
moralizes,ˈmɔːrəˌlaɪzɪz
morceaux,mɔːrˈsoʊz
mordants,ˈmɔːrdənts
moresque,məˈrɛsk
moresques,məˈrɛsks
morgue,mɔːrɡ
morgues,mɔːrɡz
morseled,ˈmɔːrsəld
morselled,ˈmɔːrsəld
morselling,ˈmɔːrsəlɪŋ
morsels,ˈmɔːrsəlz
mortared,ˈmɔːrtərd
mortars,ˈmɔːrtərz
mortgage,ˈmɔːrɡədʒ
mortgaged,ˈmɔːrɡɪdʒd
mortgagee,ˌmɔːrɡəˈdʒiː
mortgagees,ˌmɔːrɡəˈdʒiːz
mortgager,ˈmɔːrɡədʒər
mortgagers,ˈmɔːrɡədʒərz
mortgages,ˈmɔːrɡədʒəz
mortgaging,ˈmɔːrɡɪdʒɪŋ
mortgagor,ˈmɔːrɡədʒɔːr
mortgagors,ˈmɔːrɡədʒərz
mortices,ˈmɔːrtɪsɪz
mortifies,ˈmɔːrtəfaɪz
mortise,ˈmɔːrtɪs
mortised,ˈmɔːrtɪst
mortiser,ˈmɔːrtɪsər
mortisers,ˈmɔːrtɪsərz
mortises,ˈmɔːrtɪsɪz
mortising,ˈmɔːrtɪsɪŋ
mosaicked,moʊˈzeɪɪkt
mosaics,moʊˈzeɪɪks
moseyed,ˈmoʊzeɪd
moseys,ˈmoʊzeɪz
moshed,mɑːʃt
moshes,ˈmɑːʃɪz
mosque,mɑːsk
mosques,mɑːsks
mosquito,məˈskiːtoʊ
mosquitoes,məˈskiːtoʊz
mosquitoey,məˈskiːtoʊi
mosquitofish,məˈskiːtoʊˌfɪʃ
mosquitofishes,məˈskiːtoʊˌfɪʃɪz
mosquitos,məˈskiːtoʊz
mossbacked,ˈmɔːsbækt
mossed,mɔːst
mosses,ˈmɔːsɪz
mostly,ˈmoʊstli
mosts,moʊsts
mot,moʊ
mothballed,ˈmɔːθbɔːld
mothballs,ˈmɔːθbɔːlz
mothered,ˈmʌðərd
mothers,ˈmʌðərz
mothproofed,ˈmɔːθpruːft
mothproofs,ˈmɔːθpruːfs
motioned,ˈmoʊʃənd
motions,ˈmoʊʃənz
motivates,ˈmoʊtɪveɪts
motivative,ˈmoʊtɪveɪtɪv
motive,ˈmoʊtɪv
motived,ˈmoʊtɪvd
motiveless,ˈmoʊtɪvləs
motivelessly,ˈmoʊtɪvləsli
motives,ˈmoʊtɪvz
motorbikes,ˈmoʊtərbaɪks
motorboats,ˈmoʊtərboʊts
motorcades,ˈmoʊtərkeɪdz
motorcycles,ˈmoʊtərsaɪkəlz
motored,ˈmoʊtərd
motorises,ˈmoʊtəraɪzɪz
motorizes,ˈmoʊtərˌaɪzɪz
motors,ˈmoʊtərz
mottles,ˈmɑːtəlz
mouch,muːtʃ
mouched,muːtʃt
mouches,ˈmuːtʃɪz
mouching,ˈmuːtʃɪŋ
mouchoir,muːˈʃwɑːr
mouchoirs,muːˈʃwɑːrz
moue,muː
moues,muːz
moufflon,ˈmuːflɑːn
moufflons,ˈmuːflɑːnz
mouflon,ˈmuːflɑːn
mouflons,ˈmuːflɑːnz
mouille,ˈmuːljeɪ
moujik,muːˈʒiːk
moujiks,ˈmuːʒɪks
moulage,muːˈlɑːʒ
moulages,muːˈlɑːʒɪz
moulders,ˈmoʊldərz
moulds,moʊldz
moulin,muːˈlæn
moulins,muːˈlænz
moulted,ˈmoʊltɪd
moults,moʊlts
mounds,maʊndz
mountain,ˈmaʊntən
mountaineer,ˌmaʊntəˈnɪər
mountaineered,ˈmaʊntɪˌnɪrd
mountaineering,ˈmaʊntɪˌnɪrɪŋ
mountaineers,ˈmaʊntɪˌnɪrz
mountainous,ˈmaʊntənəs
mountainously,ˈmaʊntənəsli
mountainousness,ˈmaʊntənəsnəs
mountains,ˈmaʊntənz
mountainside,ˈmaʊntənsaɪd
mountainsides,ˈmaʊntənˌsaɪdz
mountaintop,ˈmaʊntəntɑːp
mountaintops,ˈmaʊntənˌtɑːps
mountainy,ˈmaʊntəni
mounteanks,ˈmaʊntɪbæŋks
mountebanked,ˈmaʊntɪbæŋkt
mountebanks,ˈmaʊntɪbæŋks
mounts,maʊnts
mourn,ˈmɔːrn
mourned,ˈmɔːrnd
mourner,ˈmɔːrnər
mourners,ˈmɔːrnərz
mournful,ˈmɔːrnfʊl
mournfuller,ˈmɔːrnfələr
mournfullest,ˈmɔːrnfələst
mournfully,ˈmɔːrnfəli
mournfulness,ˈmɔːrnfəlnəs
mourning,ˈmɔːrnɪŋ
mourningly,ˈmɔːrnɪŋli
mournings,ˈmɔrnɪŋz
mourns,ˈmɔrnz
mouses,ˈmaʊsɪz
mousetrapped,ˈmaʊsˌtræpt
mousetraps,ˈmaʊsˌtræps
moussaka,muˈsɑkə
moussakas,muˈsɑkəz
mousse,mus
moussed,must
mousseline,ˌmusəˈlin
mousselines,ˌmusəˈlinz
mousses,ˈmusɪz
moussing,ˈmusɪŋ
moustache,ˈmʌstæʃ
moustached,ˈmʌstæʃt
moustaches,ˈmʌstæʃɪz
moustachio,məˈstæʃioʊ
moustachioed,məˈstæʃioʊd
moustachioing,məˈstæʃioʊɪŋ
moustachios,məˈstæʃioʊz
mouth,maʊθ
mouthguard,ˈmaʊθˌɡɑrd
mouthguards,ˈmaʊθˌɡɑrdz
mouths,maʊðz
mouton,ˈmutɑn
moutons,ˈmutɑnz
movabilities,ˌmuvəˈbɪlɪtiz
movability,ˌmuvəˈbɪlɪti
movable,ˈmuvəbəl
movableness,ˈmuvəbəlnəs
movables,ˈmuvəbəlz
movably,ˈmuvəbli
move,muv
move,muːv
moved,muvd
moveless,ˈmuvləs
movelessly,ˈmuvləsli
movelessness,ˈmuvləsnəs
movement,ˈmuvmənt
movements,ˈmuvmənts
mover,ˈmuvər
movers,ˈmuvərz
moves,muvz
movie,ˈmuvi
moviedom,ˈmuvɪdəm
moviegoer,ˈmuviˌɡoʊər
moviegoers,ˈmuviˌɡoʊərz
moviegoing,ˈmuviˌɡoʊɪŋ
moviegoings,ˈmuviˌɡoʊɪŋz
moviemaker,ˈmuviˌmeɪkər
moviemakers,ˈmuviˌmeɪkərz
moviemaking,ˈmuviˌmeɪkɪŋ
moviemakings,ˈmuviˌmeɪkɪŋz
movies,ˈmuviz
moving,ˈmuvɪŋ
movingly,ˈmuvɪŋli
mow,moʊ
mowed,moʊd
mows,moʊz
moyled,mɔɪld
moyles,mɔɪlz
much,mʌtʃ
muchacho,muˈtʃɑtʃoʊ
muchachos,muˈtʃɑtʃoʊz
muchly,ˈmʌtʃli
muchness,ˈmʌtʃnəs
muchnesses,ˈmʌtʃnəsɪz
mucked,mʌkt
muckles,ˈmʌkəlz
muckrakes,ˈmʌkˌreɪks
mucks,mʌks
mucronate,ˈmjukrəneɪt
mudcapped,ˈmʌdˌkæpt
mudcaps,ˈmʌdˌkæps
muddies,ˈmʌdiz
muddleheaded,ˈmʌdəlˌhɛdəd
muddleheadedly,ˈmʌdəlˌhɛdədli
muddleheadedness,ˈmʌdəlˌhɛdədnəs
muddles,ˈmʌdəlz
mudguard,ˈmʌdˌɡɑrd
mudguards,ˈmʌdˌɡɑrdz
muds,mʌdz
mue,muː
mues,muːz
mues,mjuz
muffed,mʌft
mufflered,ˈmʌflərd
muffles,ˈmʌfəlz
mugged,mʌɡd
mugs,mʌɡz
mulch,mʌltʃ
mulched,mʌltʃt
mulches,ˈmʌltʃɪz
mulching,ˈmʌltʃɪŋ
mulcts,mʌlkts
mules,mjulz
mulled,mʌld
mullioned,ˈmʌljənd
mullions,ˈmʌljənz
mulls,mʌlz
multiarmed,ˌmʌltiˈɑrmd
multibarreled,ˌmʌltiˈbærəld
multibranched,ˌmʌltiˈbræntʃt
multibuilding,ˌmʌltiˈbɪldɪŋ
multicelled,ˌmʌltiˈsɛld
multichain,ˌmʌltiˈtʃeɪn
multichambered,ˌmʌltiˈtʃeɪmbərd
multichannel,ˌmʌltiˈtʃænəl
multicolored,ˌmʌltiˈkʌlərd
multicoloured,ˌmʌltiˈkʌlərd
multicourse,ˌmʌltiˈkɔrs
multiengine,ˌmʌltiˈɛndʒən
multiengines,ˌmʌltiˈɛndʒənz
multihandicapped,ˌmʌltiˈhændikæpt
multiheaded,ˌmʌltiˈhɛdəd
multilayered,ˌmʌltiˈleɪərd
multileveled,ˌmʌltiˈlɛvəld
multimanned,ˌmʌltiˈmænd
multiplexed,ˈmʌltiˌplɛkst
multiplexes,ˈmʌltiˌplɛksɪz
multiplicate,ˈmʌltəpləkɪt
multiplicates,ˈmʌltəpləkɪts
multiplicative,ˌmʌltəˈplɪkətɪv
multiplicatively,ˌmʌltəˈplɪkətɪvli
multiplies,ˈmʌltəplaɪz
multipower,ˈmʌltiˌpaʊər
multipronged,ˌmʌltiˈprɔŋd
multipurpose,ˌmʌltiˈpɜrpəs
multiskilled,ˌmʌltiˈskɪld
multisource,ˌmʌltiˈsɔrs
multistemmed,ˌmʌltiˈstɛmd
multitasked,ˌmʌltiˈtæskt
multitasks,ˌmʌltiˈtæsks
multithreaded,ˌmʌltiˈθrɛdəd
multithreading,ˌmʌltiˈθrɛdɪŋ
multitiered,ˌmʌltiˈtɪrd
multitowered,ˌmʌltiˈtaʊərd
multitracked,ˌmʌltiˈtrækt
multitracks,ˌmʌltiˈtræks
multivariate,ˌmʌltiˈvɛriɪt
multiwarhead,ˌmʌltiˈwɔrhɛd
mumbles,ˈmʌbəlz
mummed,mʌmd
mummies,ˈmʌmiz
mummifies,ˈmʌmɪfaɪz
mumped,mʌmpt
mumps,mʌmps
munch,mʌntʃ
munched,mʌntʃt
muncher,ˈmʌntʃər
munchers,ˈmʌntʃərz
munches,ˈmʌntʃɪz
munchie,ˈmʌntʃi
munchies,ˈmʌntʃiz
munching,ˈmʌntʃɪŋ
munchkin,ˈmʌntʃkɪn
munchkins,ˈmʌntʃkɪnz
munchy,ˈmʌntʃi
munged,mʌndʒ
mungs,mʌŋz
municipalises,ˈmjunəsəpəˌlaɪzɪz
municipalizes,ˈmjunəsəpəˌlaɪzɪz
munitioned,mjuˈnɪʃənd
munitions,mjuˈnɪʃənz
murdered,ˈmɜrdərd
murders,ˈmɜrdərz
mures,mjʊrz
murked,mɜrkt
murks,mɜrks
murmured,ˈmɜrmərd
murmurs,ˈmɜrmərz
muscles,ˈmʌsəlz
muses,ˈmjuzɪz
musette,mjuːˈzɛt
musettes,mjuːˈzɛts
mushed,mʌʃt
mushes,ˈmʌʃɪz
mushroomed,ˈmʌʃrumd
mushrooms,ˈmʌʃrumz
musicalises,ˈmjuzɪkəˌlaɪzɪz
musicalizes,ˈmjuzɪkəˌlaɪzɪz
mussed,mʌst
musses,ˈmʌsɪz
mustache,ˈmʌstæʃ
mustached,ˈmʌstæʃt
mustaches,ˈmʌstæʃɪz
mustachio,məˈstæʃioʊ
mustachioed,məˈstæʃioʊd
mustachios,məˈstæʃioʊz
mustered,ˈmʌstərd
musters,ˈmʌstərz
mutates,ˈmjuˌteɪts
mutative,ˈmjutətɪv
mutes,mjuts
mutilate,ˈmjutəlˌeɪt
mutilates,ˈmjutəlˌeɪts
mutine,ˈmjutɪn
mutined,ˈmjutɪnd
mutineered,ˌmjutəˈnɪrd
mutineers,ˌmjutəˈnɪrz
mutines,ˈmjutɪnz
muttered,ˈmʌtərd
mutters,ˈmʌtərz
muttonchop,ˈmʌtənˌtʃɑp
muttonchops,ˈmʌtənˌtʃɑps
mutualises,ˈmjutʃuəˌlaɪzɪz
mutualizes,ˈmjutʃuəˌlaɪzɪz
muzzles,ˈmʌzəlz
myeloproliferative,ˌmaɪəloʊproʊˈlɪfərətɪv
mystifies,ˈmɪstɪfaɪz
mystique,mɪˈstik
mystiques,mɪˈstikz
mythicises,ˈmɪθəˌsaɪzɪz
mythicizes,ˈmɪθəˌsaɪzɪz
mythologises,mɪˈθɑləˌdʒaɪzɪz
mythologizes,mɪˈθɑləˌdʒaɪzɪz
nabbed,næbd
nabs,næbz
nacho,ˈnɑtʃoʊ
nachos,ˈnɑtʃoʊz
nagged,næɡd
nags,næɡz
naif,nɑˈif
naifs,nɑˈifs
nailed,neɪld
nailhead,ˈneɪlhɛd
nailheads,ˈneɪlhɛdz
nails,neɪlz
naive,nɑˈiv
naively,nɑˈivli
naiveness,nɑˈivnəs
naiver,nɑˈivər
naives,nɑˈivz
naivest,nɑˈivəst
naivete,nɑˌivəˈteɪ
naivetes,nɑˌivəˈteɪz
naiveties,nɑˈivətiz
naivety,nɑˈivəti
nalchik,ˈnɑltʃɪk
names,neɪmz
nances,ˈnænsɪz
napalmed,ˈneɪpɑmd
napalms,ˈneɪpɑmz
naphthalises,ˈnæfθəˌlaɪzɪz
naphthalizes,ˈnæfθəˌlaɪzɪz
nappe,næp
napped,næpt
nappes,næps
naps,næps
narcotises,ˈnɑrkəˌtaɪzɪz
narcotizes,ˈnɑrkəˌtaɪzɪz
narked,nɑrkt
narks,nɑrks
narrates,ˈnæreɪts
narrative,ˈnærətɪv
narratively,ˈnærətɪvli
narratives,ˈnærətɪvz
narrowed,ˈnæroʊd
narrowminded,ˌnæroʊˈmaɪndəd
narrowmindedly,ˌnæroʊˈmaɪndədli
narrowmindedness,ˌnæroʊˈmaɪndədnəs
narrows,ˈnæroʊz
nasalises,ˈneɪzəˌlaɪzɪz
nasalizes,ˈneɪzəˌlaɪzɪz
nationalises,ˈnæʃənəˌlaɪzɪz
nationalizes,ˈnæʃənəˌlaɪzɪz
native,ˈneɪtɪv
natively,ˈneɪtɪvli
nativeness,ˈneɪtɪvnəs
natives,ˈneɪtɪvz
nattered,ˈnætərd
natters,ˈnætərz
naturalises,ˈnætʃərəˌlaɪzɪz
naturalizes,ˈnætʃərəˌlaɪzɪz
naught,nɔt
naughtier,ˈnɔtiər
naughtiest,ˈnɔtiəst
naughtily,ˈnɔtəli
naughtiness,ˈnɔtinəs
naughtly,ˈnɔtli
naughts,nɔts
naughty,ˈnɔti
nauseates,ˈnɔziˌeɪts
nauseative,ˈnɔziətɪv
navette,næˈvɛt
navettes,næˈvɛts
navigates,ˈnævəˌɡeɪts
nazifies,ˈnɑtsɪfaɪz
nealed,nild
neals,nilz
neaped,nipt
neaps,nips
neared,nɪrd
nears,nɪrz
nearshores,ˌnɪrˈʃɔrz
nearsighted,ˌnɪrˈsaɪtəd
nearsightedly,ˌnɪrˈsaɪtədli
nearsightedness,ˌnɪrˈsaɪtədnəs
neatened,ˈnitənd
neatens,ˈnitənz
neatifies,ˈnitɪfaɪz
neaves,nivz
nebbed,nɛbd
nebulises,ˈnɛbjəˌlaɪzɪz
nebulizes,ˈnɛbjəˌlaɪzɪz
necessitates,nəˈsɛsəˌteɪts
necked,nɛkt
neckerchief,ˈnɛkərtʃəf
neckerchiefs,ˈnɛkərtʃəfs
neckerchieves,ˈnɛkərtʃivz
necks,nɛks
neckwear,ˈnɛkˌwɛr
neckwears,ˈnɛkˌwɛrz
necropsies,ˈnɛkrɑpsiz
necroses,nəˈkroʊsiz
necrotises,ˈnɛkrəˌtaɪzɪz
necrotizes,ˈnɛkrəˌtaɪzɪz
nectarizes,ˈnɛktəˌraɪzɪz
needlepoints,ˈnidəlˌpɔɪnts
needles,ˈnidəlz
needlewomen,ˈnidəlˌwɪmən
needs,nidz
neeses,ˈnisɪz
negates,nɪˈɡeɪts
negative,ˈnɛɡətɪv
negatived,ˈnɛɡətɪvd
negatively,ˈnɛɡətɪvli
negativeness,ˈnɛɡətɪvnəs
negatives,ˈnɛɡətɪvz
neglective,nɪˈɡlɛktɪv
neglects,nɪˈɡlɛkts
negotiates,nɪˈɡoʊʃiˌeɪts
neigh,neɪ
neighbor,ˈneɪbər
neighbored,ˈneɪbərd
neighborhood,ˈneɪbərhʊd
neighborhoods,ˈneɪbərhʊdz
neighboring,ˈneɪbərɪŋ
neighborliness,ˈneɪbərlɪnəs
neighborly,ˈneɪbərli
neighbors,ˈneɪbərz
neighborship,ˈneɪbərʃɪp
neighborships,ˈneɪbərʃɪps
neighbour,ˈneɪbər
neighboured,ˈneɪbərd
neighbourhood,ˈneɪbərhʊd
neighbourhoods,ˈneɪbərhʊdz
neighbouring,ˈneɪbərɪŋ
neighbourliness,ˈneɪbərlɪnəs
neighbourly,ˈneɪbərli
neighbours,ˈneɪbərz
neighbourship,ˈneɪbərʃɪp
neighbourships,ˈneɪbərʃɪps
neighed,neɪd
neighing,ˈneɪɪŋ
neighs,neɪz
neoconservative,ˌnioʊkənˈsɜrvətɪv
neoconservatives,ˌnioʊkənˈsɜrvətɪvz
neologises,niˈɑləˌdʒaɪzɪz
neologizes,niˈɑləˌdʒaɪzɪz
neoned,ˈniˌɑnd
neoterises,ˈniətəˌraɪzɪz
neoterizes,ˈniətəˌraɪzɪz
nephrectomises,nəˈfrɛktəˌmaɪzɪz
nephrectomizes,nəˈfrɛktəˌmaɪzɪz
nerve,nɜrv
nerved,nɜrvd
nerveless,ˈnɜrvləs
nervelessly,ˈnɜrvləsli
nervelessness,ˈnɜrvləsnəs
nerves,nɜrvz
nesslerises,ˈnɛsləˌraɪzɪz
nesslerizes,ˈnɛsləˌraɪzɪz
nestles,ˈnɛsəlz
nests,nɛsts
nethermost,ˈnɛðərˌmoʊst
netifies,ˈnɛtɪfaɪz
netiquette,ˈnɛtɪkət
netminder,ˈnɛtˌmaɪndər
netminders,ˈnɛtˌmaɪndərz
nets,nɛts
nettles,ˈnɛtəlz
nettlesome,ˈnɛtəlsəm
networked,ˈnɛtˌwɜrkt
networks,ˈnɛtˌwɜrks
neuroactive,ˌnʊroʊˈæktɪv
neurocoele,ˈnʊrəˌsil
neurocoeles,ˈnʊrəˌsilz
neurodegenerative,ˌnʊroʊdɪˈdʒɛnərətɪv
neuroendocrine,ˌnʊroʊˈɛndəkrɪn
neurosurgeon,ˈnʊroʊˌsɜrdʒən
neurosurgeons,ˈnʊroʊˌsɜrdʒənz
neutered,ˈnutərd
neuters,ˈnutərz
neutralises,ˈnutrəˌlaɪzɪz
neutralizes,ˈnutrəˌlaɪzɪz
newcome,ˈnuˌkəm
newfashioned,ˌnuˈfæʃənd
newsbreak,ˈnuzbreɪk
newsbreaks,ˈnuzbreɪks
newspapered,ˈnuzˌpeɪpərd
newspapers,ˈnuzˌpeɪpərz
newspaperwomen,ˈnuzˌpeɪpərˌwɪmən
newspeople,ˈnuzˌpipəl
newswomen,ˈnuzˌwɪmən
nextdoor,ˌnɛkstˈdɔr
nexuses,ˈnɛksəsɪz
nibbed,nɪbd
nibbles,ˈnɪbəlz
niche,nɪtʃ
niched,nɪtʃt
niches,ˈnɪtʃɪz
niching,ˈnɪtʃɪŋ
nicked,nɪkt
nickeled,ˈnɪkəld
nickelled,ˈnɪkəld
nickelling,ˈnɪkəlɪŋ
nickels,ˈnɪkəlz
nickered,ˈnɪkərd
nickers,ˈnɪkərz
nicknames,ˈnɪkˌneɪmz
nicks,nɪks
nictates,ˈnɪkteɪts
nictitates,ˈnɪktəˌteɪts
nidificates,ˈnɪdəfəˌkeɪts
nidifies,ˈnɪdəfaɪz
nidulates,ˈnɪdʒəˌleɪts
niellos,niˈɛloʊz
nieve,niv
nieves,nivz
niffered,ˈnɪfərd
niffers,ˈnɪfərz
niggardises,ˈnɪɡərdaiˌzɪz
niggardizes,ˈnɪɡərdaiˌzɪz
niggers,ˈnɪɡərz
niggles,ˈnɪɡəlz
nigh,naɪ
nighed,naɪd
nigher,ˈnaɪər
nighest,ˈnaɪəst
nighing,ˈnaɪɪŋ
nighly,ˈnaɪli
nighness,ˈnaɪnəs
nighs,naɪz
night,naɪt
nightcap,ˈnaɪtˌkæp
nightcaps,ˈnaɪtˌkæps
nightclothes,ˈnaɪtˌkloʊðz
nightclub,ˈnaɪtˌklʌb
nightclubbed,ˈnaɪtˌklʌbd
nightclubber,ˈnaɪtˌklʌbər
nightclubbers,ˈnaɪtˌklʌbərz
nightclubbing,ˈnaɪtˌklʌbɪŋ
nightclubs,ˈnaɪtˌklʌbz
nightcrawler,ˈnaɪtˌkrɔlər
nightcrawlers,ˈnaɪtˌkrɔlərz
nightdress,ˈnaɪtˌdrɛs
nightdresses,ˈnaɪtˌdrɛsɪz
nighted,ˈnaɪtəd
nightertale,ˈnaɪtərtāl
nightfall,ˈnaɪtˌfɔl
nightfalls,ˈnaɪtˌfɔlz
nightglow,ˈnaɪtˌɡloʊ
nightglows,ˈnaɪtˌɡloʊz
nightgown,ˈnaɪtˌɡaʊn
nightgowns,ˈnaɪtˌɡaʊnz
nighthawk,ˈnaɪtˌhɔk
nighthawks,ˈnaɪtˌhɔkz
nightie,ˈnaɪti
nighties,ˈnaɪtiz
nighting,ˈnaɪtɪŋ
nightingale,ˈnaɪtənˌɡeɪl
nightingales,ˈnaɪtənˌɡeɪlz
nightish,ˈnaɪtɪʃ
nightjar,ˈnaɪtˌdʒɑr
nightjars,ˈnaɪtˌdʒɑrz
nightless,ˈnaɪtləs
nightlife,ˈnaɪtˌlaɪf
nightlifes,ˈnaɪtˌlaɪfs
nightlives,ˈnaɪtˌlaɪvz
nightlong,ˈnaɪtˌlɔŋ
nightly,ˈnaɪtli
nightman,ˈnaɪtˌmæn
nightmare,ˈnaɪtˌmɛr
nightmares,ˈnaɪtˌmɛrz
nightmarish,ˈnaɪtˌmɛrɪʃ
nightmarishly,ˈnaɪtˌmɛrɪʃli
nightmen,ˈnaɪtˌmɛn
nights,naɪts
nightscope,ˈnaɪtˌskoʊp
nightscopes,ˈnaɪtˌskoʊpz
nightshade,ˈnaɪtˌʃeɪd
nightshades,ˈnaɪtˌʃeɪdz
nightshirt,ˈnaɪtˌʃɜrt
nightshirts,ˈnaɪtˌʃɜrts
nightside,ˈnaɪtˌsaɪd
nightsides,ˈnaɪtˌsaɪdz
nightspot,ˈnaɪtˌspɑt
nightspots,ˈnaɪtˌspɑts
nightstand,ˈnaɪtˌstænd
nightstands,ˈnaɪtˌstændz
nightstick,ˈnaɪtˌstɪk
nightsticks,ˈnaɪtˌstɪkz
nighttime,ˈnaɪtˌtaɪm
nighttimes,ˈnaɪtˌtaɪmz
nightwalker,ˈnaɪtˌwɔkər
nightwalkers,ˈnaɪtˌwɔkərz
nightward,ˈnaɪtwərd
nightwatchman,ˈnaɪtˌwɑtʃmən
nightwatchmen,ˈnaɪtˌwɑtʃmən
nightwear,ˈnaɪtˌwɛr
nightwears,ˈnaɪtˌwɛrz
nighty,ˈnaɪti
nigrifies,ˈnɪɡrəfaɪz
nilled,nɪld
nills,nɪlz
nimbused,ˈnɪmbəsst
nimmed,nɪmd
nims,nɪmz
nipped,nɪpt
nipples,ˈnɪpəlz
nips,nɪps
nite,naɪt
niterie,ˈnaɪtəri
niteries,ˈnaɪtəriz
nitery,ˈnaɪtəri
nites,naɪts
nitpicked,ˈnɪtˌpɪkt
nitpicks,ˈnɪtˌpɪks
nitrates,ˈnaɪˌtreɪts
nitrides,ˈnaɪˌtraɪdz
nitrifies,ˈnaɪtrəfaɪz
nitrogenises,ˈnaɪtrədʒəˌlaɪzɪz
nitrogenizes,ˈnaɪtrədʒəˌlaɪzɪz
nixed,nɪkst
nixes,ˈnɪksɪz
nobbles,ˈnɑbəlz
nobilifies,noʊˈbɪləfaɪz
nobilitates,noʊˈbɪləˌteɪts
noblewomen,ˈnoʊbəlˌwɪmən
nociceptive,ˌnoʊsɪˈsɛptɪv
nocive,ˈnoʊsɪv
nocked,nɑkt
nocks,nɑkts
noddles,ˈnɑdəlz
nods,nɑdz
nodulates,ˈnɑdʒəˌleɪts
nogged,nɑɡd
noght,nɔt
nogs,nɑɡz
noints,ɔɪnts
noir,nwɑr
noirish,ˈnwɑrɪʃ
noirs,nwɑrz
noisette,nwɑˈzɛt
noisettes,nwɑˈzɛts
noisome,ˈnɔɪsəm
noisomely,ˈnɔɪsəmli
noisomeness,ˈnɔɪsəmnəs
nomadises,ˈnoʊmæˌdaɪzɪz
nomadizes,ˈnoʊmæˌdaɪzɪz
nominalises,ˈnɑmənəˌlaɪzɪz
nominalizes,ˈnɑmənəˌlaɪzɪz
nominate,ˈnɑməˌneɪt
nominately,ˈnɑmənətli
nominates,ˈnɑməˌneɪts
nominative,ˈnɑmənətɪv
nominatively,ˈnɑmənətɪvli
nominatives,ˈnɑmənətɪvz
nonabrasive,ˌnɑnəˈbreɪsɪv
nonabsorptive,ˌnɑnəbˈsɔrptɪv
nonachievement,ˌnɑnəˈtʃivmənt
nonachievements,ˌnɑnəˈtʃivmǝnts
nonacquisitive,ˌnɑnəˈkwɪzətɪv
nonadaptive,ˌnɑnəˈdæptɪv
nonaddictive,ˌnɑnəˈdɪktɪv
nonadditive,ˌnɑnˈædətɪv
nonadhesive,ˌnɑnədˈhisɪv
nonaggressive,ˌnɑnəˈɡrɛsɪv
nonaligned,ˌnɑnəˈlaɪnd
nonanswer,ˌnɑnˈænsər
nonanswers,ˌnɑnˈænsərz
nonassertive,ˌnɑnəˈsɜrtɪv
nonattached,ˌnɑnəˈtætʃt
nonattachment,ˌnɑnəˈtætʃmənt
nonattachments,ˌnɑnəˈtætʃmənts
nonautomotive,ˌnɑnˌɔtəˈmoʊtɪv
nonbearing,ˌnɑnˈbɛrɪŋ
nonbinding,ˌnɑnˈbaɪndɪŋ
nonbreakable,ˌnɑnˈbreɪkəbəl
nonbroadcast,ˌnɑnˈbrɔdkæst
nonbroadcasting,ˌnɑnˈbrɔdkæstɪŋ
nonbuilding,ˌnɑnˈbɪldɪŋ
nonbuildings,ˌnɑnˈbɪldɪŋz
nonbusiness,ˌnɑnˈbɪznəs
nonchalance,ˌnɑnʃəˈlɑns
nonchalant,ˌnɑnʃəˈlɑnt
nonchalantly,ˌnɑnʃəˈlɑntli
nonchauvinist,ˌnɑnˈʃoʊvənɪst
nonchauvinists,ˌnɑnˈʃoʊvənɪsts
nonchurch,ˌnɑnˈtʃɜrtʃ
nonchurches,ˌnɑnˈtʃɜrtʃɪz
nonchurchgoer,ˌnɑnˈtʃɜrtʃˌɡoʊər
nonchurchgoers,ˌnɑnˈtʃɜrtʃˌɡoʊərz
nonclandestine,ˌnɑnklænˈdɛstɪn
noncoercive,ˌnɑnkoʊˈɜrsɪv
noncognitive,ˌnɑnˈkɑɡnətɪv
noncollegiate,ˌnɑnkəˈlidʒət
noncolored,ˌnɑnˈkʌlərd
noncoloured,ˌnɑnˈkʌlərd
noncombative,ˌnɑnkəmˈbætɪv
noncommissioned,ˌnɑnkəˈmɪʃənd
noncommunicative,ˌnɑnkəˈmjunəkətɪv
noncommutative,ˌnɑnkəˈmjutətɪv
noncompetitive,ˌnɑnkəmˈpɛtətɪv
nonconcurred,ˌnɑnkənˈkɜrd
nonconcurs,ˌnɑnkənˈkɜrz
nonconditioned,ˌnɑnkənˈdɪʃənd
nonconductive,ˌnɑnkənˈdʌktɪv
nonconformed,ˌnɑnkənˈfɔrmd
nonconforms,ˌnɑnkənˈfɔrmz
nonconsecutive,ˌnɑnkənˈsɛkjətɪv
nonconservative,ˌnɑnkənˈsɜrvətɪv
nonconservatives,ˌnɑnkənˈsɜrvətɪvz
nonconstructive,ˌnɑnkənˈstrʌktɪv
nonconsumptive,ˌnɑnkənˈsʌmptɪv
noncontrolled,ˌnɑnkənˈtroʊld
noncooperative,ˌnɑnkoʊˈɑpərətɪv
noncorporate,ˌnɑnˈkɔrpərət
noncorrosive,ˌnɑnkəˈroʊsɪv
noncountries,ˌnɑnˈkʌntriz
noncountry,ˌnɑnˈkʌntri
noncreative,ˌnɑnkriˈeɪtɪv
noncredentialed,ˌnɑnkrɪˈdɛnʃəld
noncumulative,ˌnɑnˈkæmjələtɪv
nondeceptive,ˌnɑndɪˈsɛptɪv
nondeciduate,ˌnɑndɪˈsɪdʒuət
nondeductive,ˌnɑndɪˈdʌktɪv
nondegenerate,ˌnɑndɪˈdʒɛnərət
nondegenerates,ˌnɑndɪˈdʒɛnərəts
nondelegate,ˌnɑnˈdɛlɪɡət
nondelegates,ˌnɑnˈdɛlɪɡəts
nondeliberate,ˌnɑndɪˈlɪbərət
nondepressed,ˌnɑndɪˈprɛst
nonderivative,ˌnɑndɪˈrɪvətɪv
nonderivatives,ˌnɑndɪˈrɪvətɪvz
nondescriptive,ˌnɑndɪˈskrɪptɪv
nondestructive,ˌnɑndɪˈstrʌktɪv
nondestructively,ˌnɑndɪˈstrʌktɪvli
nondestructiveness,ˌnɑndɪˈstrʌktɪvnəs
nondetachable,ˌnɑndɪˈtætʃəbəl
nondirective,ˌnɑndəˈrɛktɪv
nondiscursive,ˌnɑndɪˈskɜrsɪv
nondispersive,ˌnɑndɪˈspɜrsɪv
nondisruptive,ˌnɑndɪˈsrʌptɪv
nondistinctive,ˌnɑndɪˈstɪŋktɪv
nonduplicate,ˌnɑnˈdupləkət
none,nən
nonearning,ˌnɑnˈɜrnɪŋ
nonearnings,ˌnɑnˈɜrnɪŋz
noneffective,ˌnɑnɪˈfɛktɪv
noneffectives,ˌnɑnɪˈfɛktɪvz
nonelective,ˌnɑnɪˈlɛktɪv
nonelectives,ˌnɑnɪˈlɛktɪvz
nones,noʊnz
nonestablished,ˌnɑnɪˈstæblɪʃt
nonesuch,ˈnənˌsətʃ
nonesuches,ˈnənˌsətʃɪz
nonetheless,ˌnənðəˈlɛs
nonevaluative,ˌnɑnɪˈvæljʊeɪtɪv
nonexclusive,ˌnɑnɪkˈsklusɪv
nonexecutive,ˌnɑnɪɡˈzɛkjətɪv
nonexecutives,ˌnɑnɪɡˈzɛkjətɪvz
nonexploitative,ˌnɑnɪkˈsplɔɪtətɪv
nonexploitive,ˌnɑnɪkˈsplɔɪtɪv
nonexplosive,ˌnɑnɪkˈsploʊsɪv
nonexplosives,ˌnɑnɪkˈsploʊsɪvz
nonfigurative,ˌnɑnˈfɪɡjərətɪv
nonflowering,ˌnɑnˈflaʊərɪŋ
nongraduate,ˌnɑnˈɡrædʒuət
nongraduates,ˌnɑnˈɡrædʒuəts
nonguest,ˌnɑnˈɡɛst
nonguests,ˌnɑnˈɡɛsts
nonguilt,ˌnɑnˈɡɪlt
nonguilts,ˌnɑnˈɡɪlts
nonhandicapped,ˌnɑnˈhændikæpt
nonimitative,ˌnɑnˈɪmətətɪv
noninductive,ˌnɑndɪˈdʌktɪv
noninfective,ˌnɑnɪnˈfɛktɪv
noninitiate,ˌnɑnɪˈnɪʃiət
noninitiates,ˌnɑnɪˈnɪʃiəts
noninteractive,ˌnɑnɪntərˈæktɪv
nonintercourse,ˌnɑnˈɪntərˌkɔrs
nonintrusive,ˌnɑnɪnˈtrusɪv
nonintuitive,ˌnɑnɪnˈtuətɪv
noninvasive,ˌnɑnɪnˈveɪsɪv
nonleaded,ˌnɑnˈlɛdəd
nonleague,ˌnɑnˈliɡ
nonliterate,ˌnɑnˈlɪtərət
nonliterates,ˌnɑnˈlɪtərəts
nonmeasurable,ˌnɑnˈmɛʒərəbəl
nonmoving,ˌnɑnˈmuvɪŋ
nonnarrative,ˌnɑnˈnærətɪv
nonnarratives,ˌnɑnˈnærətɪvz
nonnative,ˌnɑnˈneɪtɪv
nonnatives,ˌnɑnˈneɪtɪvz
nonnegative,ˌnɑnˈnɛɡətɪv
nonnormative,ˌnɑnˈnɔrmətɪv
nonnutritive,ˌnɑnˈnutrətɪv
nonobjective,ˌnɑnəbˈdʒɛktɪv
nonoperative,ˌnɑnˈɑpərətɪv
nonpassive,ˌnɑnˈpæsɪv
nonpermissive,ˌnɑnpərˈmɪsɪv
nonplassed,ˌnɑnˈplʌst
nonplused,ˌnɑnˈplʌst
nonpluses,ˌnɑnˈplʌsɪz
nonplusses,ˌnɑnˈplʌsɪz
nonproductive,ˌnɑnprəˈdʌktɪv
nonproductiveness,ˌnɑnprəˈdʌktɪvnəs
nonprogressive,ˌnɑnprəˈɡrɛsɪv
nonprogressives,ˌnɑnprəˈɡrɛsɪvz
nonprossed,ˌnɑnˈprɑst
nonprosses,ˌnɑnˈprɑsɪz
nonpunitive,ˌnɑnˈpjunətɪv
nonpurposive,ˌnɑnˈpɜrpəsɪv
nonquantitative,ˌnɑnˈkwɑntətətɪv
nonradioactive,ˌnɑnreɪdioʊˈæktɪv
nonreactive,ˌnɑnriˈæktɪv
nonreceipt,ˌnɑnrɪˈsit
nonreceipts,ˌnɑnrɪˈsits
nonrecourse,ˌnɑnˈriˌkɔrs
nonrelative,ˌnɑnˈrɛlətɪv
nonrelatives,ˌnɑnˈrɛlətɪvz
nonrepresentative,ˌnɑnrɛprɪˈzɛntətɪv
nonrepresentatives,ˌnɑnrɛprɪˈzɛntətɪvz
nonreproductive,ˌnɑnriprəˈdʌktɪv
nonresponsive,ˌnɑnrɪˈspɑnsɪv
nonrestrictive,ˌnɑnrɪˈstrɪktɪv
nonretroactive,ˌnɑnrɛtroʊˈæktɪv
nonselective,ˌnɑnsɪˈlɛktɪv
nonsensitive,ˌnɑnˈsɛnsətɪv
nonspeculative,ˌnɑnˈspɛkjələtɪv
nonspeech,ˌnɑnˈspitʃ
nonsteady,ˌnɑnˈstɛdi
nonsubjective,ˌnɑnsəbˈdʒɛktɪv
nonsubmissive,ˌnɑnsəbˈmɪsɪv
nonsuch,ˈnənˌsətʃ
nonsuches,ˈnənˌsətʃɪz
nonsuit,ˈnɑnˈsut
nonsuited,ˈnɑnˈsutəd
nonsuiting,ˈnɑnˈsutɪŋ
nonsuits,ˈnɑnˈsuts
nonteaching,ˌnɑnˈtitʃɪŋ
nonthreatening,ˌnɑnˈθrɛtənɪŋ
nonunique,ˌnɑnjuˈnik
nonuniqueness,ˌnɑnjuˈniknəs
nonuplicate,ˈnɑnjupləkət
nonuplicates,ˈnɑnjupləkəts
nonuser,ˌnɑnˈjuzər
nonusers,ˌnɑnˈjuzərz
nonusing,ˌnɑnˈjuzɪŋ
noodges,ˈnudʒɪz
noodles,ˈnudəlz
nooned,nund
noons,nunz
noonstead,ˈnunˌstɛd
nooses,ˈnusɪz
normalises,ˈnɔrməˌlaɪzɪz
normalizes,ˈnɔrməˌlaɪzɪz
normative,ˈnɔrmətɪv
normatively,ˈnɔrmətɪvli
normativeness,ˈnɔrmətɪvnəs
normed,ˈnɔrmd
normotensive,ˌnɔrməˈtɛnsɪv
normotensives,ˌnɔrməˈtɛnsɪvz
northeasternmost,ˌnɔrθˈistərnˌmoʊst
northernmost,ˈnɔrðərnˌmoʊst
northmost,ˈnɔrθˌmoʊst
northwesternmost,ˌnɔrθˈwɛstərnˌmoʊst
nosedives,ˈnoʊzˌdaɪvz
noseguard,ˈnoʊzˌɡɑrd
noseguards,ˈnoʊzˌɡɑrdz
noses,ˈnoʊzɪz
noshed,nɑʃt
noshes,ˈnɑʃɪz
notarises,ˈnoʊtəˌraɪzɪz
notarizes,ˈnoʊtəˌraɪzɪz
notates,ˈnoʊteɪts
notched,nɑtʃt
notches,ˈnɑtʃɪz
notes,noʊts
notices,ˈnoʊtəsɪz
notifies,ˈnoʊtəfaɪz
notionate,ˈnoʊʃənət
notobranchiate,ˌnoʊtoʊˈbræŋkiət
notobranchiates,ˌnoʊtoʊˈbræŋkiəts
nouch,naʊtʃ
nouches,ˈnaʊtʃɪz
nougat,ˈnuɡət
nougats,ˈnuɡəts
nought,nɔt
noughts,nɔts
nounizes,ˈnaʊnaɪzɪz
nourish,ˈnɜrɪʃ
nourishable,ˈnɜrɪʃəbəl
nourished,ˈnɜrɪʃt
nourisher,ˈnɜrɪʃər
nourishers,ˈnɜrɪʃərz
nourishes,ˈnɜrɪʃɪz
nourishing,ˈnɜrɪʃɪŋ
nourishingly,ˈnɜrɪʃɪŋli
nourishment,ˈnɜrɪʃmənt
nourishments,ˈnɜrɪʃmǝnts
nouriture,ˈnɜrɪtʃər
nouveau,nuˈvoʊ
nouvelle,nuˈvɛl
novelette,ˌnɒvəˈlɛt
novelettes,ˌnɒvəˈlɛts
novelises,ˈnɑvəˌlaɪzɪz
novelizes,ˈnɑvəˌlaɪzɪz
novitiate,noʊˈvɪʃiət
novitiates,noʊˈvɪʃiəts
now,naʊ
nowadays,ˈnaʊəˌdeɪz
nowch,naʊtʃ
nowches,ˈnaʊtʃɪz
nowd,naʊd
nowds,naʊdz
nowness,ˈnaʊnəs
nownesses,ˈnaʊnəsɪz
nows,naʊz
nowt,naʊt
nowts,naʊts
nuances,ˈnuˌɑnsɪz
nubilates,ˈnubəˌleɪts
nucleate,ˈnukliˌeɪt
nucleates,ˈnukliˌeɪts
nuddles,ˈnʌdəlz
nudges,ˈnʌdʒɪz
nudibrachiate,ˌnudəˈbrækiət
nudibrachiates,ˌnudəˈbrækiəts
nudibranchianes,ˌnudəˈbræŋkiəts
nudibranchiate,ˌnudəˈbræŋkiət
nudibranchiates,ˌnjuːdɪˈbræŋkieɪts
nugifies,ˈnʌɡəfaɪz
nukes,nuks
nulled,nʌld
nullifies,ˈnʌləfaɪz
nulls,nʌlz
numb,nʌm
numbed,nʌmd
numbedness,ˈnʌmədnes
numbered,ˈnʌmbərd
numbers,ˈnʌmbərz
numbfish,ˈnʌmˌfɪʃ
numbfishes,ˈnʌmˌfɪʃɪz
numbing,ˈnʌmɪŋ
numbingly,ˈnʌmɪŋli
numbly,ˈnʌmli
numbness,ˈnʌmnəs
numbs,nʌmz
numbskull,ˈnʌmˌskʌl
numbskulls,ˈnʌmˌskʌlz
numerate,ˈnuməˌreɪt
numerates,ˈnuməˌreɪts
numerative,ˈnumərətɪv
numeratives,ˈnumərətɪvz
numskull,ˈnʌmˌskʌl
numskulls,ˈnʌmˌskʌlz
nunataks,ˈnʊnəˌtæks
nunchaku,ˈnʌnˌtʃæku
nunchakus,ˈnʌnˌtʃækus
nuncheon,ˈnʌntʃən
nuncheons,ˈnʌntʃənz
nuncupates,ˈnʌŋkjəˌpeɪts
nuncupative,nʌnˈkjupətɪv
nurled,ˈnɜrld
nurls,ˈnɜrlz
nurses,ˈnɜrsɪz
nurtures,ˈnɜrtʃərz
nutates,ˈnjuˌteɪts
nutbrown,ˈnʌtˌbraʊn
nutritive,ˈnutrətɪv
nutritively,ˈnutrətɪvli
nuts,nʌts
nuzzles,ˈnʌzəlz
nymphette,nɪmˈfɛt
nymphettes,nɪmˈfɛts
oared,ɔrd
oars,ɔrz
oarswomen,ˈɔrzˌwɪmən
oathbreaker,ˈoʊθˌbreɪkər
oathbreakers,ˈoʊθˌbreɪkərz
oathbreaking,ˈoʊθˌbreɪkɪŋ
oaves,oʊvz
obcompressed,ˌɑbkəmˈprɛst
obduces,ɑbˈdusɪz
obducts,ɑbˈdʌkts
obdurate,ˈɑbdərət
obdurately,ˈɑbdərətli
obdurateness,ˈɑbdərətnəs
obdurates,ˈɑbdəræts
obelises,ˈɑbəˌlaɪzɪz
obelisked,ˈɑbəˌlɪskt
obelisks,ˈɑbəˌlɪsks
obelizes,ˈɑbəˌlaɪzɪz
obeyed,oʊˈbeɪd
obeys,oʊˈbeɪz
obfuscates,ˈɑbfəˌskeɪts
objectifies,əbˈdʒɛktəfaɪz
objective,əbˈdʒɛktɪv
objectively,əbˈdʒɛktɪvli
objectiveness,əbˈdʒɛktɪvnəs
objectives,əbˈdʒɛktɪvz
objects,ˈɑbdʒɛkts
objet,oʊbˈʒeɪ
objets,oʊbˈʒeɪz
objurgates,ˈɑbdʒərˌɡeɪts
oblanceolate,ɑbˈlænsiəlɪt
oblates,ˈɑbleɪts
obligate,ˈɑbləˌɡeɪt
obligately,ˈɑbləɡətli
obligates,ˈɑbləˌɡeɪts,(verb),or,ˈɑbləˌɡəts,(noun)
obliges,əˈblaɪdʒɪz
oblique,oʊˈblik
obliqued,oʊˈblikt
obliquely,oʊˈblikli
obliqueness,oʊˈbliknəs
obliques,oʊˈbliks
obliquing,oʊˈblikɪŋ
obliterates,əˈblɪtəˌreɪts
obliterative,əˈblɪtəˌreɪtɪv
obnubilates,ɑbˈnubəˌleɪts
obscures,əbˈskjʊrz
observe,əbˈzɜrv
observed,əbˈzɜrvd
observes,əbˈzɜrvz
obsessed,əbˈsɛst
obsesses,əbˈsɛsɪz
obsessive,əbˈsɛsɪv
obsessively,əbˈsɛsɪvli
obsessiveness,əbˈsɛsɪvnəs
obsessives,əbˈsɛsɪvz
obsolesces,ˌɑbsəˈlɛsɪz
obsoletes,ˌɑbsəˈlits
obstinate,ˈɑbstənət
obstinately,ˈɑbstənətli
obstinateness,ˈɑbstənətnəs
obstructive,əbˈstrʌktɪv
obstructively,əbˈstrʌktɪvli
obstructiveness,əbˈstrʌktɪvnəs
obstructives,əbˈstrʌktɪvz
obstructs,əbˈstrʌkts
obtained,əbˈteɪnd
obtains,əbˈteɪnz
obtests,ɑbˈtɛsts
obtrudes,əbˈtrudz
obtrusive,əbˈtrusɪv
obtrusively,əbˈtrusɪvli
obtrusiveness,əbˈtrusɪvnəs
obtunds,ɑbˈtʌndz
obturates,ˈɑbtʃəˌreɪts
obumbrates,ɑbˈʌmbræts
obverts,ɑbˈvɜrts
obviates,ˈɑbviˌeɪts
occasioned,əˈkeɪʒənd
occasions,əˈkeɪʒənz
occidentalises,ˌɑksədɛntəˈlaɪzɪz
occidentalizes,ˌɑksədɛntəˈlaɪzɪz
occludes,əˈkludz
occlusive,əˈklusɪv
occlusively,əˈklusɪvli
occults,əˈkʌlts
occupies,ˈɑkjəpaɪz
occurred,əˈkɜrd
occurs,əˈkɜrz
ocellate,oʊˈsɛlət
ochered,ˈoʊkərd
ochers,ˈoʊkərz
ochred,ˈoʊkərd
ochres,ˈoʊkərz
ocreate,ˈoʊkriət
octette,ɒkˈtɛt
octettes,ɒkˈtɛts
octuples,ˈɑktəpəlz
octuplicate,ɑkˈtupləkət
octuplicates,ɑkˈtupləkeɪts,(verb),or,ɑkˈtupləkəts,(noun)
odalisque,ˈoʊdəlɪsk
odalisques,ˈoʊdəlɪskz
odored,ˈoʊdərd
odorises,ˈoʊdəˌraɪzɪz
odorizes,ˈoʊdəˌraɪzɪz
odourises,ˈoʊdəˌraɪzɪz
oesophaguses,ɪˈsɒfəɡəsɪz
of,ʌv
offcasts,ˈɔfˌkæsts
offed,ɔft
offencive,əˈfɛnsɪv
offends,əˈfɛndz
offensive,əˈfɛnsɪv
offensively,əˈfɛnsɪvli
offensiveness,əˈfɛnsɪvnəs
offensives,əˈfɛnsɪvz
offered,ˈɔfərd
offers,ˈɔfərz
offguard,ˌɔfˈɡɑrd
officeholders,ˈɔfəshəʊldərz
officers,ˈɔfəsərz
officiates,əˈfɪʃiˌeɪts
offloads,ˈɔfˌloʊdz
offprints,ˈɔfˌprɪnts
offputting,ˈɔfˌpʊtɪŋ
offs,ɔfs
offsets,ˈɔfˌsɛts
offshores,ˌɔfˈʃɔrz
offstages,ˌɔfˈsteɪdʒɪz
ogles,ˈoʊɡəlz
ohed,oʊd
ohs,oʊz
oiled,ɔɪld
oils,ɔɪlz
oiltight,ˈɔɪlˌtaɪt
oinked,ɔɪŋkt
oinks,ɔɪŋks
okayed,oʊˈkeɪd
okays,oʊˈkeɪz
oldfashioned,ˌoʊldˈfæʃənd
oligomerises,əˈlɪɡəməˌraɪzɪz
oligomerizes,əˈlɪɡəməˌraɪzɪz
olive,ˈɑlɪv
olives,ˈɑlɪvz
ololiuhqui,ˌoʊloʊliˈuhki
ololiuqui,ˌoʊloʊliˈuhki
omelette,ˈɒmlət
omelettes,ˈɒmləts
omened,ˈoʊmənd
omens,ˈoʊmənz
omissive,oʊˈmɪsɪv
omits,oʊˈmɪts
once,wəns
one,wən
onefold,ˈwənˌfoʊld
oneness,ˈwənnəs
ones,wənz
oneself,wənˈsɛlf
onetime,ˈwənˌtaɪm
oneway,ˈwənˌweɪ
only,ˈoʊnli
onshores,ˌɔnˈʃɔrz
onslaught,ˈɔnˌslɔt
onslaughts,ˈɔnˌslɔts
onto,ˈɔntu
onwards,ˈɔnwərdz
oohed,ud
oohs,uz
ooked,ʊkt
ooks,ʊks
oompahed,ˈʊmpɑd
oompahs,ˈʊmpɑz
oozed,uzd
oozes,ˈuzɪz
opacifies,oʊˈpæsəfaɪz
opalesces,ˌoʊpəˈlɛsɪz
opaque,oʊˈpeɪk
opaqued,oʊˈpeɪkt
opaquely,oʊˈpeɪkli
opaqueness,oʊˈpeɪknəs
opaquer,oʊˈpeɪkər
opaques,oʊˈpeɪks
opaquest,oʊˈpeɪkəst
opaquing,oʊˈpeɪkɪŋ
opened,ˈoʊpənd
openhearted,ˌoʊpənˈhɑrtəd
openheartedly,ˌoʊpənˈhɑrtədli
openheartedness,ˌoʊpənˈhɑrtədnəs
openminded,ˌoʊpənˈmaɪndəd
openmindedly,ˌoʊpənˈmaɪndədli
openmindedness,ˌoʊpənˈmaɪndədnəs
openmouthed,ˌoʊpənˈmaʊðd
opens,ˈoʊpənz
operates,ˈɑpəˌreɪts
operative,ˈɑpərətɪv
operatively,ˈɑpərətɪvli
operativeness,ˈɑpərətɪvnəs
operatives,ˈɑpərətɪvz
operculate,oʊˈpɜrkjələt
opes,oʊps
opiate,ˈoʊpiət
opiates,ˈoʊpieɪts,(verb),or,ˈoʊpiəts,(noun)
opines,oʊˈpaɪnz
opinionateness,əˈpɪnjənətɪwnəs
opinionative,əˈpɪnjənətɪv
opinionatively,əˈpɪnjənətɪvli
opinionativeness,əˈpɪnjəneɪtɪvnəs
opinioned,əˈpɪnjənd
opinions,əˈpɪnjənz
oppilates,ˈɑpəˌleɪts
opposes,əˈpoʊzɪz
opposite,ˈɑpəzət
oppositely,ˈɑpəzətli
oppositeness,ˈɑpəzətnəs
opposites,ˈɑpəzəts
oppressed,əˈprɛst
oppresses,əˈprɛsɪz
oppressive,əˈprɛsɪv
oppressively,əˈprɛsɪvli
oppressiveness,əˈprɛsɪvnəs
oppugns,əˈpjunz
opsonifies,ɑpˈsɑnəfaɪz
opsonises,ɑpˈsɑnəˌlaɪzɪz
opsonizes,ɑpˈsɑnəˌlaɪzɪz
optative,ˈɑptətɪv
optatively,ˈɑptətɪvli
optatives,ˈɑptətɪvz
optimises,ˈɑptəˌmɪzɪz
optimizes,ˈɑptəˌmɪzɪz
optioned,ˈɑpʃənd
options,ˈɑpʃənz
opts,ɑpts
orach,ˈɔrətʃ
orache,ˈɔrətʃ
oraches,ˈɔrətʃɪz
orates,ɔˈreɪts
orbed,ɔrbd
orbiculate,ɔrˈbɪkjəlɪt
orbiculates,ɔrˈbɪkjəleɪts
orbits,ˈɔrbəts
orchard,ˈɔrtʃərd
orcharding,ˈɔrtʃərdɪŋ
orchardist,ˈɔrtʃərdɪst
orchardists,ˈɔrtʃərdɪsts
orchards,ˈɔrtʃərdz
orchestrates,ˈɔrkəˌstreɪts
orchil,ˈɔrtʃəl
orchils,ˈɔrtʃəlz
ordained,ɔrˈdeɪnd
ordains,ɔrˈdeɪnz
ordered,ˈɔrdərd
orders,ˈɔrdərz
ordinate,ˈɔrdənət
ordinates,ˈɔrdənəts
ordures,ˈɔrdʒʊrz
orective,ɔːˈrɛktɪv
organises,ˈɔrɡəˌnaɪzɪz
organizes,ˈɔrɡəˌnaɪzɪz
orgasmed,ˈɔrˌɡæzəmd
orgasms,ˈɔrˌɡæzəmz
orientalises,ˌɔriɛntəˈlaɪzɪz
orientalizes,ˌɔriɛntəˈlaɪzɪz
orientates,ˈɔriənˌteɪts
orienteered,ˌɔriənˈtɪrd
orienteers,ˌɔriənˈtɪrz
orients,ˈɔriənts
originates,əˈrɪdʒəˌneɪts
originative,əˈrɪdʒəˌneɪtɪv
originatively,əˈrɪdʒəˌneɪtɪvli
ornaments,ˈɔrnəmənts
orned,ˈɔrnd
orns,ˈɔrnz
orphaned,ˈɔrfənd
orphans,ˈɔrfənz
orthogonalises,ɔrˌθɑɡənəˈlaɪzɪz
orthogonalizes,ɔrˌθɑɡənəˈlaɪzɪz
oscillates,ˈɑsəˌleɪts
osculates,ˈɑskjəˌleɪts
osmoses,ɑzˈmoʊsiz
ossifies,ˈɑsəfaɪz
ostends,ɑsˈtɛndz
ostensive,ɑsˈtɛnsɪv
ostensively,ɑsˈtɛnsɪvli
ostracises,ˈɑstrəˌlaɪzɪz
ostracizes,ˈɑstrəˌlaɪzɪz
ostrich,ˈɑstrɪtʃ
ostriches,ˈɑstrɪtʃɪz
ostrichlike,ˈɑstrɪtʃˌlaɪk
oubliette,ˌubliˈɛt
oubliettes,ˌubliˈɛts
ouch,aʊtʃ
ouched,aʊtʃt
ouches,ˈaʊtʃɪz
ouching,ˈaʊtʃɪŋ
oud,ud
ouds,udz
ought,ɔt
oughtness,ˈɔtnəs
oughts,ɔts
ourselves,aʊərˈsɛlvz
ousel,ˈuzəl
ousels,ˈuzəlz
ousts,aʊsts
outachieve,ˌaʊtəˈtʃiv
outachieved,ˌaʊtəˈtʃivd
outachiever,ˌaʊtəˈtʃivər
outachievers,ˌaʊtəˈtʃivərz
outachieves,ˌaʊtəˈtʃivz
outachieving,ˌaʊtəˈtʃivɪŋ
outacts,ˌaʊtˈækts
outadds,ˌaʊtˈædz
outargues,ˌaʊtˈɑrɡjuz
outasked,ˌaʊtˈæskt
outasks,ˌaʊtˈæsks
outbakes,ˌaʊtˈbeɪks
outbalances,ˌaʊtˈbælənsɪz
outbargain,ˌaʊtˈbɑrɡən
outbargained,ˌaʊtˈbɑrɡənd
outbargaining,ˌaʊtˈbɑrɡənɪŋ
outbargains,ˌaʊtˈbɑrɡənz
outbarked,ˌaʊtˈbɑrkt
outbarks,ˌaʊtˈbɑrks
outbawled,ˌaʊtˈbɔld
outbawls,ˌaʊtˈbɔlz
outbeamed,ˌaʊtˈbimd
outbeams,ˌaʊtˈbimz
outbegged,ˌaʊtˈbɛɡd
outbegs,ˌaʊtˈbɛɡz
outbids,ˌaʊtˈbɪdz
outbitched,ˌaʊtˈbɪtʃt
outbitches,ˌaʊtˈbɪtʃɪz
outblazes,ˌaʊtˈbleɪzɪz
outbleats,ˌaʊtˈblits
outblessed,ˌaʊtˈblɛst
outblesses,ˌaʊtˈblɛsɪz
outbloomed,ˌaʊtˈblumd
outblooms,ˌaʊtˈblumz
outbluffed,ˌaʊtˈblʌft
outbluffs,ˌaʊtˈblʌfs
outblushed,ˌaʊtˈblʌʃt
outblushes,ˌaʊtˈblʌʃɪz
outboasts,ˌaʊtˈboʊsts
outbought,ˌaʊtˈbɔt
outboxed,ˌaʊtˈbɑkst
outboxes,ˌaʊtˈbɑksɪz
outbragged,ˌaʊtˈbræɡd
outbrags,ˌaʊtˈbræɡz
outbraves,ˌaʊtˈbreɪvz
outbrawled,ˌaʊtˈbrɔld
outbrawls,ˌaʊtˈbrɔlz
outbreak,ˈaʊtˌbreɪk
outbreaks,ˈaʊtˌbreɪks
outbreeds,ˌaʊtˈbridz
outbribes,ˌaʊtˈbraɪbz
outbuild,ˌaʊtˈbɪld
outbuilding,ˈaʊtˌbɪldɪŋ
outbuildings,ˈaʊtˌbɪldɪŋz
outbuilds,ˌaʊtˈbɪldz
outbuilt,ˌaʊtˈbɪlt
outbulked,ˌaʊtˈbʌlkt
outbulks,ˌaʊtˈbʌlks
outbullies,ˌaʊtˈbʊliz
outburned,ˌaʊtˈbɜrnd
outburns,ˌaʊtˈbɜrnz
outbuys,ˌaʊtˈbaɪz
outcalled,ˌaʊtˈkɔld
outcalls,ˌaʊtˈkɔlz
outcapered,ˌaʊtˈkeɪpərd
outcapers,ˌaʊtˈkeɪpərz
outcatches,ˌaʊtˈkætʃɪz
outcaught,ˌaʊtˈkɔt
outcaviled,ˌaʊtˈkævəld
outcavilled,ˌaʊtˈkævəld
outcavilling,ˌaʊtˈkævəlɪŋ
outcavils,ˌaʊtˈkævəlz
outcharge,ˌaʊtˈtʃɑrdʒ
outcharged,ˌaʊtˈtʃɑrdʒd
outcharges,ˌaʊtˈtʃɑrdʒɪz
outcharging,ˌaʊtˈtʃɑrdʒɪŋ
outcharm,ˌaʊtˈtʃɑrm
outcharmed,ˌaʊtˈtʃɑrmd
outcharming,ˌaʊtˈtʃɑrmɪŋ
outcharms,ˌaʊtˈtʃɑrmz
outcheat,ˌaʊtˈtʃit
outcheated,ˌaʊtˈtʃitəd
outcheating,ˌaʊtˈtʃitɪŋ
outcheats,ˌaʊtˈtʃits
outchid,ˌaʊtˈtʃɪd
outchidden,ˌaʊtˈtʃɪdən
outchide,ˌaʊtˈtʃaɪd
outchided,ˌaʊtˈtʃaɪdəd
outchides,ˌaʊtˈtʃaɪdz
outchiding,ˌaʊtˈtʃaɪdɪŋ
outchode,ˌaʊtˈtʃoʊd
outclassed,ˌaʊtˈklæst
outclasses,ˌaʊtˈklæsɪz
outclimb,ˌaʊtˈklaɪm
outclimbed,ˌaʊtˈklaɪmd
outclimbing,ˌaʊtˈklaɪmɪŋ
outclimbs,ˌaʊtˈklaɪmz
outcoach,ˌaʊtˈkoʊtʃ
outcoached,ˌaʊtˈkoʊtʃt
outcoaches,ˌaʊtˈkoʊtʃɪz
outcoaching,ˌaʊtˈkoʊtʃɪŋ
outcome,ˈaʊtˌkəm
outcomes,ˈaʊtˌkəmz
outcompetes,ˌaʊtkəmˈpits
outcooked,ˌaʊtˈkʊkt
outcooks,ˌaʊtˈkʊks
outcounts,ˌaʊtˈkaʊnts
outcrawled,ˌaʊtˈkrɔld
outcrawls,ˌaʊtˈkrɔlz
outcries,ˈaʊtˌkraɪz
outcropped,ˌaʊtˈkrɑpt
outcrops,ˈaʊtˌkrɑps
outcrossed,ˌaʊtˈkrɔst
outcrosses,ˌaʊtˈkrɔsɪz
outcrowed,ˌaʊtˈkroʊd
outcrows,ˌaʊtˈkroʊz
outcurses,ˌaʊtˈkɜrsɪz
outcurve,ˌaʊtˈkɜrv
outcurves,ˌaʊtˈkɜrvz
outdances,ˌaʊtˈdænsɪz
outdares,ˌaʊtˈdɛrz
outdates,ˌaʊtˈdeɪts
outdazzles,ˌaʊtˈdæzəlz
outdebates,ˌaʊtˈdeɪts
outdelivered,ˌaʊtdɪˈlɪvərd
outdelivers,ˌaʊtdɪˈlɪvərz
outdesigned,ˌaʊtdɪˈzaɪnd
outdesigns,ˌaʊtdɪˈzaɪnz
outdistances,ˌaʊtˈdɪstənsɪz
outdo,ˌaʊtˈdu
outdodges,ˌaʊtˈdɑdʒɪz
outdoer,ˌaʊtˈduər
outdoers,ˌaʊtˈduərz
outdoes,ˌaʊtˈdʌz
outdoing,ˌaʊtˈduɪŋ
outdone,ˌaʊtˈdən
outdoor,ˈaʊtˌdɔr
outdoors,ˌaʊtˈdɔrz
outdoorsman,ˌaʊtˈdɔrzmən
outdoorsmanship,ˌaʊtˈdɔrzmənʃɪp
outdoorsmen,ˌaʊtˈdɔrzmən
outdoorsy,ˌaʊtˈdɔrzi
outdragged,ˌaʊtˈdræɡd
outdrags,ˌaʊtˈdræɡz
outdraws,ˌaʊtˈdrɔz
outdreamed,ˌaʊtˈdrimd
outdreams,ˌaʊtˈdrimz
outdreamt,ˌaʊtˈdrɛmt
outdressed,ˌaʊtˈdrɛst
outdresses,ˌaʊtˈdrɛsɪz
outdrinks,ˌaʊtˈdrɪŋks
outdrives,ˌaʊtˈdraɪvz
outdueled,ˌaʊtˈduəld
outduelled,ˌaʊtˈduəld
outduelling,ˌaʊtˈduəlɪŋ
outduels,ˌaʊtˈduəlz
outearn,ˌaʊtˈɜrn
outearned,ˌaʊtˈɜrnd
outearning,ˌaʊtˈɜrnɪŋ
outearns,ˌaʊtˈɜrnz
outeats,ˌaʊtˈits
outechoes,ˌaʊtˈɛkoʊz
outermost,ˈaʊtərmoʊst
outerwear,ˈaʊtərˌwɛr
outfables,ˌaʊtˈfeɪbəlz
outfaces,ˌaʊtˈfeɪsɪz
outfalls,ˈaʊtˌfɔlz
outfasts,ˌaʊtˈfæsts
outfawned,ˌaʊtˈfɔnd
outfawns,ˌaʊtˈfɔnz
outfeasts,ˌaʊtˈfists
outfeels,ˌaʊtˈfilz
outfight,ˌaʊtˈfaɪt
outfighting,ˌaʊtˈfaɪtɪŋ
outfights,ˌaʊtˈfaɪts
outfigures,ˌaʊtˈfɪɡjərz
outfind,ˌaʊtˈfaɪnd
outfinding,ˌaʊtˈfaɪndɪŋ
outfinds,ˌaʊtˈfaɪndz
outfires,ˌaʊtˈfaɪərz
outfished,ˌaʊtˈfɪʃt
outfishes,ˌaʊtˈfɪʃɪz
outfits,ˈaʊtˌfɪts
outflanked,ˌaʊtˈflæŋkt
outflanks,ˌaʊtˈflæŋks
outflies,ˌaʊtˈflaɪz
outflowed,ˌaʊtˈfloʊd
outflows,ˈaʊtˌfloʊz
outfooled,ˌaʊtˈfuld
outfools,ˌaʊtˈfulz
outfoots,ˌaʊtˈfʊts
outfought,ˌaʊtˈfɔt
outfoxed,ˌaʊtˈfɑkst
outfoxes,ˌaʊtˈfɑksɪz
outfrown,ˌaʊtˈfraʊn
outfrowned,ˌaʊtˈfraʊnd
outfrowning,ˌaʊtˈfraʊnɪŋ
outfrowns,ˌaʊtˈfraʊnz
outfumbles,ˌaʊtˈfʌmbərz
outgained,ˌaʊtˈɡeɪnd
outgains,ˌaʊtˈɡeɪnz
outgases,ˌaʊtˈɡæsɪz
outgassed,ˌaʊtˈɡæst
outgasses,ˌaʊtˈɡæsɪz
outgeneraled,ˌaʊtˈdʒɛnərəld
outgenerals,ˌaʊtˈdʒɛnərəls
outgive,ˌaʊtˈɡɪv
outgives,ˌaʊtˈɡɪvz
outglares,ˌaʊtˈɡlɛrz
outglittered,ˌaʊtˈɡlɪtərd
outglitters,ˌaʊtˈɡlɪtərz
outglowed,ˌaʊtˈɡloʊd
outglows,ˌaʊtˈɡloʊz
outgnawed,ˌaʊtˈnɔd
outgnaws,ˌaʊtˈnɔz
outgoes,ˌaʊtˈɡoʊz
outgone,ˌaʊtˈɡɔn
outgrinned,ˌaʊtˈɡrɪnd
outgrins,ˌaʊtˈɡrɪnz
outgrossed,ˌaʊtˈɡroʊst
outgrosses,ˌaʊtˈɡroʊsɪz
outgrouped,ˌaʊtˈɡrupt
outgroups,ˌaʊtˈɡrups
outgrows,ˌaʊtˈɡroʊz
outguess,ˌaʊtˈɡɛs
outguessed,ˌaʊtˈɡɛst
outguesses,ˌaʊtˈɡɛsɪz
outguessing,ˌaʊtˈɡɛsɪŋ
outguide,ˌaʊtˈɡaɪd
outguides,ˌaʊtˈɡaɪdz
outgunned,ˌaʊtˈɡʌnd
outguns,ˌaʊtˈɡʌnz
outgushed,ˌaʊtˈɡʌʃt
outgushes,ˌaʊtˈɡʌʃɪz
outhauled,ˌaʊtˈhɔld
outhauls,ˌaʊtˈhɔlz
outheard,ˌaʊtˈhɜrd
outhears,ˌaʊtˈhɪrz
outhits,ˌaʊtˈhɪts
outhomered,ˌaʊtˈhoʊmərd
outhomers,ˌaʊtˈhoʊmərz
outhowl,ˌaʊtˈhaʊl
outhowled,ˌaʊtˈhaʊld
outhowling,ˌaʊtˈhaʊlɪŋ
outhowls,ˌaʊtˈhaʊlz
outhumored,ˌaʊtˈhjumərd
outhumors,ˌaʊtˈhjumərz
outhumoured,ˌaʊtˈhjumərd
outhumours,ˌaʊtˈhjumərz
outhunts,ˌaʊtˈhʌnts
outhustles,ˌaʊtˈhʌsəlz
outintrigue,ˌaʊtɪnˈtriɡ
outintrigued,ˌaʊtɪnˈtriɡd
outintrigues,ˌaʊtɪnˈtriɡz
outintriguing,ˌaʊtɪnˈtriɡɪŋ
outjumped,ˌaʊtˈdʒʌmpt
outjumps,ˌaʊtˈdʒʌmps
outjuts,ˌaʊtˈdʒʌts
outkeeps,ˌaʊtˈkips
outkicked,ˌaʊtˈkɪkt
outkicks,ˌaʊtˈkɪks
outkilled,ˌaʊtˈkɪld
outkills,ˌaʊtˈkɪlz
outkissed,ˌaʊtˈkɪst
outkisses,ˌaʊtˈkɪsɪz
outlasts,ˌaʊtˈlæsts
outlaugh,ˌaʊtˈlæf
outlaughed,ˌaʊtˈlæft
outlaughing,ˌaʊtˈlæfɪŋ
outlaughs,ˌaʊtˈlæfs
outlawed,ˈaʊtˌlɔd
outlaws,ˈaʊtˌlɔz
outlays,ˈaʊtˌleɪz
outleaped,ˌaʊtˈlipt
outleaps,ˌaʊtˈlips
outleapt,ˌaʊtˈlɛpt
outlearn,ˌaʊtˈlɜrn
outlearned,ˌaʊtˈlɜrnd
outlearning,ˌaʊtˈlɜrnɪŋ
outlearns,ˌaʊtˈlɜrnz
outlearnt,ˌaʊtˈlɛrnt
outlies,ˌaʊtˈlaɪz
outlines,ˈaʊtˌlaɪnz
outlive,ˌaʊtˈlɪv
outlived,ˌaʊtˈlɪvd
outlives,ˌaʊtˈlɪvz
outlove,ˌaʊtˈlʌv
outloved,ˌaʊtˈlʌvd
outloves,ˌaʊtˈlʌvz
outmaneuvered,ˌaʊtməˈnuvərd
outmaneuvers,ˌaʊtməˈnuvərz
outmanipulates,ˌaʊtməˈnɪpjəˌleɪts
outmanned,ˌaʊtˈmænd
outmanoeuvre,ˌaʊtməˈnuvər
outmanoeuvred,ˌaʊtməˈnuvərd
outmanoeuvres,ˌaʊtməˈnuvərz
outmanoeuvring,ˌaʊtməˈnuvərɪŋ
outmans,ˌaʊtˈmændz
outmarch,ˌaʊtˈmɑrtʃ
outmarched,ˌaʊtˈmɑrtʃt
outmarches,ˌaʊtˈmɑrtʃɪz
outmarching,ˌaʊtˈmɑrtʃɪŋ
outmatched,ˌaʊtˈmætʃt
outmatches,ˌaʊtˈmætʃɪz
outmodes,ˌaʊtˈmoʊdz
outmost,ˈaʊtˌmoʊst
outmove,ˌaʊtˈmuv
outmoved,ˌaʊtˈmuvd
outmoves,ˌaʊtˈmuvz
outmoving,ˌaʊtˈmuvɪŋ
outmuscles,ˌaʊtˈmʌsəlz
outnumbered,ˌaʊtˈmʌmbərd
outnumbers,ˌaʊtˈmʌmbərz
outorganises,ˌaʊtˈɔrɡəˌnaɪzɪz
outorganizes,ˌaʊtˈɔrɡəˌnaɪzɪz
outpaces,ˌaʊtˈpeɪsɪz
outpaints,ˌaʊtˈpeɪnts
outpassed,ˌaʊtˈpæst
outpasses,ˌaʊtˈpæsɪz
outperformed,ˌaʊtpərˈfɔrmd
outperforms,ˌaʊtpərˈfɔrmz
outpitched,ˌaʊtˈpɪtʃt
outpitches,ˌaʊtˈpɪtʃɪz
outpities,ˌaʊtˈpɪtiz
outplanned,ˌaʊtˈplænd
outplans,ˌaʊtˈplænz
outplayed,ˌaʊtˈpleɪd
outplays,ˌaʊtˈpleɪz
outplods,ˌaʊtˈplɑdz
outplots,ˌaʊtˈplɑts
outpoints,ˌaʊtˈpɔɪnts
outpoliticked,ˌaʊtpəˈlɪtɪkt
outpoliticks,ˌaʊtpəˈlɪtɪks
outpolled,ˌaʊtˈpoʊld
outpolls,ˌaʊtˈpoʊlz
outpopulates,ˌaʊtˈpɑpjəˌleɪts
outpost,ˈaʊtˌpoʊst
outposts,ˈaʊtˌpoʊsts
outpour,ˈaʊtˌpɔr
outpoured,ˌaʊtˈpɔrd
outpouring,ˈaʊtˌpɔrɪŋ
outpourings,ˈaʊtˌpɔrɪŋz
outpours,ˌaʊtˈpɔrz
outpower,ˌaʊtˈpaʊər
outpowered,ˌaʊtˈpaʊərd
outpowering,ˌaʊtˈpaʊərɪŋ
outpowers,ˌaʊtˈpaʊərz
outprayed,ˌaʊtˈpreɪd
outprays,ˌaʊtˈpreɪz
outpreach,ˌaʊtˈpritʃ
outpreached,ˌaʊtˈpritʃt
outpreaches,ˌaʊtˈpritʃɪz
outpreaching,ˌaʊtˈpritʃɪŋ
outpreened,ˌaʊtˈprind
outpreens,ˌaʊtˈprinz
outpressed,ˌaʊtˈprɛst
outpresses,ˌaʊtˈprɛsɪz
outprices,ˌaʊtˈpraɪsɪz
outproduces,ˌaʊtprəˈdusɪz
outpromise,ˌaʊtˈprɑməs
outpromised,ˌaʊtˈprɑməst
outpromises,ˌaʊtˈprɑməsɪz
outpulled,ˌaʊtˈpʊld
outpulls,ˌaʊtˈpʊlz
outpunch,ˌaʊtˈpʌntʃ
outpunched,ˌaʊtˈpʌntʃt
outpunches,ˌaʊtˈpʌntʃɪz
outpunching,ˌaʊtˈpʌntʃɪŋ
outpushed,ˌaʊtˈpʊʃt
outpushes,ˌaʊtˈpʊʃɪz
output,ˈaʊtˌpʊt
outputs,ˈaʊtˌpʊts
outputted,ˈaʊtˌpʊtɪd
outputting,ˈaʊtˌpʊtɪŋ
outquotes,ˌaʊtˈkwoʊts
outraces,ˌaʊtˈreɪsɪz
outrages,ˈaʊtˌreɪdʒɪz
outraises,ˌaʊtˈreɪzɪz
outranges,ˌaʊtˈreɪndʒɪz
outranked,ˌaʊtˈræŋkt
outranks,ˌaʊtˈræŋks
outrates,ˌaʊtˈreɪts
outraves,ˌaʊtˈreɪvz
outre,uːˈtreɪ
outreach,ˈaʊtˌritʃ
outreached,ˌaʊtˈritʃt
outreaches,ˌaʊtˈritʃɪz
outreaching,ˌaʊtˈritʃɪŋ
outread,ˌaʊtˈrid
outreads,ˌaʊtˈridz
outrebounds,ˌaʊtˈreɪbaʊndz
outreproduces,ˌaʊtriprəˈdusɪz
outrides,ˌaʊtˈraɪdz
outrigged,ˌaʊtˈrɪɡd
outright,ˌaʊtˈraɪt
outrightly,ˌaʊtˈraɪtli
outrigs,ˌaʊtˈrɪɡz
outrings,ˌaʊtˈrɪŋz
outrivaled,ˌaʊtˈraɪvəld
outrivalled,ˌaʊtˈraɪvəld
outrivalling,ˌaʊtˈraɪvəlɪŋ
outrivals,ˌaʊtˈraɪvəlz
outroared,ˌaʊtˈrɔrd
outroars,ˌaʊtˈrɔrz
outrocked,ˌaʊtˈrɑkt
outrocks,ˌaʊtˈrɑks
outrolled,ˌaʊtˈroʊld
outrolls,ˌaʊtˈroʊlz
outroots,ˌaʊtˈruts
outrowed,ˌaʊtˈroʊd
outrows,ˌaʊtˈroʊz
outruns,ˌaʊtˈrʌnz
outrushed,ˌaʊtˈrʌʃt
outrushes,ˌaʊtˈrʌʃɪz
outs,aʊts
outsailed,ˌaʊtˈseɪld
outsails,ˌaʊtˈseɪlz
outsavored,ˌaʊtˈseɪvərd
outsavors,ˌaʊtˈseɪvərz
outsavoured,ˌaʊtˈseɪvərd
outsavours,ˌaʊtˈseɪvərz
outschemes,ˌaʊtˈskims
outscolds,ˌaʊtˈskoʊldz
outscoops,ˌaʊtˈskups
outscores,ˌaʊtˈskɔrz
outscorned,ˌaʊtˈskɔrnd
outscorns,ˌaʊtˈskɔrnz
outsees,ˌaʊtˈsiz
outsells,ˌaʊtˈsɛlz
outserve,ˌaʊtˈsɜrv
outserved,ˌaʊtˈsɜrvd
outserves,ˌaʊtˈsɜrvz
outshames,ˌaʊtˈʃeɪmz
outshines,ˌaʊtˈʃaɪnz
outshoots,ˌaʊtˈʃuts
outsight,ˈaʊtˌsaɪt
outsights,ˈaʊtˌsaɪts
outsings,ˌaʊtˈsɪŋz
outsinned,ˌaʊtˈsɪnd
outsins,ˌaʊtˈsɪnz
outsits,ˌaʊtˈsɪts
outsizes,ˌaʊtˈsaɪzɪz
outskates,ˌaʊtˈskeɪts
outsleeps,ˌaʊtˈslips
outslicked,ˌaʊtˈslɪkt
outslicks,ˌaʊtˈslɪks
outsmarts,ˌaʊtˈsmɑrts
outsmiles,ˌaʊtˈsmaɪlz
outsmokes,ˌaʊtˈsmoʊks
outsnores,ˌaʊtˈsnɔrz
outsoared,ˌaʊtˈsɔrd
outsoars,ˌaʊtˈsɔrz
outsource,ˈaʊtˌsɔrs
outsourced,ˈaʊtˌsɔrst
outsources,ˈaʊtˌsɔrsɪz
outsourcing,ˈaʊtˌsɔrsɪŋ
outspanned,ˌaʊtˈspænd
outspans,ˌaʊtˈspænz
outsparkles,ˌaʊtˈspɑrkəlz
outspeaks,ˌaʊtˈspiks
outspeeds,ˌaʊtˈspids
outspelled,ˌaʊtˈspɛld
outspells,ˌaʊtˈspɛlz
outspends,ˌaʊtˈspɛndz
outspread,ˌaʊtˈsprɛd
outspreading,ˌaʊtˈsprɛdɪŋ
outspreads,ˌaʊtˈsprɛdz
outsprints,ˌaʊtˈsprɪnts
outstands,ˌaʊtˈstændz
outstares,ˌaʊtˈstɛrz
outstarts,ˌaʊtˈstɑrts
outstates,ˌaʊtˈsteɪts
outstayed,ˌaʊtˈsteɪd
outstays,ˌaʊtˈsteɪz
outsteered,ˌaʊtˈstɪrd
outsteers,ˌaʊtˈstɪrz
outstretched,ˌaʊtˈstrɛtʃt
outstretches,ˌaʊtˈstrɛtʃɪz
outstrides,ˌaʊtˈstraɪdz
outstripped,ˌaʊtˈstrɪpt
outstrips,ˌaʊtˈstrɪps
outstudies,ˌaʊtˈstʌdiz
outstunts,ˌaʊtˈstʌnts
outsulked,ˌaʊtˈsʌlkt
outsulks,ˌaʊtˈsʌlks
outswear,ˌaʊtˈswɛr
outswearing,ˌaʊtˈswɛrɪŋ
outswears,ˌaʊtˈswɛrz
outswims,ˌaʊtˈswɪmz
outtakes,ˈaʊtˌteɪks
outtalk,ˌaʊtˈtɔk
outtalked,ˌaʊtˈtɔkt
outtalking,ˌaʊtˈtɔkɪŋ
outtalks,ˌaʊtˈtɔks
outtasked,ˌaʊtˈtæskt
outtasks,ˌaʊtˈtæsks
outtells,ˌaʊtˈtɛlz
outthanked,ˌaʊtˈθæŋkt
outthanks,ˌaʊtˈθæŋks
outthinks,ˌaʊtˈθɪŋks
outthought,ˌaʊtˈθɔt
outthrobbed,ˌaʊtˈθrɑbd
outthrobs,ˌaʊtˈθrɑbz
outthrows,ˌaʊtˈθroʊz
outthrusts,ˌaʊtˈθrʌsts
outtower,ˌaʊtˈtaʊər
outtowered,ˌaʊtˈtaʊərd
outtowering,ˌaʊtˈtaʊərɪŋ
outtowers,ˌaʊtˈtaʊərz
outtrades,ˌaʊtˈtreɪdz
outtricked,ˌaʊtˈtrɪkt
outtricks,ˌaʊtˈtrɪks
outtrots,ˌaʊtˈtrɑts
outturned,ˌaʊtˈtɜrnd
outturns,ˌaʊtˈtɜrnz
outvalues,ˌaʊtˈvæljuz
outvaunts,ˌaʊtˈvɔnts
outvies,ˌaʊtˈvaɪz
outvoices,ˌaʊtˈvɔɪsɪz
outvotes,ˌaʊtˈvoʊts
outwaits,ˌaʊtˈweɪts
outwalk,ˌaʊtˈwɔk
outwalked,ˌaʊtˈwɔkt
outwalking,ˌaʊtˈwɔkɪŋ
outwalks,ˌaʊtˈwɔks
outwastes,ˌaʊtˈweɪsts
outwatched,ˌaʊtˈwɑtʃt
outwatches,ˌaʊtˈwɑtʃɪz
outwear,ˌaʊtˈwɛr
outwearies,ˌaʊtˈwɪriz
outwearing,ˌaʊtˈwɛrɪŋ
outwears,ˌaʊtˈwɛrz
outweeps,ˌaʊtˈwips
outweigh,ˌaʊtˈweɪ
outweighed,ˌaʊtˈweɪd
outweighing,ˌaʊtˈweɪɪŋ
outweighs,ˌaʊtˈweɪz
outwhirled,ˌaʊtˈhwɜrld
outwhirls,ˌaʊtˈhwɜrlz
outwiles,ˌaʊtˈwaɪlz
outwilled,ˌaʊtˈwɪld
outwills,ˌaʊtˈwɪlz
outwinds,ˌaʊtˈwaɪndz
outwished,ˌaʊtˈwɪʃt
outwishes,ˌaʊtˈwɪʃɪz
outwits,ˌaʊtˈwɪts
outworked,ˌaʊtˈwɜrkt
outworks,ˌaʊtˈwɜrks
outwrestles,ˌaʊtˈrɛsəlz
outwrites,ˌaʊtˈraɪts
outwrought,ˌaʊtˈrɔt
outyelled,ˌaʊtˈjɛld
outyells,ˌaʊtˈjɛlz
outyelped,ˌaʊtˈjɛlpt
outyelps,ˌaʊtˈjɛlps
outyields,ˌaʊtˈjildz
ouzel,ˈuzəl
ouzels,ˈuzəlz
ouzo,ˈuzoʊ
ouzos,ˈuzoʊz
ovariectomises,oʊˌværiˈɛktəˌmaɪzɪz
ovariectomizes,oʊˌværiˈɛktəˌmaɪzɪz
overabstracts,ˌoʊvərəbˈstrækts
overaccentuates,ˌoʊvərækˈtsɛntʃuˌeɪts
overachieve,ˌoʊvərəˈtʃiv
overachieved,ˌoʊvərəˈtʃivd
overachievement,ˌoʊvərəˈtʃivmənt
overachievements,ˌoʊvərəˈtʃivmǝnts
overachiever,ˌoʊvərəˈtʃivər
overachievers,ˌoʊvərəˈtʃivərz
overachieves,ˌoʊvərəˈtʃivz
overachieving,ˌoʊvərəˈtʃivɪŋ
overactive,ˌoʊvərˈæktɪv
overacts,ˌoʊvərˈækts
overadvertises,ˌoʊvərˈædvərˌtaɪzɪz
overages,ˈoʊvərɪdʒɪz
overaggressive,ˌoʊvərəˈɡrɛsɪv
overanalyses,ˌoʊvərəˈnæləsiz
overanalyzes,ˌoʊvərəˈnælaɪzɪz
overapplies,ˌoʊvərəˈplaɪz
overarch,ˌoʊvərˈɑrtʃ
overarched,ˌoʊvərˈɑrtʃt
overarches,ˌoʊvərˈɑrtʃɪz
overarching,ˌoʊvərˈɑrtʃɪŋ
overarmed,ˌoʊvərˈɑrmd
overarms,ˌoʊvərˈɑrmz
overarranges,ˌoʊvərəˈreɪndʒɪz
overarticulates,ˌoʊvərɑrˈtɪkjəleɪts
overassertive,ˌoʊvərəˈsɜrtɪv
overasserts,ˌoʊvərəˈsɜrts
overawe,ˌoʊvərˈɔ
overawed,ˌoʊvərˈɔd
overawes,ˌoʊvərˈɔz
overbakes,ˌoʊvərˈbeɪks
overbalances,ˌoʊvərˈbælənsɪz
overbear,ˌoʊvərˈbɛr
overbearing,ˌoʊvərˈbɛrɪŋ
overbearingly,ˌoʊvərˈbɛrɪŋli
overbears,ˌoʊvərˈbɛrz
overbeats,ˌoʊvərˈbits
overbejeweled,ˌoʊvərbɪˈdʒuəld
overbets,ˌoʊvərˈbɛts
overbids,ˌoʊvərˈbɪdz
overbilled,ˌoʊvərˈbɪld
overbills,ˌoʊvərˈbɪlz
overbleach,ˌoʊvərˈblitʃ
overbleached,ˌoʊvərˈblitʃt
overbleaches,ˌoʊvərˈblitʃɪz
overbleaching,ˌoʊvərˈblitʃɪŋ
overblows,ˌoʊvərˈbloʊz
overboiled,ˌoʊvərˈbɔɪld
overboils,ˌoʊvərˈbɔɪlz
overbooked,ˌoʊvərˈbʊkt
overbooks,ˌoʊvərˈbʊks
overborrowed,ˌoʊvərˈbɑroʊd
overborrows,ˌoʊvərˈbɑroʊz
overbought,ˌoʊvərˈbɔt
overbreathes,ˌoʊvərˈbriðz
overbreeds,ˌoʊvərˈbridz
overbright,ˌoʊvərˈbraɪt
overbroad,ˌoʊvərˈbrɔd
overbrowse,ˌoʊvərˈbraʊz
overbrowsed,ˌoʊvərˈbraʊzd
overbrowses,ˌoʊvərˈbraʊzɪz
overbrowsing,ˌoʊvərˈbraʊzɪŋ
overbuild,ˌoʊvərˈbɪld
overbuilding,ˌoʊvərˈbɪldɪŋ
overbuilds,ˌoʊvərˈbɪldz
overbuilt,ˌoʊvərˈbɪlt
overburdened,ˌoʊvərˈbɜrdənd
overburdens,ˌoʊvərˈbɜrdənz
overburned,ˌoʊvərˈbɜrnd
overburns,ˌoʊvərˈbɜrnz
overbusy,ˌoʊvərˈbɪzi
overbuys,ˌoʊvərˈbaɪz
overcalled,ˌoʊvərˈkɔld
overcalls,ˌoʊvərˈkɔlz
overcapitalises,ˌoʊvərˈkæpətələɪzɪz
overcapitalizes,ˌoʊvərˈkæpətələɪzɪz
overcasts,ˈoʊvərˌkæsts
overcautioned,ˌoʊvərˈkɔʃənd
overcautions,ˌoʊvərˈkɔʃənz
overcentralises,ˌoʊvərˈsɛntrələɪzɪz
overcentralizes,ˌoʊvərˈsɛntrələɪzɪz
overcharge,ˌoʊvərˈtʃɑrdʒ
overcharged,ˌoʊvərˈtʃɑrdʒd
overcharges,ˌoʊvərˈtʃɑrdʒɪz
overcharging,ˌoʊvərˈtʃɑrdʒɪŋ
overchill,ˌoʊvərˈtʃɪl
overchilled,ˌoʊvərˈtʃɪld
overchilling,ˌoʊvərˈtʃɪlɪŋ
overchills,ˌoʊvərˈtʃɪlz
overclaimed,ˌoʊvərˈkleɪmd
overclaims,ˌoʊvərˈkleɪmz
overclassifies,ˌoʊvərˈklæsəfaɪz
overcleaned,ˌoʊvərˈklind
overcleans,ˌoʊvərˈklinz
overcleared,ˌoʊvərˈklɪrd
overclears,ˌoʊvərˈklɪrz
overclocked,ˌoʊvərˈklɑkt
overclocks,ˌoʊvərˈklɑks
overclouds,ˌoʊvərˈklaʊdz
overcoach,ˌoʊvərˈkoʊtʃ
overcoached,ˌoʊvərˈkoʊtʃt
overcoaches,ˌoʊvərˈkoʊtʃɪz
overcoaching,ˌoʊvərˈkoʊtʃɪŋ
overcome,ˌoʊvərˈkəm
overcomes,ˌoʊvərˈkəmz
overcommercialises,ˌoʊvərkəˈmɜrʃələɪzɪz
overcommercializes,ˌoʊvərkəˈmɜrʃələɪzɪz
overcommits,ˌoʊvərkəˈmɪts
overcommunicates,ˌoʊvərkəˈmjunəkeɪts
overcompensates,ˌoʊvərˈkɑmpənseɪts
overcomplicates,ˌoʊvərˈkɑmpləkeɪts
overcompressed,ˌoʊvərkəmˈprɛst
overcompresses,ˌoʊvərkəmˈprɛsɪz
overconcerned,ˌoʊvərkənˈsɜrnd
overconcerns,ˌoʊvərkənˈsɜrnz
overconservative,ˌoʊvərkənˈsɜrvətɪv
overconstructs,ˌoʊvərkənˈstrʌkts
overconsumes,ˌoʊvərkənˈsums
overcontrolled,ˌoʊvərkənˈtroʊld
overcontrols,ˌoʊvərkənˈtroʊlz
overcooked,ˌoʊvərˈkʊkt
overcooks,ˌoʊvərˈkʊks
overcooled,ˌoʊvərˈkuld
overcools,ˌoʊvərˈkulz
overcorrects,ˌoʊvərkəˈrɛkts
overcounts,ˌoʊvərˈkaʊnts
overcrammed,ˌoʊvərˈkræmd
overcrams,ˌoʊvərˈkræmz
overcropped,ˌoʊvərˈkrɑpt
overcrops,ˌoʊvərˈkrɑps
overcrowd,ˌoʊvərˈkraʊd
overcrowded,ˌoʊvərˈkraʊdəd
overcrowding,ˌoʊvərˈkraʊdɪŋ
overcrowds,ˌoʊvərˈkraʊdz
overcures,ˌoʊvərˈkjʊrz
overcuts,ˌoʊvərˈkʌts
overdares,ˌoʊvərˈdɛrz
overdecked,ˌoʊvərˈdɛkt
overdecks,ˌoʊvərˈdɛks
overdecorates,ˌoʊvərˈdɛkəreɪts
overdesigned,ˌoʊvərdɪˈzaɪnd
overdesigns,ˌoʊvərdɪˈzaɪnz
overdetermined,ˌoʊvərdɪˈmɜrmənd
overdeveloped,ˌoʊvərdɪˈvɛləpt
overdevelops,ˌoʊvərdɪˈvɛləps
overdirects,ˌoʊvərdɪˈrɛkts
overdiscounts,ˌoʊvərdɪˈskaʊnts
overdo,ˌoʊvərˈdu
overdocuments,ˌoʊvərˈdɑkjəmənts
overdoer,ˌoʊvərˈduər
overdoers,ˌoʊvərˈduərz
overdoes,ˌoʊvərˈdʌz
overdoing,ˌoʊvərˈduɪŋ
overdone,ˌoʊvərˈdən
overdoses,ˈoʊvərˌdoʊsɪz
overdramatises,ˌoʊvərˈdræmətəɪzɪz
overdramatizes,ˌoʊvərˈdræmətəɪzɪz
overdraws,ˌoʊvərˈdrɔz
overdressed,ˌoʊvərˈdrɛst
overdresses,ˌoʊvərˈdrɛsɪz
overdries,ˌoʊvərˈdraɪz
overdrinks,ˌoʊvərˈdrɪŋks
overdrives,ˈoʊvərˌdraɪvz
overdubbed,ˌoʊvərˈdʌbd
overdubs,ˌoʊvərˈdʌbz
overdyes,ˌoʊvərˈdaɪz
overearnest,ˌoʊvərˈɛrnəst
overeats,ˌoʊvərˈits
overed,ˈoʊvərd
overedits,ˌoʊvərˈɛdəts
overeducates,ˌoʊvərˈɛdʒəkeɪts
overelaborates,ˌoʊvərɪˈlæbəreɪts
overembellished,ˌoʊvərɪmˈbɛlɪʃt
overembellishes,ˌoʊvərɪmˈbɛlɪʃɪz
overemotes,ˌoʊvərɪˈmoʊts
overemphasises,ˌoʊvərˈɛmfəsəɪzɪz
overemphasizes,ˌoʊvərˈɛmfəsəɪzɪz
overenamored,ˌoʊvərɪˈnæmərd
overencourage,ˌoʊvərɪnˈkɜrɪdʒ
overencouraged,ˌoʊvərɪnˈkɜrɪdʒd
overencourages,ˌoʊvərɪnˈkɜrɪdʒɪz
overencouraging,ˌoʊvərɪnˈkɜrɪdʒɪŋ
overengineered,ˌoʊvərɛndʒəˈnɪrd
overengineers,ˌoʊvərɛndʒəˈnɪrz
overenrolled,ˌoʊvərɪnˈroʊld
overentertained,ˌoʊvərɛntərˈteɪnd
overequipped,ˌoʊvərɪˈkwɪpt
overequips,ˌoʊvərɪˈkwɪps
overestimate,ˌoʊvərˈɛstəmeɪt
overestimates,ˌoʊvərˈɛstəmeɪts,(verb),or,ˌoʊvərˈɛstəməts,(noun)
overexaggerates,ˌoʊvərɪɡˈzædʒəreɪts
overexcites,ˌoʊvərɪkˈsaɪts
overexercises,ˌoʊvərˈɛksərsaɪzɪz
overexerts,ˌoʊvərɪɡˈzɜrts
overexpands,ˌoʊvərɪkˈspændz
overexplained,ˌoʊvərɪkˈspleɪnd
overexplains,ˌoʊvərɪkˈspleɪnz
overexploits,ˌoʊvərɪkˈsplɔɪts
overexposes,ˌoʊvərɪkˈspoʊzɪz
overextends,ˌoʊvərɪkˈstɛndz
overextrapolates,ˌoʊvərɪkˈstræpəleɪts
overfatigue,ˌoʊvərfəˈtiɡ
overfatigued,ˌoʊvərfəˈtiɡd
overfatigues,ˌoʊvərfəˈtiɡz
overfatiguing,ˌoʊvərfəˈtiɡɪŋ
overfavored,ˌoʊvərˈfeɪvərd
overfavors,ˌoʊvərˈfeɪvərz
overfavoured,ˌoʊvərˈfeɪvərd
overfavours,ˌoʊvərˈfeɪvərz
overfeared,ˌoʊvərˈfɪrd
overfears,ˌoʊvərˈfɪrz
overfeeds,ˌoʊvərˈfidz
overfertilizes,ˌoʊvərˈfɜrtələɪzɪz
overfilled,ˌoʊvərˈfɪld
overfills,ˌoʊvərˈfɪlz
overfished,ˌoʊvərˈfɪʃt
overfishes,ˌoʊvərˈfɪʃɪz
overflies,ˌoʊvərˈflaɪz
overflight,ˈoʊvərˌflaɪt
overflights,ˈoʊvərˌflaɪts
overflowed,ˌoʊvərˈfloʊd
overflows,ˌoʊvərˈfloʊz
overfocused,ˌoʊvərˈfoʊkəst
overfocuses,ˌoʊvərˈfoʊkəsɪz
overfocussed,ˌoʊvərˈfoʊkəst
overfocusses,ˌoʊvərˈfoʊkəsɪz
overfocussing,ˌoʊvərˈfoʊkəsɪŋ
overfulfilled,ˌoʊvərfʊlˈfɪld
overfulfills,ˌoʊvərfʊlˈfɪlz
overfunds,ˌoʊvərˈfʌndz
overgeneralises,ˌoʊvərˈdʒɛnərəlaɪzɪz
overgeneralizes,ˌoʊvərˈdʒɛnərəlaɪzɪz
overgilds,ˌoʊvərˈɡɪldz
overgirds,ˌoʊvərˈɡɪrdz
overglamorises,ˌoʊvərˈɡlæməraɪzɪz
overglamorizes,ˌoʊvərˈɡlæməraɪzɪz
overglamourises,ˌoʊvərˈɡlæməraɪzɪz
overglamourizes,ˌoʊvərˈɡlæməraɪzɪz
overglazes,ˌoʊvərˈɡleɪzɪz
overgoads,ˌoʊvərˈɡoʊdz
overgoverned,ˌoʊvərˈɡʌvərnd
overgoverns,ˌoʊvərˈɡʌvərnz
overgrazes,ˌoʊvərˈɡreɪzɪz
overgrind,ˌoʊvərˈɡraɪnd
overgrinding,ˌoʊvərˈɡraɪndɪŋ
overgrinds,ˌoʊvərˈɡraɪndz
overgrows,ˌoʊvərˈɡroʊz
overhandles,ˌoʊvərˈhændəlz
overhands,ˈoʊvərˌhændz
overhangs,ˌoʊvərˈhæŋz
overharvests,ˌoʊvərˈhɑrvəsts
overhates,ˌoʊvərˈheɪts
overhauled,ˌoʊvərˈhɔld
overhauls,ˌoʊvərˈhɔlz
overhead,ˈoʊvərˌhɛd
overheads,ˈoʊvərˌhɛdz
overheaps,ˌoʊvərˈhips
overheard,ˌoʊvərˈhɜrd
overhears,ˌoʊvərˈhɪrz
overheats,ˌoʊvərˈhits
overhigh,ˌoʊvərˈhaɪ
overholds,ˌoʊvərˈhoʊldz
overhomogenizes,ˌoʊvərhoʊˈmɑdʒənaɪzɪz
overhopes,ˌoʊvərˈhoʊps
overhunts,ˌoʊvərˈhʌnts
overhypes,ˌoʊvərˈhaɪps
overidealises,ˌoʊvəraɪˈdiəlaɪzɪz
overidealizes,ˌoʊvəraɪˈdiəlaɪzɪz
overidentifies,ˌoʊvəraɪˈdɛntəfaɪz
overimaginative,ˌoʊvərɪˈmædʒənətɪv
overimpressed,ˌoʊvərɪmˈprɛst
overimpresses,ˌoʊvərɪmˈprɛsɪz
overindebted,ˌoʊvərɪnˈdɛtɪd
overindebtedness,ˌoʊvərɪnˈdɛtɪdnəs
overindulges,ˌoʊvərɪnˈdʌldʒɪz
overindustrialises,ˌoʊvərɪnˈdʌstriəˌlaɪzɪz
overindustrializes,ˌoʊvərɪnˈdʌstriəˌlaɪzɪz
overinflates,ˌoʊvərɪnˈfleɪts
overinformed,ˌoʊvərɪnˈfɔːrmd
overinforms,ˌoʊvərɪnˈfɔːrmz
overinsures,ˌoʊvərɪnˈʃʊrz
overintellectualises,ˌoʊvərˌɪntəˈlɛktʃuəˌlaɪzɪz
overintellectualizes,ˌoʊvərˌɪntəˈlɛktʃuəˌlaɪzɪz
overinterprets,ˌoʊvərɪnˈtɜːrprɪts
overinvests,ˌoʊvərɪnˈvɛsts
overissues,ˌoʊvərˈɪʃuːz
overjoyed,ˌoʊvərˈdʒɔɪd
overjoys,ˌoʊvərˈdʒɔɪz
overkilled,,ˈoʊvərkɪld
overkills,ˈoʊvərkɪlz
overkind,ˌoʊvərˈkaɪnd
overlabored,ˌoʊvərˈleɪbərd
overlabors,ˌoʊvərˈleɪbərz
overlades,ˌoʊvərˈleɪdz
overlands,ˈoʊvərlændz
overlapped,ˌoʊvərˈlæpt
overlaps,ˌoʊvərˈlæps
overlays,ˌoʊvərˈleɪz
overleaped,ˌoʊvərˈliːpt
overleaps,ˌoʊvərˈliːps
overleapt,ˌoʊvərˈlɛpt
overlearn,ˌoʊvərˈlɜːrn
overlearned,ˌoʊvərˈlɜːrnd
overlearning,ˌoʊvərˈlɜːrnɪŋ
overlearns,ˌoʊvərˈlɜːrnz
overlends,ˌoʊvərˈlɛndz
overlengthened,ˌoʊvərˈlɛŋθənd
overlengthens,ˌoʊvərˈlɛŋθənz
overlies,ˌoʊvərˈlaɪz
overlight,ˌoʊvərˈlaɪt
overlighted,ˌoʊvərˈlaɪtɪd
overlighting,ˌoʊvərˈlaɪtɪŋ
overlights,ˌoʊvərˈlaɪts
overlive,ˌoʊvərˈlɪv
overlived,ˌoʊvərˈlɪvd
overlives,ˌoʊvərˈlɪvz
overloads,ˌoʊvərˈloʊdz
overlooked,ˌoʊvərˈlʊkt
overlooks,ˌoʊvərˈlʊks
overlords,ˈoʊvərlɔːrdz
overlove,ˌoʊvərˈlʌv
overloved,ˌoʊvərˈlʌvd
overloves,ˌoʊvərˈlʌvz
overmanages,ˌoʊvərˈmænɪdʒɪz
overmanned,ˌoʊvərˈmænd
overmans,ˌoʊvərˈmænz
overmastered,ˌoʊvərˈmæstərd
overmasters,ˌoʊvərˈmæstərz
overmatched,ˌoʊvərˈmætʃt
overmatches,ˌoʊvərˈmætʃɪz
overmedicates,ˌoʊvərˈmɛdɪkeɪts
overmelts,ˌoʊvərˈmɛlts
overmighty,ˌoʊvərˈmaɪti
overmild,ˌoʊvərˈmaɪld
overmilked,ˌoʊvərˈmɪlkt
overmilks,ˌoʊvərˈmɪlks
overmines,ˌoʊvərˈmaɪnz
overmixed,ˌoʊvərˈmɪkst
overmixes,ˌoʊvərˈmɪksɪz
overmodulates,ˌoʊvərˈmɒdjʊleɪts
overmuch,ˌoʊvərˈmʌtʃ
overmuches,ˌoʊvərˈmʌtʃɪz
overnight,ˌoʊvərˈnaɪt
overnighted,ˌoʊvərˈnaɪtɪd
overnighter,ˌoʊvərˈnaɪtər
overnighters,ˌoʊvərˈnaɪtərz
overnighting,ˌoʊvərˈnaɪtɪŋ
overnights,ˌoʊvərˈnaɪts
overnourish,ˌoʊvərˈnɜːrɪʃ
overnourished,ˌoʊvərˈnɜːrɪʃt
overnourishes,ˌoʊvərˈnɜːrɪʃɪz
overnourishing,ˌoʊvərˈnɜːrɪʃɪŋ
overnourishment,ˌoʊvərˈnɜːrɪʃmənt
overnourishments,ˌoʊvərˈnɜːrɪʃmənts
overoperates,ˌoʊvərˈɒpəreɪts
overorchestrates,ˌoʊvərˈɔːrkɪstreɪts
overorganises,ˌoʊvərˈɔːrɡənaɪzɪz
overorganizes,ˌoʊvərˈɔːrɡənaɪzɪz
overornaments,ˌoʊvərˈɔːrnəmənts
overpackages,ˌoʊvərˈpækɪdʒɪz
overpassed,ˌoʊvərˈpæst
overpasses,ˌoʊvərˈpæsɪz
overpays,ˌoʊvərˈpeɪz
overpedaled,ˌoʊvərˈpɛdəld
overpedalled,ˌoʊvərˈpɛdəld
overpedalling,ˌoʊvərˈpɛdəlɪŋ
overpedals,ˌoʊvərˈpɛdəlz
overpeople,ˌoʊvərˈpiːpəl
overpeopled,ˌoʊvərˈpiːpəld
overpeoples,ˌoʊvərˈpiːpəlz
overpeopling,ˌoʊvərˈpiːplɪŋ
overpersuades,ˌoʊvərpərˈsweɪdz
overplaid,ˌoʊvərˈplæd
overplaided,ˌoʊvərˈplædɪd
overplaiding,ˌoʊvərˈplædɪŋ
overplaids,ˌoʊvərˈplædz
overplanned,ˌoʊvərˈplænd
overplans,ˌoʊvərˈplænz
overplants,ˌoʊvərˈplænts
overplayed,ˌoʊvərˈpleɪd
overplays,ˌoʊvərˈpleɪz
overplies,ˌoʊvərˈplaɪz
overplots,ˌoʊvərˈplɒts
overpopulates,ˌoʊvərˈpɒpjʊleɪts
overpower,ˌoʊvərˈpaʊər
overpowered,ˌoʊvərˈpaʊərd
overpowering,ˌoʊvərˈpaʊərɪŋ
overpoweringly,ˌoʊvərˈpaʊərɪŋli
overpowers,ˌoʊvərˈpaʊərz
overpraises,ˌoʊvərˈpreɪzɪz
overprescribes,ˌoʊvərprɪˈskraɪbz
overprices,ˌoʊvərˈpraɪsɪz
overprints,ˌoʊvərˈprɪnts
overprizes,ˌoʊvərˈpraɪzɪz
overprocessed,ˌoʊvərˈprɒsɛst
overprocesses,ˌoʊvərˈprɒsɛsɪz
overproduces,ˌoʊvərprəˈduːsɪz
overprogramed,ˌoʊvərˈproʊɡræmd
overprograming,ˌoʊvərˈproʊɡræmɪŋ
overprogrammed,ˌoʊvərˈproʊɡræmd
overprograms,ˌoʊvərˈproʊɡræmz
overpromise,ˌoʊvərˈprɒmɪs
overpromised,ˌoʊvərˈprɒmɪst
overpromises,ˌoʊvərˈprɒmɪsɪz
overpromotes,ˌoʊvərprəˈmoʊts
overproportionate,ˌoʊvərprəˈpɔːrʃənət
overproportionately,ˌoʊvərprəˈpɔːrʃənətli
overproportioned,ˌoʊvərprəˈpɔːrʃənd
overproportions,ˌoʊvərprəˈpɔːrʃənz
overprotective,ˌoʊvərprəˈtɛktɪv
overprotectively,ˌoʊvərprəˈtɛktɪvli
overprotectiveness,ˌoʊvərprəˈtɛktɪvnəs
overprotects,ˌoʊvərprəˈtɛkts
overpumped,ˌoʊvərˈpʌmpt
overpumps,ˌoʊvərˈpʌmps
overrates,ˌoʊvərˈreɪts
overreach,ˌoʊvərˈriːtʃ
overreached,ˌoʊvərˈriːtʃt
overreacher,ˌoʊvərˈriːtʃər
overreachers,ˌoʊvərˈriːtʃərz
overreaches,ˌoʊvərˈriːtʃɪz
overreaching,ˌoʊvərˈriːtʃɪŋ
overreacts,ˌoʊvərriˈækts
overrefines,ˌoʊvərriˈfaɪnz
overregulates,ˌoʊvərˈrɛɡjʊleɪts
overreports,ˌoʊvərriˈpɔːrts
overrepresents,ˌoʊvərˌrɛprɪˈzɛnts
overresponds,ˌoʊvərriˈspɒndz
overrich,ˌoʊvərˈrɪtʃ
overrides,ˌoʊvərˈraɪdz
overruffed,ˌoʊvərˈrʌft
overruffs,ˌoʊvərˈrʌfs
overrules,ˌoʊvərˈruːlz
overruns,ˌoʊvərˈrʌnz
overs,ˈoʊvərz
oversalts,ˌoʊvərˈsɔːlts
oversanguine,ˌoʊvərˈsæŋɡwɪn
oversaturates,ˌoʊvərˈsætʃəreɪts
oversauces,ˌoʊvərˈsɔːsɪz
oversaves,ˌoʊvərˈseɪvz
oversecretes,ˌoʊvərsiˈkriːts
overseeds,ˌoʊvərˈsiːdz
oversees,ˌoʊvərˈsiːz
oversells,ˌoʊvərˈsɛlz
oversensitive,ˌoʊvərˈsɛnsɪtɪv
oversensitiveness,ˌoʊvərˈsɛnsɪtɪvnəs
overservices,ˌoʊvərˈsɜːrvɪsɪz
oversets,ˌoʊvərˈsɛts
oversew,ˌoʊvərˈsoʊ
oversewed,ˌoʊvərˈsoʊd
oversewing,ˌoʊvərˈsoʊɪŋ
oversewn,ˌoʊvərˈsoʊn
oversews,ˌoʊvərˈsoʊz
oversexed,ˌoʊvərˈsɛkst
overshadowed,ˌoʊvərˈʃædoʊd
overshadows,ˌoʊvərˈʃædoʊz
overshoe,ˈoʊvərʃuː
overshoes,ˈoʊvərʃuːz
overshoots,ˌoʊvərˈʃuːts
oversight,ˈoʊvərsaɪt
oversights,ˈoʊvərsaɪts
oversimplifies,ˌoʊvərˈsɪmplɪfaɪz
oversizes,ˈoʊvərsaɪzɪz
overslaugh,ˌoʊvərˈslɔː
overslaughed,ˌoʊvərˈslɔːd
overslaughing,ˌoʊvərˈslɔːɪŋ
overslaughs,ˌoʊvərˈslɔːz
oversleeps,ˌoʊvərˈsliːps
overslipped,ˌoʊvərˈslɪpt
overslips,ˌoʊvərˈslɪps
oversmokes,ˌoʊvərˈsmoʊks
oversoaked,ˌoʊvərˈsoʊkt
oversoaks,ˌoʊvərˈsoʊks
oversoul,ˈoʊvərsoʊl
oversouls,ˈoʊvərsoʊlz
overspecialises,ˌoʊvərˈspɛʃəlaɪzɪz
overspecializes,ˌoʊvərˈspɛʃəlaɪzɪz
overspeculates,ˌoʊvərˈspɛkjʊleɪts
overspends,ˌoʊvərˈspɛndz
overspins,ˌoʊvərˈspɪnz
overspread,ˌoʊvərˈsprɛd
overspreading,ˌoʊvərˈsprɛdɪŋ
overspreads,ˌoʊvərˈsprɛdz
overstaffed,ˌoʊvərˈstæft
overstaffs,ˌoʊvərˈstæfs
overstates,ˌoʊvərˈsteɪts
overstayed,ˌoʊvərˈsteɪd
overstays,ˌoʊvərˈsteɪz
oversteered,ˌoʊvərˈstɪrd
oversteers,ˌoʊvərˈstɪrz
overstepped,ˌoʊvərˈstɛpt
oversteps,ˌoʊvərˈstɛps
overstimulates,ˌoʊvərˈstɪmjʊleɪts
overstirred,ˌoʊvərˈstɜːrd
overstirs,ˌoʊvərˈstɜːrz
overstocked,ˌoʊvərˈstɒkt
overstocks,ˌoʊvərˈstɒks
overstrained,ˌoʊvərˈstreɪnd
overstrains,ˌoʊvərˈstreɪnz
overstressed,ˌoʊvərˈstrɛst
overstresses,ˌoʊvərˈstrɛsɪz
overstretched,ˌoʊvərˈstrɛtʃt
overstretches,ˌoʊvərˈstrɛtʃɪz
overstrewed,ˌoʊvərˈstruːd
overstrews,ˌoʊvərˈstruːz
overstrides,ˌoʊvərˈstraɪdz
overstrikes,ˌoʊvərˈstraɪks
overstuffed,ˌoʊvərˈstʌft
overstuffs,ˌoʊvərˈstʌfs
oversubscribes,ˌoʊvərsəbˈskraɪbz
oversubtle,ˌoʊvərˈsʌtəl
oversudsed,ˌoʊvərˈsʌdst
oversudses,ˌoʊvərˈsʌdsɪz
oversupped,ˌoʊvərˈsʌpt
oversupplies,ˌoʊvərshəˈplaɪz
oversups,ˌoʊvərˈsʌps
oversweetened,ˌoʊvərˈswiːtənd
oversweetens,ˌoʊvərˈswiːtənz
overswings,ˌoʊvərˈswɪŋz
overtakes,ˌoʊvərˈteɪks
overtalk,ˌoʊvərˈtɔːk
overtalkative,ˌoʊvərˈtɔːkətɪv
overtalked,ˌoʊvərˈtɔːkt
overtalking,ˌoʊvərˈtɔːkɪŋ
overtalks,ˌoʊvərˈtɔːks
overtasked,ˌoʊvərˈtæskt
overtasks,ˌoʊvərˈtæsks
overtaxed,ˌoʊvərˈtækst
overtaxes,ˌoʊvərˈtæksɪz
overthinks,ˌoʊvərˈθɪŋks
overthought,ˌoʊvərˈθɔːt
overthrows,ˌoʊvərˈθroʊz
overtighten,ˌoʊvərˈtaɪtən
overtightened,ˌoʊvərˈtaɪtənd
overtightening,ˌoʊvərˈtaɪtənɪŋ
overtightens,ˌoʊvərˈtaɪtənz
overtimes,ˈoʊvərtaɪmz
overtipped,ˌoʊvərˈtɪpt
overtips,ˌoʊvərˈtɪps
overtires,ˌoʊvərˈtaɪərz
overtoiled,ˌoʊvərˈtɔɪld
overtoils,ˌoʊvərˈtɔɪlz
overtopped,ˌoʊvərˈtɒpt
overtops,ˌoʊvərˈtɒps
overtrades,ˌoʊvərˈtreɪdz
overtrained,ˌoʊvərˈtreɪnd
overtrains,ˌoʊvərˈtreɪnz
overtreats,ˌoʊvərˈtriːts
overtrimmed,ˌoʊvərˈtrɪmd
overtrims,ˌoʊvərˈtrɪmz
overtures,ˈoʊvərtʃʊrz
overturned,ˌoʊvərˈtɜːrnd
overturns,ˌoʊvərˈtɜːrnz
overurges,ˌoʊvərˈɜːrdʒɪz
overuse,ˌoʊvərˈjuːs
overused,ˌoʊvərˈjuːzd
overuses,ˌoʊvərˈjuːsɪz
overusing,ˌoʊvərˈjuːzɪŋ
overutilises,ˌoʊvərˈjuːtɪlaɪzɪz
overutilizes,ˌoʊvərˈjuːtɪlaɪzɪz
overvalues,ˌoʊvərˈvæljuːz
overvotes,ˌoʊvərˈvoʊts
overwarmed,ˌoʊvərˈwɔːrmd
overwarms,ˌoʊvərˈwɔːrmz
overwashed,ˌoʊvərˈwɒʃt
overwashes,ˌoʊvərˈwɒʃɪz
overwatched,ˌoʊvərˈwɒtʃt
overwatches,ˌoʊvərˈwɒtʃɪz
overwatered,ˌoʊvərˈwɔːtərd
overwaters,ˌoʊvərˈwɔːtərz
overwear,ˌoʊvərˈwɛr
overwearing,ˌoʊvərˈwɛrɪŋ
overwears,ˌoʊvərˈwɛrz
overweened,ˌoʊvərˈwiːnd
overweens,ˌoʊvərˈwiːnz
overweigh,ˌoʊvərˈweɪ
overweighed,ˌoʊvərˈweɪd
overweighing,ˌoʊvərˈweɪɪŋ
overweighs,ˌoʊvərˈweɪz
overweight,ˈoʊvərweɪt
overweighted,ˌoʊvərˈweɪtɪd
overweighting,ˌoʊvərˈweɪtɪŋ
overweights,ˈoʊvərweɪts
overwets,ˌoʊvərˈwɛts
overwhelms,ˌoʊvərˈhwɛlmz
overwind,ˌoʊvərˈwaɪnd
overwinding,ˌoʊvərˈwaɪndɪŋ
overwinds,ˌoʊvərˈwaɪndz
overwintered,ˌoʊvərˈwɪntərd
overwinters,ˌoʊvərˈwɪntərz
overwithholds,ˌoʊvərwɪðˈhoʊldz
overworked,ˌoʊvərˈwɜːrkt
overworks,ˌoʊvərˈwɜːrks
overwrites,ˌoʊvərˈraɪts
overwrought,ˌoʊvərˈrɔːt
oviposits,ˌoʊvɪˈpɒzɪts
ow,aʊ
owed,oʊd
owes,oʊz
owl,aʊl
owlet,ˈaʊlɪt
owlets,ˈaʊlɪts
owlish,ˈaʊlɪʃ
owlishly,ˈaʊlɪʃli
owlishness,ˈaʊlɪʃnəs
owllike,ˈaʊlˌlaɪk
owls,aʊlz
owned,oʊnd
owns,oʊnz
oxalates,ˈɒksəleɪts
oxblood,ˈɒksblʌd
oxbloods,ˈɒksblʌdz
oxeye,ˈɒksaɪ
oxeyes,ˈɒksaɪz
oxheart,ˈɒkshɑːrt
oxhearts,ˈɒkshɑːrts
oxidates,ˈɒksɪdeɪts
oxidative,ˈɒksɪdeɪtɪv
oxidatively,ˈɒksɪdeɪtɪvli
oxidises,ˈɒksɪdaɪzɪz
oxidizes,ˈɒksɪdaɪzɪz
oxtongue,ˈɒkstʌŋ
oxtongues,ˈɒkstʌŋz
oxygenates,ˈɒksɪdʒəneɪts
oystered,ˈɔɪstərd
oysters,ˈɔɪstərz
ozonates,ˈoʊzoʊneɪts
ozonises,ˈoʊzoʊnaɪzɪz
ozonizes,ˈoʊzoʊnaɪzɪz
paces,ˈpeɪsɪz
pachak,ˈpætʃək
pachinko,pəˈtʃɪŋkoʊ
pachisi,pəˈtʃiːzi
pachouli,pəˈtʃuːli
pachoulis,pəˈtʃuːliz
pachuco,pəˈtʃuːkoʊ
pachuco,pəˈtʃuːkoʊz
pachucos,pəˈtʃuːkoʊz
pacifies,ˈpæsɪfaɪz
packages,ˈpækɪdʒɪz
packed,pækt
packed,pɒkt
packets,ˈpækɪts
packs,pæks
packthread,ˈpækθrɛd
packthreads,ˈpækθrɛdz
paddles,ˈpædəlz
paddocked,ˈpædəkt
paddocks,ˈpædəks
padlocked,ˈpædlɒkt
padlocks,ˈpædlɒks
pads,pædz
paedobaptism,ˌpiːdoʊˈbæptɪzəm
paedobaptisms,ˌpiːdoʊˈbæptɪzəmz
paedobaptist,ˌpiːdoʊˈbæptɪst
paedobaptists,ˌpiːdoʊˈbæptɪsts
paedogeneses,ˌpiːdoʊˈdʒɛnəsɪz
paedogenetically,ˌpiːdoʊdʒəˈnɛtɪkli
paedomorphic,ˌpiːdoʊˈmɔːrfɪk
paedomorphism,ˌpiːdoʊˈmɔːrfɪzəm
paedomorphisms,ˌpiːdoʊˈmɔːrfɪzəmz
paedomorphoses,ˌpiːdoʊˈmɔːrfoʊsiːz
paedomorphosis,ˌpiːdoʊˈmɔːrfoʊsɪs
paganises,ˈpeɪɡənaɪzɪz
paganizes,ˈpeɪɡənaɪzɪz
pages,ˈpeɪdʒɪz
paginates,ˈpædʒɪneɪts
paiked,peɪkt
paiks,peɪks
paillard,paɪˈjɑːrd
paillards,paɪˈjɑːrdz
paillette,paɪˈjɛt
paillettes,paɪˈjɛts
pained,peɪnd
pains,peɪnz
paints,peɪnts
paired,pɛrd
pairs,pɛrz
pajamaed,pəˈdʒɑːməd
palaeogaean,ˌpælioʊˈdʒiːən
palaeographies,ˌpæliˈɒɡrəfiz
palaeotypes,ˈpælioʊtaɪps
palais,pæˈleɪ
palatalises,ˈpælətəlaɪzɪz
palatalizes,ˈpælətəlaɪzɪz
palative,ˈpælətɪv
palavered,pəˈlævərd
palavers,pəˈlævərz
pales,peɪlz
paletots,ˈpælɪtoʊz
palette,ˈpælət
palettes,ˈpælɪts
palfreyed,ˈpɔːlfrid
palisades,ˌpælɪˈseɪdz
palladiumizes,pəˈleɪdiəmaɪzɪz
pallbearer,ˈpɔːlˌbɛrər
pallbearers,ˈpɔːlˌbɛrərz
palled,pɔːld
palletises,ˈpælɪtaɪzɪz
palletizes,ˈpælɪtaɪzɪz
pallette,ˈpælɪt
pallettes,ˈpælɪts
palliasse,ˈpæliæs
palliates,ˈpælieɪts
palliative,ˈpæliətɪv
palliatively,ˈpæliətɪvli
palliatives,ˈpæliətɪvz
palliobranchiate,ˌpælioʊˈbræŋkiət
palliobranchiates,ˌpælioʊˈbræŋkiəts
palls,pɔːlz
palmed,pɑːmd
palmette,pælˈmɛt
palmettes,pælˈmɛts
palms,pɑːmz
palpates,pælˈpeɪts
palpitates,ˈpælpɪteɪts
palsies,ˈpɔːlziz
paltered,ˈpɔːltərd
pampered,ˈpæmpərd
pampers,ˈpæmpərz
pamphleteered,ˌpæmflɪˈtɪrd
pamphleteers,ˌpæmflɪˈtɪrz
pamphlets,ˈpæmflɪts
panache,pəˈnæʃ
panaches,pəˈnæʃɪz
panbroiled,ˈpænbrɔɪld
panbroils,ˈpænbrɔɪlz
pancakes,ˈpænkeɪks
panchax,ˈpæntʃæks
panchaxes,ˈpæntʃæksɪz
pandered,ˈpændərd
panders,ˈpændərz
pandies,ˈpændiz
paneled,ˈpænəld
panelled,ˈpænəld
panelling,ˈpænəlɪŋ
panellings,ˈpænəlɪŋz
panellist,ˈpænlɪst
panellists,ˈpænlɪsts
panels,ˈpænəlz
panfries,ˈpænfraɪz
panged,pæŋd
pangs,pæŋz
panhandlers,ˈpænhændlərz
panicked,ˈpænɪkt
panics,ˈpænɪks
paniculate,pəˈnɪkjʊlət
panned,pænd
panocha,pəˈnoʊtʃə
panochas,pəˈnoʊtʃəz
panoche,pəˈnoʊtʃi
panoches,pəˈnoʊtʃiz
pans,pænz
pantomimes,ˈpæntəmaɪmz
pantoum,pænˈtuːm
pantoums,pænˈtuːmz
pants,pænts
pantsuit,ˈpæntsuːt
pantsuited,ˈpæntsuːtɪd
pantsuits,ˈpæntsuːts
papered,ˈpeɪpərd
papers,ˈpeɪpərz
paperweight,ˈpeɪpərweɪt
paperweights,ˈpeɪpərweɪts
papillate,ˈpæpɪleɪt
parachute,ˈpærəʃuːt
parachuted,ˈpærəʃuːtɪd
parachutes,ˈpærəʃuːtɪz
parachutic,ˌpærəˈʃuːtɪk
parachuting,ˈpærəʃuːtɪŋ
parachutist,ˈpærəʃuːtɪst
parachutists,ˈpærəʃuːtɪsts
parades,pəˈreɪdz
paradropped,ˈpærədrɒpt
paradrops,ˈpærədrɒps
paraffined,ˈpærəfɪnd
paraffins,ˈpærəfɪnz
paragoned,ˈpærəɡɒnd
paragons,ˈpærəɡɒnz
paragraphed,ˈpærəɡræft
paragraphs,ˈpærəɡræfs
paralleled,ˈpærəlɛld
parallelises,ˈpærəlɛlaɪzɪz
parallelizes,ˈpærəlɛlaɪzɪz
parallelled,ˈpærəlɛld
parallelling,ˈpærəlɛlɪŋ
parallels,ˈpærəlɛlz
paralyses,pəˈræləsiːz
paralyzes,ˈpærəlaɪzɪz
parameterises,pəˈræmɪtəraɪzɪz
parameterizes,pəˈræmɪtəraɪzɪz
parametrises,pəˈræmɪtraɪzɪz
parametrizes,pəˈræmɪtraɪzɪz
paraphrases,ˈpærəfreɪzɪz
paraquet,ˈpærəkɛt
paraquets,ˈpærəkɛts
parasailed,ˈpærəseɪld
parasails,ˈpærəseɪlz
parasitises,ˈpærəsɪtaɪzɪz
parasitizes,ˈpærəsɪtaɪzɪz
parboiled,ˈpɑːrbɔɪld
parboils,ˈpɑːrbɔɪlz
parbuckles,ˈpɑːrbʌkəlz
parceled,ˈpɑːrsəld
parcellation,ˌpɑːrsəˈleɪʃən
parcellations,ˌpɑːrsəˈleɪʃənz
parcelled,ˈpɑːrsəld
parcelling,ˈpɑːrsəlɪŋ
parcels,ˈpɑːrsəlz
parch,pɑːrtʃ
parched,pɑːrtʃt
parches,ˈpɑːrtʃɪz
parching,ˈpɑːrtʃɪŋ
parchisi,pɑːrˈtʃiːzi
parchment,ˈpɑːrtʃmənt
parchments,ˈpɑːrtʃmənts
pardoned,ˈpɑːrdənd
pardons,ˈpɑːrdənz
parenthesises,pəˈrɛnθəsaɪzɪz
parenthesizes,pəˈrɛnθəsaɪzɪz
parents,ˈpɛrənts
pares,pɛrz
parfait,pɑːrˈfeɪ
parfaits,pɑːrˈfeɪz
parfocalises,pɑːrˈfoʊkəlaɪzɪz
parfocalizes,pɑːrˈfoʊkəlaɪzɪz
parges,pɑːrdʒɪz
pargets,ˈpɑːrdʒɪts
pargetted,ˈpɑːrdʒɪtɪd
pargetting,ˈpɑːrdʒɪtɪŋ
parked,pɑːrkt
parks,pɑːrks
parlayed,ˈpɑːrleɪd
parlays,ˈpɑːrleɪz
parles,pɑːrlz
parleyed,ˈpɑːrlid
parleys,ˈpɑːrliz
parliament,ˈpɑːrləmənt
parliamentarian,ˌpɑːrləmɛnˈtɛriən
parliamentarianism,ˌpɑːrləmɛnˈtɛriənɪzəm
parliamentarians,ˌpɑːrləmɛnˈtɛriənz
parliamentary,ˌpɑːrləˈmɛntəri
parliaments,ˈpɑːrləmənts
parodies,ˈpærədiz
paroles,pəˈroʊlz
paroquet,ˈpærəkɛt
paroquets,ˈpærəkɛts
parquet,pɑːrˈkeɪ
parqueted,pɑːrˈkeɪd
parqueting,pɑːrˈkeɪɪŋ
parquetries,ˈpɑːrkɪtriz
parquetry,ˈpɑːrkɪtri
parquets,pɑːrˈkeɪz
parred,pɑːrd
parries,ˈpæriz
parrots,ˈpærəts
pars,pɑːrz
parses,ˈpɑːrsɪz
parsleyed,ˈpɑːrslid
partakes,pɑːrˈteɪks
participates,pɑːrˈtɪsɪpeɪts
participative,pɑːrˈtɪsɪpeɪtɪv
particularises,pərˈtɪkjʊləraɪzɪz
particularizes,pərˈtɪkjʊləraɪzɪz
particulate,pərˈtɪkjʊlət
particulates,pərˈtɪkjʊləts
parties,ˈpɑːrtiz
partitioned,pɑːrˈtɪʃənd
partitions,pɑːrˈtɪʃənz
partitive,ˈpɑːrtɪtɪv
partitively,ˈpɑːrtɪtɪvli
partnered,ˈpɑːrtnərd
partners,ˈpɑːrtnərz
parts,pɑːrts
parvise,ˈpɑːrvɪs
pas,pɑːz
pashed,pæʃt
pashes,ˈpæʃɪz
pasque,pæsk
pasqueflower,ˈpæskˌflaʊər
pasqueflowers,ˈpæskˌflaʊərz
pasques,pæskz
pasquinades,ˌpæskwɪˈneɪdz
passages,ˈpæsɪdʒɪz
passe,pæˈseɪ
passed,pæst
passes,ˈpæsɪz
passionate,ˈpæʃənət
passionately,ˈpæʃənətli
passionateness,ˈpæʃənətnəs
passionflower,ˈpæʃənˌflaʊər
passionflowers,ˈpæʃənˌflaʊərz
passivates,ˈpæsɪveɪts
passive,ˈpæsɪv
passively,ˈpæsɪvli
passiveness,ˈpæsɪvnəs
passives,ˈpæsɪvz
passivises,ˈpæsɪvaɪzɪz
passivizes,ˈpæsɪvaɪzɪz
pastedown,ˈpeɪstdaʊn
pastedowns,ˈpeɪstdaʊnz
pastelist,ˈpæstəlɪst
pastelists,ˈpæstəlɪsts
pastes,peɪsts
pasteurises,ˈpæstʃəraɪzɪz
pasteurizes,ˈpæstʃəraɪzɪz
pastiche,pæˈstiːʃ
pastiches,pæˈstiːʃɪz
pasticheur,pæstiːˈʃɜːr
pasticheurs,pæstiːˈʃɜːrz
pastored,ˈpæstərd
pastors,ˈpæstərz
pastures,ˈpæstʃərz
patched,pætʃt
patches,ˈpætʃɪz
patchouli,pəˈtʃuːli
patchoulies,pəˈtʃuːliz
pate,pɑːˈteɪ
patents,ˈpætənts
pates,pɑːˈteɪz
pathbreaking,ˈpæθˌbreɪkɪŋ
pathfinder,ˈpæθˌfaɪndər
pathfinding,ˈpæθˌfaɪndɪŋ
pathfindings,ˈpæθˌfaɪndɪŋz
patinates,ˈpætɪneɪts
patines,ˈpætɪnz
patinises,ˈpætɪnaɪzɪz
patinizes,ˈpætɪnaɪzɪz
patio,ˈpætioʊ
patios,ˈpætioʊz
patissier,pəˌtiːsiˈeɪ
patissiers,pəˌtiːsiˈeɪz
patriciate,pəˈtrɪʃiət
patriciates,pəˈtrɪʃiəts
patrolled,pəˈtroʊld
patrols,pəˈtroʊlz
patronises,ˈpeɪtrənaɪzɪz
patronizes,ˈpeɪtrənaɪzɪz
pats,pæts
pattered,ˈpætərd
patterned,ˈpætərnd
patterns,ˈpætərnz
patters,ˈpætərz
paunch,pɔːntʃ
paunched,pɔːntʃt
paunches,ˈpɔːntʃɪz
paunchier,ˈpɔːntʃiər
paunchiest,ˈpɔːntʃiɪst
paunchiness,ˈpɔːntʃinəs
paunching,ˈpɔːntʃɪŋ
paunchy,ˈpɔːntʃi
paupered,ˈpɔːpərd
pauperises,ˈpɔːpəraɪzɪz
pauperizes,ˈpɔːpəraɪzɪz
paupers,ˈpɔːpərz
paupiette,poʊˈpjɛt
paupiettes,poʊˈpjɛts
pauses,ˈpɔːzɪz
paves,peɪvz
pavilions,pəˈvɪljənz
pavillion,pəˈvɪljən
pavillions,pəˈvɪljənz
pawed,pɔːd
pawned,pɔːnd
pawns,pɔːnz
paws,pɔːz
paycheck,ˈpeɪtʃɛk
paychecks,ˈpeɪtʃɛks
payed,peɪd
pays,peɪz
peach,piːtʃ
peached,piːtʃt
peacher,ˈpiːtʃər
peachers,ˈpiːtʃərz
peaches,ˈpiːtʃɪz
peachier,ˈpiːtʃiər
peachiest,ˈpiːtʃiɪst
peaching,ˈpiːtʃɪŋ
peachy,ˈpiːtʃi
peacocked,ˈpiːkɒkt
peacocks,ˈpiːkɒks
peafowl,ˈpiːfaʊl
peafowls,ˈpiːfaʊlz
peaked,piːkt
peaks,piːks
pealed,piːld
peals,piːlz
pear,pɛr
pearier,ˈpɛriər
peariest,ˈpɛriɪst
pearl,pɜːrl
pearlash,ˈpɜːrlæʃ
pearlashes,ˈpɜːrlæʃɪz
pearled,pɜːrld
pearler,ˈpɜːrlər
pearlers,ˈpɜːrlərz
pearlescence,pɜːrˈlɛsəns
pearlescences,pɜːrˈlɛsənsɪz
pearlescent,pɜːrˈlɛsənt
pearlier,ˈpɜːrliər
pearliest,ˈpɜːrliɪst
pearling,ˈpɜːrlɪŋ
pearlised,ˈpɜːrlaɪzd
pearlized,ˈpɜːrlaɪzd
pearls,pɜːrlz
pearly,ˈpɜːrli
pearmain,ˈpɛrmeɪn
pearmains,ˈpɛrmeɪnz
pears,pɛrz
peary,ˈpɛri
peasant,ˈpɛzənt
peasantries,ˈpɛzəntriz
peasantry,ˈpɛzəntri
peasants,ˈpɛzənts
peases,ˈpiːzɪz
pebbles,ˈpɛbəlz
peched,pɛkt
pechs,pɛks
pecked,pɛkt
pecks,pɛks
pectinates,ˈpɛktɪneɪts
pectises,ˈpɛktɪsaɪzɪz
pectizes,ˈpɛktɪsaɪzɪz
peculates,ˈpɛkjʊleɪts
pedaled,ˈpɛdəld
pedalled,ˈpɛdəld
pedalling,ˈpɛdəlɪŋ
pedals,ˈpɛdəlz
peddles,ˈpɛdəlz
pedestaled,ˈpɛdɪstəld
pedestalled,ˈpɛdɪstəld
pedestalling,ˈpɛdɪstəlɪŋ
pedestals,ˈpɛdɪstəlz
pedestrianises,pəˈdɛstriənaɪzɪz
pedestrianizes,pəˈdɛstriənaɪzɪz
pedicellate,ˈpɛdɪsəlɪt
pediculate,pəˈnɪkjʊlət
pediculates,pəˈnɪkjʊləts
pedicures,ˈpɛdɪkjʊərz
pedunculate,pɪˈdʌŋkjʊlət
peeked,piːkt
peeks,piːks
peeled,piːld
peels,piːlz
peened,piːnd
peens,piːnz
peeped,piːpt
peeps,piːps
peered,pɪrd
peers,pɪrz
pees,piːz
peeve,piːv
peeved,piːvd
peeves,piːvz
pegged,pɛɡd
pegs,pɛɡz
peignoir,peɪˈnwɑːr
peignoirs,peɪˈnwɑːrz
peined,paɪnd
peins,paɪnz
peises,ˈpeɪsɪz
pejorative,pɪˈdʒɒrətɪv
pejoratively,pɪˈdʒɒrətɪvli
pejoratives,pɪˈdʒɒrətɪvz
pelletises,ˈpɛlɪtaɪzɪz
pelletizes,ˈpɛlɪtaɪzɪz
pellets,ˈpɛlɪts
peltered,ˈpɛltərd
pelters,ˈpɛltərz
pelts,pɛlts
penalises,ˈpiːnəlaɪzɪz
penalizes,ˈpiːnəlaɪzɪz
penances,ˈpɛnənsɪz
penchant,ˈpɛntʃənt
penchants,ˈpɛntʃənts
penciled,ˈpɛnsəld
pencilled,ˈpɛnsəld
penciller,ˈpɛnsələr
pencillers,ˈpɛnsələrz
pencilling,ˈpɛnsəlɪŋ
pencillings,ˈpɛnsəlɪŋz
pencils,ˈpɛnsəldz
pendentive,pɛnˈdɛntɪv
pendentives,pɛnˈdɛntɪvz
pends,pɛndz
penetrates,ˈpɛnɪtreɪts
penetrative,ˈpɛnɪtreɪtɪv
penicillate,ˌpɛnɪˈsɪleɪt
penitudes,ˈplɛnɪtuːdz
penlight,ˈpɛnlaɪt
penlights,ˈpɛnlaɪts
penlite,ˈpɛnlaɪt
penlites,ˈpɛnlaɪts
penned,pɛnd
pennoned,ˈpɛnənd
pennyweight,ˈpɛniweɪt
pennyweights,ˈpɛniweɪts
penoche,pəˈnoʊtʃi
penoches,pəˈnoʊtʃiz
pens,pɛnz
pensioned,ˈpɛnʃənd
pensions,ˈpɛnʃənz
pensive,ˈpɛnsɪv
pensively,ˈpɛnsɪvli
pensiveness,ˈpɛnsɪvnəs
penuche,pəˈnuːtʃi
penuches,pəˈnuːtʃiz
penuchi,pəˈnuːtʃi
penuchis,pəˈnuːtʃiz
penultimate,pɪˈnʌltɪmət
penultimately,pɪˈnʌltɪmətli
people,ˈpiːpəl
peopled,ˈpiːpəld
peoplehood,ˈpiːpəlhʊd
peoplehoods,ˈpiːpəlhʊdz
peopleless,ˈpiːpəlləs
peopler,ˈpiːplər
peoplers,ˈpiːplərz
peoples,ˈpiːpəlz
peopling,ˈpiːplɪŋ
peplumed,ˈpɛpləmd
pepped,pɛpt
peppered,ˈpɛpərd
peppers,ˈpɛpərz
peps,pɛps
peptises,ˈpɛptɪsaɪzɪz
peptizes,ˈpɛptɪsaɪzɪz
perambulates,pərˈæmbjʊleɪts
perceivable,pərˈsiːvəbəl
perceivably,pərˈsiːvəbli
perceive,pərˈsiːv
perceived,pərˈsiːvd
perceiver,pərˈsiːvər
perceivers,pərˈsiːvərz
perceives,pərˈsiːvz
perceiving,pərˈsiːvɪŋ
perceptive,pərˈsɛptɪv
perceptively,pərˈsɛptɪvli
perceptiveness,pərˈsɛptɪvnəs
perch,pɜːrtʃ
perchance,pərˈtʃæns
perched,pɜːrtʃt
percher,ˈpɜːrtʃər
perchers,ˈpɜːrtʃərz
perches,ˈpɜːrtʃɪz
perching,ˈpɜːrtʃɪŋ
percolates,ˈpɜːrkəleɪts
percussed,pərˈkʌst
percusses,pərˈkʌsɪz
percussive,pərˈkʌsɪv
percussively,pərˈkʌsɪvli
percussiveness,pərˈkʌsɪvnəs
perdures,pərˈdjʊərz
peregrinates,ˈpɛrɪɡrɪneɪts
perennates,ˈpɛrəneɪts
perfective,pərˈfɛktɪv
perfectively,pərˈfɛktɪvli
perfectiveness,pərˈfɛktɪvnəs
perfectives,pərˈfɛktɪvz
perfects,pərˈfɛkts
perfoliate,pərˈfoʊliət
perforate,ˈpɜːrfəreɪt
perforates,ˈpɜːrfəreɪts
performative,pərˈfɔːrmətɪv
performatives,pərˈfɔːrmətɪvz
performed,pərˈfɔːrmd
performs,pərˈfɔːrmz
perfumes,pərˈfjuːmz
perfuse,pərˈfjuːz
perfused,pərˈfjuːzd
perfuses,pərˈfjuːzɪz
perfusing,pərˈfjuːzɪŋ
periled,ˈpɛrɪld
perilled,ˈpɛrɪld
perilling,ˈpɛrɪlɪŋ
perils,ˈpɛrɪlz
periodises,ˈpɪəriədaɪzɪz
periodizes,ˈpɪəriədaɪzɪz
perique,pəˈriːk
periques,pəˈriːks
perished,ˈpɛrɪʃt
perishes,ˈpɛrɪʃɪz
perjure,ˈpɜːrdʒər
perjured,ˈpɜːrdʒərd
perjures,ˈpɜːrdʒərz
perked,pɜːrkt
perks,pɜːrks
permeates,ˈpɜːrmieɪts
permeative,ˈpɜːrmieɪtɪv
permed,pɜːrmd
permissive,pərˈmɪsɪv
permissively,pərˈmɪsɪvli
permissiveness,pərˈmɪsɪvnəs
permits,pərˈmɪts
permutes,pərˈmjuːts
perorates,ˈpɛrəreɪts
peroxides,pəˈrɒksaɪdz
perpends,pərˈpɛndz
perpetrates,ˈpɜːrpɪtreɪts
perpetuates,pərˈpɛtʃʊeɪts
perplexed,pərˈplɛkst
perplexes,pərˈplɛksɪz
perquisite,ˈpɜːrkwɪzɪt
perquisites,ˈpɜːrkwɪzɪts
persecutes,ˈpɜːrsɪkjuːts
persecutive,ˈpɜːrsɪkjuːtɪv
perseverates,pərˈsɛvəreɪts
perseveres,ˌpɜːrsɪˈvɪərz
persists,pərˈsɪsts
personalises,ˈpɜːrsənəlaɪzɪz
personalizes,ˈpɜːrsənəlaɪzɪz
personate,ˈpɜːrsəneɪt
personates,ˈpɜːrsəneɪts
personative,ˈpɜːrsəneɪtɪv
personifies,pərˈsɒnɪfaɪz
perspective,pərˈspɛktɪv
perspectively,pərˈspɛktɪvli
perspectives,pərˈspɛktɪvz
perspirations,ˌpɜːrspɪˈreɪʃənz
perspires,pərˈspaɪərz
persuades,pərˈsweɪdz
persuasive,pərˈsweɪsɪv
persuasively,pərˈsweɪsɪvli
persuasiveness,pərˈsweɪsɪvnəs
pertained,pərˈteɪnd
pertains,pərˈteɪnz
perturbative,pərˈtɜːrbətɪv
perturbed,pərˈtɜːrbd
perturbs,pərˈtɜːrbz
peruses,pəˈruːzɪz
pervades,pərˈveɪdz
pervasive,pərˈveɪsɪv
pervasively,pərˈveɪsɪvli
pervasiveness,pərˈveɪsɪvnəs
perversive,pərˈvɜːrsɪv
perverts,pərˈvɜːrts
pestered,ˈpɛstərd
pesters,ˈpɛstərz
pestles,ˈpɛsəlz
petaled,ˈpɛtəld
petalled,ˈpɛtəld
petalling,ˈpɛtəlɪŋ
petals,ˈpɛtəlz
petered,ˈpiːtərd
peters,ˈpiːtərz
petit,ˈpɛti
petitioned,pəˈtɪʃənd
petitions,pəˈtɪʃənz
petnapped,ˈpɛtnæpt
petnaps,ˈpɛtnæps
petrifies,ˈpɛtrɪfaɪz
pets,pɛts
pettifogged,ˈpɛtɪfɒɡd
pettifogs,ˈpɛtɪfɒɡz
pettles,ˈpɛtəlz
pewtered,ˈpjuːtərd
pewters,ˈpjuːtərz
phagocytises,ˌfæɡəˈsaɪtaɪzɪz
phagocytizes,ˌfæɡəˈsaɪtaɪzɪz
phagocytoses,ˌfæɡəsaɪˈtoʊsiːz
phantasies,ˈfæntəsiz
phasedown,ˈfeɪzdaʊn
phasedowns,ˈfeɪzdaʊnz
phases,ˈfeɪzɪz
pheasant,ˈfɛzənt
pheasants,ˈfɛzənts
phenotypes,ˈfiːnoʊtaɪps
philandered,fɪˈlændərd
philanders,fɪˈlændərz
philoprogenitive,ˌfɪloʊproʊˈdʒɛnɪtɪv
philosophises,fɪˈlɒsəfaɪzɪz
philosophizes,fɪˈlɒsəfaɪzɪz
philtered,ˈfɪltərd
philters,ˈfɪltərz
philtred,ˈfɪltərd
philtres,ˈfɪltərz
phished,fɪʃt
phishes,ˈfɪʃɪz
phocoena,foʊˈsiːnə
phocoenidae,foʊˈsɛnɪdiː
phonates,ˈfoʊneɪts
phoneyed,ˈfoʊnid
phoneys,ˈfoʊniz
phonies,ˈfoʊniz
phonogramic,ˌfoʊnəˈɡræmɪk
phonogramically,ˌfoʊnəˈɡræmɪkli
phosphatises,ˈfɒsfeɪtaɪzɪz
phosphatizes,ˈfɒsfeɪtaɪzɪz
phosphoresces,ˌfɒsfəˈrɛsɪz
phosphorylates,ˌfɒsfəˈrɪleɪts
phosphorylative,ˌfɒsfəˈrɪlətɪv
photocomposes,ˌfoʊtoʊkəmˈpoʊzɪz
photoconductive,ˌfoʊtoʊkənˈdʌktɪv
photocopies,ˈfoʊtoʊˌkɒpiz
photodisintegrates,ˌfoʊtoʊdɪsˈɪntɪɡreɪts
photodissociates,ˌfoʊtoʊdɪˈsoʊʃieɪts
photoduplicate,ˌfoʊtoʊˈduːplɪkət
photoduplicates,ˌfoʊtoʊˈduːplɪkeɪts,(verb),or,ˌfoʊtoʊˈduːplɪkəts,(noun)
photoemissive,ˌfoʊtoʊɪˈmɪsɪv
photoetched,ˈfoʊtoʊɛtʃt
photoetches,ˈfoʊtoʊɛtʃɪz
photoflood,ˈfoʊtoʊflʌd
photofloods,ˈfoʊtoʊflʌdz
photographed,ˈfoʊtəɡræft
photographs,ˈfoʊtəɡræfs
photoinductive,ˌfoʊtoʊɪnˈdʌktɪv
photoionises,ˌfoʊtoʊˈaɪənaɪzɪz
photoionizes,ˌfoʊtoʊˈaɪənaɪzɪz
photojournalism,ˌfoʊtoʊˈdʒɜːrnəlɪzəm
photojournalist,ˌfoʊtoʊˈdʒɜːrnəlɪst
photojournalistic,ˌfoʊtoʊˌdʒɜːrnəˈlɪstɪk
photojournalists,ˌfoʊtoʊˈdʒɜːrnəlɪsts
photolithographed,ˌfoʊtoʊlɪˈθɒɡræft
photolithographs,ˌfoʊtoʊlɪˈθɒɡræfs
photolyses,foʊˈtɒlɪsiːz
photolyzes,foʊˈtɒlɪsiːz
photomapped,ˈfoʊtoʊmæpt
photomaps,ˈfoʊtoʊmæps
photonegative,ˌfoʊtoʊˈnɛɡətɪv
photooxidative,ˌfoʊtoʊˈɒksɪdeɪtɪv
photooxidises,ˌfoʊtoʊˈɒksɪdaɪzɪz
photooxidizes,ˌfoʊtoʊˈɒksɪdaɪzɪz
photopositive,ˌfoʊtoʊˈpɒzɪtɪv
photoreceptive,ˌfoʊtoʊrɪˈpɛptɪv
photoreduces,ˌfoʊtoʊrɪˈduːsɪz
photosensitises,ˌfoʊtoʊˈsɛnsɪtaɪzɪz
photosensitive,ˌfoʊtoʊˈsɛnsɪtɪv
photosensitizes,ˌfoʊtoʊˈsɛnsɪtaɪzɪz
photosets,ˈfoʊtoʊsɛts
photoshopped,ˈfoʊtoʊʃɒpt
photoshops,ˈfoʊtoʊʃɒps
photostated,ˈfoʊtoʊstætɪd
photostating,ˈfoʊtoʊstætɪŋ
photostats,ˈfoʊtoʊstæts
photosynthesises,ˌfoʊtoʊˈsɪnθəsaɪzɪz
photosynthesizes,ˌfoʊtoʊˈsɪnθəsaɪzɪz
phrases,ˈfreɪzɪz
phrensies,ˈfrɛnziz
physicked,ˈfɪzɪkt
physics,ˈfɪzɪks
physique,fɪˈziːk
physiques,fɪˈziːks
phytoflagellate,ˌfaɪtoʊˈflædʒələt
phytoflagellates,ˌfaɪtoʊˈflædʒələts
piaffe,piˈæf
piaffed,piˈæft
piaffes,piˈæfɪz
picacho,pɪˈkɑːtʃoʊ
picachos,pɪˈkɑːtʃoʊz
picaresque,ˌpɪkəˈrɛsk
picaresques,ˌpɪkəˈrɛsks
picarooned,ˌpɪkəˈruːnd
picaroons,ˌpɪkəˈruːnz
pickabacked,ˈpɪkibækt
pickabacks,ˈpɪkibæks
pickaxed,ˈpɪkækst
pickaxes,ˈpɪkæksɪz
picked,pɪkt
pickeered,pɪˈkɪərd
pickeers,pɪˈkɪərz
pickets,ˈpɪkɪts
pickles,ˈpɪkəlz
picks,pɪks
picnicked,ˈpɪknɪkt
picnics,ˈpɪknɪks
picot,ˈpiːkoʊ
picoted,ˈpiːkoʊd
picoting,ˈpiːkoʊɪŋ
picots,ˈpiːkoʊz
picquet,pɪˈkɛt
picquets,pɪˈkɛts
pictorialises,pɪkˈtɔːriəlaɪzɪz
pictorializes,pɪkˈtɔːriəlaɪzɪz
pictures,ˈpɪktʃərz
picturesque,ˌpɪktʃəˈrɛsk
picturesquely,ˌpɪktʃəˈrɛskli
picturesqueness,ˌpɪktʃəˈrɛsknəs
picturises,ˈpɪktʃəraɪzɪz
picturizes,ˈpɪktʃəraɪzɪz
piddles,ˈpɪdəlz
pidginises,ˈpɪdʒɪnaɪzɪz
pidginizes,ˈpɪdʒɪnaɪzɪz
pieces,ˈpiːsɪz
pierces,ˈpɪərsɪz
piffles,ˈpɪfəlz
pigeon,ˈpɪdʒən
pigeoned,ˈpɪdʒənd
pigeonhole,ˈpɪdʒənhoʊl
pigeonholed,ˈpɪdʒənhoʊld
pigeonholer,ˈpɪdʒənhoʊlər
pigeonholers,ˈpɪdʒənhoʊlərz
pigeonholes,ˈpɪdʒənhoʊlz
pigeonholing,ˈpɪdʒənhoʊlɪŋ
pigeoning,ˈpɪdʒənɪŋ
pigeonite,ˈpɪdʒənaɪt
pigeonites,ˈpɪdʒənaɪts
pigeons,ˈpɪdʒənz
pigeonwing,ˈpɪdʒənwɪŋ
pigeonwings,ˈpɪdʒənwɪŋz
pigged,pɪɡd
piggybacked,ˈpɪɡibækt
piggybacks,ˈpɪɡibæks
pigheaded,ˌpɪɡˈhɛdɪd
pigheadedly,ˌpɪɡˈhɛdɪdli
pigheadedness,ˌpɪɡˈhɛdɪdnəs
pigments,ˈpɪɡmənts
pigs,pɪɡz
pigsticked,ˈpɪɡstɪkt
pigsticks,ˈpɪɡstɪks
pigtailed,ˈpɪɡteɪld
pikes,paɪks
pikestaves,ˈpaɪksteɪvz
pilchard,ˈpɪltʃərd
pilchards,ˈpɪltʃərdz
pileate,ˈpaɪliət
piles,paɪlz
pilfered,ˈpɪlfərd
pilfers,ˈpɪlfərz
pilgrimages,ˈpɪlɡrəmɪdʒɪz
pillages,ˈpɪlɪdʒɪz
pillared,ˈpɪlərd
pillars,ˈpɪlərz
pilled,pɪld
pillhead,ˈpɪlhɛd
pillheads,ˈpɪlhɛdz
pillories,ˈpɪləriz
pillowed,ˈpɪloʊd
pillows,ˈpɪloʊz
pills,pɪlz
pilots,ˈpaɪləts
pimped,pɪmpt
pimps,pɪmps
pinch,pɪntʃ
pinchbeck,ˈpɪntʃbɛk
pinchbecks,ˈpɪntʃbɛks
pinchbug,ˈpɪntʃbʌɡ
pinchbugs,ˈpɪntʃbʌɡz
pincheck,ˈpɪntʃɛk
pinchecks,ˈpɪntʃɛks
pinched,pɪntʃt
pincher,ˈpɪntʃər
pinchers,ˈpɪntʃərz
pinches,ˈpɪntʃɪz
pinching,ˈpɪntʃɪŋ
pinchpennies,ˈpɪntʃpɛniz
pinchpenny,ˈpɪntʃpɛni
pincushion,ˈpɪnkʊʃən
pincushions,ˈpɪnkʊʃənz
pinealectomises,ˌpɪniəˈlɛktəmaɪzɪz
pinealectomizes,ˌpɪniəˈlɛktəmaɪzɪz
pines,paɪnz
pinfeather,ˈpɪnfɛðər
pinfeathers,ˈpɪnfɛðərz
pinfolds,ˈpɪnfoʊldz
pinged,pɪŋd
pings,pɪŋz
pinhead,ˈpɪnhɛd
pinheaded,ˈpɪnhɛdɪd
pinheadedness,ˈpɪnhɛdɪdnəs
pinheads,ˈpɪnhɛdz
pinioned,ˈpɪnjənd
pinions,ˈpɪnjənz
pinked,pɪŋkt
pinkened,ˈpɪŋkənd
pinkens,ˈpɪŋkənz
pinkeye,ˈpɪŋkaɪ
pinkeyes,ˈpɪŋkaɪz
pinks,pɪŋks
pinnacles,ˈpɪnəkəlz
pinnate,ˈpɪneɪt
pinnately,ˈpɪneɪtli
pinned,pɪnd
pinot,ˈpiːnoʊ
pinots,ˈpiːnoʊz
pinpoints,ˈpɪnpɔɪnts
pinpricked,ˈpɪnprɪkt
pinpricks,ˈpɪnprɪks
pins,pɪnz
pint,paɪnt
pintles,ˈpaɪntəlz
pints,paɪnts
pintsize,ˈpaɪntsaɪz
pintsized,ˈpaɪntsaɪzd
pinwheeled,ˈpɪnhwiːld
pinwheels,ˈpɪnhwiːlz
pioneered,ˌpaɪəˈnɪərd
pioneers,ˌpaɪəˈnɪərz
pipelines,ˈpaɪplaɪnz
pipes,paɪps
pipets,paɪˈpɛts
pipette,ˌpaɪˈpɛt
pipettes,paɪˈpɛts
pipped,pɪpt
pips,pɪps
pique,piːk
piqued,piːkt
piques,piːks
piquet,pɪˈkɛt
piquing,ˈpiːkɪŋ
pirate,ˈpaɪrət
pirates,ˈpaɪrəts
pirogue,pɪˈroʊɡ
pirogues,pɪˈroʊɡz
piroque,pɪˈroʊɡ
piroques,pɪˈroʊɡz
pirouette,ˌpɪruˈɛt
pirouetted,ˌpɪruˈɛtɪd
pirouettes,ˌpɪruˈɛts
pirouetting,ˌpɪruˈɛtɪŋ
pished,pɪʃt
pishes,ˈpɪʃɪz
pissed,pɪst
pisses,ˈpɪsɪz
pistache,pɪˈstæʃ
pistaches,pɪˈstæʃɪz
pistachio,pɪˈstæʃioʊ
pistachios,pɪˈstæʃioʊz
pistillate,ˈpɪstɪlɪt
pistoled,ˈpɪstəld
pistolled,ˈpɪstəld
pistolling,ˈpɪstəlɪŋ
pistols,ˈpɪstəlz
pitapats,ˈpɪtəpæts
pitched,pɪtʃt
pitches,ˈpɪtʃɪz
pitchforked,ˈpɪtʃfɔːrkt
pitchforks,ˈpɪtʃfɔːrks
pitchpoles,ˈpɪtʃpoʊlz
pitchwomen,ˈpɪtʃwɪmɪn
pithead,ˈpɪthɛd
pitheads,ˈpɪthɛdz
pithed,pɪθt
piths,pɪθs
pities,ˈpɪtiz
pits,pɪts
pivots,ˈpɪvəts
pixelates,ˈpɪksəleɪts
placards,ˈplækɑːrdz
placates,ˈpleɪkeɪts
placative,ˈplækətɪv
placekicked,ˈpleɪskɪkt
placekicks,ˈpleɪskɪks
places,ˈpleɪsɪz
plagiarises,ˈpleɪdʒəraɪzɪz
plagiarizes,ˈpleɪdʒəraɪzɪz
plague,pleɪɡ
plagued,pleɪɡd
plagues,pleɪɡz
plaguey,ˈpleɪɡi
plaguily,ˈpleɪɡɪli
plaguing,ˈpleɪɡɪŋ
plaguy,ˈpleɪɡi
plaid,plæd
plaided,ˈplædɪd
plaids,plædz
plainchant,ˈpleɪntʃænt
plainchants,ˈpleɪntʃænts
plaintive,ˈpleɪntɪv
plaintively,ˈpleɪntɪvli
plaintiveness,ˈpleɪntɪvnəs
plaits,plæts
planch,plæntʃ
planche,plæntʃ
plancher,ˈplæntʃər
planchers,ˈplæntʃərz
planches,ˈplæntʃɪz
planchet,ˈplæntʃɪt
planchets,ˈplæntʃɪts
planchette,plænˈʃɛt
planchettes,plænˈʃɛts
planes,pleɪnz
planettes,plænˈʃɛts
planished,ˈplænɪʃt
planishes,ˈplænɪʃtɪz
planked,plæŋkt
planks,plæŋks
planned,plænd
plans,plænz
plants,plænts
plaque,plæk
plaques,plæks
plashed,plæʃt
plashes,ˈplæʃɪz
plasmolyses,plæzˈmɒlɪsiːz
plasmolyzes,plæzˈmɒlɪsiːz
plastered,ˈplæstərd
plasters,ˈplæstərz
plasticises,ˈplæstɪsaɪzɪz
plasticizes,ˈplæstɪsaɪzɪz
plastinates,ˈplæstɪneɪts
plastique,plæˈstiːk
plastiques,plæˈstiːks
plateaued,plæˈtoʊd
plateaus,plæˈtoʊz
plateaux,plæˈtoʊz
plateresque,ˌplætəˈrɛsk
plates,pleɪts
platinises,ˈplætɪnaɪzɪz
platinizes,ˈplætɪnaɪzɪz
platitudinises,ˌplætɪˈtuːdɪnaɪzɪz
platitudinizes,ˌplætɪˈtuːdɪnaɪzɪz
platooned,pləˈtuːnd
platoons,pləˈtuːnz
plats,plæts
plausive,ˈplɔːsɪv
plausively,ˈplɔːsɪvli
playacts,ˈpleɪækts
playdown,ˈpleɪdaʊn
playdowns,ˈpleɪdaʊnz
played,pleɪd
plays,pleɪz
playsuit,ˈpleɪsuːt
playsuits,ˈpleɪsuːts
playwear,ˈpleɪwɛr
playwright,ˈpleɪraɪt
playwrighting,ˈpleɪraɪtɪŋ
playwrights,ˈpleɪraɪts
pleach,pliːtʃ
pleached,pliːtʃt
pleaches,ˈpliːtʃɪz
pleaching,ˈpliːtʃɪŋ
pleads,pliːdz
pleasance,ˈplɛzəns
pleasances,ˈplɛzənsɪz
pleasant,ˈplɛzənt
pleasanter,ˈplɛzəntər
pleasantest,ˈplɛzəntɪst
pleasantly,ˈplɛzəntli
pleasantness,ˈplɛzəntnəs
pleasantries,ˈplɛzəntriz
pleasantry,ˈplɛzəntri
pleases,ˈpliːzɪz
pleasurability,ˌplɛʒərəˈbɪlɪti
pleasurable,ˈplɛʒərəbəl
pleasurableness,ˈplɛʒərəbəlnəs
pleasurably,ˈplɛʒərəbli
pleasure,ˈplɛʒər
pleasured,ˈplɛʒərd
pleasureless,ˈplɛʒərləs
pleasures,ˈplɛʒərz
pleasuring,ˈplɛʒərɪŋ
pleats,pliːts
pledges,ˈplɛdʒɪz
plench,plɛntʃ
plenches,ˈplɛntʃɪz
plenished,ˈplɛnɪʃt
plenishes,ˈplɛnɪʃɪz
plenitudes,ˈplɛnɪtjuːdz
plentitudes,ˈplɛntɪtuːdz
plight,plaɪt
plighted,ˈplaɪtɪd
plighter,ˈplaɪtər
plighters,ˈplaɪtərz
plighting,ˈplaɪtɪŋ
plights,plaɪts
plinked,plɪŋkt
plinks,plɪŋks
plisse,plɪˈseɪ
plisses,plɪˈseɪz
plods,plɒdz
plonked,plɒŋkt
plonks,plɒŋks
plopped,plɒpt
plops,plɒps
plosive,ˈploʊsɪv
plosives,ˈploʊsɪvz
plots,plɒts
plotzes,ˈplɒtsɪz
plough,plaʊ
ploughback,ˈplaʊbæk
ploughbacks,ˈplaʊbæks
ploughboy,ˈplaʊbɔɪ
ploughboys,ˈplaʊbɔɪz
ploughed,plaʊd
plougher,ˈplaʊər
ploughers,ˈplaʊərz
ploughhead,ˈplaʊhɛd
ploughheads,ˈplaʊhɛdz
ploughing,ˈplaʊɪŋ
ploughland,ˈplaʊlænd
ploughlands,ˈplaʊlændz
ploughman,ˈplaʊmən
ploughmen,ˈplaʊmən
ploughs,plaʊz
ploughshare,ˈplaʊʃɛr
ploughshares,ˈplaʊʃɛrz
plow,plaʊ
plowable,ˈplaʊəbəl
plowback,ˈplaʊbæk
plowbacks,ˈplaʊbæks
plowboy,ˈplaʊbɔɪ
plowboys,ˈplaʊbɔɪz
plowed,plaʊd
plower,ˈplaʊər
plowers,ˈplaʊərz
plowhead,ˈplaʊhɛd
plowheads,ˈplaʊhɛdz
plowing,ˈplaʊɪŋ
plowland,ˈplaʊlænd
plowlands,ˈplaʊlændz
plowman,ˈplaʊmən
plowmen,ˈplaʊmən
plows,plaʊz
plowshare,ˈplaʊʃɛr
plowshares,ˈplaʊʃɛrz
ployed,plɔɪd
ploys,plɔɪz
plucked,plʌkt
plucks,plʌks
plugged,plʌɡd
plugs,plʌɡz
plumate,ˈpluːmeɪt
plumbed,plʌmd
plumbs,plʌmz
plumes,pluːmz
plummets,ˈplʌmɪts
plumped,plʌmpt
plumpened,ˈplʌmpənd
plumpens,ˈplʌmpənz
plumps,plʌmps
plundered,ˈplʌndərd
plunders,ˈplʌndərz
plunges,ˈplʌndʒɪz
plunked,plʌŋkt
plunks,plʌŋks
pluralises,ˈplʊərəlaɪzɪz
pluralizes,ˈplʊərəlaɪzɪz
pluses,ˈplʌsɪz
poach,poʊtʃ
poached,poʊtʃt
poacher,ˈpoʊtʃər
poachers,ˈpoʊtʃərz
poaches,ˈpoʊtʃɪz
poachier,ˈpoʊtʃiər
poachiest,ˈpoʊtʃiɪst
poaching,ˈpoʊtʃɪŋ
poachy,ˈpoʊtʃi
pochard,ˈpoʊtʃərd
pochards,ˈpoʊtʃərdz
pocked,pɑkt
pockets,ˈpɒkɪts
pockmarked,ˈpɒkmɑːrkt
pockmarks,ˈpɒkmɑːrks
pocks,pɒks
podcasts,ˈpɒdkæsts
podsolises,ˈpɒdsɒlaɪzɪz
podsolizes,ˈpɒdsɒlaɪzɪz
podzolises,ˈpɒdzɒlaɪzɪz
podzolizes,ˈpɒdzɒlaɪzɪz
poeticises,poʊˈɛtɪsaɪzɪz
poeticizes,poʊˈɛtɪsaɪzɪz
poetises,ˈpoʊɪtaɪzɪz
poetizes,ˈpoʊɪtaɪzɪz
pogos,ˈpoʊɡoʊz
pogromed,ˈpɒɡrəmd
pogroms,ˈpɒɡrəmz
poilu,ˈpwɑːluː
poilus,ˈpwɑːluːz
poinds,pɔɪndz
points,pɔɪnts
poises,ˈpɔɪzɪz
poisoned,ˈpɔɪzənd
poisons,ˈpɔɪzənz
pokes,poʊks
polarises,ˈpoʊləraɪzɪz
polarizes,ˈpoʊləraɪzɪz
poleaxe,ˈpoʊlæks
poleaxed,ˈpoʊlækst
poleaxes,ˈpoʊlæksɪz
polemicises,pəˈlɛmɪsaɪzɪz
polemicizes,pəˈlɛmɪsaɪzɪz
polemises,pəˈlɛmɪsaɪzɪz
polemizes,pəˈlɛmɪsaɪzɪz
poles,poʊlz
polices,pəˈliːsɪz
policewomen,pəˈliːswɪmɪn
polished,ˈpɒlɪʃt
polishes,ˈpɒlɪʃɪz
politicalizes,pəˈlɪtɪkəlaɪzɪz
politicises,pəˈlɪtɪsaɪzɪz
politicizes,pəˈlɪtɪsaɪzɪz
politicked,ˈpɒlɪtɪkt
politicks,ˈpɒlɪtɪks
polkaed,ˈpoʊlkəd
polkas,ˈpoʊlkəz
pollards,ˈpɒlərdz
polled,poʊld
pollened,ˈpɒlənd
pollenises,ˈpɒlənaɪzɪz
pollenizes,ˈpɒlənaɪzɪz
pollens,ˈpɒlənz
pollinates,ˈpɒlɪneɪts
pollinizes,ˈpɒlɪnaɪzɪz
polls,poʊlz
pollutes,pəˈluːts
pollutive,pəˈluːtɪv
polychromes,ˈpɒlikroʊmz
polygamises,pəˈlɪɡəmaɪzɪz
polygamizes,pəˈlɪɡəmaɪzɪz
polygrahed,pəˈlɪɡræft
polygraphed,ˈpɒlɪɡræft
polygraphs,ˈpɒliɡræfs
polymerises,pəˈlɪməraɪzɪz
polymerizes,pəˈlɪməraɪzɪz
polyplicate,ˌpɒliˈplɪkət
polyunsaturate,ˌpɒliʌnˈsætʃəreɪt
polyunsaturates,ˌpɒliʌnˈsætʃəreɪts
pomades,pɒˈmeɪdz
pomegranate,ˈpɒmɪɡrænɪt
pomegranates,ˈpɒmɪɡrænɪts
pommeled,ˈpʌməld
pommelled,ˈpʌməld
pommelling,ˈpʌməlɪŋ
pommels,ˈpʌməlz
pompadour,ˈpɒmpədɔːr
pompadoured,ˈpɒmpədɔːrd
pompadouring,ˈpɒmpədɔːrɪŋ
pompadours,ˈpɒmpədɔːrz
ponces,ˈpɒnsɪz
poncho,ˈpɒntʃoʊ
ponchos,ˈpɒntʃoʊz
pondered,ˈpɒndərd
ponders,ˈpɒndərz
ponds,pɒndz
ponged,pɒŋd
pongs,pɒŋz
poniards,ˈpɒnjərdz
ponies,ˈpoʊniz
pontificate,pɒnˈtɪfɪkət
pontificates,pɒnˈtɪfɪkeɪts,(verb),or,pɒnˈtɪfɪkəts,(noun)
ponytailed,ˈpoʊniteɪld
ponytails,ˈpoʊniteɪlz
pooch,puːtʃ
pooched,puːtʃt
pooches,ˈpuːtʃɪz
pooching,ˈpuːtʃɪŋ
poofed,puːft
poofs,puːfs
poohed,puːd
poohs,puːz
pooled,puːld
pools,puːlz
pooped,puːpt
poops,puːps
poove,puːv
pooves,puːvz
popeyed,ˈpɒpaɪd
popped,pɒpt
popples,ˈpɒpəlz
poppyhead,ˈpɒpihɛd
poppyheads,ˈpɒpihɛdz
pops,pɒps
popularises,ˈpɒpjʊləraɪzɪz
popularizes,ˈpɒpjʊləraɪzɪz
populates,ˈpɒpjʊleɪts
porcelainises,ˈpɔːrsəlɪnaɪzɪz
porcelainizes,ˈpɔːrsəlɪnaɪzɪz
porcellaneous,ˌpɔːrsəˈleɪniəs
porch,pɔːrtʃ
porched,pɔːrtʃt
porches,ˈpɔːrtʃɪz
pores,pɔːrz
porkchop,ˈpɔːrktʃɒp
porkchops,ˈpɔːrktʃɒps
porpoise,ˈpɔːrpəs
porpoises,ˈpɔːrpəsɪz
portaled,ˈpɔːrtəld
portative,ˈpɔːrtətɪv
portends,pɔːrˈtɛndz
portered,ˈpɔːrtərd
porters,ˈpɔːrtərz
portioned,ˈpɔːrʃənd
portions,ˈpɔːrʃənz
portmanteaux,pɔːrtˈmæntoʊz
portrayed,pɔːrˈtreɪd
portrays,pɔːrˈtreɪz
ports,pɔːrts
poses,ˈpoʊzɪz
positioned,pəˈzɪʃənd
positions,pəˈzɪʃənz
positive,ˈpɒzɪtɪv
positively,ˈpɒzɪtɪvli
positiveness,ˈpɒzɪtɪvnəs
positives,ˈpɒzɪtɪvz
posits,ˈpɒzɪts
possed,pɒst
posses,ˈpɒsiz
possessed,pəˈzɛst
possesses,pəˈzɛsɪz
possessive,pəˈzɛsɪv
possessively,pəˈzɛsɪvli
possessiveness,pəˈzɛsɪvnəs
possessives,pəˈzɛsɪvz
post,poʊst
postbaccalaureate,ˌpoʊstˌbækəˈlɔːriət
postbag,ˈpoʊstbæɡ
postbags,ˈpoʊstbæɡz
postbox,ˈpoʊstbɒks
postboxes,ˈpoʊstbɒksɪz
postboy,ˈpoʊstbɔɪ
postboys,ˈpoʊstbɔɪz
postcard,ˈpoʊstkɑːrd
postcardlike,ˈpoʊstkɑːrdlaɪk
postcards,ˈpoʊstkɑːrdz
postcode,ˈpoʊstkoʊd
postcodes,ˈpoʊstkoʊdz
postcollegiate,ˌpoʊstkəˈliːdʒɪət
postcoup,ˌpoʊstˈkuː
postdates,ˌpoʊstˈdeɪts
postdeadline,ˌpoʊstˈdɛdlaɪn
postdoctorate,ˌpoʊstˈdɒktərət
postdoctorates,ˌpoʊstˈdɒktərəts
postedits,ˌpoʊstˈɛdɪts
posteruptive,ˌpoʊstɪˈrʌptɪv
postfixed,ˈpoʊstfɪkst
postfixes,ˈpoʊstfɪksɪz
postflight,ˌpoʊstˈflaɪt
postformed,ˈpoʊstfɔːrmd
postforms,ˈpoʊstfɔːrmz
postgraduate,ˌpoʊstˈɡrædʒʊət
postgraduates,ˌpoʊstˈɡrædʒʊəts
postheats,ˌpoʊstˈhiːts
posthole,ˈpoʊsthoʊl
postholes,ˈpoʊsthoʊlz
postiche,pɒˈstiːʃ
postiches,pɒˈstiːʃɪz
postique,pɒˈtiːk
postiques,pɒˈtiːks
postlaunch,ˌpoʊstˈlɔːntʃ
postliterate,ˌpoʊstˈlɪtərət
postman,ˈpoʊstmən
postmark,ˈpoʊstmɑːrk
postmarked,ˈpoʊstmɑːrkt
postmarking,ˈpoʊstmɑːrkɪŋ
postmarks,ˈpoʊstmɑːrks
postmaster,ˈpoʊstˌmæstər
postmasters,ˈpoʊstˌmæstərz
postmastership,ˈpoʊstˌmæstərʃɪp
postmasterships,ˈpoʊstˌmæstərʃɪps
postmen,ˈpoʊstmən
postmidnight,ˌpoʊstˈmɪdnaɪt
postoperative,ˌpoʊstˈɒpərətɪv
postoperatively,ˌpoʊstˈɒpərətɪvli
postpaid,ˌpoʊstˈpeɪd
postpones,poʊstˈpoʊnz
postpositive,ˌpoʊstˈpɒzɪtɪv
postpositively,ˌpoʊstˈpɒzɪtɪvli
posts,poʊsts
postsync,ˌpoʊstˈsɪŋk
postsynced,ˌpoʊstˈsɪŋkt
postsyncing,ˌpoʊstˈsɪŋkɪŋ
postsyncs,ˌpoʊstˈsɪŋks
posttensioned,ˌpoʊstˈtɛnʃənd
posttensions,ˌpoʊstˈtɛnʃənz
postulate,ˈpɒstʃʊleɪt
postulates,ˈpɒstʃʊleɪts,(verb),or,ˈpɒstʃʊləts,(noun)
postures,ˈpɒstʃərz
potboiled,ˈpɒtbɔɪld
potboils,ˈpɒtbɔɪlz
potentiates,pəˈtɛnʃieɪts
pothead,ˈpɒthɛd
potheads,ˈpɒthɛdz
pothered,ˈpɒðərd
pothers,ˈpɒðərz
potiche,poʊˈtiːʃ
potiches,poʊˈtiːʃɪz
potlached,ˈpɒtlætʃt
potlaches,ˈpɒtlætʃɪz
potlatched,ˈpɒtlætʃt
potlatches,ˈpɒtlætʃɪz
potpourri,ˌpoʊpʊˈriː
potpourris,ˌpoʊpʊˈriːz
pots,pɒts
potshots,ˈpɒtʃɒts
pottered,ˈpɒtərd
potters,ˈpɒtərz
pouch,paʊtʃ
pouched,paʊtʃt
pouches,ˈpaʊtʃɪz
pouchier,ˈpaʊtʃiər
pouchiest,ˈpaʊtʃiɪst
pouching,ˈpaʊtʃɪŋ
pouchy,ˈpaʊtʃi
poufed,puːft
pouffed,puːft
poulard,puːˈlɑːrd
poularde,puːˈlɑːrd
poulardes,puːˈlɑːrdz
poulards,puːˈlɑːrdz
poult,poʊlt
poulter,ˈpoʊltər
poulterer,ˈpoʊltərər
poulterers,ˈpoʊltərərəz
poulters,ˈpoʊltərz
poultice,ˈpoʊltɪs
poulticed,ˈpoʊltɪst
poultices,ˈpoʊltɪsɪz
poulticing,ˈpoʊltɪsɪŋ
poultries,ˈpoʊltriz
poultry,ˈpoʊltri
poultryman,ˈpoʊltrimən
poultrymen,ˈpoʊltrimən
poults,poʊlts
pounces,ˈpaʊnsɪz
pounds,paʊndz
pour,pɔːr
pourable,ˈpɔːrəbəl
pourboire,pʊərˈbwɑːr
pourboires,pʊərˈbwɑːrz
poured,pɔːrd
pourer,ˈpɔːrər
pourers,ˈpɔːrərz
pouring,ˈpɔːrɪŋ
pouringly,ˈpɔːrɪŋli
pourparler,pʊərˈpɑːrleɪ
pourparlers,pʊərˈpɑːrleɪz
pourpoint,ˈpʊərpɔɪnt
pourpoints,ˈpʊərpɔɪnts
pours,pɔːrz
poussette,puːˈsɛt
poussetted,puːˈsɛtɪd
poussettes,puːˈsɛts
poussetting,puːˈsɛtɪŋ
poussin,ˈpuːsæ̃
poussins,ˈpuːsæ̃z
pouts,paʊts
pove,puːv
pow,paʊ
powder,ˈpaʊdər
powdered,ˈpaʊdərd
powderer,ˈpaʊdərər
powderers,ˈpaʊdərərəz
powdering,ˈpaʊdərɪŋ
powderless,ˈpaʊdərləs
powderlike,ˈpaʊdərlaɪk
powderpuff,ˈpaʊdərpʌf
powders,ˈpaʊdərz
powdery,ˈpaʊdəri
power,ˈpaʊər
powerboat,ˈpaʊərboʊt
powerboats,ˈpaʊərboʊts
powerbroker,ˈpaʊərbroʊkər
powerbrokers,ˈpaʊərbroʊkərz
powered,ˈpaʊərd
powerful,ˈpaʊərfʊl
powerfully,ˈpaʊərfʊli
powerhouse,ˈpaʊərhaʊs
powerhouses,ˈpaʊərhaʊsɪz
powering,ˈpaʊərɪŋ
powerless,ˈpaʊərləs
powerlessly,ˈpaʊərləsli
powerlessness,ˈpaʊərləsnəs
powerpoint,ˈpaʊərpɔɪnt
powerpoints,ˈpaʊərpɔɪnts
powers,ˈpaʊərz
pows,paʊz
powter,ˈpaʊtər
powters,ˈpaʊtərz
powwow,ˈpaʊwaʊ
powwowed,ˈpaʊwaʊd
powwowing,ˈpaʊwaʊɪŋ
powwows,ˈpaʊwaʊz
poxed,pɒkst
poxes,ˈpɒksɪz
poyou,ˈpɔɪuː
poyous,ˈpɔɪuːz
practices,ˈpræktɪsɪz
practises,ˈpræktɪsɪz
praecava,priːˈkeɪvə
praecavae,priːˈkeɪviː
praecaval,priːˈkeɪvəl
praecipe,ˈprɛsɪpi
praecipes,ˈprɛsɪpiz
praefect,ˈpriːfɛkt
praefects,ˈpriːfɛkts
praelect,priːˈlɛkt
praelected,priːˈlɛktɪd
praelecting,priːˈlɛktɪŋ
praelects,priːˈlɛkts
praesidia,prɪˈsɪdiə
praesidium,prɪˈsɪdiəm
praesidiums,prɪˈsɪdiəmz
praetor,ˈpriːtər
praetoria,priːˈtɔːriə
praetorial,priːˈtɔːriəl
praetorian,priːˈtɔːriən
praetorians,priːˈtɔːriənz
praetorium,priːˈtɔːriəm
praetors,ˈpriːtərz
praetorship,ˈpriːtərʃɪp
praetorships,ˈpriːtərʃɪps
praises,ˈpreɪzɪz
prances,ˈprænsɪz
pranged,præŋd
prangs,præŋz
pranked,præŋkt
pranks,præŋks
prates,preɪts
pratique,præˈtiːk
pratiques,præˈtiːks
prattles,ˈprætəlz
prawned,prɔːnd
prawns,prɔːnz
prays,preɪz
preach,priːtʃ
preached,priːtʃt
preacher,ˈpriːtʃər
preachers,ˈpriːtʃərz
preaches,ˈpriːtʃɪz
preachier,ˈpriːtʃiər
preachiest,ˈpriːtʃiɪst
preachified,ˈpriːtʃɪfaɪd
preachifies,ˈpriːtʃɪfaɪz
preachify,ˈpriːtʃɪfaɪ
preachifying,ˈpriːtʃɪfaɪɪŋ
preachily,ˈpriːtʃɪli
preachiness,ˈpriːtʃinəs
preaching,ˈpriːtʃɪŋ
preachingly,ˈpriːtʃɪŋli
preachment,ˈpriːtʃmənt
preachments,ˈpriːtʃmænts
preachy,ˈpriːtʃi
preacts,priːˈækts
preadaptive,ˌpriːəˈdæptɪv
preadapts,ˌpriːəˈdæpts
preadopts,ˌpriːəˈdɒpts
preageing,priːˈeɪdʒɪŋ
preages,priːˈeɪdʒɪz
preallots,ˌpriːəˈlɒts
preapprove,ˌpriːəˈpruːv
preapproved,ˌpriːəˈpruːvd
preapproves,ˌpriːəˈpruːvz
preapproving,ˌpriːəˈpruːvɪŋ
prearmed,priːˈɑːrmd
prearms,priːˈɑːrmz
prearranges,ˌpriːəˈreɪndʒɪz
preassembles,ˌpriːəˈsɛmbəlz
preassigned,ˌpriːəˈsaɪnd
preassigns,ˌpriːəˈsaɪnz
preaudits,priːˈɔːdɪts
prebakes,priːˈbeɪks
prebilled,priːˈbɪld
prebills,priːˈbɪlz
prebind,priːˈbaɪnd
prebinding,priːˈbaɪndɪŋ
prebinds,priːˈbaɪndz
preblessed,priːˈblɛst
preblesses,priːˈblɛsɪz
preboiled,priːˈbɔɪld
preboils,priːˈbɔɪlz
prebreakfast,priːˈbrɛkfəst
precanceled,priːˈkænsəld
precancelled,priːˈkænsəld
precancelling,priːˈkænsəlɪŋ
precancels,priːˈkænsəlz
precasts,priːˈkæsts
precautioned,prɪˈkɔːʃənd
precautions,prɪˈkɔːʃənz
precedes,priːˈsiːdz
precensors,priːˈsɛnsərz
precents,prɪˈsɛnts
preceptive,prɪˈsɛptɪv
precepts,ˈpriːsɛpts
precertifies,priːˈsɜːrtɪfaɪz
precessed,prɪˈsɛst
precesses,prɪˈsɛsɪz
precharge,priːˈtʃɑːrdʒ
precharged,priːˈtʃɑːrdʒd
precharges,priːˈtʃɑːrdʒɪz
precharging,priːˈtʃɑːrdʒɪŋ
precheck,priːˈtʃɛk
prechecked,priːˈtʃɛkt
prechecking,priːˈtʃɛkɪŋ
prechecks,priːˈtʃɛks
prechill,priːˈtʃɪl
prechilled,priːˈtʃɪld
prechilling,priːˈtʃɪllɪŋ
prechills,priːˈtʃɪlz
precieux,ˈpreɪsɪɜː
precipitate,prɪˈsɪpɪtət
precipitately,prɪˈsɪpɪtətli
precipitateness,prɪˈsɪpɪtətnəs
precipitates,prɪˈsɪpɪteɪts,(verb),or,prɪˈsɪpɪtəts,(noun)
precipitative,prɪˈsɪpɪtətɪv
precis,preɪˈsiː
precised,preɪˈsiːd
precises,preɪˈsiːz
precleaned,priːˈkliːnd
precleans,priːˈkliːnz
precleared,priːˈklɪərd
preclears,priːˈklɪərz
precludes,prɪˈkluːdz
preclusive,prɪˈkluːsɪv
preclusively,prɪˈkluːsɪvli
precodes,priːˈkoʊdz
precognitive,ˌpriːkɒɡˈnɪtɪv
precollegiate,ˌpriːkəˈliːdʒɪət
precomputes,ˌpriːkəmˈpjuːts
preconceive,ˌpriːkənˈsiːv
preconceived,ˌpriːkənˈsiːvd
preconceives,ˌpriːkənˈsiːvz
preconceiving,ˌpriːkənˈsiːvɪŋ
preconcerts,ˌpriːkənˈsɜːrts
preconditioned,ˌpriːkənˈdɪʃənd
preconditions,ˌpriːkənˈdɪʃənz
precooked,priːˈkʊkt
precooks,priːˈkʊks
precooled,priːˈkuːld
precools,priːˈkuːlz
precoup,priːˈkuː
precreases,priːˈkriːsɪz
precures,priːˈkjʊərz
precuts,priːˈkʌts
predates,priːˈdeɪts
predeceases,ˌpriːdɪˈsiːsɪz
predesignates,ˌpriːˈdɛzɪɡneɪts
predesigned,ˌpriːdɪˈzaɪnd
predesigns,ˌpriːdɪˈzaɪnz
predestinates,prɪˈdɛstɪneɪts
predestine,prɪˈdɛstɪn
predestined,prɪˈdɛstɪnd
predestines,prɪˈdɛstɪnz
predetermine,ˌpriːdɪˈtɜːrmɪn
predetermined,ˌpriːdɪˈtɜːrmɪnd
predetermines,ˌpriːdɪˈtɜːrmɪnz
predeveloped,ˌpriːdɪˈvɛləpt
predevelops,ˌpriːdɪˈvɛlɒps
predialed,priːˈdaɪəld
predials,priːˈdaɪəlz
predicate,ˈprɛdɪkət
predicates,ˈprɛdɪkeɪts,(verb),or,ˈprɛdɪkəts,(noun)
predicative,prɪˈdɪkətɪv
predicatively,prɪˈdɪkətɪvli
predictive,prɪˈdɪktɪv
predictively,prɪˈdɪktɪvli
predicts,prɪˈdɪkts
predigests,ˌpriːdaɪˈdʒɛsts
predischarge,priːˈdɪstʃɑːrdʒ
predischarged,priːˈdɪstʃɑːrdʒd
predischarges,priːˈdɪstʃɑːrdʒɪz
predischarging,priːˈdɪstʃɑːrdʒɪŋ
predisposes,ˌpriːdɪˈspoʊzɪz
predominates,prɪˈdɒmɪneɪts
predrilled,priːˈdrɪld
predrills,priːˈdrɪlz
preedits,priːˈɛdɪts
preelects,ˌpriːɪˈlɛkts
preemptive,priːˈɛmptɪv
preemptively,priːˈɛmptɪvli
preempts,priːˈɛmpts
preenacts,ˌpriːɪˈnækts
preened,priːnd
preens,priːnz
prees,priːz
preestablished,ˌpriːɪˈstæblɪʃt
preestablishes,ˌpriːɪˈstæblɪʃɪz
preexists,ˌpriːɪɡˈzɪsts
prefabbed,priːˈfæbd
prefabricates,priːˈfæbrɪkeɪts
prefabs,priːˈfæbz
prefaces,ˈprefəsɪz
prefades,priːˈfeɪdz
preferred,prɪˈfɜːrd
prefers,prɪˈfɜːrz
prefetched,priːˈfɛtʃt
prefetches,priːˈfɛtʃɪz
prefight,priːˈflaɪt
prefigurative,prɪˈfɪɡjʊrətɪv
prefiguratively,prɪˈfɪɡjʊrətɪvli
prefigurativeness,prɪˈfɪɡjʊrətɪvnəs
prefigures,prɪˈfɪɡjʊərz
prefiles,priːˈfaɪlz
prefilled,priːˈfɪld
prefinances,priːˈfaɪnænsɪz
prefires,priːˈfaɪərz
prefixed,priːˈfɪkst
prefixes,ˈpriːfɪksɪz
prefocuses,priːˈfoʊkəsɪz
prefocussed,priːˈfoʊkəst
prefocusses,priːˈfoʊkəsɪz
prefocussing,priːˈfoʊkəsɪŋ
preformats,priːˈfɔːrmæts
preformed,priːˈfɔːrmd
preforms,priːˈfɔːrmz
preformulates,priːˈfɔːrmjʊleɪts
prefranked,priːˈfræŋkt
prefreezes,priːˈfriːzɪz
preheadache,priːˈhɛdeɪk
preheats,priːˈhiːts
preinterviewed,ˌpriːˈɪntərvjuːd
preinterviews,ˌpriːˈɪntərvjuːz
prejudges,ˌpriːˈdʒʌdʒɪz
prejudices,ˈprɛdʒʊdɪsɪz
prelaunch,priːˈlɔːntʃ
prelects,priːˈlɛkts
prelimits,priːˈlɪmɪts
preliterate,priːˈlɪtərət
preliterates,priːˈlɪtərəts
prelive,priːˈlɪv
prelived,priːˈlɪvd
prelives,priːˈlɪvz
preludes,ˈprɛljuːdz
prelunch,priːˈlʌntʃ
preluncheon,priːˈlʌntʃən
prelusive,priːˈluːsɪv
prelusively,priːˈluːsɪvli
premanufactures,ˌpriːmænjʊˈfæktʃərz
premeasure,priːˈmɛʒər
premeasured,priːˈmɛʒərd
premeasures,priːˈmɛʒərz
premeasuring,priːˈmɛʒərɪŋ
premeditates,prɪˈmɛdɪteɪts
premeditative,prɪˈmɛdɪtətɪv
premieres,prɪˈmɪərz
premise,ˈprɛmɪs
premised,ˈprɛmɪst
premises,ˈprɛmɪsɪz
premisses,ˈprɛmɪsɪz
premixed,priˈmɪkst
premixes,priˈmɪksɪz
premodifies,priˈmɑːdɪfaɪz
premoistened,priˈmɔɪsənd
premoistens,priˈmɔɪsənz
premolds,priˈmoʊldz
premolts,priˈmoʊlts
premonished,prɪˈmɑːnɪʃt
premonishes,prɪˈmɑːnɪʃɪz
premoulds,priˈmoʊldz
prenominates,priˈnɑːmɪneɪts
prenotifies,priˈnoʊtɪfaɪz
prentices,ˈprɛntɪsɪz
prenumbers,priˈnʌmbərz
preoccupies,priˈɑːkjʊpaɪz
preoperative,priˈɑːpərətɪv
preoperatively,priˈɑːpərətɪvli
preordained,priɔːrˈdeɪnd
preordains,priɔːrˈdeɪnz
preordered,priˈɔːrdərd
preorders,priˈɔːrdərz
prepackages,priˈpækɪdʒɪz
prepacked,priˈpækt
prepacks,priˈpæks
preparative,prɪˈpærətɪv
preparatively,prɪˈpærətɪvli
preparatives,prɪˈpærətɪvz
prepares,prɪˈpɛrz
prepastes,priˈpeɪsts
prepays,priˈpeɪz
prepends,priˈpɛndz
preplaces,priˈpleɪsɪz
preplanned,priˈplænd
preplans,priˈplænz
preponderate,prɪˈpɑːndəreɪt
preponderately,prɪˈpɑːndərətli
preponderates,prɪˈpɑːndəreɪts
preportioned,priˈpɔːrʃənd
preportions,priˈpɔːrʃənz
prepositive,priˈpɑːzətɪv
prepositively,priˈpɑːzətɪvli
prepossessed,priːpəˈzɛst
prepossesses,priːpəˈzɛsɪz
prepped,prɛpt
preprices,priˈpraɪsɪz
preprints,ˈpriːprɪnts
preprocessed,priˈprɑːsɛst
preprocesses,priˈprɑːsɛsɪz
preprogramed,priˈproʊɡræmd
preprograming,priˈproʊɡræmɪŋ
preprogrammed,priˈproʊɡræmd
preprograms,ˈpriːproʊɡræmz
preps,prɛps
prepunch,priˈpʌntʃ
prepunched,priˈpʌntʃt
prepunches,priˈpʌntʃɪz
prepunching,priˈpʌntʃɪŋ
prepurchase,priˈpɜːrtʃəs
prepurchased,priˈpɜːrtʃəst
prepurchases,priˈpɜːrtʃəsɪz
prepurchasing,priˈpɜːrtʃəsɪŋ
prequalifies,priˈkwɑːlɪfaɪz
prerecords,priːrɪˈkɔːrdz
preregistered,priˈrɛdʒɪstərd
preregisters,priˈrɛdʒɪstərz
prerehearsal,priːrɪˈhɜːrsəl
prereleases,priːrɪˈliːsɪz
prerequires,priːrɪˈkwaɪərz
prerequisite,priˈrɛkwəzɪt
prerequisites,priˈrɛkwəzɪts
prerinses,priˈrɪnsɪz
prerogative,prɪˈrɑːɡətɪv
prerogatived,prɪˈrɑːɡətɪvd
prerogatives,prɪˈrɑːɡətɪvz
presages,ˈprɛsɪdʒɪz
presanctifies,priˈsæŋktɪfaɪz
presbyterate,prɛzˈbɪtərɪt
presbyterates,prɛzˈbɪtərɪts
preschedules,priˈskɛdʒuːlz
prescinds,prɪˈsɪndz
prescores,priˈskɔːrz
prescreened,priˈskriːnd
prescreens,priˈskriːnz
prescribes,prɪˈskraɪbz
prescriptive,prɪˈskrɪptɪv
prescriptively,prɪˈskrɪptɪvli
preselects,priːsɪˈlɛkts
presentative,prɪˈzɛntətɪv
presentences,priˈsɛntənsɪz
presents,ˈprɛzənts,(nounadj),or,prɪˈzɛnts,(verb)
preservative,prɪˈzɜːrvətɪv
preservatives,prɪˈzɜːrvətɪvz
preserve,prɪˈzɜːrv
preserved,prɪˈzɜːrvd
preserves,prɪˈzɜːrvz
presets,ˈpriːsɛts
preshapes,priˈʃeɪps
preshowed,priˈʃoʊd
preshows,ˈpriːʃoʊz
preshrinks,priˈʃrɪŋks
presides,prɪˈzaɪdz
presifts,priˈsɪfts
presignifies,priˈsɪɡnɪfaɪz
preslaughter,priˈslɔːtər
preslices,priˈslaɪsɪz
presoaked,priˈsoʊkt
presoaks,priˈsoʊks
presorts,priˈsɔːrts
prespecifies,priˈspɛsɪfaɪz
pressed,prɛst
pressures,ˈprɛʃərz
pressurises,ˈprɛʃəraɪzɪz
pressurizes,ˈprɛʃəraɪzɪz
prestamped,priˈstæmpt
prestamps,priˈstæmps
presterilizes,priˈstɛrəlaɪzɪz
prestressed,priˈstrɛst
prestresses,priˈstrɛsɪz
prestructures,priˈstrʌktʃərz
presumes,prɪˈzuːmz
presumptive,prɪˈzʌmptɪv
presumptively,prɪˈzʌmptɪvli
presupposes,priːsəˈpoʊzɪz
presweetened,priˈswiːtənd
presweetens,priˈswiːtənz
pretapes,priˈteɪps
pretastes,priˈteɪsts
pretends,prɪˈtɛndz
pretensioned,priˈtɛnʃənd
pretensions,prɪˈtɛnʃənz
pretermits,priːtərˈmɪts
pretests,ˈpriːtɛsts
pretexts,ˈpriːtɛksts
pretrained,priˈtreɪnd
pretrains,priˈtreɪnz
pretreats,priˈtriːts
pretrimmed,priˈtrɪmd
pretrims,priˈtrɪmz
prettied,ˈprɪtid
prettier,ˈprɪtiər
pretties,ˈprɪtiz
prettiest,ˈprɪtiəst
prettification,ˌprɪtɪfɪˈkeɪʃən
prettifications,ˌprɪtɪfɪˈkeɪʃənz
prettified,ˈprɪtɪfaɪd
prettifier,ˈprɪtɪfaɪər
prettifiers,ˈprɪtɪfaɪərz
prettifies,ˈprɪtɪfaɪz
prettify,ˈprɪtɪfaɪ
prettifying,ˈprɪtɪfaɪɪŋ
prettily,ˈprɪtɪli
prettiness,ˈprɪtinəs
pretty,ˈprɪti
prettying,ˈprɪtiɪŋ
prettyish,ˈprɪtɪɪʃ
pretypes,priˈtaɪps
prevailed,prɪˈveɪld
prevails,prɪˈveɪldz
prevaricates,prɪˈværɪkeɪts
preventative,prɪˈvɛntətɪv
preventatives,prɪˈvɛntətɪvz
preventive,prɪˈvɛntɪv
preventively,prɪˈvɛntɪvli
preventiveness,prɪˈvɛntɪvnəs
preventives,prɪˈvɛntɪvz
prevents,prɪˈvɛnts
previewed,ˈpriːvjuːd
previews,ˈpriːvjuːz
previses,priˈvaɪzɪz
previsioned,priˈvɪʒənd
previsions,priˈvɪʒənz
prevues,ˈpriːvjuːz
prewarmed,priˈwɔːrmd
prewarms,priˈwɔːrmz
prewarned,priˈwɔːrnd
prewarns,priˈwɔːrnz
prewashed,priˈwɑːʃt
prewashes,priˈwɑːʃɪz
prewrapped,priˈræpt
prewraps,priˈræps
preyed,preɪd
preys,preɪz
prices,ˈpraɪsɪz
pricked,prɪkt
prickles,ˈprɪkəlz
pricks,prɪks
prides,praɪdz
pries,praɪz
priests,priːsts
prigged,prɪɡd
prigs,prɪɡz
prilled,prɪld
prills,prɪlz
primaeval,praɪˈmiːvəl
primaevally,praɪˈmiːvəli
primate,ˈpraɪmeɪt
primates,ˈpraɪmeɪts
primateship,ˈpraɪmeɪtʃɪp
primateships,ˈpraɪmeɪtʃɪps
primes,praɪmz
primitive,ˈprɪmətɪv
primitively,ˈprɪmətɪvli
primitiveness,ˈprɪmətɪvnəs
primitives,ˈprɪmətɪvz
primmed,prɪmd
primped,prɪmpt
primps,prɪmps
prinked,prɪŋkt
prinks,prɪŋks
printhead,ˈprɪnthɛd
printheads,ˈprɪnthɛdz
prints,prɪnts
priorate,ˈpraɪərət
priorates,ˈpraɪərəts
prioritises,praɪˈɔːrətaɪzɪz
prioritizes,praɪˈɔːrətaɪzɪz
prises,ˈpraɪzɪz
prisoned,ˈprɪzənd
prisons,ˈprɪzənz
prissed,prɪst
prisses,ˈprɪsɪz
private,ˈpraɪvət
privateered,ˌpraɪvəˈtɪrd
privateers,ˌpraɪvəˈtɪrz
privately,ˈpraɪvətli
privateness,ˈpraɪvətnəs
privates,ˈpraɪvəts
privatises,ˈpraɪvətaɪzɪz
privative,ˈprɪvətɪv
privatively,ˈprɪvətɪvli
privatives,ˈprɪvətɪvz
privatizes,ˈpraɪvətaɪzɪz
privileges,ˈprɪvlɪdʒɪz
prizefight,ˈpraɪzfaɪt
prizefighter,ˈpraɪzfaɪtər
prizefighters,ˈpraɪzfaɪtərz
prizefighting,ˈpraɪzfaɪtɪŋ
prizefightings,ˈpraɪzfaɪtɪŋz
prizefights,ˈpraɪzfaɪts
prizes,ˈpraɪzɪz
proactive,proʊˈæktɪv
probates,ˈproʊbeɪts
probative,ˈproʊbətɪv
probes,proʊbz
problematises,ˌprɑːbləmətaɪzɪz
problematizes,ˌprɑːbləmətaɪzɪz
proceeds,proʊˈsiːdz,(verb),or,ˈproʊsiːdz,(noun)
processed,ˈprɑːsɛst
processes,ˈprɑːsɛsɪz
processioned,prəˈsɛʃənd
processions,prəˈsɛʃənz
processive,prəˈsɛsɪv
proclaimed,proʊˈkleɪmd
proclaims,proʊˈkleɪmz
proconsulate,proʊˈkɑːnsəlɪt
proconsulates,proʊˈkɑːnsəlɪts
procrastinates,proʊˈkræstɪneɪts
procreates,ˈproʊkrieɪts
procreative,ˈproʊkrieɪtɪv
proctored,ˈprɑːktərd
proctors,ˈprɑːktərz
procures,prəˈkjʊərz
prods,prɑːdz
produces,prəˈduːsɪz,(verb),or,ˈproʊduːsɪz,(noun)
productive,prəˈdʌktɪv
productively,prəˈdʌktɪvli
productiveness,prəˈdʌktɪvnəs
proette,proʊˈet
proettes,proʊˈets
profanes,prəˈfeɪnz
professed,prəˈfɛst
professes,prəˈfɛsɪz
professionalises,prəˈfɛʃənəlaɪzɪz
professionalizes,prəˈfɛʃənəlaɪzɪz
professorate,prəˈfɛsərət
professorates,prəˈfɛsərəts
proffered,ˈprɑːfərd
proffers,ˈprɑːfərz
profiles,ˈproʊfaɪlz
profiteered,ˌprɑːfɪˈtɪrd
profiteers,ˌprɑːfɪˈtɪrz
profits,ˈprɑːfɪts
profligate,ˈprɑːflɪɡət
profligately,ˈprɑːflɪɡətli
profligateness,ˈprɑːflɪɡətnəs
profligates,ˈprɑːflɪɡəts
prognoses,prɑːɡˈnoʊsiːz
prognosticates,prɑːɡˈnɑːstɪkeɪts
prognosticative,prɑːɡˈnɑːstɪkeɪtɪv
progrades,ˈproʊɡreɪdz
programed,ˈproʊɡræmd
programer,ˈproʊɡræmər
programers,ˈproʊɡræmərz
programing,ˈproʊɡræmɪŋ
programmed,ˈproʊɡræmd
programmes,ˈproʊɡræmz
programs,ˈproʊɡræmz
progressed,prəˈɡrɛst
progresses,prəˈɡrɛsɪz,(verb),or,ˈprɑːɡrɛsɪz,(noun)
progressive,prəˈɡrɛsɪv
progressively,prəˈɡrɛsɪvli
progressiveness,prəˈɡrɛsɪvnəs
progressives,prəˈɡrɛsɪvz
prohibitive,proʊˈhɪbətɪv
prohibitively,proʊˈhɪbətɪvli
prohibitiveness,proʊˈhɪbətɪvnəs
prohibits,proʊˈhɪbɪts
projective,prəˈdʒɛktɪv
projectively,prəˈdʒɛktɪvli
projects,ˈprɑːdʒɛkts,(noun),or,prəˈdʒɛkts,(verb)
prolapses,proʊˈlæpsɪz
proletarianises,ˌproʊlɪˈtɛriənaɪzɪz
proletarianizes,ˌproʊlɪˈtɛriənaɪzɪz
proliferates,prəˈlɪfəreɪts
proliferative,prəˈlɪfərətɪv
prologed,ˈproʊlɔːɡd
prologises,ˈproʊləɡaɪzɪz
prologizes,ˈproʊləɡaɪzɪz
prologs,ˈproʊlɔːɡz
prologued,ˈproʊlɔːɡd
prologues,ˈproʊlɔːɡz
prologuises,ˈproʊləɡaɪzɪz
prologuizes,ˈproʊləɡaɪzɪz
prolonged,prəˈlɔːŋd
prolongs,prəˈlɔːŋz
promise,ˈprɑːmɪs
promised,ˈprɑːmɪst
promises,ˈprɑːmɪsɪz
promotes,prəˈmoʊts
promotive,prəˈmoʊtɪv
promotiveness,prəˈmoʊtɪvnəs
prompts,prɑːmpts
promulgates,ˈprɑːməlɡeɪts
promulges,prəˈmʌldʒɪz
pronates,ˈproʊneɪts
pronged,prɔːŋd
prongs,prɔːŋz
pronounces,prəˈnaʊnsɪz
proofed,pruːft
proofread,ˈpruːfriːd
proofreads,ˈpruːfriːdz
proofs,pruːfs
propagandises,ˌprɑːpəˈɡændaɪzɪz
propagandizes,ˌprɑːpəˈɡændaɪzɪz
propagates,ˈprɑːpəɡeɪts
propagative,ˈprɑːpəɡeɪtɪv
propelled,prəˈpɛld
propels,prəˈpɛlz
propends,prəˈpɛndz
prophesies,ˈprɑːfəsaɪz
propines,prəˈpaɪnz
propitiates,prəˈpɪʃieɪts
propones,prəˈpoʊnz
proportionate,prəˈpɔːrʃənət
proportionately,prəˈpɔːrʃənətli
proportionates,prəˈpɔːrʃəneɪts
proportioned,prəˈpɔːrʃənd
proportions,prəˈpɔːrʃənz
proposes,prəˈpoʊzɪz
propositioned,ˌprɑːpəˈzɪʃənd
propositions,ˌprɑːpəˈzɪʃənz
propounds,prəˈpaʊndz
propped,prɑːpt
propraetor,proʊˈpriːtər
propraetors,proʊˈpriːtərz
proprioceptive,ˌproʊprioʊˈsɛptɪv
props,prɑːps
propulsive,prəˈpʌlsɪv
prorates,ˈproʊreɪts
prorogates,ˈproʊrəɡeɪts
prorogue,prəˈroʊɡ
prorogued,prəˈroʊɡd
prorogues,prəˈroʊɡz
proroguing,prəˈroʊɡɪŋ
proscribes,proʊˈskraɪbz
proscriptive,proʊˈskrɪptɪv
proscriptively,proʊˈskrɪptɪvli
prosects,proʊˈsɛkts
prosecutes,ˈprɑːsɪkjuːts
proselytes,ˈprɑːsələts
proselytises,ˈprɑːsələtaɪzɪz
proselytizes,ˈprɑːsələtaɪzɪz
proses,ˈproʊzɪz
prospective,prəˈspɛktɪv
prospectively,prəˈspɛktɪvli
prospects,ˈprɑːspɛkts
prospered,ˈprɑːspərd
prospers,ˈprɑːspərz
prostitutes,ˈprɑːstɪtuːts
prostrates,ˈprɑːstreɪts
protective,prəˈtɛktɪv
protectively,prəˈtɛktɪvli
protectiveness,prəˈtɛktɪvnəs
protectorate,prəˈtɛktərət
protectorates,prəˈtɛktərəts
protects,prəˈtɛkts
protege,ˈproʊtəʒeɪ
protegee,ˈproʊtəʒeɪ
protegees,ˈproʊtəʒeɪz
proteges,ˈproʊtəʒeɪz
protends,proʊˈtɛndz
protensive,proʊˈtɛnsɪv
protensively,proʊˈtɛnsɪvli
protests,prəˈtɛsts,(verb),or,ˈproʊtɛsts,(noun)
protonates,ˈproʊtəneɪts
prototypes,ˈproʊtətaɪps
protractive,proʊˈtræktɪv
protracts,proʊˈtrækts
protrudes,proʊˈtruːdz
protrusive,proʊˈtruːsɪv
protrusively,proʊˈtruːsɪvli
protrusiveness,proʊˈtruːsɪvnəs
proudhearted,ˌpraʊdˈhɑːrtɪd
provable,ˈpruːvəbəl
provableness,ˈpruːvəbəlnəs
provably,ˈpruːvəbli
prove,pruːv
proved,pruːvd
proven,ˈpruːvən
provenly,ˈpruːvənli
prover,ˈpruːvər
proverbed,ˈprɑːvərbd
proverbs,ˈprɑːvərbz
provers,ˈpruːvərz
proves,pruːvz
provides,prəˈvaɪdz
provincialises,prəˈvɪnʃəlaɪzɪz
provincializes,prəˈvɪnʃəlaɪzɪz
proving,ˈpruːvɪŋ
provisioned,prəˈvɪʒənd
provisions,prəˈvɪʒənz
provocative,prəˈvɑːkətɪv
provocatively,prəˈvɑːkətɪvli
provocativeness,prəˈvɑːkətɪvnəs
provocatives,prəˈvɑːkətɪvz
provokes,prəˈvoʊks
prow,praʊ
prower,ˈpraʊər
prowess,ˈpraʊɪs
prowesses,ˈpraʊɪsɪz
prowest,ˈpraʊɪst
prowl,praʊl
prowled,praʊld
prowler,ˈpraʊlər
prowlers,ˈpraʊlərz
prowling,praʊlɪŋ
prowls,praʊlz
prows,praʊz
proximate,ˈprɑːksəmət
proximately,ˈprɑːksəmətli
proximateness,ˈprɑːksəmətnəs
proximates,ˈprɑːksəməts
prunes,pruːnz
prussianises,ˈprʌʃənaɪzɪz
prussianizes,ˈprʌʃənaɪzɪz
psalmed,sɑːmd
psalms,sɑːmz
pseudoreplicate,ˌsuːdoʊˈrɛplɪkeɪt
pseudoreplicates,ˌsuːdoʊˈrɛplɪkeɪts
pshawed,ʃɔːd
pshaws,ʃɔːz
psyched,saɪkt
psychoactive,ˌsaɪkoʊˈæktɪv
psychoanalyses,ˌsaɪkoʊəˈnæləsiːz
psychoanalyzes,ˌsaɪkoʊˈænəlaɪzɪz
psychobabbles,ˈsaɪkoʊbæbəlz
psychologises,saɪˈkɑːlədʒaɪzɪz
psychologizes,saɪˈkɑːlədʒaɪzɪz
psychosurgeon,ˌsaɪkoʊˈsɜːrdʒən
psychosurgeons,ˌsaɪkoʊˈsɜːrdʒənz
psychs,saɪks
publicises,ˈpʌblɪsaɪzɪz
publicizes,ˈpʌblɪsaɪzɪz
published,ˈpʌblɪʃt
publishes,ˈpʌblɪʃɪz
puckered,ˈpʌkərd
puckers,ˈpʌkərz
puddles,ˈpʌdəlz
puffed,pʌft
puffs,pʌfs
pugged,pʌɡd
pugh,puː
puisne,ˈpjuːni
puisnes,ˈpjuːniz
pukes,pjuːks
pules,pjuːlz
pulled,pʊld
pulls,pʊlz
pullulates,ˈpʌljəleɪts
pulmonate,ˈpʊlməneɪt
pulmonates,ˈpʊlməneɪts
pulped,pʌlpt
pulps,pʌlps
pulque,ˈpuːlkeɪ
pulques,ˈpuːlkeɪz
pulsates,ˈpʌlseɪts
pulses,ˈpʌlsɪz
pulverises,ˈpʌlvəraɪzɪz
pulverizes,ˈpʌlvəraɪzɪz
pumices,ˈpʌmɪsɪz
pummeled,ˈpʌməld
pummelled,ˈpʌməld
pummelling,ˈpʌməlɪŋ
pummels,ˈpʌməlz
pumped,pʌmpt
pumps,pʌmps
punch,pʌntʃ
punchball,ˈpʌntʃbɔːl
punchballs,ˈpʌntʃbɔːlz
punchboard,ˈpʌntʃbɔːrd
punchboards,ˈpʌntʃbɔːrdz
punched,pʌntʃt
puncheon,ˈpʌntʃən
puncheons,ˈpʌntʃənz
puncher,ˈpʌntʃər
punchers,ˈpʌntʃərz
punches,ˈpʌntʃɪz
punchier,ˈpʌntʃiər
punchiest,ˈpʌntʃiəst
punchily,ˈpʌntʃɪli
punchin,ˈpʌntʃɪn
punchinello,ˌpʌntʃɪˈnɛloʊ
punchinellos,ˌpʌntʃɪˈnɛloʊz
punching,ˈpʌntʃɪŋ
punchins,ˈpʌntʃɪnz
punchless,ˈpʌntʃləs
punchy,ˈpʌntʃi
punctuates,ˈpʌŋktʃueɪts
punctures,ˈpʌŋktʃərz
pungles,ˈpʌŋɡəlz
punished,ˈpʌnɪʃt
punishes,ˈpʌnɪʃɪz
punitive,ˈpjuːnətɪv
punitively,ˈpjuːnətɪvli
punitiveness,ˈpjuːnətɪvnəs
punked,pʌŋkt
punks,pʌŋks
punned,pʌnd
puns,pʌnz
punts,pʌnts
pupates,ˈpjuːpeɪts
pupped,pʌpt
pups,pʌps
purblind,ˈpɜːrblaɪnd
purblindly,ˈpɜːrblaɪndli
purblindness,ˈpɜːrblaɪndnəs
purchasable,ˈpɜːrtʃəsəbəl
purchase,ˈpɜːrtʃəs
purchased,ˈpɜːrtʃəst
purchaser,ˈpɜːrtʃəsər
purchasers,ˈpɜːrtʃəsərz
purchases,ˈpɜːrtʃəsɪz
purchasing,ˈpɜːrtʃəsɪŋ
pureblood,ˈpjʊrblʌd
purebloods,ˈpjʊrblʌdz
purees,pjʊˈreɪz
purfles,ˈpɜːrfəlz
purgative,ˈpɜːrɡətɪv
purgatives,ˈpɜːrɡətɪvz
purges,ˈpɜːrdʒɪz
purifies,ˈpjʊrɪfaɪz
purled,pɜːrld
purloined,pərˈlɔɪnd
purloins,pərˈlɔɪnz
purls,pɜːrlz
purpleheart,ˈpɜːrpəlhɑːrt
purplehearts,ˈpɜːrpəlhɑːrts
purples,ˈpɜːrpəlz
purports,pərˈpɔːrts
purpose,ˈpɜːrpəs
purposed,ˈpɜːrpəst
purposeful,ˈpɜːrpəsfəl
purposefully,ˈpɜːrpəsfəli
purposefulness,ˈpɜːrpəsfəlnəs
purposeless,ˈpɜːrpəsləs
purposelessly,ˈpɜːrpəsləsli
purposelessness,ˈpɜːrpəsləsnəs
purposely,ˈpɜːrpəsli
purposes,ˈpɜːrpəsɪz
purposive,ˈpɜːrpəsɪv
purposively,ˈpɜːrpəsɪvli
purposiveness,ˈpɜːrpəsɪvnəs
purred,pɜːrd
purrs,pɜːrz
purs,pɜːrz
purses,ˈpɜːrsɪz
pursues,pərˈsuːz
pursuit,pərˈsuːt
pursuits,pərˈsuːts
purveyed,pərˈveɪd
purveys,pərˈveɪz
pushchair,ˈpʊʃtʃɛr
pushchairs,ˈpʊʃtʃɛrz
pushdown,ˈpʊʃdaʊn
pushdowns,ˈpʊʃdaʊnz
pushed,pʊʃt
pushes,ˈpʊʃɪz
pussyfoots,ˈpʊsɪfʊts
pustulate,ˈpʌstʃəleɪt
pustulates,ˈpʌstʃəleɪts
put,pʊt
putative,ˈpjuːtətɪv
putatively,ˈpjuːtətɪvli
putrefactive,ˌpjuːtrɪˈfæktɪv
putrefies,ˈpjuːtrɪfaɪz
puts,pʊts
puttered,ˈpʌtərd
putters,ˈpʌtərz
putting,ˈpʌtɪŋ
putts,pʌts
putzed,pʌtst
putzes,ˈpʌtsɪz
puzzleheaded,ˈpʌzəlhɛdɪd
puzzleheadedness,ˈpʌzəlhɛdɪdnəs
puzzles,ˈpʌzəlz
pygmaean,pɪɡˈmiːən
pyramids,ˈpɪrəmɪdz
pyranoses,ˈpaɪrənoʊsɪz
pyrolizes,ˈpaɪrəlaɪzɪz
pyrolyses,paɪˈrɑːləsiːz
pyrolyzates,paɪˈrɑːləzeɪts
pyrolyzes,ˈpaɪrəlaɪzɪz
quacked,kwækt
quackles,ˈkwækəlz
quacks,kwæks
quadrates,ˈkwɑːdreɪts
quadriplicate,kwɑːˈdrɪplɪkət
quadriplicates,kwɑːˈdrɪplɪkeɪts,(verb),or,kwɑːˈdrɪplɪkəts,(noun)
quadruples,kwɑːˈdruːpəlz
quadruplicate,kwɑːˈdruːplɪkət
quadruplicates,kwɑːˈdruːplɪkeɪts,(verb),or,kwɑːˈdruːplɪkəts,(noun)
quads,kwɑːdz
quaere,ˈkwiːri
quaered,ˈkwiːrid
quaeres,ˈkwiːriz
quaering,ˈkwiːriɪŋ
quaffed,kwɑːft
quaffs,kwɑːfs
quailed,kweɪld
quails,kweɪlz
quakes,kweɪks
qualifies,ˈkwɑːlɪfaɪz
qualitative,ˈkwɑːlɪteɪtɪv
qualitatively,ˈkwɑːlɪteɪtɪvli
qualm,kwɑːm
qualmier,ˈkwɑːmiər
qualmiest,ˈkwɑːmiəst
qualmish,ˈkwɑːmɪʃ
qualmishly,ˈkwɑːmɪʃli
qualmishness,ˈkwɑːmɪʃnəs
qualms,kwɑːmz
qualmy,ˈkwɑːmi
quantifies,ˈkwɑːntɪfaɪz
quantises,ˈkwɑːntaɪzɪz
quantitates,ˈkwɑːntɪteɪts
quantitative,ˈkwɑːntɪteɪtɪv
quantitatively,ˈkwɑːntɪteɪtɪvli
quantitativeness,ˈkwɑːntɪteɪtɪvnəs
quantizes,ˈkwɑːntaɪzɪz
quants,kwɑːnts
quarantines,ˈkwɔːrəntiːnz
quarreled,ˈkwɔːrəld
quarrelled,ˈkwɔːrəld
quarreller,ˈkwɔːrələr
quarrellers,ˈkwɔːrələrz
quarrelling,ˈkwɔːrəlɪŋ
quarrels,ˈkwɔːrəlz
quarrelsome,ˈkwɔɹəlsəm
quarrelsomely,ˈkwɔːrəlsəmli
quarrelsomeness,ˈkwɔːrəlsəmnəs
quarries,ˈkwɔːriz
quarterbacked,ˈkwɔːrtərbækt
quarterbacks,ˈkwɔːrtərbæks
quarters,ˈkwɔːrtərz
quartersawed,ˈkwɔːrtərsɔːd
quarterstaves,ˈkwɔːrtərstævz
quartette,kwɔrˈtɛt
quartettes,kwɔrˈtɛts
quashed,kwɑːʃt
quashes,ˈkwɑːʃɪz
quavered,ˈkweɪvərd
quavers,ˈkweɪvərz
quay,kiː
quayage,ˈkiːɪdʒ
quayages,ˈkiːɪdʒɪz
quaylike,ˈkiːlaɪk
quays,kiːz
quayside,ˈkiːsaɪd
quaysides,ˈkiːsaɪdz
queened,kwiːnd
queens,kwiːnz
queered,kwɪrd
queers,kwɪrz
quelled,kwɛld
quells,kwɛlz
quench,kwɛntʃ
quenchable,ˈkwɛntʃəbəl
quenched,kwɛntʃt
quencher,ˈkwɛntʃər
quenchers,ˈkwɛntʃərz
quenches,ˈkwɛntʃɪz
quenching,ˈkwɛntʃɪŋ
quenchless,ˈkwɛntʃləs
quenelle,kəˈnɛl
quenelles,kəˈnɛlz
querida,kəˈriːdə
queridas,kəˈriːdəz
queries,ˈkwɪriz
quesadilla,ˌkeɪsəˈdiːjə
questioned,ˈkwɛstʃənd
questions,ˈkwɛstʃənz
quests,kwɛsts
queue,kjuː
queued,kjuːd
queueing,ˈkjuːɪŋ
queuer,ˈkjuːər
queuers,ˈkjuːərz
queues,kjuːz
queuing,ˈkjuːɪŋ
quibbles,ˈkwɪbəlz
quiche,kiːʃ
quiches,ˈkiːʃɪz
quicked,kwɪkt
quickened,ˈkwɪkənd
quickens,ˈkwɪkənz
quicks,kwɪks
quietened,ˈkwaɪətənd
quietens,ˈkwaɪətənz
quiets,ˈkwaɪəts
quillai,kiːˈlaɪ
quillaia,kiːˈlaɪə
quillais,kiːˈlaɪz
quillaja,kiːˈlaɪə
quilled,kwɪld
quills,kwɪlz
quilts,kwɪlts
quinoa,ˈkiːnwɑː
quinoas,ˈkiːnwɑːz
quintette,kwɪnˈtɛt
quintettes,kwɪnˈtɛts
quintuples,kwɪnˈtuːpəlz
quintuplicate,kwɪnˈtuːplɪkət
quintuplicates,kwɪnˈtuːplɪkeɪts,(verb),or,kwɪnˈtuːplɪkəts,(noun)
quipped,kwɪpt
quippu,ˈkwɪpuː
quippus,ˈkwɪpuːz
quips,kwɪps
quipu,ˈkwɪpuː
quipus,ˈkwɪpuːz
quires,kwaɪərz
quirked,kwɜːrkt
quirks,kwɜːrktz
quirts,kwɜːrts
quitched,kwɪtʃt
quitclaimed,ˈkwɪtkleɪmd
quitclaims,ˈkwɪtkleɪmz
quits,kwɪts
quivered,ˈkwɪvərd
quivers,ˈkwɪvərz
quizzed,kwɪzd
quizzes,ˈkwɪzɪz
quoins,kɔɪnz
quoits,kɔɪts
quopped,kwɑːpt
quops,kwɑːps
quotes,kwoʊts
rabbets,ˈræbɪts
rabbinate,ˈræbəneɪt
rabbinates,ˈræbəneɪts
rabbits,ˈræbɪts
rabbles,ˈræbəlz
racecourse,ˈreɪskɔːrs
racecourses,ˈreɪskɔːrsɪz
racemises,ræˈsiːmaɪzɪz
racemizes,ræˈsiːmaɪzɪz
races,ˈreɪsɪz
racewalk,ˈreɪswɔːk
racewalked,ˈreɪswɔːkt
racewalker,ˈreɪswɔːkər
racewalkers,ˈreɪswɔːkərz
racewalking,ˈreɪswɔːkɪŋ
rach,rætʃ
rache,rætʃ
raches,ˈrætʃɪz
rachet,ˈrætʃɪt
racheted,ˈrætʃɪtɪd
racheting,ˈrætʃɪtɪŋ
rachets,ˈrætʃɪts
racked,rækt
racketeered,ˌrækəˈtɪrd
racketeers,ˌrækəˈtɪrz
rackets,ˈrækɪts
racks,ræks
raclette,ræˈklɛt
raclettes,ræˈklɛts
racquet,ˈrækɪt
racquetball,ˈrækɪtbɔːl
racquetballs,ˈrækɪtbɔːlz
racquets,ˈrækɪts
raddles,ˈrædəlz
radiate,ˈreɪdieɪt
radiately,ˈreɪdiətli
radiates,ˈreɪdieɪts
radiative,ˈreɪdieɪtɪv
radicalises,ˈrædɪkəlaɪzɪz
radicalizes,ˈrædɪkəlaɪzɪz
radicates,ˈrædɪkeɪts
radioactive,ˌreɪdioʊˈæktɪv
radioactively,ˌreɪdioʊˈæktɪvli
radiographed,ˈreɪdioʊɡræft
radiographs,ˈreɪdioʊɡræfs
radiolabeled,ˌreɪdioʊˈleɪbəld
radiolabelled,ˌreɪdioʊˈleɪbəld
radiolabelling,ˌreɪdioʊˈleɪbəlɪŋ
radiolabels,ˌreɪdioʊˈleɪbəlz
radiopaque,ˌreɪdioʊˈpeɪk
radioprotective,ˌreɪdioʊprəˈtɛktɪv
radios,ˈreɪdioʊz
radiosensitive,ˌreɪdioʊˈsɛnsətɪv
raffaelesque,ˌræfaɪəˈlɛsk
raffed,ræft
raffles,ˈræfəlz
raffs,ræfs
raftered,ˈræftərd
rafters,ˈræftərz
rafts,ræfts
rages,ˈreɪdʒɪz
ragged,ˈræɡɪd
ragout,ræˈɡuː
ragouted,ræˈɡuːd
ragouting,ræˈɡuːɪŋ
ragouts,ræˈɡuːz
rags,ræɡz
raids,reɪdz
railed,reɪld
railhead,ˈreɪlhɛd
railheads,ˈreɪlhɛdz
railroads,ˈreɪlroʊdz
rails,reɪlz
rainbowed,ˈreɪnboʊd
rained,reɪnd
rainproofed,ˈreɪnpruːft
rainproofs,ˈreɪnpruːfs
rains,reɪnz
rainwashed,ˈreɪnwɑːʃt
rainwashes,ˈreɪnwɑːʃɪz
rainwear,ˈreɪnwɛr
raises,ˈreɪzɪz
rakes,reɪks
rallies,ˈræliz
ralphed,rælft
ralphs,rælfs
rambles,ˈræmbəlz
ramifies,ˈræmɪfaɪz
rammed,ræmd
rampages,ræmˈpeɪdʒɪz
ramparts,ˈræmpɑːrts
ramped,ræmpt
ramps,ræmps
ramrods,ˈræmrɑːdz
rams,ræmz
ranch,ræntʃ
ranched,ræntʃt
rancher,ˈræntʃər
rancheria,ˌræntʃəˈriːə
rancherias,ˌræntʃəˈriːəz
ranchero,rænˈtʃɛroʊ
rancheros,rænˈtʃɛroʊz
ranchers,ˈræntʃərz
ranches,ˈræntʃɪz
ranchette,rænˈtʃɛt
ranchettes,rænˈtʃɛts
ranching,ˈræntʃɪŋ
ranchman,ˈræntʃmən
ranchmen,ˈræntʃmɛn
rancho,ˈræntʃoʊ
ranchos,ˈræntʃoʊz
rancored,ˈræŋkərd
rancoured,ˈræŋkərd
randomises,ˈrændəmaɪzɪz
randomizes,ˈrændəmaɪzɪz
ranges,ˈreɪndʒɪz
ranked,ræŋkt
rankles,ˈræŋkəlz
ranks,ræŋks
ransacked,ˈrænsækt
ransacks,ˈrænsæks
ransomed,ˈrænsəmd
ransoms,ˈrænsəmz
rants,rænts
rapes,reɪps
raphaelesque,ˌræfaɪəˈlɛsk
rapiered,ˈreɪpiərd
rapped,ræpt
rappeled,ræˈpɛld
rappeling,ræˈpɛlɪŋ
rappelled,ræˈpɛld
rappels,ræˈpɛlz
rapprochement,ˌræproʊʃˈmɑːn
rapprochements,ˌræproʊʃˈmɑːnz
raps,ræps
raptures,ˈræptʃərz
rapturises,ˈræptʃəraɪzɪz
rapturizes,ˈræptʃəraɪzɪz
rarefies,ˈrɛrəfaɪz
rares,rɛrz
rarifies,ˈrɛrəfaɪz
rases,ˈreɪzɪz
rasped,ræspt
rasps,ræsps
rassles,ˈræsəlz
rataplanned,ˌrætəˈplænd
rataplans,ˌrætəˈplænz
ratatouille,ˌrætəˈtuːi
ratatouilles,ˌrætəˈtuːiz
ratched,rætʃt
ratches,ˈrætʃɪz
ratchets,ˈrætʃɪts
rates,reɪts
ratifies,ˈrætɪfaɪz
ratiocinates,ˌrætiˈɑːsəneɪts
ratiocinative,ˌrætiˈɑːsəneɪtɪv
rationalises,ˈræʃənəlaɪzɪz
rationalizes,ˈræʃənəlaɪzɪz
rationed,ˈræʃənd
rations,ˈræʃənz
ratooned,ræˈtuːnd
ratoons,ræˈtuːnz
rats,ræts
rattened,ˈrætənd
rattens,ˈrætənz
rattlebrained,ˈrætəlbreɪnd
rattlehead,ˈrætəlhɛd
rattleheads,ˈrætəlhɛdz
rattles,ˈrætəlz
rattooned,ræˈtuːnd
rattoons,ræˈtuːnz
raught,rɔːt
raunch,rɔːntʃ
raunches,ˈrɔːntʃɪz
raunchier,ˈrɔːntʃiər
raunchiest,ˈrɔːntʃiəst
raunchily,ˈrɔːntʃɪli
raunchiness,ˈrɔːntʃinəs
raunchy,ˈrɔːntʃi
ravages,ˈrævɪdʒɪz
raveled,ˈrævəld
ravelled,ˈrævəld
raveller,ˈrævələr
ravellers,ˈrævələrz
ravelling,ˈrævəlɪŋ
ravellings,ˈrævəlɪŋz
ravels,ˈrævəlz
ravened,ˈrævənd
ravens,ˈrævənz
raves,reɪvz
ravined,rəˈviːnd
ravins,ˈrævɪnz
ravished,ˈrævɪʃt
ravishes,ˈrævɪʃɪz
rawhead,ˈrɔːhɛd
rawhides,ˈrɔːhaɪdz
raxed,rækst
raxes,ˈræksɪz
rayed,reɪd
rays,reɪz
razees,ræˈziːz
razes,ˈreɪzɪz
razored,ˈreɪzərd
razors,ˈreɪzərz
razzed,ræzd
razzes,ˈræzɪz
razzles,ˈræzəlz
reabsorbed,ˌriːəbˈsɔːrbd
reabsorbs,ˌriːəbˈsɔːrbz
reaccedes,ˌriːækˈsiːdz
reaccelerates,ˌriːækˈsɛləreɪts
reaccents,riːˈæksɛnts
reaccepts,ˌriːækˈsɛpts
reaccessed,ˌriːˈæksɛst
reaccesses,ˌriːˈæksɛsɪz
reacclimatizes,ˌriːəˈklaɪmətəzaɪzɪz
reaccredits,ˌriːəˈkrɛdɪts
reaccuses,ˌriːəˈkjuːzɪz
reach,riːtʃ
reachable,ˈriːtʃəbəl
reached,riːtʃt
reacher,ˈriːtʃər
reachers,ˈriːtʃərz
reaches,ˈriːtʃɪz
reaching,ˈriːtʃɪŋ
reachless,ˈriːtʃləs
reacquaints,ˌriːəˈkweɪnts
reacquires,ˌriːəˈkwaɪərz
reactivates,riˈæktɪveɪts
reactive,riˈæktɪv
reactively,riˈæktɪvli
reactiveness,riˈæktɪvnəs
reacts,riˈækts
read,riːd,(present),or,rɛd,(past)
readapts,ˌriːəˈdæpts
readdicts,riːˈædɪkts
readdressed,ˌriːəˈdrɛst
readdresses,ˌriːəˈdrɛsɪz
readds,riːˈædz
readepts,riːˈædɛpts
readied,ˈrɛdid
readier,ˈrɛdiər
readies,ˈrɛdiz
readiest,ˈrɛdiəst
readily,ˈrɛdəli
readiness,ˈrɛdinəs
readjourn,ˌriːəˈdʒɜːrn
readjourned,ˌriːəˈdʒɜːrnd
readjourning,ˌriːəˈdʒɜːrnɪŋ
readjournment,ˌriːəˈdʒɜːrnmənt
readjournments,ˌriːəˈdʒɜːrnmənts
readjourns,ˌriːəˈdʒɜːrnz
readjusts,ˌriːəˈdʒʌsts
readmits,ˌriːədˈmɪts
readopts,ˌriːəˈdɑːpts
readorned,ˌriːəˈdɔːrnd
readorns,ˌriːəˈdɔːrnz
reads,riːdz,(present),or,rɛdz,(past,plural)
readvances,ˌriːədˈvænsɪz
ready,ˈrɛdi
readying,ˈrɛdiɪŋ
readymade,ˌrɛdiˈmeɪd
readymades,ˌrɛdiˈmeɪdz
reaffirmed,ˌriːəˈfɜːrmd
reaffirms,ˌriːəˈfɜːrmz
reaffixed,ˌriːəˈfɪkst
reaffixes,ˌriːəˈfɪksɪz
reafforests,ˌriːæˈfɔːrɪsts
reaggregates,riːˈæɡrɪɡeɪts
reagrees,ˌriːəˈɡriːz
realigned,ˌriːəˈlaɪnd
realigns,ˌriːəˈlaɪnz
realises,ˈriːəlaɪzɪz
realizes,ˈriːəlaɪzɪz
realleges,ˌriːəˈlɛdʒɪz
reallocates,riˈæləkeɪts
reallots,ˌriːəˈlɑːts
realm,rɛlm
realmless,ˈrɛlmləs
realms,rɛlmz
realtered,riːˈɔːltərd
realters,riːˈɔːltərz
reamed,riːmd
reams,riːmz
reanalyses,riːəˈnæləsiːz
reanalyzes,riːˈænəlaɪzɪz
reanimates,riˈænəmeɪts
reannexed,ˌriːəˈnɛkst
reannexes,ˌriːəˈnɛksɪz
reanoints,ˌriːəˈnɔɪnts
reanswer,riːˈænsər
reanswered,riːˈænsərd
reanswering,riːˈænsərɪŋ
reanswers,riːˈænsərz
reaped,riːpt
reapparels,ˌriːəˈpærəlz
reappeared,ˌriːəˈpɪrd
reappears,ˌriːəˈpɪrz
reapplies,ˌriːəˈplaɪz
reappoints,ˌriːəˈpɔɪnts
reapportioned,ˌriːəˈpɔːrʃənd
reapportions,ˌriːəˈpɔːrʃənz
reappraises,ˌriːəˈpreɪzɪz
reapproach,ˌriːəˈproʊtʃ
reapproached,ˌriːəˈproʊtʃt
reapproaches,ˌriːəˈproʊtʃɪz
reapproaching,ˌriːəˈproʊtʃɪŋ
reappropriates,ˌriːəˈproʊprieɪts
reapprove,ˌriːəˈpruːv
reapproved,ˌriːəˈpruːvd
reapproves,ˌriːəˈpruːvz
reapproving,ˌriːəˈpruːvɪŋ
reaps,riːps
reared,rɪrd
rearguard,ˈrɪrɡɑːrd
rearguards,ˈrɪrɡɑːrdz
reargues,riːˈɑːrɡjuːz
rearmed,riːˈɑːrmd
rearmost,ˈrɪrmoʊst
rearms,riːˈɑːrmz
rearouses,ˌriːəˈraʊzɪz
rearranges,ˌriːəˈreɪndʒɪz
rearrests,ˌriːəˈrɛsts
rears,rɪrz
rearticulates,riːɑːrˈtɪkjəleɪts
reascends,ˌriːəˈsɛndz
reasoned,ˈriːzənd
reasons,ˈriːzənz
reassailed,ˌriːəˈseɪld
reassails,ˌriːəˈseɪlz
reassembles,ˌriːəˈsɛmbəlz
reasserts,ˌriːəˈsɜːrts
reassessed,ˌriːəˈsɛst
reassesses,ˌriːəˈsɛsɪz
reassigned,ˌriːəˈsaɪnd
reassigns,ˌriːəˈsaɪnz
reassimilates,ˌriːəˈsɪməleɪts
reassociates,ˌriːəˈsoʊʃieɪts
reassorts,ˌriːəˈsɔːrts
reassumes,ˌriːəˈsuːmz
reassures,ˌriːəˈʃʊərz
reattach,ˌriːəˈtætʃ
reattached,ˌriːəˈtætʃt
reattaches,ˌriːəˈtætʃɪz
reattaching,ˌriːəˈtætʃɪŋ
reattachment,ˌriːəˈtætʃmənt
reattachments,ˌriːəˈtætʃmənts
reattacked,ˌriːəˈtækt
reattacks,ˌriːəˈtæks
reattained,ˌriːəˈteɪnd
reattains,ˌriːəˈteɪnz
reattempts,ˌriːəˈtɛmpts
reattributes,ˌriːəˈtrɪbjuːts
reauthorizes,riːˈɔːθəraɪzɪz
reavailed,ˌriːəˈveɪld
reavails,ˌriːəˈveɪlz
reaved,riːvd
reaves,riːvz
reavow,ˌriːəˈvaʊ
reavowed,ˌriːəˈvaʊd
reavowing,ˌriːəˈvaʊɪŋ
reavows,ˌriːəˈvaʊz
reawakened,ˌriːəˈweɪkənd
reawakens,ˌriːəˈweɪkənz
reawakes,ˌriːəˈweɪks
rebaits,riːˈbeɪts
rebalances,riːˈbælənsɪz
rebanished,riːˈbænɪʃt
rebanishes,riːˈbænɪʃɪz
rebaptizes,riːbæpˈtaɪzɪz
rebarbarises,riːˈbɑːrbəraɪzɪz
rebarbarizes,riːˈbɑːrbəraɪzɪz
rebarbative,rɪˈbɑːrbətɪv
rebarbatively,rɪˈbɑːrbətɪvli
rebates,ˈriːbeɪts,(noun),or,rɪˈbeɪts,(verb)
rebegins,ˌriːbɪˈɡɪnz
rebelled,rɪˈbɛld
rebellowed,riːˈbɛloʊd
rebellows,riːˈbɛloʊz
rebels,ˈrɛbəlz,(noun),or,rɪˈbɛlz,(verb)
rebids,riːˈbɪdz
rebilled,riːˈbɪld
rebills,riːˈbɪlz
rebind,riːˈbaɪnd
rebinding,riːˈbaɪndɪŋ
rebinds,riːˈbaɪndz
reblends,riːˈblɛndz
rebloomed,riːˈbluːmd
reblooms,riːˈbluːmz
reblossomed,riːˈblɑːsəmd
reblossoms,riːˈblɑːsəmz
reboards,riːˈbɔːrdz
rebodies,riːˈbɑːdiz
reboiled,riːˈbɔɪld
reboils,riːˈbɔɪlz
rebooked,riːˈbʊkt
rebooks,riːˈbʊks
reboots,riːˈbuːts
rebores,riːˈbɔːrz
rebottles,riːˈbɑːtəlz
rebought,riːˈbɔːt
rebounds,rɪˈbaʊndz,(verb),or,ˈriːbaʊndz,(noun)
rebraces,riːˈbreɪsɪz
rebranch,riːˈbræntʃ
rebranched,riːˈbræntʃt
rebranches,riːˈbræntʃɪz
rebranching,riːˈbræntʃɪŋ
rebreathes,riːˈbriːðz
rebreeds,riːˈbriːdz
rebroadcast,riːˈbrɔːdkæst
rebroadcasted,riːˈbrɔːdkæstɪd
rebroadcasting,riːˈbrɔːdkæstɪŋ
rebroadcasts,riːˈbrɔːdkæsts
rebuffed,rɪˈbʌft
rebuffs,rɪˈbʌfs
rebuild,riːˈbɪld
rebuilded,riːˈbɪldɪd
rebuilder,riːˈbɪldər
rebuilders,riːˈbɪldərz
rebuilding,riːˈbɪldɪŋ
rebuilds,riːˈbɪldz
rebuilt,riːˈbɪlt
rebukes,rɪˈbjuːks
reburial,riːˈbɛriəl
reburials,riːˈbɛriəlz
reburied,riːˈbɛrid
reburies,riːˈbɛriz
rebury,riːˈbɛri
reburying,riːˈbɛriɪŋ
rebuts,rɪˈbʌts
rebuttoned,riːˈbʌtənd
rebuttons,riːˈbʌtənz
rebuys,riːˈbaɪz
recalculates,riːˈkælkjəleɪts
recalibrates,riːˈkælɪbreɪts
recalled,rɪˈkɔːld
recalls,rɪˈkɔːlz
recamier,reɪˈkæmieɪ
recamiers,reɪˈkæmieɪz
recanalises,riːˈkænəlaɪzɪz
recanalizes,riːˈkænəlaɪzɪz
recanes,riːˈkeɪnz
recants,rɪˈkænts
recapacitates,ˌriːkəˈpæsɪteɪts
recapitalises,ˌriːkəˈpɪtəlaɪzɪz
recapitalizes,ˌriːkəˈpɪtəlaɪzɪz
recapitulates,ˌriːkəˈpɪtʃəleɪts
recapped,riːˈkæpt
recaps,ˈriːkæps
recaptioned,riːˈkæpʃənd
recaptions,riːˈkæpʃənz
recaptures,riːˈkæptʃərz
recarbonises,riːˈkɑːrbənaɪzɪz
recarbonizes,riːˈkɑːrbənaɪzɪz
recarries,riːˈkæriz
recasts,riːˈkæsts
recedes,rɪˈsiːdz
receipt,rɪˈsiːt
receipted,rɪˈsiːtɪd
receipting,rɪˈsiːtɪŋ
receiptor,rɪˈsiːtər
receipts,rɪˈsiːts
receit,rɪˈsiːt
receits,rɪˈsiːts
receivability,rɪˌsiːvəˈbɪlɪti
receivable,rɪˈsiːvəbəl
receivables,rɪˈsiːvəbəlz
receive,rɪˈsiːv
received,rɪˈsiːvd
receivedness,rɪˈsiːvɪdnəs
receiver,rɪˈsiːvər
receivers,rɪˈsiːvərz
receivership,rɪˈsiːvərʃɪp
receiverships,rɪˈsiːvərʃɪps
receives,rɪˈsiːvz
receiving,rɪˈsiːvɪŋ
recenses,rɪˈsɛnsɪz
recentered,riːˈsɛntərd
recenters,riːˈsɛntərz
recentralises,riːˈsɛntrəlaɪzɪz
recentralizes,riːˈsɛntrəlaɪzɪz
recentrifuges,riːsɛnˈtrɪfjuːdʒɪz
receptive,rɪˈsɛptɪv
receptively,rɪˈsɛptɪvli
receptiveness,rɪˈsɛptɪvnəs
recertifies,riːˈsɜːrtɪfaɪz
recessed,ˈriːsɛst
recesses,ˈriːsɛsɪz,(noun),or,rɪˈsɛsɪz,(verb)
recessive,rɪˈsɛsɪv
recessively,rɪˈsɛsɪvli
recessiveness,rɪˈsɛsɪvnəs
recessives,rɪˈsɛsɪvz
rechallenge,riːˈtʃælɪndʒ
rechallenged,riːˈtʃælɪndʒt
rechallenges,riːˈtʃælɪndʒɪz
rechallenging,riːˈtʃælɪndʒɪŋ
rechange,riːˈtʃeɪndʒ
rechanged,riːˈtʃeɪndʒt
rechanges,riːˈtʃeɪndʒɪz
rechanging,riːˈtʃeɪndʒɪŋ
rechannel,riːˈtʃænəl
rechanneled,riːˈtʃænəld
rechanneling,riːˈtʃænəlɪŋ
rechannelled,riːˈtʃænəld
rechannelling,riːˈtʃænəlɪŋ
rechannels,riːˈtʃænəlz
recharge,riːˈtʃɑːrdʒ
rechargeable,riːˈtʃɑːrdʒəbəl
recharged,riːˈtʃɑːrdʒt
recharger,riːˈtʃɑːrdʒər
rechargers,riːˈtʃɑːrdʒərz
recharges,riːˈtʃɑːrdʒɪz
recharging,riːˈtʃɑːrdʒɪŋ
rechart,riːˈtʃɑːrt
recharted,riːˈtʃɑːrtɪd
recharter,riːˈtʃɑːrtər
rechartered,riːˈtʃɑːrtərd
rechartering,riːˈtʃɑːrtərɪŋ
recharters,riːˈtʃɑːrtərz
recharting,riːˈtʃɑːrtɪŋ
recharts,riːˈtʃɑːrts
rechauffe,riːˈʃoʊfeɪ
rechauffes,riːˈʃoʊfeɪz
recheat,riːˈtʃiːt
recheated,riːˈtʃiːtɪd
recheating,riːˈtʃiːtɪŋ
recheats,riːˈtʃiːts
recheck,riːˈtʃɛk
rechecked,riːˈtʃɛkt
rechecking,riːˈtʃɛkɪŋ
rechecks,riːˈtʃɛks
recherche,rəˈʃɛrʃeɪ
rechew,riːˈtʃuː
rechewed,riːˈtʃuːd
rechewing,riːˈtʃuːɪŋ
rechews,riːˈtʃuːz
rechoose,riːˈtʃuːz
rechooses,riːˈtʃuːzɪz
rechoosing,riːˈtʃuːzɪŋ
rechoreographed,riːˈkɔːrioʊɡræft
rechoreographs,riːˈkɔːrioʊɡræfs
rechose,riːˈtʃoʊz
rechosen,riːˈtʃoʊzən
rechristened,riːˈkrɪsənd
rechristens,riːˈkrɪsənz
rechromatographed,riːˈkroʊmətəɡræft
rechromatographs,riːˈkroʊmətəɡræfs
recipe,ˈrɛsəpi
recipes,ˈrɛsəpiz
reciprocates,rɪˈsɪprəkeɪts
reciprocative,rɪˈsɪprəkeɪtɪv
reciproque,rɪˈsɪprək
recircles,riːˈsɜːrkəlz
recirculates,riːˈsɜːrkjəleɪts
recitative,ˌrɛsɪtəˈtiːv
recitatives,ˌrɛsɪtəˈtiːvz
recites,rɪˈsaɪts
recked,rɛkt
reckoned,ˈrɛkənd
reckons,ˈrɛkənz
recks,rɛks
reclads,riːˈklædz
reclaimed,rɪˈkleɪmd
reclaims,rɪˈkleɪmz
reclames,rɪˈkleɪmz
reclasped,riːˈklæspt
reclasps,riːˈklæsps
reclassifies,riːˈklæsɪfaɪz
recleaned,riːˈkliːnd
recleans,riːˈkliːnz
reclinate,ˈrɛklɪneɪt
reclines,rɪˈklaɪnz
reclose,riːˈkloʊz
reclosed,riːˈkloʊzd
recloses,riːˈkloʊzɪz
reclosing,riːˈkloʊzɪŋ
reclothes,riːˈkloʊðz
recludes,rɪˈkluːdz
reclusive,rɪˈkluːsɪv
reclusively,rɪˈkluːsɪvli
reclusiveness,rɪˈkluːsɪvnəs
recoaled,riːˈkoʊld
recoals,riːˈkoʊlz
recocked,riːˈkɑːkt
recocks,riːˈkɑːkts
recocts,riːˈkɑːkts
recodes,riːˈkoʊdz
recodifies,riːˈkɑːdɪfaɪz
recognises,ˈrɛkəɡnaɪzɪz
recognizes,ˈrɛkəɡnaɪzɪz
recoiled,rɪˈkɔɪld
recoils,rɪˈkɔɪlz
recoined,riːˈkɔɪnd
recoins,riːˈkɔɪnz
recollective,ˌrɛləˈkɛktɪv
recollects,ˌrɛləˈkɛkts
recolonises,riːˈkɑːlənaɪzɪz
recolonizes,riːˈkɑːlənaɪzɪz
recolored,riːˈkʌlərd
recolors,riːˈkʌlərz
recoloured,riːˈkʌlərd
recolours,riːˈkʌlərz
recomb,riːˈkoʊm
recombed,riːˈkoʊmd
recombines,ˌriːkəmˈbaɪnz
recombing,riːˈkoʊmɪŋ
recombs,riːˈkoʊmz
recomforts,riːˈkʌmfərts
recommences,ˌriːkəˈmɛnsɪz
recommendative,ˌrɛkəmɛndətɪv
recommends,ˌrɛkəˈmɛndz
recommissioned,ˌriːkəˈmɪʃənd
recommissions,ˌriːkəˈmɪʃənz
recommits,ˌriːkəˈmɪts
recompacts,riːˈkɑːmpækts
recompenses,ˈrɛkəmpɛnsɪz
recompensive,rɪˈkɑːmpənsɪv
recompiles,ˌriːkəmˈpaɪlz
recomplicates,riːˈkɑːmplɪkeɪts
recomposes,ˌriːkəmˈpoʊzɪz
recomputes,ˌriːkəmˈpjuːts
reconceive,ˌriːkənˈsiːv
reconceived,ˌriːkənˈsiːvd
reconceives,ˌriːkənˈsiːvz
reconceiving,ˌriːkənˈsiːvɪŋ
reconcentrates,riːˈkɑːnsəntreɪts
reconceptualises,riːkənsɛptʃuəlaɪzɪz
reconceptualizes,riːkənsɛptʃuəlaɪzɪz
reconciles,ˈrɛkənsaɪlz
recondenses,riːkənˈdɛnsɪz
reconditioned,ˌriːkənˈdɪʃənd
reconditions,ˌriːkənˈdɪʃənz
reconfigures,ˌriːkənˈfɪɡjərz
reconfirmed,ˌriːkənˈfɜːrmd
reconfirms,ˌriːkənˈfɜːrmz
reconjoined,riːkənˈdʒɔɪnd
reconjoins,riːkənˈdʒɔɪnz
reconnects,ˌriːkəˈnɛkts
reconnoitered,ˌriːkəˈnɔɪtərd
reconnoiters,ˌriːkəˈnɔɪtərz
reconnoitred,ˌriːkəˈnɔɪtərd
reconnoitres,ˌriːkəˈnɔɪtərz
reconquer,riːˈkɑːŋkər
reconquered,riːˈkɑːŋkərd
reconquering,riːˈkɑːŋkərɪŋ
reconquers,riːˈkɑːŋkərz
reconsecrates,riːˈkɑːnsɪkreɪts
reconsidered,ˌriːkənˈsɪdərd
reconsiders,ˌriːkənˈsɪdərz
reconsolates,riːˈkɑːnsəleɪts
reconsolidates,riːkənˈsɑːlɪdeɪts
reconstitutes,riːˈkɑːnstɪtuːts
reconstructive,ˌriːkənˈstrʌktɪv
reconstructs,ˌriːkənˈstrʌkts
recontacts,riːˈkɑːntækts
recontaminates,riːkənˈtæmɪneɪts
recontextualizes,riːkəntɛkstʃuəlaɪzɪz
recontour,riːˈkɑːntʊər
recontoured,riːˈkɑːntʊərd
recontouring,riːˈkɑːntʊərɪŋ
recontours,riːˈkɑːntʊərz
reconvenes,ˌriːkənˈviːnz
reconverts,ˌriːkənˈvɜːrts
reconveyed,ˌriːkənˈveɪd
reconveys,ˌriːkənˈveɪz
reconvicts,riːkənˈvɪkts
reconvinces,riːkənˈvɪnsɪz
recooked,riːˈkʊkt
recooks,riːˈkʊks
recopies,riːˈkɑːpiz
records,rɪˈkɔːrdz,(verb),or,ˈrɛkərdz,(noun)
recorked,riːˈkɔːrkt
recorks,riːˈkɔːrktz
recouch,riːˈkaʊtʃ
recouched,riːˈkaʊtʃt
recouches,riːˈkaʊtʃɪz
recouching,riːˈkaʊtʃɪŋ
recounts,rɪˈkaʊnts,(verb),or,ˈriːkaʊnts,(noun)
recouped,rɪˈkuːpt
recouple,riːˈkʌpəl
recoupled,riːˈkʌpəld
recouples,riːˈkʌpəlz
recoupling,riːˈkʌpəlɪŋ
recoups,rɪˈkuːps
recourse,ˈriːkɔːrs
recourseful,rɪˈkɔːrsfəl
recourses,ˈriːkɔːrsɪz
recovered,rɪˈkʌvərd
recovers,rɪˈkʌvərz
recrates,riːˈkreɪts
recreates,ˌriːkriˈeɪts
recreative,ˌriːkriˈeɪtɪv
recriminates,rɪˈkrɪmɪneɪts
recriminative,rɪˈkrɪmɪneɪtɪv
recrossed,riːˈkrɔːst
recrosses,riːˈkrɔːsɪz
recrown,riːˈkraʊn
recrowned,riːˈkraʊnd
recrowning,riːˈkraʊnɪŋ
recrowns,riːˈkraʊnz
recrudesces,ˌriːkruːˈdɛsɪz
recruit,rɪˈkruːt
recruited,rɪˈkruːtɪd
recruiter,rɪˈkruːtər
recruiters,rɪˈkruːtərz
recruiting,rɪˈkruːtɪŋ
recruitment,rɪˈkruːtmənt
recruitments,rɪˈkruːtmənts
recruits,rɪˈkruːts
recrystallises,riːˈkrɪstəlaɪzɪz
recrystallizes,riːˈkrɪstəlaɪzɪz
rectifies,ˈrɛktɪfaɪz
rectinerved,ˈrɛktɪnɜːrvd
rectorate,ˈrɛktərət
rectorates,ˈrɛktərəts
recules,rɪˈkjuːlz
recultivates,riːˈkʌltɪveɪts
recumbed,rɪˈkʌmd
recumbs,rɪˈkʌmz
recuperates,rɪˈkuːpəreɪts
recuperative,rɪˈkuːpərətɪv
recurred,rɪˈkɜːrd
recurs,rɪˈkɜːrz
recursive,rɪˈkɜːrsɪv
recursively,rɪˈkɜːrsɪvli
recursiveness,rɪˈkɜːrsɪvnəs
recurvates,ˈriːkɜːrveɪts
recurve,riːˈkɜːrv
recurved,riːˈkɜːrvd
recurves,riːˈkɜːrvz
recusative,rɪˈkjuːzətɪv
recuses,rɪˈkjuːzɪz
recuts,riːˈkʌts
recycles,riːˈsaɪkəlz
redacts,rɪˈdækts
redages,rɪˈdædʒɪz
redamages,riːˈdæmɪdʒɪz
redargues,rɪˈdɑːrɡjuːz
redates,riːˈdeɪts
redbaits,ˈrɛdbaɪts
redbreast,ˈrɛdbrɛst
redbreasts,ˈrɛdbrɛsts
reddened,ˈrɛdənd
reddens,ˈrɛdənz
redditive,ˈrɛdɪtɪv
reddles,ˈrɛdəlz
redecides,riːdɪˈsaɪdz
redecorates,riːˈdɛkəreɪts
rededicates,riːˈdɛdɪkeɪts
redeemed,rɪˈdiːmd
redeems,rɪˈdiːmz
redefeats,riːdɪˈfiːts
redefects,riːdɪˈfɛkts
redefies,riːdɪˈfaɪz
redefines,riːdɪˈfaɪnz
redeliberates,riːdɪˈlɪbəreɪts
redelivered,riːdɪˈlɪvərd
redelivers,riːdɪˈlɪvərz
redemands,riːdɪˈmændz
redemonstrates,riːˈdɛmənstreɪts
redemptive,rɪˈdɛmptɪv
redenies,riːdɪˈnaɪz
redeployed,ˌriːdɪˈplɔɪd
redeploys,ˌriːdɪˈplɔɪz
redeposits,riːdɪˈpɑːzɪts
redes,riːdz
redescends,riːdɪˈsɛndz
redescribes,riːdɪˈskraɪbz
redesigned,ˌriːdɪˈzaɪnd
redesigns,ˌriːdɪˈzaɪnz
redetermine,riːdɪˈtɜːrmɪn
redetermined,riːdɪˈtɜːrmɪnd
redetermines,riːdɪˈtɜːrmɪnz
redeveloped,ˌriːdɪˈvɛləpt
redevelops,ˌriːdɪˈvɛləps
redeye,ˈrɛdaɪ
redeyes,ˈrɛdaɪz
redfinch,ˈrɛdfɪntʃ
redfinches,ˈrɛdfɪntʃɪz
redhead,ˈrɛdhɛd
redheaded,ˈrɛdˌhɛdɪd
redheads,ˈrɛdhɛdz
redialed,riːˈdaɪəld
redialled,riːˈdaɪəld
redialling,riːˈdaɪəlɪŋ
redials,riːˈdaɪəlz
redigests,riːdaɪˈdʒɛsts
rediminished,riːdɪˈmɪnɪʃt
rediminishes,riːdɪˈmɪnɪʃɪz
redintegrates,rɪˈdɛntɪɡreɪts
redintegrative,rɪˈdɛntɪɡreɪtɪv
redipped,riːˈdɪpt
redips,riːˈdɪps
redirects,ˌriːdɪˈrɛkts
redisburses,riːdɪsˈbɜːrsɪz
rediscounts,riːˈdɪskaʊnts
rediscovered,ˌriːdɪˈsʌvərd
rediscovers,ˌriːdɪˈsʌvərz
rediscussed,riːdɪsˈkʌst
rediscusses,riːdɪsˈkʌsɪz
redisplayed,riːdɪˈspleɪd
redisplays,riːdɪˈspleɪz
redisposes,riːdɪsˈpoʊzɪz
redisseize,riːdɪˈsiːz
redisseized,riːdɪˈsiːzd
redisseizes,riːdɪˈsiːzɪz
redisseizin,riːdɪˈsiːzɪn
redisseizing,riːdɪˈsiːzɪŋ
redisseizor,riːdɪˈsiːzər
redisseizors,riːdɪˈsiːzərz
redissolve,riːdɪˈzɑːlv
redissolved,riːdɪˈzɑːlvd
redissolves,riːdɪˈzɑːlvz
redistilled,riːdɪˈstɪld
redistills,riːdɪˈstɪlz
redistributes,ˌriːdɪˈstrɪbjuːts
redistributive,ˌriːdɪˈstrɪbjətɪv
redistricts,riːˈdɪstrɪkts
redivides,riːdɪˈvaɪdz
redlines,ˈrɛdlaɪnz
rednecked,ˈrɛdnɛkt
redo,riːˈduː
redocked,riːˈdɑːkt
redocks,riːˈdɑːkts
redoes,riːˈdʌz
redoing,riːˈduːɪŋ
redone,riːˈdʌn
redonned,riːˈdɑːnd
redons,riːˈdɑːnz
redouble,riːˈdʌbəl
redoubled,riːˈdʌbəld
redoubles,riːˈdʌbəlz
redoubling,riːˈdʌbəlɪŋ
redoubt,rɪˈdaʊt
redoubtable,rɪˈdaʊtəbəl
redoubtably,rɪˈdaʊtəbli
redoubted,rɪˈdaʊtɪd
redoubting,rɪˈdaʊtɪŋ
redoubts,rɪˈdaʊts
redounds,rɪˈdaʊndz
redoxed,ˈrɛdɑːkst
redoxes,ˈrɛdɑːksɪz
redrafts,riːˈdræfts
redraws,riːˈdrɔːz
redreamed,riːˈdrɛmt
redreams,riːˈdriːmz
redreamt,riːˈdrɛmt
redressed,rɪˈdrɛst
redresses,rɪˈdrɛsɪz
redressive,rɪˈdrɛsɪv
redries,riːˈdraɪz
redrilled,riːˈdrɪld
redrills,riːˈdrɪlz
redrives,riːˈdraɪvz
redseared,ˈrɛdsɪrd
redsears,ˈrɛdsɪrz
redshifts,ˈrɛdʃɪfts
redshirts,ˈrɛdʃɜːrts
redubbed,riːˈdʌbd
redubs,riːˈdʌbz
reduces,rɪˈduːsɪz
reductive,rɪˈdʌktɪv
reductively,rɪˈdʌktɪvli
reductiveness,rɪˈdʌktɪvnəs
reducts,ˈriːdʌkts
reduit,ˈrɛdwɪt
reduits,ˈrɛdwɪts
reduplicates,rɪˈduːplɪkeɪts
reduplicative,rɪˈduːplɪkeɪtɪv
reduplicatively,rɪˈduːplɪkeɪtɪvli
redyes,riːˈdaɪz
reearn,riːˈɜːrn
reearned,riːˈɜːrnd
reearning,riːˈɜːrnɪŋ
reearns,riːˈɜːrnz
reechier,ˈriːtʃiər
reechiest,ˈriːtʃiəst
reechoes,riːˈɛkoʊz
reechy,ˈriːtʃi
reedifies,riːˈɛdɪfaɪz
reedits,riːˈɛdɪts
reeds,riːdz
reeducates,riːˈɛdʒʊkeɪts
reeducative,riːˈɛdʒʊkeɪtɪv
reefed,riːft
reefs,riːfs
reejects,riːˈdʒɛkts
reeked,riːkt
reeks,riːks
reelects,ˌriːɪˈlɛkts
reeled,riːld
reels,riːlz
reembarked,ˌriːɛmˈbɑːrkt
reembarks,ˌriːɛmˈbɑːrks
reembodies,ˌriːɛmˈbɑːdiz
reembraces,ˌriːɛmˈbreɪsɪz
reembroidered,riːɛmˈbrɔɪdərd
reembroiders,riːɛmˈbrɔɪdərz
reemerges,ˌriːɪˈmɜːrdʒɪz
reemits,riːɪˈmɪts
reemphasises,riːˈɛmfəsaɪzɪz
reemphasizes,riːˈɛmfəsaɪzɪz
reemployed,ˌriːɛmˈplɔɪd
reemploys,ˌriːɛmˈplɔɪz
reenacts,ˌriːɪnˈækts
reencountered,riːɪnˈkaʊntərd
reencounters,riːɪnˈkaʊntərz
reencourage,riːɪnˈkʌrɪdʒ
reencouraged,riːɪnˈkʌrɪdʒt
reencourages,riːɪnˈkʌrɪdʒɪz
reencouraging,riːɪnˈkʌrɪdʒɪŋ
reendow,riːɪnˈdaʊ
reendowed,riːɪnˈdaʊd
reendowing,riːɪnˈdaʊɪŋ
reendows,riːɪnˈdaʊz
reenergizes,riːˈɛnərdʒaɪzɪz
reenforces,ˌriːɪnˈfɔːrsɪz
reengages,ˌriːɪnˈɡeɪdʒɪz
reengineered,riːɛndʒɪˈnɪrd
reengineers,riːɛndʒɪˈnɪrz
reengraves,riːɪnˈɡreɪvz
reenjoyed,riːɪnˈdʒɔɪd
reenjoys,riːɪnˈdʒɔɪnz
reenlists,ˌriːɪnˈlɪsts
reenrolled,riːɛnˈroʊld
reenrolls,riːɛnˈroʊlz
reenslaves,riːɪnˈsleɪvz
reentered,riːˈɛntərd
reenters,riːˈɛntərz
reenthrones,riːɪnˈθroʊnz
reequipped,riːɪˈkwɪpt
reequips,riːɪˈkwɪps
reerects,riːɪˈrɛkts
reescalates,riːˈɛskəleɪts
reestablished,ˌriːɪˈstæblɪʃt
reestablishes,ˌriːɪˈstæblɪʃɪz
reestates,riːɪˈsteɪts
reestimates,riːˈɛstəmeɪts
reevaluates,riːɪˈvæljueɪts
reeve,riːv
reeved,riːvd
reeves,riːvz
reevokes,riːɪˈvoʊks
reexamine,ˌriːɪɡˈzæmɪn
reexamined,ˌriːɪɡˈzæmɪnd
reexamines,ˌriːɪɡˈzæmɪnz
reexchange,riːɪksˈtʃeɪndʒ
reexchanged,riːɪksˈtʃeɪndʒt
reexchanges,riːɪksˈtʃeɪndʒɪz
reexchanging,riːɪksˈtʃeɪndʒɪŋ
reexpelled,riːɪksˈpɛld
reexpels,riːɪksˈpɛlz
reexperiences,riːɪkˈspɪriənsɪz
reexplores,riːɪkˈsplɔːrz
reexports,riːˈɛkspɔːrts
reexposes,riːɪkˈspoʊzɪz
reexpressed,riːɪkˈsprɛst
reexpresses,riːɪkˈsprɛsɪz
reezed,riːzd
refaces,riːˈfeɪsɪz
refactored,riːˈfæktərd
refalls,riːˈfɔːlz
refashion,riːˈfæʃən
refashioned,riːˈfæʃənd
refashioning,riːˈfæʃənɪŋ
refashionment,riːˈfæʃənmənt
refashionments,riːˈfæʃənmənts
refashions,riːˈfæʃənz
refastened,riːˈfæsənd
refastens,riːˈfæsənz
refective,rɪˈfɛktɪv
refects,rɪˈfɛkts
refeeds,riːˈfiːdz
refeels,riːˈfiːlz
refelled,rɪˈfɛld
refels,rɪˈfɛlz
refelts,riːˈfɛlts
refences,riːˈfɛnsɪz
referees,ˌrɛfəˈriːz
references,ˈrɛfərənsɪz
referments,rɪˈfɜːrmənts
referred,rɪˈfɜːrd
refers,rɪˈfɜːrz
reffed,rɛft
refight,riːˈfaɪt
refighting,riːˈfaɪtɪŋ
refights,riːˈfaɪts
refigures,riːˈfɪɡjərz
refiles,riːˈfaɪlz
refilled,riːˈfɪld
refills,riːˈfɪlz
refilmed,riːˈfɪlmd
refilms,riːˈfɪlmz
refiltered,riːˈfɪltərd
refilters,riːˈfɪltərz
refinances,riːˈfaɪnænsɪz
refind,riːˈfaɪnd
refinding,riːˈfaɪndɪŋ
refinds,riːˈfaɪndz
refines,rɪˈfaɪnz
refinished,riːˈfɪnɪʃt
refinishes,riːˈfɪnɪʃɪz
refires,riːˈfaɪərz
refits,riːˈfɪts
refixed,riːˈfɪkst
refixes,riːˈfɪksɪz
reflames,riːˈfleɪmz
reflates,riːˈfleɪts
reflective,rɪˈflɛktɪv
reflectively,rɪˈflɛktɪvli
reflectiveness,rɪˈflɛktɪvnəs
reflectorises,rɪˈflɛktəraɪzɪz
reflectorizes,rɪˈflɛktəraɪzɪz
reflects,rɪˈflɛkts
reflexed,ˈriːflɛkst
reflexes,ˈriːflɛksɪz
reflexive,rɪˈflɛksɪv
reflexively,rɪˈflɛksɪvli
reflexiveness,rɪˈflɛksɪvnəs
reflexives,rɪˈflɛksɪvz
reflies,riːˈflaɪz
refloats,riːˈfloʊts
reflood,riːˈflʌd
reflooded,riːˈflʌdɪd
reflooding,riːˈflʌdɪŋ
refloods,riːˈflʌdz
reflourish,riːˈflɜːrɪʃ
reflourished,riːˈflɜːrɪʃt
reflourishes,riːˈflɜːrɪʃɪz
reflourishing,riːˈflɜːrɪʃɪŋ
reflowed,riːˈfloʊd
reflower,riːˈflaʊər
reflowered,riːˈflaʊərd
reflowering,riːˈflaʊərɪŋ
reflowers,riːˈflaʊərz
reflows,riːˈfloʊz
refluxed,ˈriːflʌkst
refluxes,ˈriːflʌksɪz
refocillates,riːˈfɑːsəleɪts
refocused,riːˈfoʊkəst
refocuses,riːˈfoʊkəsɪz
refocussed,riːˈfoʊkəst
refocusses,riːˈfoʊkəsɪz
refocussing,riːˈfoʊkəsɪŋ
refolds,riːˈfoʊldz
refoments,riːfəˈmɛnts
reforests,riːˈfɔːrɪsts
reforges,riːˈfɔːrdʒɪz
reformalises,riːˈfɔːrməlaɪzɪz
reformalizes,riːˈfɔːrməlaɪzɪz
reformative,rɪˈfɔːrmətɪv
reformats,riːˈfɔːrmæts
reformed,rɪˈfɔːrmd
reforms,rɪˈfɔːrmz
reformulates,riːˈfɔːrmjəleɪts
refortifies,riːˈfɔːrtɪfaɪz
refought,riːˈfɔːt
refounds,riːˈfaʊndz
refractive,rɪˈfræktɪv
refractively,rɪˈfræktɪvli
refractiveness,rɪˈfræktɪvnəs
refracts,rɪˈfrækts
refractures,riːˈfræktʃərz
refragates,ˈrɛfrəɡeɪts
refrained,rɪˈfreɪnd
refrains,rɪˈfreɪnz
reframes,riːˈfreɪmz
refreezes,riːˈfriːzɪz
refreshed,rɪˈfrɛʃt
refreshened,rɪˈfrɛʃənd
refreshens,rɪˈfrɛʃənz
refreshes,rɪˈfrɛʃɪz
refrets,riːˈfrɛts
refries,riːˈfraɪz
refrigerates,rɪˈfrɪdʒəreɪts
refrigerative,rɪˈfrɪdʒərətɪv
refronts,riːˈfrʌnts
refs,rɛfs
refueled,riːˈfjuːəld
refuelled,riːˈfjuːəld
refuelling,riːˈfjuːəlɪŋ
refuels,riːˈfjuːəlz
refuges,ˈrɛfjuːdʒɪz
refunds,rɪˈfʌndz,(verb),or,ˈriːfʌndz,(noun)
refurbished,riːˈfɜːrbɪʃt
refurbishes,riːˈfɜːrbɪʃɪz
refurnished,riːˈfɜːrnɪʃt
refurnishes,riːˈfɜːrnɪʃɪz
refusable,rɪˈfjuːzəbəl
refusal,rɪˈfjuːzəl
refusals,rɪˈfjuːzəlz
refuse,rɪˈfjuːz,(verb),or,ˈrɛfjuːs,(noun)
refused,rɪˈfjuːzd
refusenik,rɪˈfjuːznɪk
refuseniks,rɪˈfjuːznɪks
refuser,rɪˈfjuːzər
refusers,rɪˈfjuːzərz
refuses,rɪˈfjuːzɪz,(verb),or,ˈrɛfjuːsɪz,(noun)
refusing,rɪˈfjuːzɪŋ
refusnik,rɪˈfjuːznɪk
refusniks,rɪˈfjuːznɪks
refutes,rɪˈfjuːts
regained,rɪˈɡeɪnd
regains,rɪˈɡeɪnz
regales,rɪˈɡeɪlz
regards,rɪˈɡɑːrdz
regathered,riːˈɡæðərd
regathers,riːˈɡæðərz
regauge,riːˈɡeɪdʒ
regauged,riːˈɡeɪdʒt
regauges,riːˈɡeɪdʒɪz
regauging,riːˈɡeɪdʒɪŋ
regeared,riːˈɡɪrd
regears,riːˈɡɪrz
regelates,riːˈdʒɛleɪts
regenerate,rɪˈdʒɛnəreɪt
regenerately,rɪˈdʒɛnərətli
regenerateness,rɪˈdʒɛnərətnəs
regenerates,rɪˈdʒɛnəreɪts,(verb),or,rɪˈdʒɛnərəts,(noun)
regenerative,rɪˈdʒɛnərətɪv
regeneratively,rɪˈdʒɛnərətɪvli
regets,riːˈɡɛts
regilds,riːˈɡɪldz
regiments,ˈrɛdʒɪmənts
regionalises,ˈriːdʒənəlaɪzɪz
regionalizes,ˈriːdʒənəlaɪzɪz
registered,ˈrɛdʒɪstərd
registers,ˈrɛdʒɪstərz
regive,riːˈɡɪv
regives,riːˈɡɪvz
reglazes,riːˈɡleɪzɪz
reglossed,riːˈɡlɔːst
reglosses,riːˈɡlɔːsɪz
reglowed,riːˈɡloʊd
reglows,riːˈɡloʊz
reglues,riːˈɡluːz
regnative,ˈrɛɡnətɪv
regorges,riːˈɡɔːrdʒɪz
regrades,riːˈɡreɪdz
regrafts,riːˈɡræfts
regrants,riːˈɡrænts
regrates,riːˈɡreɪts
regredes,rɪˈɡriːdz
regreened,riːˈɡriːnd
regreens,riːˈɡriːnz
regreets,riːˈɡriːts
regressed,rɪˈɡrɛst
regresses,rɪˈɡrɛsɪz
regressive,rɪˈɡrɛsɪv
regressively,rɪˈɡrɛsɪvli
regressiveness,rɪˈɡrɛsɪvnəs
regrets,rɪˈɡrɛts
regrind,riːˈɡraɪnd
regrinding,riːˈɡraɪndɪŋ
regrinds,riːˈɡraɪndz
regroomed,riːˈɡruːmd
regrooms,riːˈɡruːmz
regroove,riːˈɡruːv
regrooved,riːˈɡruːvd
regrooves,riːˈɡruːvz
regrounds,riːˈɡraʊndz
regrouped,riːˈɡruːpt
regroups,riːˈɡruːps
regrows,riːˈɡroʊz
reguerdon,riːˈɡwɜːrdən
reguerdons,riːˈɡwɜːrdənz
regularises,ˈrɛɡjələraɪzɪz
regularizes,ˈrɛɡjələraɪzɪz
regulates,ˈrɛɡjəleɪts
regulative,ˈrɛɡjələtɪv
regulises,ˈrɛɡjəlaɪzɪz
regulizes,ˈrɛɡjəlaɪzɪz
regurgitates,rɪˈɡɜːrdʒɪteɪts
rehabbed,ˈriːhæbd
rehabilitates,ˌriːhəˈbɪlɪteɪts
rehabilitative,ˌriːhəˈbɪlɪteɪtɪv
rehabs,ˈriːhæbz
rehammered,riːˈhæmərd
rehammers,riːˈhæmərz
rehandles,riːˈhændəlz
rehanged,riːˈhæŋd
rehangs,riːˈhæŋz
rehardened,riːˈhɑːrdənd
rehardens,riːˈhɑːrdənz
rehashed,riːˈhæʃt
rehashes,riːˈhæʃɪz
reheard,riːˈhɜːrd
rehears,riːˈhɪrz
rehearsal,rɪˈhɜːrsəl
rehearsals,rɪˈhɜːrsəlz
rehearse,rɪˈhɜːrs
rehearsed,rɪˈhɜːrst
rehearser,rɪˈhɜːrsər
rehearsers,rɪˈhɜːrsərz
rehearses,rɪˈhɜːrsɪz
rehearsing,rɪˈhɜːrsɪŋ
reheats,riːˈhiːts
reheeled,riːˈhiːld
reheels,riːˈhiːlz
rehemmed,riːˈhɛmd
rehems,riːˈhɛmz
rehinges,riːˈhɪndʒɪz
rehires,riːˈhaɪərz
rehospitalises,riːˈhɑːspɪtəlaɪzɪz
rehospitalizes,riːˈhɑːspɪtəlaɪzɪz
rehouse,riːˈhaʊz
rehoused,riːˈhaʊzd
rehouses,riːˈhaʊzɪz
rehousing,riːˈhaʊzɪŋ
rehumanises,riːˈhjuːmənaɪzɪz
rehumanizes,riːˈhjuːmənaɪzɪz
rehydrates,riːˈhaɪdreɪts
rehypnotizes,riːˈhɪpnoʊtaɪzɪz
rehypothecates,riːhaɪˈpɑːθɪkeɪts
reidentifies,riːaɪˈdɛntɪfaɪz
reifies,ˈriːɪfaɪz
reigned,reɪnd
reignites,ˌriːɪɡˈnaɪts
reigns,reɪnz
reillumine,riːɪˈluːmɪn
reillumined,riːɪˈluːmɪnd
reillumines,riːɪˈluːmɪnz
reimages,riːˈɪmɪdʒɪz
reimagine,ˌriːɪˈmædʒɪn
reimagined,ˌriːɪˈmædʒɪnd
reimagines,ˌriːɪˈmædʒɪnz
reimburses,ˌriːɪmˈbɜːrsɪz
reimmerses,riːɪˈmɜːrsɪz
reimplants,riːɪmˈplænts
reimports,riːˈɪmpɔːrts
reimposes,ˌriːɪmˈpoʊzɪz
reimpressed,riːɪmˈprɛst
reimpresses,riːɪmˈprɛsɪz
reimprints,riːɪmˈprɪnts
reinaugurates,riːɪˈnɔːɡjəreɪts
reincarnates,ˌriːɪnˈkɑːrneɪts
reincites,riːɪnˈsaɪts
reincorporates,riːɪnˈkɔːrpəreɪts
reincreases,riːɪnˈkriːsɪz
reincurred,riːɪnˈkɜːrd
reincurs,riːɪnˈkɜːrz
reindexed,riːˈɪndɛkst
reindexes,riːˈɪndɛksɪz
reindict,riːɪnˈdaɪt
reindicted,riːɪnˈdaɪtɪd
reindicting,riːɪnˈdaɪtɪŋ
reindictment,rˌiɪndˈaɪtmənt
reindictments,rˌiɪndˈaɪtmənts
reindicts,rˌiiɪndˈaɪts
reinduces,rˌiiɪndjˈuːsɪz
reinducts,rˌiiɪndˈʌkts
reindustrializes,rˌiiɪndˈʌstrɪəlˌaɪzɪz
reined,reɪnd
reinette,reɪˈnɛt
reinettes,reɪˈnɛts
reinfects,rˌiiɪnfˈɛkts
reinflates,rˌiiɪnflˈeɪts
reinforces,rˌiiɪnfˈɔːrsɪz
reinformed,rˌiiɪnfˈɔːrmd
reinforms,rˌiiɪnfˈɔːrmz
reinfuse,rˌiiɪnfjˈuːz
reinfused,rˌiiɪnfjˈuːzd
reinfuses,rˌiiɪnfjˈuːzɪz
reinfusing,rˌiiɪnfjˈuːzɪŋ
reinhabits,rˌiiɪnhˈæbɪts
reinitiates,rˌiiɪnˈɪʃɪˌeɪts
reinjects,rˌiiɪndʒˈɛkts
reinjures,rˌiiɪndʒˈʊərz
reinked,rˌiiɪŋkt
reinks,rˌiiɪŋks
reinnervates,rˌiiɪnˈɜːrvˌeɪts
reinoculates,rˌiiɪnˈɒkjʊlˌeɪts
reins,reɪnz
reinserts,rˌiiɪnsˈɜːrts
reinspects,rˌiiɪnspˈɛkts
reinspires,rˌiiɪnspˈaɪərz
reinspirits,rˌiiɪnspˈɪrɪts
reinstalled,rˌiiɪnstˈɔːld
reinstalls,rˌiiɪnstˈɔːlz
reinstalment,rˌiiɪnstˈɔːlmənt
reinstalments,rˌiiɪnstˈɔːlmənts
reinstates,rˌiiɪnstˈeɪts
reinstitutes,rˌiiɪnstˈɪtjuːts
reinstitutionalizes,rˌiiɪnstˈɪtjuːʃənəlˌaɪzɪz
reinstructs,rˌiiɪnstrˈʌkts
reinsures,rˌiiɪnʃˈʊərz
reintegrates,rˌiiɪntˈɪɡrˌeɪts
reintegrative,rˌiiɪntˈɪɡrətˌɪv
reinterprets,rˌiiɪntˈɜːrprɪts
reinterred,rˌiiɪntˈɜːrd
reinterrogates,rˌiiɪntˈɛrəɡˌeɪts
reinters,rˌiiɪntˈɜːrz
reinterviewed,rˌiiɪntˈɜːrvjˌuːd
reinterviews,rˌiiɪntˈɜːrvjˌuːz
reintroduces,rˌiiɪntrədjˈuːsɪz
reinvades,rˌiiɪnvˈeɪdz
reinvents,rˌiiɪnvˈɛnts
reinvestigates,rˌiiɪnvˈɛstɪɡˌeɪts
reinvests,rˌiiɪnvˈɛsts
reinvigorates,rˌiiɪnvˈɪɡərˌeɪts
reinvites,rˌiiɪnvˈaɪts
reinvokes,rˌiiɪnvˈoʊks
reissues,rˌiiɪʃˈuːz
reitbok,rˈaɪtbɒk
reitboks,rˈaɪtbɒks
reiterates,riːˈɪtərˌeɪts
reiterative,riːˈɪtərətˌɪv
reiteratively,riːˈɪtərətˌɪvli
reive,riːv
reived,riːvd
reiver,rˈiːvər
reivers,rˈiːvərz
reives,riːvz
reiving,rˈiːvɪŋ
rejackets,rˌidʒˈækɪts
rejective,rɪdʒˈɛktɪv
rejects,rɪdʒˈɛkts
rejigged,rˌidʒˈɪɡd
rejiggered,rˌidʒˈɪɡərd
rejiggers,rˌidʒˈɪɡərz
rejigs,rˌidʒˈɪɡz
rejoices,rɪdʒˈɔɪsɪz
rejoined,rɪdʒˈɔɪnd
rejoins,rɪdʒˈɔɪnz
rejolts,rˌidʒˈoʊlts
rejourn,rɪdʒˈɜːrn
rejourned,rɪdʒˈɜːrnd
rejourning,rɪdʒˈɜːrnɪŋ
rejournment,rɪdʒˈɜːrnmənt
rejourns,rɪdʒˈɜːrnz
rejudges,rˌidʒˈʌdʒɪz
rejuggles,rˌidʒˈʌɡəlz
rejuvenates,rɪdʒˈuːvənˌeɪts
rekeyboards,rˌikˈiːbɔːrdz
rekeyed,rˌikˈiːd
rekeys,rˌikˈiːz
rekindles,riːkˈɪndəlz
reknits,rˌinˈɪts
relabeled,riːlˈeɪbəld
relabelled,riːlˈeɪbəld
relabelling,riːlˈeɪbəlɪŋ
relabels,riːlˈeɪbəlz
relaces,riːlˈeɪsɪz
relacquer,riːlˈækər
relacquered,riːlˈækərd
relacquering,riːlˈækərɪŋ
relacquers,riːlˈækərz
relais,rəlˈeɪ
relands,riːlˈændz
relandscapes,riːlˈændskˌeɪps
relapses,rɪlˈæpsɪz
relates,rɪlˈeɪts
relative,rˈɛlətɪv
relatively,rˈɛlətɪvli
relativeness,rˈɛlətɪvnəs
relatives,rˈɛlətɪvz
relativises,rˈɛlətɪvˌaɪzɪz
relativizes,rˈɛlətɪvˌaɪzɪz
relaunch,riːlˈɔːntʃ
relaunched,riːlˈɔːntʃt
relaunches,riːlˈɔːntʃɪz
relaunching,riːlˈɔːntʃɪŋ
relaxative,rɪlˈæksətˌɪv
relaxatives,rɪlˈæksətˌɪvz
relaxed,rɪlˈækst
relaxes,rɪlˈæksɪz
relayed,rɪlˈeɪd
relays,rɪlˈeɪz
relearn,riːlˈɜːrn
relearned,riːlˈɜːrnd
relearning,riːlˈɜːrnɪŋ
relearns,riːlˈɜːrnz
relearnt,riːlˈɜːrnt
releases,rɪlˈiːsɪz
relegates,rˈɛlɪɡˌeɪts
relends,riːlˈɛndz
relents,rɪlˈɛnts
relets,riːlˈɛts
relettered,riːlˈɛtərd
reletters,riːlˈɛtərz
relicenses,riːlˈaɪsənsɪz
relies,rɪlˈaɪz
relieve,rɪlˈiːv
relieved,rɪlˈiːvd
relievement,rɪlˈiːvmənt
relieves,rɪlˈiːvz
relight,riːlˈaɪt
relighted,riːlˈaɪtɪd
relighting,riːlˈaɪtɪŋ
relights,riːlˈaɪtz
religieux,rɪlˈɪdʒiːˌuː
religionises,rɪlˈɪdʒənˌaɪzɪz
religionizes,rɪlˈɪdʒənˌaɪzɪz
relines,riːlˈaɪnz
relinked,riːlˈɪŋkt
relinks,riːlˈɪŋks
relinquished,rɪlˈɪŋkwɪʃt
relinquishes,rɪlˈɪŋkwɪʃɪz
relique,rɪlˈiːk
reliquefies,riːlˈɪkwɪfˌaɪz
reliques,rɪlˈiːks
reliquidates,riːlˈɪkwɪdˌeɪts
relished,rˈɛlɪʃt
relishes,rˈɛlɪʃɪz
relisten,riːlˈɪsən
relistened,riːlˈɪsənd
relistening,riːlˈɪsənɪŋ
relistens,riːlˈɪsənz
relists,riːlˈɪsts
relive,riːlˈɪv
relived,riːlˈɪvd
relives,riːlˈɪvz
reloads,riːlˈoʊdz
reloaned,riːlˈoʊnd
reloans,riːlˈoʊnz
relocates,riːlˈoʊkˌeɪts
relocked,riːlˈɒkt
relocks,riːlˈɒks
relodges,riːlˈɒdʒɪz
relooked,riːlˈʊkt
relooks,riːlˈʊks
relove,riːlˈʌv
reloved,riːlˈʌvd
reloves,riːlˈʌvz
relubricates,riːlˈuːbrɪkˌeɪts
reluctates,rɪlˈʌktˌeɪts
relucts,rɪlˈʌkts
relumes,riːlˈuːmz
relumine,riːlˈuːmɪn
relumined,riːlˈuːmɪnd
relumines,riːlˈuːmɪnz
remailed,riːmˈeɪld
remails,riːmˈeɪlz
remaindered,rɪmˈeɪndərd
remainders,rɪmˈeɪndərz
remained,rɪmˈeɪnd
remains,rɪmˈeɪnz
remakes,riːmˈeɪks
remands,rɪmˈændz
remanufactures,riːmˌænjʊfˈæktʃərz
remapped,riːmˈæpt
remaps,riːmˈæps
remarked,rɪmˈɑːrkt
remarkets,riːmˈɑːrkɪts
remarks,rɪmˈɑːrkz
remarque,rɪmˈɑːrk
remarques,rɪmˈɑːrks
remarries,riːmˈærɪz
remastered,riːmˈæstərd
remasters,riːmˈæstərz
remasticates,riːmˈæstɪkˌeɪts
remasts,riːmˈæsts
rematched,riːmˈætʃt
rematches,riːmˈætʃɪz
rematerialises,riːmətˈɪərɪəlˌaɪzɪz
rematerializes,riːmətˈɪərɪəlˌaɪzɪz
remates,riːmˈeɪts
rembles,rˈɛmbəlz
remeans,riːmˈiːnz
remeant,riːmˈɛnt
remeasure,riːmˈɛʒər
remeasured,riːmˈɛʒərd
remeasurement,riːmˈɛʒərmənt
remeasurements,riːmˈɛʒərmənts
remeasures,riːmˈɛʒərz
remeasuring,riːmˈɛʒərɪŋ
remedes,rɪmˈiːdz
remediates,rɪmˈiːdɪˌeɪts
remedies,rˈɛmədɪz
remeets,riːmˈiːts
remelts,riːmˈɛlts
remembered,rɪmˈɛmbərd
remembers,rɪmˈɛmbərz
rememorates,rɪmˈɛmərˌeɪts
rememorative,rɪmˈɛmərətˌɪv
remends,riːmˈɛndz
remercies,rɪmˈɜːrsɪz
remerges,riːmˈɜːrdʒɪz
remilitarises,riːmˈɪlɪtərˌaɪzɪz
remilitarizes,riːmˈɪlɪtərˌaɪzɪz
remind,rɪmˈaɪnd
reminded,rɪmˈaɪndɪd
reminder,rɪmˈaɪndər
reminders,rɪmˈaɪndərz
remindful,rɪmˈaɪndfʊl
reminding,rɪmˈaɪndɪŋ
reminds,rɪmˈaɪndz
reminisces,rˌɛmɪnˈɪsɪz
remints,riːmˈɪnts
remises,rɪmˈaɪzɪz
remissive,rɪmˈɪsɪv
remits,rɪmˈɪts
remixed,riːmˈɪkst
remixes,riːmˈɪksɪz
remobilises,riːmˈoʊbɪlˌaɪzɪz
remobilizes,riːmˈoʊbɪlˌaɪzɪz
remodeled,riːmˈɒdəld
remodelled,riːmˈɒdəld
remodelling,riːmˈɒdəlɪŋ
remodels,riːmˈɒdəlz
remodifies,riːmˈɒdɪfˌaɪz
remoistened,riːmˈɔɪsənd
remoistens,riːmˈɔɪsənz
remolds,riːmˈoʊldz
remonetises,riːmˈʌnɪtˌaɪzɪz
remonetizes,riːmˈʌnɪtˌaɪzɪz
remonstrates,rɪmˈɒnstreɪts
remonstrative,rɪmˈɒnstrətˌɪv
remonstratively,rɪmˈɒnstrətˌɪvli
remorates,rˈɛmərˌeɪts
remords,rɪmˈɔːrdz
remortgages,riːmˈɔːrɡɪdʒɪz
remotivates,riːmˈoʊtɪvˌeɪts
remoulade,rˌuːməlˈɑːd
remoulds,riːmˈoʊldz
remounts,riːmˈaʊnts
removability,rɪmˌuːvəbˈɪlɪti
removable,rɪmˈuːvəbəl
removableness,rɪmˈuːvəbəlnəs
removably,rɪmˈuːvəbli
removal,rɪmˈuːvəl
removals,rɪmˈuːvəlz
remove,rɪmˈuːv
removeable,rɪmˈuːvəbəl
removed,rɪmˈuːvd
remover,rɪmˈuːvər
removers,rɪmˈuːvərz
removes,rɪmˈuːvz
removing,rɪmˈuːvɪŋ
remunerates,rɪmjˈuːnərˌeɪts
remunerative,rɪmjˈuːnərətˌɪv
remuneratively,rɪmjˈuːnərətˌɪvli
remunerativeness,rɪmjˈuːnərətˌɪvnəs
remythologises,riːmɪθˈɒlədʒˌaɪzɪz
remythologizes,riːmɪθˈɒlədʒˌaɪzɪz
renailed,riːnˈeɪld
renails,riːnˈeɪlz
renames,riːnˈeɪmz
renationalises,riːnˈæʃənəlˌaɪzɪz
renationalizes,riːnˈæʃənəlˌaɪzɪz
renatures,riːnˈeɪtʃərz
renavigates,riːnˈævɪɡˌeɪts
renayed,rɪnˈeɪd
renays,rɪnˈeɪz
rencountered,rɛnkˈaʊntərd
rencounters,rɛnkˈaʊntərz
rendered,rˈɛndərd
renders,rˈɛndərz
rendezvous,rˈɒndeɪvˌuː
rendezvoused,rˈɒndeɪvˌuːd
rendezvouses,rˈɒndeɪvˌuːzɪz
rendezvousing,rˈɒndeɪvˌuːɪŋ
rends,rɛndz
renegades,rˈɛnɪɡˌeɪdz
renege,rɪnˈɛɡ
reneged,rɪnˈɛɡd
reneger,rɪnˈɛɡər
renegers,rɪnˈɛɡərz
reneges,rɪnˈɛɡz
reneging,rɪnˈɛɡɪŋ
renegotiates,riːnɪɡˈoʊʃɪˌeɪts
renerve,riːnˈɜːrv
renerved,riːnˈɜːrvd
renerves,riːnˈɜːrvz
renests,riːnˈɛsts
renewed,rɪnjˈuːd
renews,rɪnjˈuːz
renigged,rɪnˈɪɡd
renigs,rɪnˈɪɡz
renominates,riːnˈɒmɪnˌeɪts
renormalises,riːnˈɔːrməlˌaɪzɪz
renormalizes,riːnˈɔːrməlˌaɪzɪz
renotifies,riːnˈoʊtɪfˌaɪz
renounces,rɪnˈaʊnsɪz
renovates,rˈɛnəvˌeɪts
renovative,rˈɛnəvətˌɪv
renower,rɪnˈaʊər
renown,rɪnˈaʊn
renowned,rɪnˈaʊnd
renowner,rɪˈnaʊnər
renownful,rɪnˈaʊnfʊl
renowning,rɪnˈaʊnɪŋ
renownless,rɪnˈaʊnləs
renowns,rɪnˈaʊnz
rentered,rˈɛntərd
renters,rˈɛntərz
rents,rɛnts
renumbered,riːnˈʌmbərd
renumbers,riːnˈʌmbərz
renumerates,rɪnjˈuːnərˌeɪts
renunciate,rɪnˈʌnsɪˌeɪt
renunciates,rɪnˈʌnsɪˌeɪts
renunciative,rɪnˈʌnsɪətˌɪv
reobjects,riːəbdʒˈɛkts
reobserve,riːəbzˈɜːrv
reobserved,riːəbzˈɜːrvd
reobserves,riːəbzˈɜːrvz
reobtained,riːəbtˈeɪnd
reobtains,riːəbtˈeɪnz
reoccupies,riːˈɒkjʊpˌaɪz
reoccurred,riːəkˈɜːrd
reoccurs,riːəkˈɜːrz
reoffered,riːˈɒfərd
reoffers,riːˈɒfərz
reoiled,riːˈɔɪld
reoils,riːˈɔɪlz
reopened,riːˈoʊpənd
reopens,riːˈoʊpənz
reoperates,riːˈɒpərˌeɪts
reopposes,riːəpˈoʊzɪz
reorchestrates,riːˈɔːrkɪstreɪts
reordained,riːɔːrdˈeɪnd
reordains,riːɔːrdˈeɪnz
reordered,riːˈɔːrdərd
reorders,riːˈɔːrdərz
reorganises,riːˈɔːrɡənˌaɪzɪz
reorganizes,riːˈɔːrɡənˌaɪzɪz
reorientates,riːˈɔːrɪəntˌeɪts
reorients,riːˈɔːrɪənts
reoutfits,riːˈaʊtfɪts
reoxidizes,riːˈɒksɪdˌaɪzɪz
repaces,riːpˈeɪsɪz
repacifies,riːpˈæsɪfˌaɪz
repackages,riːpˈækɪdʒɪz
repacked,riːpˈækt
repacks,riːpˈæks
repaganises,riːpˈeɪɡənˌaɪzɪz
repaganizes,riːpˈeɪɡənˌaɪzɪz
repaints,riːpˈeɪnts
repaired,rɪpˈɛərd
repairs,rɪpˈɛərz
repaneled,riːpˈænəld
repanelled,riːpˈænəld
repanelling,riːpˈænəlɪŋ
repanels,riːpˈænəlz
repapered,riːpˈeɪpərd
repapers,riːpˈeɪpərz
reparative,rɪpˈærətˌɪv
reparked,riːpˈɑːrkt
reparks,riːpˈɑːrkz
repartees,rˌɛpɑːrtˈiːz
repassed,riːpˈæst
repasses,riːpˈæsɪz
repasts,rɪpˈæsts
repastures,riːpˈæstʃərz
repatched,riːpˈætʃt
repatches,riːpˈætʃɪz
repatriates,riːpˈeɪtrɪˌeɪts
repatterned,riːpˈætərnd
repatterns,riːpˈætərnz
repaves,riːpˈeɪvz
repays,riːpˈeɪz
repealed,rɪpˈiːld
repeals,rɪpˈiːlz
repeats,rɪpˈiːts
repechage,rɛpɛʃˈɑːʒ
repechages,rɛpɛʃˈɑːʒɪz
repegged,riːpˈɛɡd
repegs,riːpˈɛɡz
repelled,rɪpˈɛld
repels,rɪpˈɛlz
repents,rɪpˈɛnts
repeople,riːpˈiːpəl
repeopled,riːpˈiːpəld
repeoples,riːpˈiːpəlz
repeopling,riːpˈiːpəlɪŋ
repercussed,rˌiːpərkˈʌst
repercussive,rˌiːpərkˈʌsɪv
reperked,riːpˈɜːrkt
reperks,riːpˈɜːrks
repetitive,rɪpˈɛtɪtɪv
repetitively,rɪpˈɛtɪtɪvli
repetitiveness,rɪpˈɛtɪtɪvnəs
rephotographed,riːfˈɒtəɡrˌæft
rephotographs,riːfˈɒtəɡrˌæfs
rephrases,riːfrˈeɪzɪz
repines,rɪpˈaɪnz
repinned,riːpˈɪnd
repins,riːpˈɪnz
replaces,rɪpˈeɪsɪz
replaits,riːplˈeɪts
replanned,riːplˈænd
replans,riːplˈændz
replantations,riːplæntˈeɪʃənz
replants,riːplˈænts
replastered,riːplˈæstərd
replasters,riːplˈæstərz
replates,riːplˈeɪts
replayed,riːplˈeɪd
replays,riːplˈeɪz
repleads,riːplˈiːdz
repledges,riːplˈɛdʒɪz
replenished,rɪplˈɛnɪʃt
replenishes,rɪplˈɛnɪʃɪz
repletive,rɪplˈiːtɪv
replevies,rɪplˈɛvɪz
replevined,rɪplˈɛvɪnd
replevins,rɪplˈɛvɪnz
replicate,rˈɛplɪkˌeɪt
replicates,rˈɛplɪkˌeɪts,(verb),or,rˈɛplɪkˌəts,(noun)
replicative,rˈɛplɪkətˌɪv
replies,rɪplˈaɪz
replots,riːplˈɒts
replumbed,riːplˈʌmd
replumbs,riːplˈʌmz
replunges,riːplˈʌndʒɪz
repolarises,riːpˈoʊlərˌaɪzɪz
repolarizes,riːpˈoʊlərˌaɪzɪz
repolished,riːpˈɒlɪʃt
repolishes,riːpˈɒlɪʃɪz
repolled,riːpˈoʊld
repolls,riːpˈoʊlz
repones,rɪpˈoʊnz
repopularises,riːpˈɒpjʊlˌaɪzɪz
repopularizes,riːpˈɒpjʊlˌaɪzɪz
repopulates,riːpˈɒpjʊlˌeɪts
reports,rɪpˈɔːrts
reposes,rɪpˈoʊzɪz
repositioned,riːpəzˈɪʃənd
repositions,riːpəzˈɪʃənz
reposits,rɪpˈɒzɪts
repossessed,rˌiːpəzˈɛst
repossesses,rˌiːpəzˈɛsɪz
repots,riːpˈɒts
repour,riːpˈɔːr
repoured,riːpˈɔːrd
repouring,riːpˈɔːrɪŋ
repours,riːpˈɔːrz
repousse,rəpˈuːseɪ
repousses,rəpˈuːseɪz
repower,riːpˈaʊər
repowered,riːpˈaʊərd
repowering,riːpˈaʊərɪŋ
repowers,riːpˈaʊərz
repped,rɛpt
reprehends,rˌɛprɪhˈɛndz
reprehensive,rˌɛprɪhˈɛnsɪv
representative,rˌɛprɪzˈɛntətɪv
representatively,rˌɛprɪzˈɛntətɪvli
representativeness,rˌɛprɪzˈɛntətɪvnəs
representatives,rˌɛprɪzˈɛntətɪvz
represents,rˌɛprɪzˈɛnts
repressed,rɪprˈɛst
represses,rɪprˈɛsɪz
repressive,rɪprˈɛsɪv
repressively,rɪprˈɛsɪvli
repressiveness,rɪprˈɛsɪvnəs
repressurizes,riːprˈɛʃərˌaɪzɪz
reprices,riːprˈaɪsɪz
reprieve,rɪprˈiːv
reprieved,rɪprˈiːvd
reprieves,rɪprˈiːvz
reprimands,rˈɛprɪmændz
reprints,rɪprˈɪnts
reprises,rɪprˈaɪzɪz
repristinates,riːprˈɪstɪnˌeɪts
reprivatises,riːpraɪvətˌaɪzɪz
reprivatizes,riːpraɪvətˌaɪzɪz
reproach,rɪprˈoʊtʃ
reproachable,rɪprˈoʊtʃəbəl
reproached,rɪprˈoʊtʃt
reproacher,rɪprˈoʊtʃər
reproachers,rɪprˈoʊtʃərz
reproaches,rɪprˈoʊtʃɪz
reproachful,rɪprˈoʊtʃfʊl
reproachfully,rɪprˈoʊtʃfʊli
reproachfulness,rɪprˈoʊtʃfʊlnəs
reproaching,rɪprˈoʊtʃɪŋ
reproachingly,rɪprˈoʊtʃɪŋli
reproachless,rɪprˈoʊtʃləs
reprobates,rˈɛprəbˌeɪts
reprobative,rˈɛprəbətˌɪv
reprobes,riːprˈoʊbz
reprocessed,riːprˈɒsɛst
reprocesses,riːprˈɒsɛsɪz
reproduces,rˌiːprədjˈuːsɪz
reproductive,rˌiːprədˈʌktɪv
reproductively,rˌiːprədˈʌktɪvli
reproductives,rˌiːprədˈʌktɪvz
reprogramed,riːprˈoʊɡræmd
reprograming,riːprˈoʊɡræmɪŋ
reprogrammed,riːprˈoʊɡræmd
reprogrammes,riːprˈoʊɡræmz
reprograms,riːprˈoʊɡræmz
reprovable,rɪprˈuːvəbəl
reproval,rɪprˈuːvəl
reprovals,rɪprˈuːvəlz
reprove,rɪprˈuːv
reproved,rɪprˈuːvd
reprover,rɪprˈuːvər
reprovers,rɪprˈuːvərz
reproves,rɪprˈuːvz
reproving,rɪprˈuːvɪŋ
reprovingly,rɪprˈuːvɪŋli
reprovisioned,riːprəvˈɪʒənd
reprunes,riːprˈuːnz
republicanises,rɪpˈʌblɪkənˌaɪzɪz
republicanizes,rɪpˈʌblɪkənˌaɪzɪz
republished,riːpˈʌblɪʃt
republishes,riːpˈʌblɪʃɪz
repudiates,rɪpjˈuːdɪˌeɪts
repugnates,rˈɛpʌɡnˌeɪts
repugned,rɪpjˈuːnd
repugns,rɪpjˈuːnz
repullulates,riːpˈʌljʊlˌeɪts
repulses,rɪpˈʌlsɪz
repulsive,rɪpˈʌlsɪv
repulsively,rɪpˈʌlsɪvli
repulsiveness,rɪpˈʌlsɪvnəs
repumped,riːpˈʌmpt
repumps,riːpˈʌmz
repunctuates,riːpˈʌŋktʃʊˌeɪts
repurchase,riːpˈɜːrtʃəs
repurchased,riːpˈɜːrtʃəst
repurchases,riːpˈɜːrtʃəsɪz
repurchasing,riːpˈɜːrtʃəsɪŋ
repurifies,riːpjˈʊərɪfˌaɪz
repurpose,riːpˈɜːrpəs
repurposed,riːpˈɜːrpəst
repurposes,riːpˈɜːrpəsɪz
repursues,riːpərsjˈuːz
reputatively,rˈɛpjʊtətˌɪvli
reputes,rɪpjˈuːts
requalifies,riːkwˈɒlɪfˌaɪz
requeres,rɪkwˈiːrz
requests,rɪkwˈɛsts
requickened,riːkwˈɪkənd
requickens,riːkwˈɪkənz
requires,rɪkwˈaɪərz
requisite,rˈɛkwɪzɪt
requisiteness,rˈɛkwɪzɪtnəs
requisites,rˈɛkwɪzɪts
requisitioned,rˌɛkwɪzˈɪʃənd
requisitions,rˌɛkwɪzˈɪʃənz
requisitive,rɪkwˈɪzɪtˌɪv
requites,rɪkwˈaɪts
reracked,riːrˈækt
reracks,riːrˈæks
reradiates,riːrˈeɪdɪˌeɪts
reraises,riːrˈeɪzɪz
reread,riːrˈiːd
rereads,riːrˈiːdz
rerecords,riːrɪkˈɔːrdz
reregistered,riːrˈɛdʒɪstərd
reregisters,riːrˈɛdʒɪstərz
reregulates,riːrˈɛɡjʊlˌeɪts
rereigned,riːrˈeɪnd
rereigns,riːrˈeɪnz
rereleases,riːrɪlˈiːsɪz
reremind,riːrɪmˈaɪnd
rereminded,riːrɪmˈaɪndɪd
rereminding,riːrɪmˈaɪndɪŋ
rereminds,riːrɪmˈaɪndz
rereviewed,riːrɪvjˈuːd
rereviews,riːrɪvjˈuːz
rerigged,riːrˈɪɡd
rerigs,riːrˈɪŋz
rerises,riːrˈaɪzɪz
rerolled,riːrˈoʊld
rerolls,riːrˈoʊlz
reroofed,riːrˈuːft
reroofs,riːrˈuːfs
reroutes,riːrˈuːts
reruns,riːrˈʌnz
resaddles,riːsˈædəlz
resailed,riːsˈeɪld
resails,riːsˈeɪlz
resalutes,riːsəlˈuːts
resamples,riːsˈæmpərz
resawed,riːsˈɔːd
resaws,riːsˈɔːz
resays,riːsˈɛz
rescales,riːskˈeɪlz
reschedules,riːʃˈɛdjuːlz
reschooled,riːskˈuːld
reschools,riːskˈuːlz
rescinds,rɪsˈɪndz
rescores,riːskˈɔːrz
rescreened,riːskrˈiːnd
rescreens,riːˈskriːnz
rescribes,rɪskrˈaɪbz
rescriptive,rɪskrˈɪptɪv
rescriptively,rɪskrˈɪptɪvli
rescues,rˈɛskjuːz
resculpts,riːskˈʌlpts
resealed,riːsˈiːld
reseals,riːsˈiːlz
research,rɪsˈɜːrtʃ
researchable,rɪsˈɜːrtʃəbəl
researched,rɪsˈɜːrtʃt
researcher,rɪsˈɜːrtʃər
researchers,rɪsˈɜːrtʃərz
researches,rɪsˈɜːrtʃɪz
researchful,rɪsˈɜːrtʃfʊl
researching,rɪsˈɜːrtʃɪŋ
researchist,rɪsˈɜːrtʃɪst
researchists,rɪsˈɜːrtʃɪsts
reseasoned,riːsˈiːzənd
reseasons,riːsˈiːzənz
reseats,riːsˈiːts
resects,rɪsˈɛkts
resecures,riːsɪkjˈʊərz
reseeds,riːsˈiːdz
reseeks,riːsˈiːks
resees,riːsˈiːz
resegregates,riːsˈɛɡrɪɡˌeɪts
reseize,riːsˈiːz
reseized,riːsˈiːzd
reseizer,riːsˈiːzər
reseizers,riːsˈiːzərz
reseizes,riːsˈiːzɪz
reseizing,riːsˈiːzɪŋ
reseizure,riːsˈiːʒər
resells,riːsˈɛlz
resembles,rɪzˈɛmbərz
reseminates,riːsˈɛmɪnˌeɪts
resends,riːsˈɛndz
resensitises,riːsˈɛnsɪtˌaɪzɪz
resensitizes,riːsˈɛnsɪtˌaɪzɪz
resentences,riːsˈɛntənsɪz
resentive,rɪzˈɛntɪv
resents,rɪzˈɛnts
reserates,rˈɛsərˌeɪts
reservative,rɪzˈɜːrvətɪv
reserve,rɪzˈɜːrv
reserved,rɪzˈɜːrvd
reserves,rɪzˈɜːrvz
reservices,riːsˈɜːrvɪsɪz
resets,riːsˈɛts
resettles,riːsˈɛtərz
resew,riːsˈoʊ
resewed,riːsˈoʊd
resewing,riːsˈoʊɪŋ
resewn,riːsˈoʊn
resews,riːsˈoʊz
reshapes,riːʃˈeɪps
reshaves,riːʃˈeɪvz
reshines,riːʃˈaɪnz
reshingles,riːʃˈɪŋɡəlz
reshipped,riːʃˈɪpt
reships,riːʃˈɪps
reshoe,riːʃˈuː
reshoeing,riːʃˈuːɪŋ
reshoes,riːʃˈuːz
reshoots,riːʃˈuːts
reshowed,riːʃˈoʊd
reshows,riːʃˈoʊz
reshuffles,riːʃˈʌfərz
resides,rɪzˈaɪdz
resieges,riːsˈiːdʒɪz
resifts,riːsˈɪfts
resight,riːsˈaɪt
resighted,riːsˈaɪtɪd
resighting,riːsˈaɪtɪŋ
resights,riːsˈaɪtz
resigned,rɪzˈaɪnd
resigns,rɪzˈaɪnz
resiles,rɪzˈaɪlz
resilvered,riːsˈɪlvərd
resilvers,riːsˈɪlvərz
resinates,rˈɛzɪnˌeɪts
resined,rˈɛzɪnd
resinifies,rɪzˈɪnɪfˌaɪz
resins,rˈɛzɪnz
resistive,rɪzˈɪstɪv
resistively,rɪzˈɪstɪvli
resistiveness,rɪzˈɪstɪvnəs
resists,rɪzˈɪsts
resites,riːsˈaɪts
resizes,riːsˈaɪzɪz
resketched,riːskˈɛtʃt
resketches,riːskˈɛtʃɪz
reslates,riːslˈeɪts
resmelts,riːsmˈɛlts
resmooth,riːsmˈuːð
resmooths,riːsmˈuːðz
resoaked,riːsˈoʊkt
resoaks,riːsˈoʊks
resocialises,riːsˈoʊʃəlˌaɪzɪz
resocializes,riːsˈoʊʃəlˌaɪzɪz
resods,riːsˈɒdz
resoldered,riːsˈɒldərd
resolders,riːsˈɒldərz
resoles,riːsˈoʊlz
resolidifies,riːsəlˈɪdɪfˌaɪz
resolutive,rɪzˈɒljʊtɪv
resolve,rɪzˈɒlv
resolved,rɪzˈɒlvd
resolves,rɪzˈɒlvz
resonates,rˈɛzənˌeɪts
resorbed,rɪsˈɔːrbd
resorbs,rɪsˈɔːrbz
resorptive,rɪsˈɔːrptɪv
resorts,rɪsˈɔːrts
resought,riːsˈɔːt
resounds,rɪzˈaʊndz
resource,rɪsˈɔːrs
resourced,rɪsˈɔːrst
resourceful,rɪsˈɔːrsfʊl
resourcefully,rɪsˈɔːrsfʊli
resourcefulness,rɪsˈɔːrsfʊlnəs
resourceless,rɪsˈɔːrsləs
resources,rɪsˈɔːrsɪz
resourcing,rɪsˈɔːrsɪŋ
resowed,riːsˈoʊd
resows,riːsˈoʊz
respaces,riːspˈeɪsɪz
respades,riːspˈeɪdz
respeaks,riːspˈiːks
respective,rɪspˈɛktɪv
respectively,rɪspˈɛktɪvli
respectiveness,rɪspˈɛktɪvnəs
respects,rɪspˈɛkts
respelled,riːspˈɛld
respells,riːspˈɛlz
resperses,rɪspˈɜːrsɪz
respirative,rɪspˈaɪərətɪv
respires,rɪspˈaɪərz
respiritualises,riːspˈɪrɪtʃʊəlˌaɪzɪz
respiritualizes,riːspˈɪrɪtʃʊəlˌaɪzɪz
respite,rˈɛspaɪt
respiteless,ˈrɛspɪtləs
respites,rˈɛspaɪts
resplices,riːsplˈaɪsɪz
resplits,riːsplˈɪts
responds,rɪspˈɒndz
responsive,rɪspˈɒnsɪv
responsively,rɪspˈɒnsɪvli
responsiveness,rɪspˈɒnsɪvnəs
respots,riːspˈɒts
resprayed,riːsprˈeɪd
resprays,riːsprˈeɪz
respread,riːsprˈɛd
respreading,riːsprˈɛdɪŋ
respreads,riːsprˈɛdz
resprings,riːsprˈɪŋz
resprouts,riːspraʊts
resscreens,riːskrˈiːnz
restabilises,riːstˈeɪbɪlˌaɪzɪz
restabilizes,riːstˈeɪbɪlˌaɪzɪz
restacked,riːstˈækt
restacks,riːstˈæks
restaffed,riːstˈæft
restaffs,riːstˈæfs
restages,riːstˈeɪdʒɪz
restagnates,riːstˈæɡnˌeɪts
restamped,riːstˈæmpt
restamps,riːstˈæmps
restarts,riːstˈɑːrts
restates,riːstˈeɪts
restemmed,riːstˈɛmd
restems,riːstˈɛmz
restimulates,riːstˈɪmjʊlˌeɪts
restitched,riːstˈɪtʃt
restitches,riːstˈɪtʃɪz
restitutes,rˈɛstɪtjuːts
restive,rˈɛstɪv
restively,rˈɛstɪvli
restiveness,rˈɛstɪvnəs
restocked,riːstˈɒkt
restocks,riːstˈɒks
restokes,riːstˈoʊks
restorative,rɪstˈɔːrətɪv
restoratively,rɪstˈɔːrətɪvli
restoratives,rɪstˈɔːrətɪvz
restores,rɪstˈɔːrz
restrained,rɪstrˈeɪnd
restrains,rɪstrˈeɪnz
restrengthened,riːstrˈɛŋθənd
restrengthens,riːstrˈɛŋθənz
restressed,riːstrˈɛst
restresses,riːstrˈɛsɪz
restrictive,rɪstrˈɪktɪv
restrictively,rɪstrˈɪktɪvli
restrictiveness,rɪstrˈɪktɪvnəs
restrictives,rɪstrˈɪktɪvz
restricts,rɪstrˈɪkts
restrikes,riːstrˈaɪks
restrings,riːstrˈɪŋz
restrives,riːstrˈaɪvz
restructures,riːstrˈʌktʃərz
rests,rɛsts
restudies,riːstˈʌdɪz
restuffed,riːstˈʌft
restuffs,riːstˈʌfs
restyles,riːstaɪlz
resublimes,riːsəblˈaɪmz
resubmits,riːsəbmˈɪts
resultive,rɪzˈʌltɪv
results,rɪzˈʌlts
resume,ˈrɛzəˌmeɪ
resumes,rɪzˈuːmz
resummoned,riːsˈʌmənd
resummons,riːsˈʌmənz
resumptive,rɪzˈʌmptɪv
resupinate,riːsjˈuːpɪnˌeɪt
resupplies,riːsəplˈaɪz
resurfaces,riːsˈɜːrfəsɪz
resurges,riːsˈɜːrdʒɪz
resurrects,rˌɛzərˈɛkts
resurveyed,riːsərvˈeɪd
resurveys,riːsərvˈeɪz
resuscitates,rɪsˈʌsɪtˌeɪts
resuscitative,rɪsˈʌsɪtətˌɪv
resynthesises,riːsˈɪnθɪsˌaɪzɪz
resynthesizes,riːsˈɪnθɪsˌaɪzɪz
resystematises,riːsˈɪstəmətˌaɪzɪz
resystematizes,riːsˈɪstəmətˌaɪzɪz
retacked,riːtˈækt
retackles,riːtˈækəlz
retacks,riːtˈæks
retagged,riːtˈæɡd
retags,riːtˈæɡz
retailed,rˈiːteɪld
retailored,riːtˈeɪlərd
retails,rˈiːteɪlz
retained,rɪtˈeɪnd
retains,rɪtˈeɪnz
retakes,rˈiːteɪks
retaliates,rɪtˈælɪjˌeɪts
retaliative,rɪtˈælɪjətˌɪv
retapes,riːtˈeɪps
retardative,rɪtˈɑːrdətɪv
retards,rɪtˈɑːrdz
retargets,riːtˈɑːrɡɪts
retastes,riːtˈeɪsts
retaught,riːtˈɔːt
retaxed,riːtˈækst
retaxes,riːtˈæksɪz
retched,rɛtʃt
retches,rˈɛtʃɪz
reteach,riːtˈiːtʃ
reteaches,riːtˈiːtʃɪz
reteaching,riːtˈiːtʃɪŋ
reteamed,riːtˈiːmd
reteams,riːtˈiːmz
retear,riːtˈɛər
retearing,riːtˈɛərɪŋ
retears,riːtˈɛərz
retells,riːtˈɛlz
retempered,riːtˈɛmpərd
retempers,riːtˈɛmpərz
retentive,rɪtˈɛntɪv
retentively,rɪtˈɛntɪvli
retentiveness,rɪtˈɛntɪvnəs
retests,riːtˈɛsts
retexed,riːtˈɛkst
retexes,riːtˈɛksɪz
retextures,riːtˈɛkstʃərz
rethinks,riːθˈɪŋks
rethought,riːθˈɔːt
rethread,riːθrˈɛd
rethreaded,riːθrˈɛd|ɪd
rethreading,riːθrˈɛdɪŋ
rethreads,riːθrˈɛdz
reticulate,rɪtˈɪkjʊlˌeɪt
reticulately,rɪtˈɪkjʊlətli
reticulates,rɪtˈɪkjʊlˌeɪts
reties,riːtˈaɪz
retighten,riːtˈaɪtən
retightened,riːtˈaɪtənd
retightening,riːtˈaɪtənɪŋ
retightens,riːtˈaɪtənz
retiles,riːtˈaɪlz
retimes,riːtˈaɪmz
retinerved,rˈɛtɪnˌɜːrvd
retints,riːtˈɪnts
retinulate,rɪtˈɪnjʊlət
retires,rɪtˈaɪərz
retitles,riːtˈaɪtəlz
retooled,riːtˈuːld
retools,riːtˈuːlz
retortive,rɪtˈɔːrtɪv
retorts,rɪtˈɔːrts
retossed,riːtˈɒst
retosses,riːtˈɒsɪz
retouch,rˈiːtʌtʃ
retouched,rˈiːtʌtʃt
retoucher,rˈiːtʌtʃər
retouchers,rˈiːtʌtʃərz
retouches,rˈiːtʌtʃɪz
retouching,rˈiːtʌtʃɪŋ
retraces,rɪtrˈeɪsɪz
retracked,riːtrˈækt
retracks,riːtrˈæks
retractive,rɪtrˈæktɪv
retracts,rɪtrˈækts
retrained,riːtrˈeɪnd
retrains,riːtrˈeɪnz
retransferred,riːtrænsfˈɜːrd
retransfers,riːtrænsfˈɜːrz
retransformed,riːtrænsfˈɔːrmd
retransforms,riːtrænsfˈɔːrmz
retranslates,riːtrænslˈeɪts
retransmits,riːtrænsmˈɪts
retread,rˈiːtrɛd
retreaded,riːtrˈɛdɪd
retreading,riːtrˈɛdɪŋ
retreads,rˈiːtrɛdz
retreats,rɪtrˈiːts
retrench,rɪtrˈɛntʃ
retrenched,rɪtrˈɛntʃt
retrenches,rɪtrˈɛntʃɪz
retrenching,rɪtrˈɛntʃɪŋ
retrenchment,rɪtrˈɛntʃmənt
retrenchments,rɪtrˈɛntʃmənts
retributes,rɪtrˈɪbjuːts
retributive,rɪtrˈɪbjʊtɪv
retributively,rɪtrˈɪbjʊtɪvli
retries,riːtrˈaɪz
retrieve,rɪtrˈiːv
retrieved,rɪtrˈiːvd
retrievement,rɪtrˈiːvmənt
retrievements,rɪtrˈiːvmənts
retrieves,rɪtrˈiːvz
retrimmed,riːtrˈɪmd
retrims,riːtrˈɪmz
retroactive,rˌɛtroʊˈæktɪv
retroactively,rˌɛtroʊˈæktɪvli
retroacts,rˌɛtroʊˈækts
retrocedes,rˌɛtroʊsˈiːdz
retrodictive,rˌɛtroʊdˈɪktɪv
retrodicts,rˌɛtroʊdˈɪkts
retrofires,rˈɛtroʊfˌaɪərz
retrofits,rˈɛtroʊfˌɪts
retroflexed,rˈɛtroʊflɛkst
retrogenerative,rˌɛtroʊdʒˈɛnərətˌɪv
retrogrades,rˈɛtroʊɡrˌeɪdz
retrogressed,rˌɛtroʊɡrˈɛst
retrogresses,rˌɛtroʊɡrˈɛsɪz
retrogressive,rˌɛtroʊɡrˈɛsɪv
retrogressively,rˌɛtroʊɡrˈɛsɪvli
retropulsive,rˌɛtroʊpˈʌlsɪv
retropulsively,rˌɛtroʊpˈʌlsɪvli
retroreflective,rˌɛtroʊrɪflˈɛktɪv
retrospective,rˌɛtrəspˈɛktɪv
retrospectively,rˌɛtrəspˈɛktɪvli
retrospectives,rˌɛtrəspˈɛktɪvz
retrospects,rˈɛtrəspɛkts
retroverts,rˈɛtroʊvˌɜːrts
rets,rɛts
retunds,rɪtˈʌndz
retunes,riːtˈuːnz
returned,rɪtˈɜːrnd
returns,rɪtˈɜːrnz
retwists,riːtwˈɪsts
retypes,riːtˈaɪps
reunifies,riːjˈuːnɪfˌaɪz
reunites,riːjˈuːnaɪts
reupholstered,riːʌphˈoʊlstərd
reupholsters,riːʌphˈoʊlstərz
reuptakes,rˈiːʌptˌeɪks
reurges,riːˈɜːrdʒɪz
reuse,riːjˈuːz
reused,riːjˈuːzd
reuses,riːjˈuːzɪz
reusing,riːjˈuːzɪŋ
reutilises,riːjˈuːtɪlˌaɪzɪz
reutilizes,riːjˈuːtɪlˌaɪzɪz
reuttered,riːˈʌtərd
reutters,riːˈʌtərz
revaccinates,riːvˈæksɪnˌeɪts
revalidates,riːvˈælɪdˌeɪts
revalorises,riːvˈælorˌaɪzɪz
revalorizes,riːvˈælorˌaɪzɪz
revaluates,riːvˈæljuːˌeɪts
revalues,riːvˈæljuːz
revamped,riːvˈæmpt
revamps,riːvˈæmps
revanche,rəvˈɑːnʃ
revanches,rəvˈɑːnʃɪz
revanchism,rəvˈɑːnʃɪzəm
revanchisms,rəvˈɑːnʃɪzəmz
revanchist,rəvˈɑːnʃɪst
reve,riːv
revealed,rɪvˈiːld
reveals,rɪvˈiːlz
revegetates,riːvˈɛdʒɪtˌeɪts
reveled,rˈɛvəld
revelled,rˈɛvəld
reveller,rˈɛvələr
revellers,rˈɛvələrz
revelling,rˈɛvəlɪŋ
revels,rˈɛvəlz
revenges,rɪvˈɛndʒɪz
revenues,rˈɛvənjuːz
reverbed,rɪvˈɜːrbd
reverberates,rɪvˈɜːrbərˌeɪts
reverberative,rɪvˈɜːrbərətˌɪv
reverbs,rˈiːvɜːrbz
reverences,rˈɛvərənsɪz
reveres,rɪvˈɪərz
reverifies,riːvˈɛrɪfˌaɪz
reverses,rɪvˈɜːrsɪz
revertive,rɪvˈɜːrtɪv
reverts,rɪvˈɜːrts
revests,rɪvˈɛsts
revets,rɪvˈɛts
revibrates,riːvˈaɪbreɪts
revictual,riːvˈɪtəl
revictualed,riːvˈɪtəld
revictualing,riːvˈɪtəlɪŋ
revictualled,riːvˈɪtəld
revictualling,riːvˈɪtəlɪŋ
revictuals,riːvˈɪtəlz
reviewed,rɪvjˈuːd
reviews,rɪvjˈuːz
revigorates,riːvˈɪɡərˌeɪts
reviles,rɪvˈaɪərz
revindicates,riːvˈɪndɪkˌeɪts
revises,rɪvˈaɪzɪz
revisits,riːvˈɪzɪts
revisualises,riːvˈɪʒʊəlˌaɪzɪz
revisualizes,riːvˈɪʒʊəlˌaɪzɪz
revitalises,riːvˈaɪtəlˌaɪzɪz
revitalizes,riːvˈaɪtəlˌaɪzɪz
revives,rɪvˈaɪvz
revivificates,riːvˈɪvɪfɪkˌeɪts
revivifies,riːvˈɪvɪfˌaɪz
revocates,rˈɛvəkˌeɪts
revoices,riːvˈɔɪsɪz
revokes,rɪvˈoʊks
revolts,rɪvˈoʊlts
revolutionises,rˌɛvəlˈuːʃənˌaɪzɪz
revolutionizes,rˌɛvəlˈuːʃənˌaɪzɪz
revolutive,rˈɛvəluːtɪv
revolve,rɪvˈɒlv
revolved,rɪvˈɒlvd
revolvement,rɪvˈɒlvmənt
revolvements,rɪvˈɒlvmənts
revolves,rɪvˈɒlvz
revotes,riːvˈoʊts
revs,rɛvz
revulsive,rɪvˈʌlsɪv
revved,rɛvd
rewakened,riːwˈeɪkənd
rewakens,riːwˈeɪkənz
rewakes,riːwˈeɪks
rewards,rɪwˈɔːrdz
rewarmed,riːwˈɔːrmd
rewarms,riːwˈɔːrmz
rewashed,riːwˈɒʃt
rewashes,riːwˈɒʃɪz
rewaxed,riːwˈækst
rewaxes,riːwˈæksɪz
reweave,riːwˈiːv
reweaved,riːwˈiːvd
reweaves,riːwˈiːvz
reweds,riːwˈɛdz
reweigh,riːwˈeɪ
reweighed,riːwˈeɪd
reweighing,riːwˈeɪɪŋ
reweighs,riːwˈeɪz
rewelds,riːwˈɛldz
rewets,riːwˈɛts
rewidened,riːwˈaɪdənd
rewidens,riːwˈaɪdənz
rewind,rˈiːwaɪnd
rewinded,riːwˈaɪndɪd
rewinder,riːwˈaɪndər
rewinders,riːwˈaɪndərz
rewinding,riːwˈaɪndɪŋ
rewinds,rˈiːwaɪndz
rewins,riːwˈɪnz
rewires,riːwˈaɪərz
rewords,riːwˈɔːrdz
reworked,riːwˈɜːrkt
reworks,riːwˈɜːrks
rewrapped,riːrˈæpt
rewraps,riːrˈæps
rewrites,riːrˈaɪts
rewrought,riːrˈɔːt
rezones,riːzˈoʊnz
rhabdocoela,ræbdəsˈiːlə
rhaetic,rˈiːtɪk
rhapsodises,rˈæpsədˌaɪzɪz
rhapsodizes,rˈæpsədˌaɪzɪz
rhetorises,rˈɛtərˌaɪzɪz
rhetorizes,rˈɛtərˌaɪzɪz
rhumbaed,rˈʌmbəd
rhumbas,rˈʌmbəz
rhymes,raɪmz
rhythmizes,rˈɪðəmˌaɪzɪz
ribbed,rɪbd
ribboned,rˈɪbənd
ribbons,rˈɪbənz
ribs,rɪbz
rich,rɪtʃ
richen,rˈɪtʃən
richened,rˈɪtʃənd
richening,rˈɪtʃənɪŋ
richens,rˈɪtʃənz
richer,rˈɪtʃər
riches,rˈɪtʃɪz
richesse,rɪtʃˈɛs
richest,rˈɪtʃɪst
richly,rˈɪtʃli
richness,rˈɪtʃnəs
richweed,rˈɪtʃwiːd
richweeds,rˈɪtʃwiːdz
ricked,rɪkt
ricks,rɪks
ricochet,rˈɪkəʃˌeɪ
ricocheted,rˈɪkəʃˌeɪd
ricocheting,rˈɪkəʃˌeɪɪŋ
ricochets,rˈɪkəʃˌeɪz
ricochetted,rˈɪkəʃˌɛtɪd
ricochetting,rˈɪkəʃˌɛtɪŋ
riddles,rˈɪdəlz
rides,raɪdz
ridgelines,rˈɪdʒlaɪnz
ridges,rˈɪdʒɪz
ridicules,rˈɪdɪkjuːlz
rids,rɪdz
riffed,rɪft
riffles,rˈɪfəlz
riffs,rɪfs
rifles,rˈaɪfəlz
rifts,rɪfts
rigged,rɪɡd
right,raɪt
righted,rˈaɪtɪd
righten,rˈaɪtən
rightened,rˈaɪtənd
rightening,rˈaɪtənɪŋ
rightens,rˈaɪtənz
righteous,rˈaɪtʃəs
righteoused,rˈaɪtʃəst
righteouses,rˈaɪtʃəsɪz
righteousing,rˈaɪtʃəsɪŋ
righteously,rˈaɪtʃəsli
righteousness,rˈaɪtʃəsnəs
righter,rˈaɪtər
righters,rˈaɪtərz
rightest,rˈaɪtɪst
rightfield,rˈaɪtfiːld
rightfields,rˈaɪtfiːldz
rightful,rˈaɪtfʊl
rightfully,rˈaɪtfʊli
rightfulness,rˈaɪtfʊlnəs
righthanded,rˈaɪthˈændɪd
righthander,rˈaɪthˈændər
righthanders,rˈaɪthˈændərz
rightholder,rˈaɪthoʊldər
rightholders,rˈaɪthoʊldərz
righting,rˈaɪtɪŋ
rightism,rˈaɪtɪzəm
rightisms,rˈaɪtɪzəmz
rightist,rˈaɪtɪst
rightists,rˈaɪtɪsts
rightless,rˈaɪtləs
rightly,rˈaɪtli
rightmost,rˈaɪtmoʊst
rightness,rˈaɪtnəs
righto,rˈaɪtˈoʊ
rights,raɪts
rightward,rˈaɪtwərd
rightwise,rˈaɪtwaɪz
rightwisely,rˈaɪtwaɪzli
rightwiseness,rˈaɪtwaɪznəs
righty,rˈaɪti
rigidifies,rɪdʒˈɪdɪfˌaɪz
rigs,rɪɡz
riles,rˈaɪərz
rilled,rɪld
rillette,ɹɪˈlɛt
rillettes,rɪˈlɛts
rills,rɪlz
rimes,raɪmz
rimmed,rɪmd
rimples,rˈɪmpəlz
rims,rɪmz
rind,raɪnd
rinded,rˈaɪndɪd
rinding,rˈaɪndɪŋ
rindless,rˈaɪndləs
rinds,raɪndz
rindy,rˈaɪndi
rines,raɪnz
ringbarked,rˈɪŋbɑːrkt
ringbarks,rˈɪŋbɑːrks
ringdove,rˈɪŋdʌv
ringdoves,rˈɪŋdʌvz
ringed,rɪŋd
ringhead,rˈɪŋhɛd
ringheads,rˈɪŋhɛdz
rings,rɪŋz
rinses,rˈɪnsɪz
riots,rˈaɪəts
ripened,rˈaɪpənd
ripens,rˈaɪpənz
ripes,raɪps
ripostes,rɪpˈoʊsts
riposts,rɪpˈoʊsts
ripped,rɪpt
ripples,rˈɪpəlz
riprapped,rˈɪpræpt
ripraps,rˈɪpræps
rips,rɪps
riptowel,rˈɪptaʊəl
riptowels,rˈɪptaʊəlz
rises,rˈaɪzɪz
risked,rɪskt
risks,rɪsks
risque,rɪskˈeɪ
rits,rɪts
ritualises,rˈɪtʃʊəlˌaɪzɪz
ritualizes,rˈɪtʃʊəlˌaɪzɪz
rivaled,rˈaɪvəld
rivalled,rˈaɪvəld
rivalling,rˈaɪvəlɪŋ
rivals,rˈaɪvəlz
riveled,rˈɪvəld
rivels,rˈɪvəlz
rivers,rˈɪvərz
rives,raɪvz
rivets,rˈɪvɪts
rivetted,rˈɪvɪtɪd
rivetting,rˈɪvɪtɪŋ
roach,roʊtʃ
roached,roʊtʃt
roaches,rˈoʊtʃɪz
roaching,rˈoʊtʃɪŋ
roadblocked,rˈoʊdblɒkt
roadblocks,rˈoʊdblɒks
roadstead,rˈoʊdstɛd
roadsteads,rˈoʊdstɛdz
roamed,roʊmd
roams,roʊmz
roared,rɔːrd
roars,rɔːrz
roasts,roʊsts
robbed,rɒbd
robes,roʊbz
roborates,rˈɒbərˌeɪts
robotises,rˈoʊbɒtˌaɪzɪz
robotizes,rˈoʊbɒtˌaɪzɪz
robs,rɒbz
rocaille,rɒkˈaɪ
rocailles,rɒkˈaɪz
rochelime,rˈɒtʃlaɪm
rochet,rˈɒtʃɪt
rochets,rˈɒtʃɪts
rockabyes,rˈɒkəbˌaɪz
rocked,rɒkt
rockered,rˈɒkərd
rockets,rˈɒkɪts
rocks,rɒks
rodeos,rˈoʊdɪˌoʊz
rods,rɒdz
rogered,rˈɒdʒərd
rogers,rˈɒdʒərz
rogue,roʊɡ
rogued,roʊɡd
rogueing,rˈoʊɡɪŋ
rogueries,rˈoʊɡəriz
roguery,rˈoʊɡəri
rogues,roʊɡz
rogueship,rˈoʊɡʃɪp
rogueships,rˈoʊɡʃɪps
roguing,rˈoʊɡɪŋ
roguish,rˈoʊɡɪʃ
roguishly,rˈoʊɡɪʃli
roguishness,rˈoʊɡɪʃnəs
roguy,rˈoʊɡi
roiled,rɔɪld
roils,rɔɪlz
roined,rɔɪnd
roins,rɔɪnz
roistered,rˈɔɪstərd
roisters,rˈɔɪstərz
roleplayed,rˈoʊlplˌeɪd
roleplays,rˈoʊlplˌeɪz
rolfed,rɒlft
rolfs,rɒlfs
rolled,roʊld
rollerblades,rˈoʊlərbliːdz
rollicked,rˈɒlɪkt
rollicks,rˈɒlɪks
rollics,rˈɒlɪks
rolls,roʊlz
romances,roʊmˈænsɪz
romanesque,rˌoʊmənˈɛsk
romanises,rˈoʊmənˌaɪzɪz
romanizes,rˈoʊmənˌaɪzɪz
romanticises,roʊmˈæntɪsˌaɪzɪz
romanticizes,roʊmˈæntɪsˌaɪzɪz
romped,rɒmpt
romps,rɒmps
rondache,rɒndˈæʃ
rondaches,rɒndˈæʃɪz
rondeaux,rˈɒndoʊz
roofed,ruːft
roofs,ruːfs
rooked,rʊkt
rooks,rʊks
roomed,ruːmd
roomette,ruːˈmɛt
roomettes,ruːˈmɛts
rooms,ruːmz
roomsome,rˈuːmsəm
rooped,ruːpt
roops,ruːps
rooses,rˈuːsɪz
roosts,ruːsts
roots,ruːts
ropes,roʊps
ropewalk,rˈoʊpwɔːk
ropewalker,rˈoʊpwɔːkər
ropewalkers,rˈoʊpwɔːkərz
ropewalks,rˈoʊpwɔːks
roque,roʊk
roquelaure,rˈɒkəlɔːr
roquelaures,rˈɒkəlɔːrz
roquet,rˈoʊkeɪ
roqueted,rˈoʊkeɪd
roqueting,rˈoʊkeɪɪŋ
roquets,rˈoʊkeɪz
roseate,rˈoʊzɪət
roseately,rˈoʊzɪətli
rosefinch,rˈoʊzfɪntʃ
rosefinches,rˈoʊzfɪntʃɪz
rosehead,rˈoʊzhɛd
roseheads,rˈoʊzhɛdz
rosette,ɹəˈsɛt
rosettes,ˈɹoʊˌzɛts
rosies,rˈoʊzɪz
rosined,rˈɒzɪnd
rosins,rˈɒzɪnz
rostellate,rɒstˈɛlət
rosulate,rˈɒzjʊlət
rotates,rˈoʊteɪts
rotative,rˈoʊtətɪv
rotatively,rˈoʊtətɪvli
rotes,roʊts
rototilled,rˈoʊtoʊtˌɪld
rototills,rˈoʊtoʊtˌɪlz
rots,rɒts
rouche,ruːʃ
rouches,rˈuːʃɪz
roue,rˈuːeɪ
roues,rˈuːeɪz
rouet,rˈuːeɪ
rouets,rˈuːeɪz
rouge,ruːʒ
rouged,ruːʒd
rouges,rˈuːʒɪz
rough,rʌf
roughage,rˈʌfɪdʒ
roughages,rˈʌfɪdʒɪz
roughcast,rˈʌfkæst
roughcaster,rˈʌfkæstər
roughcasters,rˈʌfkæstərz
roughcasting,rˈʌfkæstɪŋ
roughcasts,rˈʌfkæsts
roughdraw,rˈʌfdrɔː
roughdrawing,rˈʌfdrɔːɪŋ
roughdrawn,rˈʌfdrɔːn
roughdrew,rˈʌfdrʊ
roughdried,rˈʌfdraɪd
roughdries,rˈʌfdraɪz
roughdry,rˈʌfdraɪ
roughdrying,rˈʌfdraɪɪŋ
roughed,rʌft
roughen,rˈʌfən
roughened,rˈʌfænd
roughening,rˈʌfənɪŋ
roughens,rˈʌfænz
rougher,rˈʌfər
roughers,rˈʌfərz
roughest,rˈʌfɪst
roughhead,rˈʌfhɛd
roughhew,rˈʌfhjˈuː
roughhewed,rˈʌfhjˈuːd
roughhewer,rˈʌfhjˈuːər
roughhewers,rˈʌfhjˈuːərz
roughhewing,rˈʌfhjˈuːɪŋ
roughhewn,rˈʌfhjˈuːn
roughhews,rˈʌfhjˈuːz
roughhouse,rˈʌfhaʊs
roughhoused,rˈʌfhaʊst
roughhouses,rˈʌfhaʊsɪz
roughhousing,rˈʌfhaʊsɪŋ
roughing,rˈʌfɪŋ
roughings,rˈʌfɪŋz
roughish,rˈʌfɪʃ
roughleg,rˈʌflɛɡ
roughlegs,rˈʌflɛɡz
roughly,rˈʌfli
roughneck,rˈʌfnɛk
roughnecks,rˈʌfnɛks
roughness,rˈʌfnəs
roughrider,rˈʌfraɪdər
roughriders,rˈʌfraɪdərz
roughs,rʌfs
roughscuff,rˈʌfskʌf
roughsetter,rˈʌfsɛtər
roughsetters,rˈʌfsɛtərz
roughshod,rˈʌfʃɒd
roughstring,rˈʌfstrɪŋ
roughstrings,rˈʌfstrɪŋz
roughtail,rˈʌfteɪl
roughtails,rˈʌfteɪlz
roughwork,rˈʌfwɜːrk
roughworked,rˈʌfwɜːrkt
roughworking,rˈʌfwɜːrkɪŋ
roughworks,rˈʌfwɜːrks
roughwrought,rˈʌfrɔːt
rouging,rˈuːʒɪŋ
rouille,rˈuːi
roulade,rˈuːlɑːd
roulades,rˈuːlɑːdz
rouleau,rˈuːloʊ
rouleaus,rˈuːloʊz
rouleaux,rˈuːloʊz
roulette,ruːlˈɛt
rouletted,ruːlˈɛtɪd
roulettes,ruːlˈɛts
rouletting,ruːlˈɛtɪŋ
roundhead,rˈaʊndhɛd
roundheaded,rˈaʊndhɛdɪd
roundheadedness,rˈaʊndhɛdɪdnəs
roundheads,rˈaʊndhɛdz
roundridges,rˈaʊndrɪdʒɪz
rounds,raʊndz
rouped,ruːpt
roups,ruːps
rouses,rˈaʊzɪz
roussette,ruːˈsɛt
roussettes,ruːˈsɛts
rousts,raʊsts
routes,ruːts
routinises,ruːtˈiːnˌaɪzɪz
routinizes,ruːtˈiːnˌaɪzɪz
routs,raʊts
roves,roʊvz
row,roʊ
rowdier,rˈaʊdɪər
rowdies,rˈaʊdɪz
rowdiest,rˈaʊdɪɪst
rowdily,rˈaʊdɪli
rowdiness,rˈaʊdɪnəs
rowdy,rˈaʊdi
rowdydow,rˈaʊdɪdaʊ
rowdydowdy,rˈaʊdɪdaʊdi
rowdydows,rˈaʊdɪdaʊz
rowdyish,rˈaʊdɪɪʃ
rowdyism,rˈaʊdɪɪzəm
rowdyisms,rˈaʊdɪɪzəmz
rowed,roʊd
rowed,rˈaʊəld
rowel,rˈaʊəl
roweling,rˈaʊəlɪŋ
rowelled,rˈaʊəld
rowelling,rˈaʊəlɪŋ
rowels,rˈaʊəlz
rowen,rˈoʊən
rowens,rˈoʊənz
rowing,rˈoʊɪŋ
rows,roʊz
rowth,roʊθ
royalises,rˈɔɪəlˌaɪzɪz
royalizes,rˈɔɪəlˌaɪzɪz
rubbed,rʌbd
rubbered,rˈʌbərd
rubberises,rˈʌbərˌaɪzɪz
rubberizes,rˈʌbərˌaɪzɪz
rubbernecked,rˈʌbərnɛkt
rubbernecks,rˈʌbərnɛks
rubberstamped,rˈʌbərstæmpt
rubberstamps,rˈʌbərstæmps
rubbles,rˈʌbəlz
rubdown,rˈʌbdaʊn
rubdowns,rˈʌbdaʊnz
rubefies,rˈuːbɪfˌaɪz
rubifies,rˈuːbɪfˌaɪz
rubricates,rˈuːbrɪkˌeɪts
rubs,rʌbz
ruche,ruːʃ
ruched,ruːʃt
ruches,rˈuːʃɪz
ruching,rˈuːʃɪŋ
ruchings,rˈuːʃɪŋz
rucked,rʌkt
ruckles,rˈʌkəlz
rucks,rʌks
rudderhead,rˈʌdərhɛd
rudderheads,rˈʌdərhɛdz
rudderpost,rˈʌdərpoʊst
rudderposts,rˈʌdərpoʊsts
ruddies,rˈʌdɪz
ruddles,rˈʌdəlz
rues,ruːz
ruffed,rʌft
ruffles,rˈʌfəlz
ruffs,rʌfs
ruggedises,rˈʌɡɪdˌaɪzɪz
ruggedizes,rˈʌɡɪdˌaɪzɪz
ruinates,rˈuːɪnˌeɪts
ruined,rˈuːɪnd
ruins,rˈuːɪnz
rules,ruːlz
rumbaed,rˈʌmbəd
rumbas,rˈʌmbəz
rumbles,rˈʌmbəlz
ruminates,rˈuːmɪnˌeɪts
ruminative,rˈuːmɪnətˌɪv
ruminatively,rˈuːmɪnətˌɪvli
rummages,rˈʌmɪdʒɪz
rumored,rˈuːmərd
rumors,rˈuːmərz
rumoured,rˈuːmərd
rumours,rˈuːmərz
rumples,rˈʌmpəlz
runch,rʌntʃ
runches,rˈʌntʃɪz
runcinate,rˈʌnsɪnət
rundown,rˈaʊndaʊn
rundowns,rˈaʊndaʊnz
runghead,rˈʌŋhɛd
rungheads,rˈʌŋhɛdz
runkles,rˈʌŋkəlz
runs,rʌnz
ruptures,rˈʌptʃərz
ruralises,rˈʊərəlˌaɪzɪz
ruralizes,rˈʊərəlˌaɪzɪz
rushed,rʌʃt
rushes,rˈʌʃɪz
rushlight,rˈʌʃlaɪt
rushlights,rˈʌʃlaɪts
russetted,rˈʌsɪtɪd
russetting,rˈʌsɪtɪŋ
russifies,rˈʌsɪfˌaɪz
rusticates,rˈʌstɪkˌeɪts
rustles,rˈʌsəlz
rustproofed,rˈʌstpruːft
rustproofs,rˈʌstpruːfs
rusts,rʌsts
rutilates,rˈuːtɪlˌeɪts
ruts,rʌts
rykes,raɪks
sabbed,sæbd
sabered,sˈeɪbərd
sabers,sˈeɪbərz
sabotages,sˈæbətˌɑːʒɪz
sabots,sˈæboʊz
sabred,sˈeɪbərd
sabres,sˈeɪbərz
sabs,sæbz
saccharifies,sækˈærɪfˌaɪz
saccharises,sˈækərˌaɪzɪz
saccharizes,sˈækərˌaɪzɪz
sacculate,sˈækjʊlət
sachem,sˈeɪtʃəm
sachemdom,sˈeɪtʃəmdəm
sachemdoms,sˈeɪtʃəmdəmz
sachemic,sətʃˈiːmɪk
sachems,sˈeɪtʃəmz
sachemship,sˈeɪtʃəmʃɪp
sachemships,sˈeɪtʃəmʃɪps
sachet,sæʃˈeɪ
sacheted,sæʃˈeɪd
sachets,sæʃˈeɪz
sacked,sækt
sacks,sækz
sacque,sæk
sacques,sæks
sacramentizes,sˈækrəməntˌaɪzɪz
sacrates,sˈeɪkreɪts
sacrifices,sˈækrɪfˌaɪsɪz
saddened,sˈædənd
saddens,sˈædənz
saddles,sˈædəlz
sadducizes,sˈædjʊzˌaɪzɪz
safaris,səfˈɑːrɪz
safeguard,sˈeɪfɡɑːrd
safeguarded,sˈeɪfɡɑːrdɪd
safeguarding,sˈeɪfɡɑːrdɪŋ
safeguards,sˈeɪfɡɑːrdz
safelight,sˈeɪflaɪt
safelights,sˈeɪflaɪts
safeties,sˈeɪftɪz
sagged,sæɡd
saggered,sˈæɡərd
saginates,sˈædʒɪnˌeɪts
sags,sæɡz
sailed,seɪld
sailplaned,sˈeɪlpliːnd
sailplanes,sˈeɪlpliːnz
sails,seɪlz
sained,seɪnd
sains,seɪnz
saints,seɪnts
sajou,səʒˈuː
sajous,səʒˈuːz
salaamed,səlˈɑːmd
salaams,səlˈɑːmz
salamed,səlˈɑːmd
salams,səlˈɑːmz
salaries,sˈælərɪz
salespeople,sˈeɪlzpiːpəl
saleswomen,sˈeɪlzwɪmɪn
salifies,sˈælɪfˌaɪz
salinates,sˈælɪnˌeɪts
salinises,sˈælɪnˌaɪzɪz
salinizes,sˈælɪnˌaɪzɪz
salique,sˈælɪk
salivates,sˈælɪvˌeɪts
sallies,sˈælɪz
sallowed,sˈæloʊd
sallows,sˈæloʊz
salsifies,sˈælsɪfˌaɪz
saltates,sˈælteɪts
salts,sɔːlts
salues,sˈæluːz
salutes,səlˈuːts
salvages,sˈælvɪdʒɪz
salve,sæv
salved,sævd
salvers,sˈælvərz
salves,sævz
salvos,sˈælvoʊz
sambaed,sˈæmbəd
sambas,sˈæmbəz
samette,səˈmɛt
samples,sˈæmpəlz
sanative,sˈænətɪv
sanctifies,sˈæŋktɪfˌaɪz
sanctioned,sˈæŋkʃənd
sanctions,sˈæŋkʃənz
sandaled,sˈændəld
sandalled,sˈændəld
sandbagged,sˈændbæɡd
sandbags,sˈændbæɡz
sandblasts,sˈændblæsts
sandpapered,sˈændpeɪpərd
sandpapers,sˈændpeɪpərz
sands,sændz
sandshoe,sˈændʃuː
sandshoes,sˈændʃuːz
sandwich,sˈændwɪdʒ
sandwiched,sˈændwɪdʒt
sandwiches,sˈændwɪdʒɪz
sandwiching,sˈændwɪdʒɪŋ
sanforises,sˈænfərˌaɪzɪz
sanforizes,sˈænfərˌaɪzɪz
sangfroid,sɒŋfrwˈɑː
sanguifies,sˈæŋɡwɪfˌaɪz
sanguine,sˈæŋɡwɪn
sanguineless,sˈæŋɡwɪnləs
sanguinely,sˈæŋɡwɪnli
sanguineness,sˈæŋɡwɪnnəs
sanguines,sˈæŋɡwɪnz
sanitates,sˈænɪtˌeɪts
sanitises,sˈænɪtˌaɪzɪz
sanitizes,sˈænɪtˌaɪzɪz
sapajou,sˈæpədʒˌuː
sapajous,sˈæpədʒˌuːz
saphead,sˈæphɛd
sapheaded,sˈæphɛdɪd
sapheadedness,sˈæphɛdɪdnəs
sapheads,sˈæphɛdz
saponifies,səpˈɒnɪfˌaɪz
sapped,sæpt
saps,sæps
sarigue,sərˈiːɡ
sarigues,sərˈiːɡz
sashayed,sæʃˈeɪd
sashays,sæʃˈeɪz
sashed,sæʃt
sashes,sˈæʃɪz
sassed,sæst
sasses,sˈæsɪz
satchels,sˈætʃəlz
sates,seɪts
satiates,sˈeɪʃɪjˌeɪts
satirises,sˈætɪrˌaɪzɪz
satirizes,sˈætɪrˌaɪzɪz
satisfactive,sætɪsfˈæktɪv
satisfies,sˈætɪsfˌaɪz
saturate,sˈætʃərət
saturates,sˈætʃərˌeɪts,(verb),or,sˈætʃərˌəts,(noun)
sauntered,sˈɔːntərd
saunters,sˈɔːntərz
saute,soʊtˈeɪ
sauted,soʊtˈeɪd
sauteed,soʊtˈeɪd
sautees,soʊtˈeɪz
sauteing,soʊtˈeɪɪŋ
sautes,soʊtˈeɪz
savages,sˈævɪdʒɪz
saves,seɪvz
savings,sˈeɪvɪŋz
savored,sˈeɪvərd
savors,sˈeɪvərz
savoured,sˈeɪvərd
savours,sˈeɪvərz
savvies,sˈævɪz
sawed,sɔːd
saws,sɔːz
sawtoothed,sˈɔːtuːθt
sayette,saɪˈet
sayettes,saɪˈets
says,sɛz
scabbards,skˈæbərdz
scabbed,skæbd
scabbles,skˈæbəlz
scabs,skæbz
scaffolds,skˈæfəldz
scalds,skɔːldz
scales,skeɪlz
scalled,skɔːld
scalloped,skˈɒləpt
scallops,skˈɒləps
scalped,skælpt
scammed,skæmd
scammoniate,skæmˈoʊnɪət
scamped,skæmpt
scampered,skˈæmpərd
scampers,skˈæmpərz
scamps,skæmps
scams,skæmz
scandaled,skˈændəld
scandalises,skˈændəlˌaɪzɪz
scandalizes,skˈændəlˌaɪzɪz
scandalled,skˈændəld
scandalling,skˈændəlɪŋ
scandals,skˈændəlz
scanned,skænd
scans,skænz
scantles,skˈæntəlz
scants,skænts
scapegoats,skˈeɪpɡoʊts
scapples,skˈæpəlz
scaramouch,skˈærəmˌaʊtʃ
scaramouche,skˈærəmˌuːʃ
scaramouches,skˈærəmˌuːʃɪz
scarehead,skˈɛərhɛd
scareheads,skˈɛərhɛdz
scaremongered,skˈɛərmʌŋɡərd
scaremongers,skˈɛərmʌŋɡərz
scares,skˈɛərz
scarfed,skɑːrft
scarfs,skɑːrfs
scarifies,skˈærɪfˌaɪz
scarped,skɑːrpt
scarpered,skˈɑːrpərd
scarpers,skˈɑːrpərz
scarphed,skɑːrft
scarphs,skɑːrfs
scarps,skɑːrps
scarred,skɑːrd
scars,skɑːrz
scarts,skɑːrts
scarves,skɑːrvz
scathes,skeɪðz
scats,skæts
scatterbrained,skˈætərbreɪnd
scattered,skˈætərd
scatters,skˈætərz
scavenges,skˈævɪdʒɪz
scends,sɛndz
scents,sɛnts
sceptered,sˈɛptərd
scepterellate,sɛptərˈɛlət
scepters,sˈɛptərz
sceptred,sˈɛptərd
schappes,ʃæps
schedules,ʃˈɛdjuːlz
schematises,skˈiːmətˌaɪzɪz
schematizes,skˈiːmətˌaɪzɪz
schemes,skiːmz
schilerises,ʃˈɪlərˌaɪzɪz
schilerizes,ʃˈɪlərˌaɪzɪz
schismatises,sˈɪzmətˌaɪzɪz
schismatizes,sˈɪzmətˌaɪzɪz
schlepped,ʃlɛpt
schlepps,ʃlɛps
schleps,ʃlɛps
schlumped,ʃlʌmpt
schlumps,ʃlʌmps
schmeared,ʃmˈɪərd
schmears,ʃmˈɪərz
schmeered,ʃmɪrd
schmeers,ʃmɪrz
schmooses,ʃmˈuːzɪz
schmoozes,ʃmˈuːzɪz
schnorkeled,ʃnˈɔːrkəld
schnorkels,ʃnˈɔːrkəlz
scholasticate,skəlˈæstɪkət
scholasticates,skəlˈæstɪkəts
schoolchild,skˈuːltʃaɪld
schoolchildren,skˈuːltʃɪldrən
schooled,skuːld
schoolfriend,skˈuːlfrɛnd
schoolfriends,skˈuːlfrɛndz
schools,skuːlz
schoolteacher,skˈuːltiːtʃər
schoolteacher,skˈuːltiːtʃərz
schoolteachers,ˈskuːlˌtiːtʃəɹz
schooner,skˈuːnər
schooners,skˈuːnərz
schussed,ʃʊst
schusses,ʃˈʊsɪz
scientises,sˈaɪəntˌaɪzɪz
scientizes,sˈaɪəntˌaɪzɪz
scink,skɪŋk
scinks,skɪŋks
scintillates,skˈɪntɪlˌeɪts
scises,sˈaɪzɪz
scissored,sˈɪzərd
scissors,sˈɪzərz
sclaffed,sklæft
sclaffs,sklæfs
scleroses,sklɪərˈoʊsɪz
sclerotises,sklɪərˈɒtˌaɪzɪz
sclerotizes,sklɪərˈɒtˌaɪzɪz
scoffed,skɒft
scoffs,skɒfs
scolds,skoʊldz
scolloped,skˈɒləpt
scollops,skˈɒləps
scomfished,skˈʌmfɪʃt
scomfishes,skˈʌmfɪʃɪz
sconces,skˈɒnsɪz
sconcheon,skˈʌntʃən
sconcheons,skˈʌntʃənz
scooped,skuːpt
scoops,skuːps
scoots,skuːts
scopes,skoʊps
scorch,skɔːrtʃ
scorched,skɔːrtʃt
scorcher,skˈɔːrtʃər
scorchers,skˈɔːrtʃərz
scorches,skˈɔːrtʃɪz
scorching,skˈɔːrtʃɪŋ
scorchingly,skˈɔːrtʃɪŋli
scores,skɔːrz
scorifies,skˈɔːrɪfˌaɪz
scorned,skˈɔːrnd
scorns,skˈɔːrnz
scorpaenid,skɔːrpˈiːnɪd
scorpaenidae,skɔːrpˈiːnɪdˌiː
scorpaenids,skɔːrpˈiːnɪdz
scorpaenoid,skˈɔːrpɪnˌɔɪd
scorpaenoids,skˈɔːrpɪnˌɔɪdz
scotched,skɒtʃt
scotches,skˈɒtʃɪz
scotticises,skˈɒtɪsˌaɪzɪz
scotticizes,skˈɒtɪsˌaɪzɪz
scoured,skˈaʊərd
scourge,skɜːrdʒ
scourged,skɜːrdʒt
scourger,skˈɜːrdʒər
scourgers,skˈɜːrdʒərz
scourges,skˈɜːrdʒɪz
scourging,skˈɜːrdʒɪŋ
scours,skˈaʊərz
scouthered,skˈaʊðərd
scouthers,skˈaʊðərz
scouts,skaʊts
scow,skaʊ
scowder,skˈaʊdər
scowdered,skˈaʊðərd
scowdering,skˈaʊðərɪŋ
scowders,skˈaʊðərz
scowed,skaʊd
scowing,skˈaʊɪŋ
scowl,skaʊl
scowled,skaʊld
scowler,skˈaʊlər
scowlers,skˈaʊlərz
scowling,skˈaʊlɪŋ
scowlingly,skˈaʊlɪŋli
scowls,skaʊlz
scows,skaʊz
scrabbles,skrˈæbəlz
scraffles,skrˈæfəlz
scragged,skræɡd
scrags,skræɡz
scraiched,skreɪtʃt
scraichs,skreɪtʃs
scraighed,skreɪtʃt
scraighs,skreɪtʃs
scrambles,skrˈæmbəlz
scrammed,skræmd
scrams,skræmz
scranch,skræntʃ
scranched,skræntʃt
scranches,skrˈæntʃɪz
scranching,skrˈæntʃɪŋ
scrapes,skreɪps
scrapped,skræpt
scrapples,skrˈæpəlz
scraps,skræps
scratched,skrætʃt
scratches,skrˈætʃɪz
scrawled,skrɔːld
scrawls,skrɔːlz
screaked,skriːkt
screaks,skriːks
screamed,skriːmd
screams,skriːmz
screech,skriːtʃ
screeched,skriːtʃt
screecher,skrˈiːtʃər
screechers,skrˈiːtʃərz
screeches,skrˈiːtʃɪz
screechier,skrˈiːtʃɪər
screechiest,skrˈiːtʃɪɪst
screeching,skrˈiːtʃɪŋ
screechy,skrˈiːtʃi
screeds,skriːdz
screened,skriːnd
screens,skriːnz
screwed,skrːuːd
screws,skrːuːz
scribbles,skrˈɪbəlz
scribes,skraɪbz
scries,skraɪz
scrieve,skriːv
scrieved,skriːvd
scrieves,skriːvz
scrimmages,skˈrɪmɪdʒɪz
scrimped,skrɪmpt
scrimps,skrɪmps
scrimshawed,skˈrɪmʃɔːd
scrimshaws,skˈrɪmʃɔːz
scringes,skrˈɪndʒɪz
scripts,skrɪpts
scrives,skraɪvz
scrolled,skroʊld
scrolls,skroʊlz
scrooch,skruːtʃ
scrooched,skruːtʃt
scrooches,skrˈuːtʃɪz
scrooching,skrˈuːtʃɪŋ
scrooped,skruːpt
scroops,skruːps
scrootched,skruːtʃt
scrootches,skrˈuːtʃɪz
scrounges,skrˈaʊndʒɪz
scrubbed,skrʌbd
scrubs,skrʌbz
scrubwomen,skˈrʌbwɪmɪn
scrummed,skrʌmd
scrums,skrʌmz
scrunch,skrʌntʃ
scrunched,skrʌntʃt
scrunches,skrˈʌntʃɪz
scrunching,skrˈʌntʃɪŋ
scruples,skrˈuːpəlz
scrutinises,skrˈuːtɪnˌaɪzɪz
scrutinizes,skrˈuːtɪnˌaɪzɪz
scruzes,skrˈuːzɪz
scuddles,skˈʌdəlz
scuds,skʌdz
scuffed,skʌft
scuffles,skˈʌfəlz
scuffs,skʌfs
sculked,skʌlkt
sculks,skʌlks
sculled,skʌld
sculls,skʌlz
sculped,skʌlpt
sculps,skʌlps
sculpts,skʌlpts
sculptures,ˈskʌlptʃərz
sculpturesque,ˌskʌlptʃəˈrɛsk
scumbles,ˈskʌmbəlz
scummed,skʌmd
scums,skʌmz
scunnered,ˈskʌnərd
scunners,ˈskʌnərz
scuppered,ˈskʌpərd
scuppers,ˈskʌpərz
scurries,ˈskɜːriz
scutched,skʌtʃt
scutcheon,ˈskʌtʃən
scutcheoned,ˈskʌtʃənd
scutcheons,ˈskʌtʃənz
scutellate,ˈskjuːtəˌleɪt
scutibranchiate,ˌskjuːtɪˈbræŋkiɪt
scutibranchiates,ˌskjuːtɪˈbræŋkiɪts
scuttered,ˈskʌtərd
scutters,ˈskʌtərz
scuttles,ˈskʌtəlz
scyles,saɪlz
scythe,saɪð
scythed,saɪðd
scytheman,ˈsaɪðmən
scythemen,ˈsaɪðmɛn
scythes,saɪðz
scythestone,ˈsaɪðˌstoʊn
scythestones,ˈsaɪðˌstoʊnz
scythewhet,ˈsaɪðˌwɛt
scythewhets,ˈsaɪðˌwɛts
scything,ˈsaɪðɪŋ
seabeach,ˈsiːˌbitʃ
seabeaches,ˈsiːˌbitʃəz
seafowl,ˈsiːˌfaʊl
seafowls,ˈsiːˌfaʊlz
sealed,sild
seals,silz
seamed,simd
seams,simz
search,sɜːrtʃ
searchable,ˈsɜːrtʃəbəl
searched,sɜːrtʃt
searcher,ˈsɜːrtʃər
searchers,ˈsɜːrtʃərz
searches,ˈsɜːrtʃəz
searching,ˈsɜːrtʃɪŋ
searchingly,ˈsɜːrtʃɪŋli
searchless,ˈsɜːrtʃlɪs
searchlight,ˈsɜːrtʃˌlaɪt
searchlights,ˈsɜːrtʃˌlaɪts
seared,sɪrd
sears,sɪrz
seasoned,ˈsizənd
seasons,ˈsizənz
seats,sits
secedes,sɪˈsidz
secerned,sɪˈsɜːrnd
secerns,sɪˈsɜːrnz
secludes,sɪˈkludz
seclusive,sɪˈklusɪv
seclusively,sɪˈklusɪvli
seclusiveness,sɪˈklusɪvnəs
seconds,ˈsɛkəndz
secretagogue,sɪˈkritəˌɡɔːɡ
secretagogues,sɪˈkritəˌɡɔːɡz
secreted,sɪˈkritəd
secretes,sɪˈkrits
secreting,sɪˈkritɪŋ
secretive,ˈsikrətɪv
secretively,ˈsikrətɪvli
secretiveness,ˈsikrətɪvnəs
secrets,ˈsikrəts
sectarianises,sɛkˈtɛriəˌnaɪzəz
sectarianizes,sɛkˈtɛriəˌnaɪzəz
sectioned,ˈsɛkʃənd
sections,ˈsɛkʃənz
sectored,ˈsɛktərd
secularises,ˈsɛkjələˌraɪzəz
secularizes,ˈsɛkjələˌraɪzəz
secures,sɪˈkjʊrz
securitises,sɪˈkjʊrɪˌtaɪzəz
securitizes,sɪˈkjʊrɪˌtaɪzəz
sedates,sɪˈdeɪts
sedative,ˈsɛdətɪv
sedatives,ˈsɛdətɪvz
sediments,ˈsɛdəmənts
seds,sɛdz
seduces,sɪˈdusəz
seducive,sɪˈdusɪv
seductive,sɪˈdʌktɪv
seductively,sɪˈdʌktɪvli
seductiveness,sɪˈdʌktɪvnəs
seeds,sidz
seeks,siks
seeled,sild
seels,silz
seemed,simd
seems,simz
seeped,sipt
seeps,sips
sees,siz
seesawed,ˈsiːˌsɔːd
seesaws,ˈsiːˌsɔːz
seethes,siðz
segments,ˈsɛɡmənts
segregates,ˈsɛɡrəˌɡeɪts
segregative,ˈsɛɡrəˌɡeɪtɪv
segue,ˈsɛɡweɪ
segued,ˈsɛɡweɪd
segueing,ˈsɛɡweɪɪŋ
segues,ˈsɛɡweɪz
seiche,seɪʃ
seiches,seɪʃəz
seigneur,seɪˈnjɜːr
seigneurial,seɪˈnjʊriəl
seigneuries,seɪˈnjɜːriz
seigneurs,seɪˈnjɜːrz
seigneury,seɪˈnjɜːri
seignior,seɪˈnjɜːr
seigniorage,seɪˈnjɜːrɪdʒ
seigniorages,seɪˈnjɜːrɪdʒəz
seigniorial,seɪˈnjʊriəl
seigniories,seɪˈnjɜːriz
seigniors,seɪˈnjɜːrz
seigniory,seɪˈnjɜːri
seignorage,seɪˈnjɜːrɪdʒ
seignorages,seɪˈnjɜːrɪdʒəz
seignorial,seɪˈnjʊriəl
seignories,seɪˈnjɜːriz
seignory,seɪˈnjɜːri
seines,seɪnz
seise,siz
seised,sizd
seiser,ˈsizər
seisers,ˈsizərz
seises,ˈsizəz
seisin,ˈsizin
seising,ˈsiziŋ
seisings,ˈsiziŋz
seisins,ˈsihzinz
seisor,ˈsizər
seisors,ˈsizərz
seisure,ˈsiːʒər
seisures,ˈsiːʒərz
seizable,ˈsizəbəl
seize,siz
seized,sizd
seizer,ˈsizər
seizers,ˈsizərz
seizes,ˈsizəz
seizin,ˈsizin
seizing,ˈsiziŋ
seizings,ˈsiziŋz
seizins,ˈsizinz
seizor,ˈsizər
seizors,ˈsizərz
seizure,ˈsiːʒər
seizures,ˈsiːʒərz
selective,səˈlɛktɪv
selectively,səˈlɛktɪvli
selectiveness,səˈlɛktɪvnəs
selects,səˈlɛkts
selectwomen,səˈlɛktˌwɪmɪn
selfed,sɛlft
selfs,sɛlfs
sells,sɛlz
selves,sɛlvz
semaphores,ˈsɛməˌfɔːrz
semiconservative,ˌsɛmi-kənˈsɜːrvətɪv
semiconservatively,ˌsɛmi-kənˈsɜːrvətɪvli
semideaf,ˌsɛmiˈdɛf
semideifies,ˌsɛmiˈdiːəˌfaɪz
semidetached,ˌsɛmidɪˈtætʃt
semidouble,ˌsɛmiˈdʌbəl
semidoubles,ˌsɛmiˈdʌbəlz
semifinished,ˌsɛmiˈfɪnɪʃt
semihigh,ˌsɛmiˈhaɪ
semiliterate,ˌsɛmɪˈlɪtərɪt
semiliterates,ˌsɛmɪˈlɪtərɪts
semiopaque,ˌsɛmioʊˈpeɪk
semiprivate,ˌsɛmiˈpraɪvət
semiquantitative,ˌsɛmiˈkwɑːntəˌteɪtɪv
semiquantitatively,ˌsɛmiˈkwɑːntəˌteɪtɪvli
semivowel,ˈsɛmiˌvaʊəl
semivowels,ˈsɛmiˌvaʊəlz
semiwild,ˌsɛmiˈwaɪld
senate,ˈsɛnət
senates,ˈsɛnəts
sends,sɛndz
sennight,ˈsɛnaɪt
sennights,ˈsɛnaɪts
sensates,ˈsɛnseɪts
sensationalises,sɛnˈseɪʃənəˌlaɪzəz
sensationalizes,sɛnˈseɪʃənəˌlaɪzəz
senses,ˈsɛnsəz
sensitises,ˈsɛnsɪˌtaɪzəz
sensitive,ˈsɛnsətɪv
sensitively,ˈsɛnsətɪvli
sensitiveness,ˈsɛnsətɪvnəs
sensitives,ˈsɛnsətɪvz
sensitizes,ˈsɛnsɪˌtaɪzəz
sensualises,ˈsɛnʃuəˌlaɪzəz
sensualizes,ˈsɛnʃuəˌlaɪzəz
sentences,ˈsɛntənsəz
sentimentalises,ˌsɛntəˈmɛntələˌlaɪzəz
sentimentalizes,ˌsɛntəˈmɛntələˌlaɪzəz
sentineled,ˈsɛntɪnəld
sentinelled,ˈsɛntɪnəld
sentinelling,ˈsɛntɪnəlɪŋ
sentinels,ˈsɛntɪnəlz
sepaled,ˈsɛpəld
sepalled,ˈsɛpəld
separate,ˈsɛpəˌreɪt,(v.),,ˈsɛpərɪt,(adj.)
separately,ˈsɛpərɪtli
separateness,ˈsɛpərɪtnəs
separates,ˈsɛpəˌreɪts,(v.),,ˈsɛpərɪts,(n.)
separative,ˈsɛpəˌreɪtɪv
septette,sɛpˈtɛt
septettes,sɛpˈtɛts
septuples,sɛpˈtuːpəlz
septuplicate,sɛpˈtuːplɪkɪt
septuplicates,sɛpˈtuːplɪkeɪts,(verb),or,sɛpˈtuːplɪkɪts,(noun)
sepulcher,ˈsɛpəlkər
sepulchered,ˈsɛpəlkərd
sepulchering,ˈsɛpəlkərɪŋ
sepulchers,ˈsɛpəlkərz
sepulchral,səˈpʌlkrəl
sepulchrally,səˈpʌlkrəli
sepulchre,ˈsɛpəlkər
sepulchred,ˈsɛpəlkərd
sepulchres,ˈsɛpəlkərz
sepulchring,ˈsɛpəlkərɪŋ
sequestered,sɪˈkwɛstərd
sequesters,sɪˈkwɛstərz
sequestrates,sɪˈkwɛstreɪts
sequined,ˈsikwɪnd
sequinned,ˈsikwɪnd
serenades,ˌsɛrəˈneɪdz
sergeancies,ˈsɑːrdʒənsiz
sergeancy,ˈsɑːrdʒənsi
sergeant,ˈsɑːrdʒənt
sergeanties,ˈsɑːrdʒəntiz
sergeants,ˈsɑːrdʒənts
sergeanty,ˈsɑːrdʒənti
serges,ˈsɜːrdʒəz
serialises,ˈsɪriəˌlaɪzəz
serializes,ˈsɪriəˌlaɪzəz
seriate,ˈsɪriɪt
seriately,ˈsɪriɪtli
seriates,ˈsɪriˌeɪts
serifed,ˈsɛrɪft
seriffed,ˈsɛrɪft
serjeant,ˈsɑːrdʒənt
serjeanties,ˈsɑːrdʒəntiz
serjeants,ˈsɑːrdʒənts
serjeanty,ˈsɑːrdʒənti
sermonette,ˌsɜːrməˈnɛt
sermonettes,ˌsɜːrməˈnɛts
sermonises,ˈsɜːrməˌlaɪzəz
sermonizes,ˈsɜːrməˌnaɪzɪz
seronegative,ˌsɪroʊˈnɛɡətɪv
seropositive,ˌsɪroʊˈpɑːzətɪv
serrate,ˈsɛreɪt
serrates,ˈsɛreɪts
serries,ˈsɛriz
serve,sɜːrv
served,sɜːrvd
serves,sɜːrvz
services,ˈsɜːrvəsəz
servicewomen,ˈsɜːrvəsˌwɪmɪn
serviette,ˌsɜːrviˈɛt
serviettes,ˌsɜːrviˈɛts
sesquiduplicate,ˌsɛskwɪˈduːplɪkɪt
sesquiplicate,sɛˈskwɪplɪkɪt
sessed,sɛst
sesses,ˈsɛsəz
sets,sɛts
settleable,ˈsɛtələbəl
settles,ˈsɛtəlz
severed,ˈsɛvərd
severs,ˈsɛvərz
seviche,səˈvitʃeɪ
seviches,səˈvitʃeɪz
sew,soʊ
sewabilities,ˌsoʊəˈbɪlɪtiz
sewability,ˌsoʊəˈbɪlɪti
sewable,ˈsoʊəbəl
sewed,soʊd
sewered,ˈsuːərd
sewers,ˈsuːərz
sewing,ˈsoʊɪŋ
sewings,ˈsoʊɪŋz
sewn,soʊn
sews,soʊz
sexed,sɛkst
sexes,ˈsɛksəz
sextette,sɛksˈtɛt
sextettes,sɛksˈtɛts
sexts,sɛksts
sextuples,sɛksˈtuːpəlz
sextuplicate,sɛksˈtuːplɪkɪt
sextuplicates,sɛksˈtuːplɪkeɪts,(verb),or,sɛksˈtuːplɪkɪts,(noun)
sexualises,ˈsɛkʃuəˌlaɪzəz
sexualizes,ˈsɛkʃuəˌlaɪzəz
shackles,ˈʃækəlz
shacks,ʃæks
shades,ʃeɪdz
shadowboxed,ˈʃædoʊˌbɑːkst
shadowboxes,ˈʃædoʊˌbɑːksəz
shadowed,ˈʃædoʊd
shadows,ˈʃædoʊz
shafts,ʃæfts
shagged,ʃæɡd
shags,ʃæɡz
shakedown,ˈʃeɪkˌdaʊn
shakedowns,ˈʃeɪkˌdaʊnz
shakes,ʃeɪks
shall,ʃæl
shallowed,ˈʃæloʊd
shallows,ˈʃæloʊz
shambles,ˈʃæmbəlz
shames,ʃeɪmz
shammed,ʃæmd
shammies,ˈʃæmiz
shamoyed,ˈʃæmɔɪd
shamoys,ˈʃæmɔɪz
shampoos,ʃæmˈpuːz
shams,ʃæmz
shanghaied,ˈʃæŋˌhaɪd
shanghais,ˈʃæŋˌhaɪz
shanked,ʃæŋkt
shanks,ʃæŋks
shantytown,ˈʃæntiˌtaʊn
shantytowns,ˈʃæntiˌtaʊnz
shapes,ʃeɪps
shareability,ˌʃɛrəˈbɪlɪti
shareable,ˈʃɛrəbəl
sharecropped,ˈʃɛrˌkrɑːpt
sharecrops,ˈʃɛrˌkrɑːps
shares,ʃɛrz
sharks,ʃɑːrks
sharped,ʃɑːrpt
sharpened,ˈʃɑːrpənd
sharpens,ˈʃɑːrpənz
sharps,ʃɑːrps
shattered,ˈʃætərd
shatterproofed,ˈʃætərˌpruːft
shatterproofs,ˈʃætərˌpruːfs
shatters,ˈʃætərz
shaugh,ʃɔː
shaughs,ʃɔːz
shaves,ʃeɪvz
shavetails,ˈʃeɪvˌteɪlz
shawled,ʃɔːld
shawls,ʃɔːlz
sheafed,ʃift
sheafs,ʃifs
sheals,ʃilz
sheared,ʃɪrd
shears,ʃɪrz
sheathes,ʃiðz
sheave,ʃiv
sheaved,ʃivd
sheaves,ʃivz
sheds,ʃɛdz
sheepshead,ˈʃiːpsˌhɛd
sheepsheads,ˈʃiːpsˌhɛdz
sheered,ʃɪrd
sheers,ʃɪrz
sheets,ʃits
sheeve,ʃiv
sheeves,ʃivz
shellacked,ʃəˈlækt
shellacks,ʃəˈlæks
shellacs,ʃəˈlæks
shelled,ʃɛld
shells,ʃɛlz
shellshocked,ˈʃɛlˌʃɑːkt
sheltered,ˈʃɛltərd
shelters,ˈʃɛltərz
shelve,ʃɛlv
shelved,ʃɛlvd
shelves,ʃɛlvz
shends,ʃɛndz
shepherds,ˈʃɛpərdz
sherlocked,ˈʃɜːrlɑːkt
sherlocks,ˈʃɜːrlɑːks
shewbread,ˈʃoʊˌbrɛd
shewed,ʃoʊd
shews,oʊz
shields,ʃildz
shies,ʃaɪz
shifts,ʃɪfts
shilled,ʃɪld
shills,ʃɪlz
shimmed,ʃɪmd
shimmered,ˈʃɪmərd
shimmers,ˈʃɪmərz
shimmies,ˈʃɪmiz
shims,ʃɪmz
shines,ʃaɪnz
shingles,ˈʃɪŋɡəlz
shinleaves,ˈʃɪnˌlivz
shinned,ʃɪnd
shinnies,ˈʃɪniz
shins,ʃɪnz
shipbuilder,ˈʃɪpˌbɪldər
shipbuilders,ˈʃɪpˌbɪldərz
shipbuilding,ˈʃɪpˌbɪldɪŋ
shipbuildings,ˈʃɪpˌbɪldɪŋz
shipped,ʃɪpt
ships,ʃɪps
shipwrecked,ˈʃɪpˌrɛkt
shipwrecks,ˈʃɪpˌrɛks
shipwright,ˈʃɪpˌraɪt
shipwrights,ˈʃɪpˌraɪts
shirked,ʃɜːrkt
shirks,ʃɜːrks
shirred,ʃɜːrd
shirrs,ʃɜːrz
shirtsleeve,ˈʃɜːrtˌsliv
shirtsleeved,ˈʃɜːrtˌslivd
shirtsleeves,ˈʃɜːrtˌslivz
shithead,ˈʃɪtˌhɛd
shitheads,ˈʃɪtˌhɛdz
shits,ʃɪts
shivarees,ˌʃɪvəˈriz
shivered,ˈʃɪvərd
shivers,ˈʃɪvərz
shlepped,ʃlɛpt
shlepps,ʃlɛps
shleps,ʃlɛps
shlumped,ʃlʌmpt
shlumps,ʃlʌmps
shmeared,ʃmɪrd
shmears,ʃmɪrz
shmoozes,ˈʃmuːzəz
shnorred,ʃnɔːrd
shnorrs,ʃnɔːrz
shoaled,ʃoʊld
shoals,ʃoʊlz
shocked,ʃɑːkt
shockproofed,ˈʃɑːkˌpruːft
shockproofs,ˈʃɑːkˌpruːfs
shocks,ʃɑːks
shoe,ʃuː
shoebill,ˈʃuːˌbɪl
shoebills,ˈʃuːˌbɪlz
shoeblack,ˈʃuːˌblæk
shoeblacks,ˈʃuːˌblæks
shoebox,ˈʃuːˌbɑːks
shoeboxes,ˈʃuːˌbɑːksəz
shoed,ʃuːd
shoehorn,ˈʃuːˌhɔːrn
shoehorned,ˈʃuːˌhɔːrnd
shoehorning,ˈʃuːˌhɔːrnɪŋ
shoehorns,ˈʃuːˌhɔːrnz
shoeing,ˈʃuːɪŋ
shoelace,ˈʃuːˌleɪs
shoelaces,ˈʃuːˌleɪsz
shoeless,ˈʃuːləs
shoemaker,ˈʃuːˌmeɪkər
shoemakers,ˈʃuːˌmeɪkərz
shoemaking,ˈʃuːˌmeɪkɪŋ
shoepac,ˈʃuːpæk
shoepack,ˈʃuːpæk
shoepacks,ˈʃuːpæks
shoepacs,ˈʃuːpæks
shoeprint,ˈʃuːˌprɪnt
shoeprints,ˈʃuːˌprɪnts
shoer,ˈʃuːər
shoers,ˈʃuːərz
shoes,ʃuːz
shoeshine,ˈʃuːˌʃaɪn
shoeshines,ˈʃuːˌʃaɪnz
shoestring,ˈʃuːˌstrɪŋ
shoestrings,ˈʃuːˌstrɪŋz
shoetree,ˈʃuːˌtriː
shoetrees,ˈʃuːˌtriːz
shogged,ʃɑːɡd
shogs,ʃɑːɡz
shooled,ʃuːld
shools,ʃuːlz
shoos,ʃuːz
shoots,ʃuːts
shoplifts,ˈʃɑːpˌlɪfts
shopped,ʃɑːpt
shops,ʃɑːps
shoptalk,ˈʃɑːpˌtɔːk
shoptalks,ˈʃɑːpˌtɔːks
shores,ʃɔːrz
shortbread,ˈʃɔːrtˌbrɛd
shortbreads,ˈʃɔːrtˌbrɛdz
shortchange,ˌʃɔːrtˈtʃeɪndʒ
shortchanged,ˌʃɔːrtˈtʃeɪndʒt
shortchanger,ˌʃɔːrtˈtʃeɪndʒər
shortchangers,ˌʃɔːrtˈtʃeɪndʒərz
shortchanges,ˌʃɔːrtˈtʃeɪndʒəz
shortchanging,ˌʃɔːrtˈtʃeɪndʒɪŋ
shortcuts,ˈʃɔːrtˌkʌts
shortened,ˈʃɔːrtənd
shortens,ˈʃɔːrtənz
shorthaired,ˈʃɔːrtˌhɛrd
shortlists,ˈʃɔːrtˌlɪsts
shortlived,ˌʃɔːrtˈlɪvd
shorts,ʃɔːrts
shortsighted,ˌʃɔːrtˈsaɪtəd
shortsightedly,ˌʃɔːrtˈsaɪtədli
shortsightedness,ˌʃɔːrtˈsaɪtədnəs
shotgunned,ˈʃɑːtˌɡʌnd
shotguns,ˈʃɑːtˌɡʌnz
should,ʃʊd
shoulder,ˈʃoʊldər
shouldered,ˈʃoʊldərd
shouldering,ˈʃoʊldərɪŋ
shoulders,ˈʃoʊldərz
shouldest,ˈʃʊdɪst
shouldst,ʃʊdst
shouts,ʃaʊts
shove,ʃʌv
shoved,ʃʌvd
shoveled,ˈʃʌvəld
shovelled,ˈʃʌvəld
shoveller,ˈʃʌvələr
shovellers,ˈʃʌvələrz
shovelling,ˈʃʌvəlɪŋ
shovels,ˈʃʌvəlz
shoves,ʃʌvz
showboats,ˈʃoʊˌboʊts
showbread,ˈʃoʊˌbrɛd
showbreads,ˈʃoʊˌbrɛdz
showcases,ˈʃoʊˌkeɪsəz
showdown,ˈʃoʊˌdaʊn
showdowns,ˈʃoʊˌdaʊnz
showed,oʊd
shower,ˈʃaʊər
showered,ˈʃaʊərd
showerer,ˈʃaʊərər
showerers,ˈʃaʊərərz
showerhead,ˈʃaʊərˌhɛd
showerheads,ˈʃaʊərˌhɛdz
showering,ˈʃaʊərɪŋ
showerless,ˈʃaʊərləs
showers,ˈʃaʊərz
showery,ˈʃaʊəri
shows,ʃoʊz
shreds,ʃrɛdz
shrieked,ʃrikt
shrieks,ʃriks
shrieve,ʃriv
shrieved,ʃrivd
shrieves,ʃrivz
shrilled,ʃrɪld
shrills,ʃrɪlz
shrimped,ʃrɪmpt
shrimps,ʃrɪmps
shrines,ʃraɪnz
shrinks,ʃrɪŋks
shriveled,ˈʃrɪvəld
shrivelled,ˈʃrɪvəld
shrivelling,ˈʃrɪvəlɪŋ
shrivels,ˈʃrɪvəlz
shrives,ʃraɪvz
shroffed,ʃrɑːft
shroffs,ʃrɑːfs
shrouds,ʃraʊdz
shrugged,ʃrʌɡd
shrugs,ʃrʌɡz
shtupped,ʃtʊpt
shtups,ʃtʊps
shucked,ʃʌkt
shucks,ʃʌks
shuddered,ˈʃʌdərd
shudders,ˈʃʌdərz
shuffles,ˈʃʌfəlz
shugged,ʃʌɡd
shugs,ʃʌɡz
shunned,ʃʌnd
shunpikes,ˈʃʌnˌpaɪks
shuns,ʃʌnz
shunts,ʃʌnts
shushed,ʃʌʃt
shushes,ˈʃʌʃəz
shutdown,ˈʃʌtˌdaʊn
shutdowns,ˈʃʌtˌdaʊnz
shuteye,ˈʃʌtˌaɪ
shuts,ʃʌts
shuttered,ˈʃʌtərd
shutters,ˈʃʌtərz
shuttlecocked,ˈʃʌtəlˌkɑːkt
shuttlecocks,ˈʃʌtəlˌkɑːks
shuttles,ˈʃʌtəlz
shylocked,ˈʃaɪˌlɑːkt
shylocks,ˈʃaɪˌlɑːks
sialagogue,saɪˈæləˌɡɔːɡ
sialagogues,saɪˈæləˌɡɔːɡz
sialogogue,saɪˈæləˌɡɔːɡ
sialogogues,saɪˈæləˌɡɔːɡz
sibilates,ˈsɪbəˌleɪts
sicced,sɪkt
sichuan,ˈsɛtʃwɑːn
sicked,sɪkt
sickened,ˈsɪkənd
sickens,ˈsɪkənz
sics,sɪks
sideburned,ˈsaɪdˌbɜːrnd
sidedressed,ˈsaɪdˌdrɛst
sidedresses,ˈsaɪdˌdrɛsəz
sidelight,ˈsaɪdˌlaɪt
sidelights,ˈsaɪdˌlaɪts
sidelines,ˈsaɪdˌlaɪnz
sides,saɪdz
sideslipped,ˈsaɪdˌslɪpt
sideslips,ˈsaɪdˌslɪps
sidestepped,ˈsaɪdˌstɛpt
sidesteps,ˈsaɪdˌstɛps
sideswipes,ˈsaɪdˌswaɪps
sidetracked,ˈsaɪdˌtrækt
sidetracks,ˈsaɪdˌtræks
sidewalk,ˈsaɪdˌwɔːk
sidewalks,ˈsaɪdˌwɔːks
sidewinder,ˈsaɪdˌwaɪndər
sidles,ˈsaɪdəlz
sieve,sɪv
sieved,sɪvd
sieves,sɪvz
sieving,ˈsɪvɪŋ
sifts,sɪfts
sigged,sɪɡd
sigh,saɪ
sighed,saɪd
sigher,ˈsaɪər
sighers,ˈsaɪərz
sighing,ˈsaɪɪŋ
sighless,ˈsaɪləs
sighlike,ˈsaɪˌlaɪk
sighs,saɪz
sight,saɪt
sighted,ˈsaɪtəd
sightedness,ˈsaɪtədnəs
sighter,ˈsaɪtər
sighters,ˈsaɪtərz
sighting,ˈsaɪtɪŋ
sightings,ˈsaɪtɪŋz
sightless,ˈsaɪtləs
sightlessly,ˈsaɪtləsli
sightlessness,ˈsaɪtləsnəs
sightlier,ˈsaɪtliər
sightliest,ˈsaɪtliəst
sightliness,ˈsaɪtlinəs
sightly,ˈsaɪtli
sightread,ˈsaɪtˌrɛd
sightreading,ˈsaɪtˌridɪŋ
sightreads,ˈsaɪtˌridz
sights,saɪts
sightsaw,ˈsaɪtˌsɔː
sightsee,ˈsaɪtˌsiː
sightseeing,ˈsaɪtˌsiːɪŋ
sightseen,ˈsaɪtˌsin
sightseer,ˈsaɪtˌsiːər
sightseers,ˈsaɪtˌsiːərz
sightsees,ˈsaɪtˌsiz
signaled,ˈsɪɡnəld
signalises,ˈsɪɡnəˌlaɪzəz
signalizes,ˈsɪɡnəˌlaɪzəz
signalled,ˈsɪɡnəld
signaller,ˈsɪɡnələr
signallers,ˈsɪɡnələrz
signalling,ˈsɪɡnəlɪŋ
signals,ˈsɪɡnəlz
signed,saɪnd
significative,sɪɡˈnɪfɪkətɪv
signifies,ˈsɪɡnəˌfaɪz
signpost,ˈsaɪnˌpoʊst
signposts,ˈsaɪnˌpoʊsts
signs,saɪnz
sigs,sɪɡz
silences,ˈsaɪlənsəz
silhouette,ˌsɪləˈwɛt
silhouetted,ˌsɪləˈwɛtɪd
silhouettes,ˌsɪluːˈɛts
silhouetting,ˌsɪluːˈɛtɪŋ
silhouettist,ˌsɪluːˈɛtɪst
silhouettists,ˌsɪluːˈɛtɪsts
silicifies,səˈlɪsəˌfaɪz
siliconises,ˈsɪlɪkəˌlaɪzəz
siliconizes,ˈsɪlɪkəˌlaɪzəz
silique,sɪˈlik
siliques,sɪˈliks
silked,sɪlkt
silks,sɪlks
silos,ˈsaɪloʊz
silts,sɪlts
silvered,ˈsɪlvərd
silvers,ˈsɪlvərz
silversword,ˈsɪlvərˌsɔːrd
silverswords,ˈsɪlvərˌsɔːrdz
simmered,ˈsɪmərd
simmers,ˈsɪmərz
simonises,ˈsaɪməˌlaɪzəz
simonizes,ˈsaɪməˌlaɪzəz
simpered,ˈsɪmpərd
simpers,ˈsɪmpərz
simpleminded,ˌsɪmpəlˈmaɪndəd
simplemindedly,ˌsɪmpəlˈmaɪndədli
simplemindedness,ˌsɪmpəlˈmaɪndədnəs
simplifies,ˈsɪmpləˌfaɪz
simulates,ˈsɪmjəˌleɪts
simulative,ˈsɪmjəˌleɪtɪv
simulcasts,ˈsaɪməlˌkæsts
sinewed,ˈsɪnjud
sinews,ˈsɪnjuz
singes,ˈsɪndʒəz
singles,ˈsɪŋɡəlz
sings,sɪŋz
singsonged,ˈsɪŋˌsɔːŋd
singsongs,ˈsɪŋˌsɔːŋz
singularises,ˈsɪŋɡjələˌraɪzəz
singularizes,ˈsɪŋɡjələˌraɪzəz
sinicises,ˈsɪnɪˌsaɪzəz
sinicizes,ˈsɪnɪˌsaɪzəz
sinks,sɪŋks
sinned,sɪnd
sinologue,ˈsɪnəˌlɔːɡ
sinologues,ˈsɪnəˌlɔːɡz
sins,sɪnz
sintered,ˈsɪntərd
sinters,ˈsɪntərz
sinuates,ˈsɪnjuˌeɪts
sipes,saɪps
siphoned,ˈsaɪfənd
siphons,ˈsaɪfənz
sipped,sɪpt
sips,sɪps
sires,saɪərz
sissifies,ˈsɪsɪˌfaɪz
sistered,ˈsɪstərd
sisters,ˈsɪstərz
sites,saɪts
sits,sɪts
situates,ˈsɪtʃuˌeɪts
sizes,ˈsaɪzəz
sizzles,ˈsɪzəlz
sjamboked,ʃæmˈbɑːkt
sjamboks,ʃæmˈbɑːks
skateboards,ˈskeɪtˌbɔːrdz
skates,skeɪts
skeaned,skind
skeans,skinz
skedaddles,skɪˈdædəlz
skees,skiz
skeets,skits
skein,skeɪn
skeined,skeɪnd
skeining,ˈskeɪnɪŋ
skeins,skeɪnz
skeletonises,ˈskɛlɪtəˌlaɪzəz
skeletonizes,ˈskɛlɪtəˌlaɪzəz
skelped,skɛlpt
skelps,skɛlps
skeltered,ˈskɛltərd
skelters,ˈskɛltərz
sketched,skɛtʃt
sketches,ˈskɛtʃəz
skewed,skjud
skewered,ˈskjuːərd
skewers,ˈskjuːərz
skews,skjuz
skibobbed,ˈskiːˌbɑːbd
skibobs,ˈskiːˌbɑːbz
skidooed,skɪˈduːd
skidoos,skɪˈduːz
skids,skɪdz
skiffles,ˈskɪfəlz
skilled,skɪld
skills,skɪlz
skimmed,skɪmd
skimped,skɪmpt
skimps,skɪmps
skims,skɪmz
skinhead,ˈskɪnˌhɛd
skinheads,ˈskɪnˌhɛdz
skinked,skɪŋkt
skinks,skɪŋks
skinned,skɪnd
skins,skɪnz
skintight,ˈskɪnˈtaɪt
skipped,skɪpt
skippered,ˈskɪpərd
skippers,ˈskɪpərz
skips,skɪps
skirled,skɜːrld
skirls,skɜːrlz
skirmished,ˈskɜːrmɪʃt
skirred,skɜːrd
skirrs,skɜːrz
skirts,skɜːrts
skis,skiz
skites,skaɪts
skittered,ˈskɪtərd
skitters,ˈskɪtərz
skives,skaɪvz
skivvies,ˈskɪviz
skiwear,ˈskiːˌwɛr
sklents,sklɛnts
skoaled,skoʊld
skoals,skoʊlz
skreeghed,skriːxt
skreeghs,skriːxs
skreighed,skreɪxt
skreighs,skreɪxs
skulked,skʌlkt
skulks,skʌlks
skulled,skʌld
skulls,skʌllz
skunked,skʌŋkt
skunkhead,ˈskʌŋkˌhɛd
skunkheads,ˈskʌŋkˌhɛdz
skunks,skʌŋks
skydives,ˈskaɪˌdaɪvz
skyhigh,ˈskaɪˈhaɪ
skyjacked,ˈskaɪˌdʒækt
skyjacks,ˈskaɪˌdʒæks
skylarked,ˈskaɪˌlɑːrkt
skylarks,ˈskaɪˌlɑːrks
skylight,ˈskaɪˌlaɪt
skylighted,ˈskaɪˌlaɪtəd
skylights,ˈskaɪˌlaɪts
skyrockets,ˈskaɪˌrɑːkəts
skywalk,ˈskaɪˌwɔːk
skywalks,ˈskaɪˌwɔːks
skywrites,ˈskaɪˌraɪts
slabbed,slæbd
slabbered,ˈslæbərd
slabbers,ˈslæbərz
slacked,slækt
slackened,ˈslækənd
slackens,ˈslækənz
slacks,slæks
slagged,slæɡd
slags,slæɡz
slakes,sleɪks
slalomed,ˈslɑːləmd
slaloms,ˈslɑːləmz
slammed,slæmd
slams,slæmz
slandered,ˈslændərd
slanders,ˈslændərz
slanged,slæŋd
slangs,slæŋz
slants,slænts
slapped,slæpt
slaps,slæps
slashed,slæʃt
slashes,ˈslæʃəz
slates,sleɪts
slathered,ˈslæðərd
slathers,ˈslæðərz
slats,slæts
slaughter,ˈslɔːtər
slaughtered,ˈslɔːtərd
slaughterer,ˈslɔːtərər
slaughterers,ˈslɔːtərərz
slaughterhouse,ˈslɔːtərˌhaʊs
slaughterhouses,ˈslɔːtərˌhaʊsəz
slaughtering,ˈslɔːtərɪŋ
slaughterous,ˈslɔːtərəs
slaughterously,ˈslɔːtərəsli
slaughters,ˈslɔːtərz
slavered,ˈslævərd
slavers,ˈslævərz
slaves,sleɪvz
slayed,sleɪd
slays,sleɪz
sleave,sliv
sleaved,slivd
sleaves,slivz
sleazes,ˈslizəz
sledgehammered,ˈslɛdʒˌhæmərd
sledgehammers,ˈslɛdʒˌhæmərz
sleds,slɛdz
sleeked,slikt
sleekened,ˈslikənd
sleekens,ˈslinkənz
sleeps,slips
sleepwalk,ˈslipˌwɔːk
sleepwalked,ˈslipˌwɔːkt
sleepwalker,ˈslipˌwɔːkər
sleepwalkers,ˈslipˌwɔːkərz
sleepwalking,ˈslipˌwɔːkɪŋ
sleepwalks,ˈslipˌwɔːks
sleepwear,ˈslipˌwɛr
sleepyhead,ˈslipiˌhɛd
sleepyheads,ˈslipiˌhɛdz
sleets,slits
sleeve,sliv
sleeved,slivd
sleeveless,ˈslivləs
sleevelet,ˈslivlɪt
sleevelets,ˈslivlɪts
sleeves,slivz
sleigh,sleɪ
sleighed,sleɪd
sleigher,ˈsleɪər
sleighers,ˈsleɪərz
sleighing,ˈsleɪɪŋ
sleighs,sleɪz
sleight,slaɪt
sleights,slaɪts
slenderises,ˈslɛndəˌraɪzəz
slenderizes,ˈslɛndəˌraɪzəz
slewed,slud
slews,sluz
slices,ˈslaɪsəz
slicked,slɪkt
slides,slaɪdz
slight,slaɪt
slighted,ˈslaɪtəd
slighter,ˈslaɪtər
slightest,ˈslaɪtəst
slighting,ˈslaɪtɪŋ
slightingly,ˈslaɪtɪŋli
slightly,ˈslaɪtli
slightness,ˈslaɪtnəs
slights,slaɪts
slighty,ˈslaɪti
slimes,slaɪmz
slimmed,slɪmd
slims,slɪmz
slings,slɪŋs
slinked,slɪŋkt
slinks,slɪŋks
slipes,slaɪps
slipformed,ˈslɪpˌfɔːrmd
slipforms,ˈslɪpˌfɔːrmz
slipped,slɪpt
slippered,ˈslɪpərd
slips,slɪps
slipstreamed,ˈslɪpˌstrimd
slipstreams,ˈslɪpˌstrimz
slithered,ˈslɪðərd
slithers,ˈslɪðərz
slits,slɪts
slivered,ˈslɪvərd
slobbed,slɑːbd
slobbered,ˈslɑːbərd
slobbers,ˈslɑːbərz
slobs,slɑːbz
sloganeered,ˌsloʊɡəˈnɪrd
sloganeers,ˌsloʊɡəˈnɪrz
sloganises,ˈsloʊɡəˌraɪzəz
sloganizes,ˈsloʊɡəˌraɪzəz
slogged,slɑːɡd
slogs,slɑːɡz
slopes,sloʊps
slopped,slɑːpt
slops,slɑːps
sloshed,slɑːʃt
sloshes,ˈslɑːʃəz
slots,slɑːts
slouch,slaʊtʃ
slouched,slaʊtʃt
sloucher,ˈslaʊtʃər
slouchers,ˈslaʊtʃərz
slouches,ˈslaʊtʃəz
slouchier,ˈslaʊtʃiər
slouchiest,ˈslaʊtʃiəst
slouchily,ˈslaʊtʃɪli
slouchiness,ˈslaʊtʃɪnəs
slouching,ˈslaʊtʃɪŋ
slouchy,ˈslaʊtʃi
slough,slʌf,(peel,off),,slaʊ,(swamp)
sloughed,slʌft,,slaʊd
sloughier,ˈslʌfiər,,ˈslaʊiər
sloughiest,ˈslʌfiəst,,ˈslaʊiəst
sloughiness,ˈslʌfɪnəs,,ˈslaʊɪnəs
sloughing,ˈslʌfɪŋ,,ˈslaʊɪŋ
sloughs,slʌfs,,slaʊz
sloughy,ˈslʌfi,,ˈslaʊi
slowdown,ˈsloʊˌdaʊn
slowdowns,ˈsloʊˌdaʊnz
slowed,sloʊd
slows,sloʊz
slubbed,slʌbd
slubbered,ˈslʌbərd
slubbers,ˈslʌbərz
slubs,slʌbz
sludges,ˈslʌdʒəz
slues,sluz
sluffed,slʌft
sluffs,slʌfs
slugged,slʌɡd
slugs,slʌɡz
sluice,slus
sluiced,slust
sluices,ˈslusəz
sluiceway,ˈslusˌweɪ
sluiceways,ˈslusˌweɪz
sluicing,ˈslusɪŋ
slumbered,ˈslʌmbərd
slumbers,ˈslʌmbərz
slummed,slʌmd
slumped,slʌmpt
slumps,slʌmps
slums,slʌmz
slurped,slɜːrpt
slurps,slɜːrps
slurred,slɜːrd
slurries,ˈslɜːriz
slurs,slɜːrz
slushed,slʌʃt
slushes,ˈslʌʃəz
smacked,smækt
smacks,smæks
smallsword,ˈsmɔːlˌsɔːrd
smallswords,ˈsmɔːlˌsɔːrdz
smarms,smɑːrmz
smartened,ˈsmɑːrtənd
smartens,ˈsmɑːrtənz
smarts,smɑːrts
smashed,smæʃt
smashes,ˈsmæʃəz
smattered,ˈsmætərd
smatters,ˈsmætərz
smeared,smɪrd
smears,smɪrz
smeeked,smikt
smeeks,smiks
smelled,smɛld
smells,smɛllz
smelts,smɛlts
smerked,smɜːrkt
smerks,smɜːrks
smidgeon,ˈsmɪdʒən
smidgeons,ˈsmɪdʒənz
smiles,smaɪlz
smirch,smɜːrtʃ
smirched,smɜːrtʃt
smirches,ˈsmɜːrtʃəz
smirching,ˈsmɜːrtʃɪŋ
smirked,smɜːrkt
smirks,smɜːrks
smites,smaɪts
smoches,ˈsmutʃəz
smocked,smɑːkt
smocks,smɑːks
smokes,smoʊks
smoldered,ˈsmoʊldərd
smolders,ˈsmoʊldərz
smooch,smutʃ
smooched,smutʃt
smooches,ˈsmuːtʃɪz
smooching,ˈsmutʃɪŋ
smoochy,ˈsmutʃi
smooth,smuːð
smoothbore,ˈsmuːðˌbɔːr
smoothbores,ˈsmuːðˌbɔːrz
smoothened,ˈsmuːðənd
smoothens,ˈsmuːðənz
smoothes,smuːðz
smoothly,ˈsmuːðli
smoothness,ˈsmuːðnəs
smooths,smuːðz
smothered,ˈsmʌðərd
smothers,ˈsmʌðərz
smouldered,ˈsmoʊldərd
smoulders,ˈsmoʊldərz
smudges,ˈsmʌdʒəz
smuggles,ˈsmʌɡəlz
smutched,smʌtʃt
smutches,ˈsmʌtʃəz
smuts,smʌts
snacked,snækt
snacks,snæks
snaffles,ˈsnæfəlz
snafus,snæˈfuːz
snagged,snæɡd
snaggletoothed,ˈsnæɡəlˌtuːθt
snags,snæɡz
snailed,sneɪld
snails,sneɪlz
snakehead,ˈsneɪkˌhɛd
snakeheads,ˈsneɪkˌhɛdz
snakes,sneɪks
snapped,snæpt
snaps,snæps
snapshots,ˈsnæpˌʃɑːts
snares,snɛrz
snarfed,snɑːrft
snarfs,snɑːrfs
snarked,snɑːrkt
snarks,snɑːrks
snarled,snɑːrld
snarls,snɑːrlz
snashed,snæʃt
snashes,ˈsnæʃəz
snatched,snætʃt
snatches,ˈsnætʃəz
sneaked,snikt
sneakered,ˈsnikərd
sneaks,sniks
sneaped,snipt
sneaps,snips
sneds,snɛdz
sneered,snɪrd
sneers,snɪrz
sneezed,snizd
sneezes,ˈsnizəz
snelled,snɛld
snells,snɛlz
snicked,snɪkt
snickered,ˈsnɪkərd
snickers,ˈsnɪkərz
snicks,snɪks
sniffed,snɪft
sniffles,ˈsnɪfəlz
sniffs,snɪfts
sniggered,ˈsnɪɡərd
sniggers,ˈsnɪɡərz
sniggles,ˈsnɪɡəlz
snipes,snaɪps
snipped,snɪpt
snippets,ˈsnɪpɪts
snips,snɪps
snitched,snɪtʃt
snitches,ˈsnɪtʃəz
sniveled,ˈsnɪvəld
snivelled,ˈsnɪvəld
snivelling,ˈsnɪvəlɪŋ
snivels,ˈsnɪvəlz
snogged,snɑːɡd
snogs,snɑːɡz
snoods,snudz
snooked,snʊkt
snookered,ˈsnʊkərd
snookers,ˈsnʊkərz
snooks,snʊks
snooled,snuld
snooped,snupt
snoops,snups
snoots,snuts
snoozed,snuzd
snoozes,ˈsnuzəz
snoozles,ˈsnuzəlz
snores,snɔːrz
snorkeled,ˈsnɔːrkəld
snorkelled,ˈsnɔːrkəld
snorkelling,ˈsnɔːrkəlɪŋ
snorkels,ˈsnɔːrkəlz
snorts,snɔːrts
snots,snɑːts
snouts,snaʊts
snowballed,ˈsnoʊˌbɔːld
snowballs,ˈsnoʊˌbɔːlz
snowboards,ˈsnoʊˌbɔːrdz
snowcapped,ˈsnoʊˌkæpt
snowed,snoʊd
snowplough,ˈsnoʊˌplaʊ
snowploughed,ˈsnoʊˌplaʊd
snowploughing,ˈsnoʊˌplaʊɪŋ
snowploughs,ˈsnoʊˌplaʊz
snowplow,ˈsnoʊˌplaʊ
snowplowed,ˈsnoʊˌplaʊd
snowplowing,ˈsnoʊˌplaʊɪŋ
snowplows,ˈsnoʊˌplaʊz
snows,snoʊz
snowshoe,ˈsnoʊˌʃuː
snowshoed,ˈsnoʊˌʃuːd
snowshoeing,ˈsnoʊˌʃuːɪŋ
snowshoer,ˈsnoʊˌʃuːər
snowshoers,ˈsnoʊˌʃuːərz
snowshoes,ˈsnoʊˌʃuːz
snowsuit,ˈsnoʊˌsuːt
snowsuits,ˈsnoʊˌsuːts
snubbed,snʌbd
snubs,snʌbz
snuffed,snʌft
snuffles,ˈsnʌfəlz
snuffs,snʌfs
snugged,snʌɡd
snuggles,ˈsnʌɡəlz
snugs,snʌɡz
snyes,snaɪz
soaked,soʊkt
soaks,soʊks
soaped,soʊpt
soaps,soʊps
soared,sɔːrd
soars,sɔːrz
sobbed,sɑːbd
sobered,ˈsoʊbərd
soberises,ˈsoʊbəˌraɪzəz
soberizes,ˈsoʊbəˌraɪzəz
sobers,ˈsoʊbərz
sobriquet,ˈsoʊbrɪˌkeɪ
sobriquets,ˈsoʊbrɪˌkeɪz
sobs,sɑːbz
socialises,ˈsoʊʃəˌlaɪzəz
socializes,ˈsoʊʃəˌlaɪzəz
socinianises,soʊˈsɪniəˌnaɪzəz
socinianizes,soʊˈsɪniəˌnaɪzəz
socked,sɑːkt
sockets,ˈsɑːkəts
sockeye,ˈsɑːkˌaɪ
sockeyes,ˈsɑːkˌaɪz
socks,sɑːks
soddened,ˈsɑːdənd
soddens,ˈsɑːdənz
sodomises,ˈsɑːdəˌmaɪzəz
sodomizes,ˈsɑːdəˌmaɪzəz
sods,sɑːdz
softened,ˈsɔːfənd
softens,ˈsɔːfənz
softhead,ˈsɔːftˌhɛd
softheaded,ˈsɔːftˌhɛdəd
softheadedly,ˈsɔːftˌhɛdədli
softheadedness,ˈsɔːftˌhɛdədnəs
softheads,ˈsɔːftˌhɛdz
softhearted,ˌsɔːftˈhɑːrtəd
softheartedly,ˌsɔːftˈhɑːrtədli
softheartedness,ˌsɔːftˈhɑːrtədnəs
sogged,sɑːɡd
sogs,sɑːɡz
soigne,swɑːnˈjeɪ
soignee,swɑːnˈjeɪ
soiled,sɔɪld
soils,sɔɪlz
soiree,swɑːˈreɪ
soirees,swɑːˈreɪz
sojourn,ˈsoʊdʒɜːrn
sojourned,ˈsoʊdʒɜːrnd
sojourner,ˈsoʊdʒɜːrnər
sojourners,ˈsoʊdʒɜːrnərz
sojourning,ˈsoʊdʒɜːrnɪŋ
sojourns,ˈsoʊdʒɜːrnz
solaces,ˈsɑːləsəz
solarises,ˈsoʊləˌraɪzəz
solarizes,ˈsoʊləˌraɪzəz
solates,ˈsoʊleɪts
soldered,ˈsɑːdərd
solders,ˈsɑːdərz
soldiered,ˈsoʊldʒərd
soldiers,ˈsoʊldʒərz
solecises,ˈsɑːləˌsaɪzəz
solecizes,ˈsɑːləˌsaɪzəz
solemnifies,səˈlɛmnəˌfaɪz
solemnises,ˈsɑːləmˌnaɪzəz
solemnizes,ˈsɑːləmˌnaɪzəz
soles,soʊlz
solicits,səˈlɪsɪts
solidifies,səˈlɪdəˌfaɪz
soliloquises,səˈlɪlwəˌkwaɪzəz
soliloquizes,səˈlɪlwəˌkwaɪzəz
solipsists,ˈsɑːlɪpsɪsts
solmisates,ˈsɑːlməˌseɪts
solmizates,ˈsɑːlməˌzeɪts
soloes,ˈsoʊloʊz
solonchak,ˌsoʊlənˈtʃæk
solonchaks,ˌsoʊlənˈtʃæks
solos,ˈsoʊloʊz
solubilises,səˈljubəˌlaɪzəz
solubilizes,səˈljubəˌlaɪzəz
solvates,ˈsɑːlveɪts
solve,sɑːlv
solved,sɑːlvd
solves,sɑːlvz
some,sʌm
somebodies,ˈsʌmˌbɑːdiz
somebody,ˈsʌmˌbɑːdi
someday,ˈsʌmˌdeɪ
somedeal,ˈsʌmˌdil
somehow,ˈsʌmˌhaʊ
someone,ˈsʌmˌwʌn
someones,ˈsʌmˌwʌnz
someplace,ˈsʌmˌpleɪs
somersaults,ˈsʌmərˌsɔːlts
something,ˈsʌmθɪŋ
somethings,ˈsʌmθɪŋz
sometime,ˈsʌmˌtaɪm
sometimes,ˈsʌmˌtaɪmz
someway,ˈsʌmˌweɪ
someways,ˈsʌmˌweɪz
somewhat,ˈsʌmˌwʌt
somewhats,ˈsʌmˌwʌts
somewhen,ˈsʌmˌwɛn
somewhere,ˈsʌmˌwɛr
somewheres,ˈsʌmˌwɛrz
somewhither,ˈsʌmˌwɪðər
somewise,ˈsʌmˌwaɪz
somnambulates,sɑːmˈnæmbjəˌleɪts
sonicates,ˈsɑːnəˌkeɪts
sonifies,ˈsɑːnəˌfaɪz
sonnets,ˈsɑːnəts
sonnetted,ˈsɑːnətəd
sonnetting,ˈsɑːnətɪŋ
sonobuoy,ˈsɑːnoʊˌbɔɪ
sonobuoys,ˈsɑːnoʊˌbɔɪz
soothes,suːðz
soothsays,ˈsuːθˌseɪz
sophisticate,səˈfɪstəˌkeɪt,(v.),,səˈfɪstəkɪt,(n.)
sophisticates,səˈfɪstəˌkeɪts,(v.),,səˈfɪstəkɪts,(n.)
sopites,soʊˈpaɪts
sopped,sɑːpt
sops,sɑːps
sorbed,sɔːrbd
sorboses,ˈsɔːrboʊsəz
sorehead,ˈsɔːrˌhɛd
soreheaded,ˈsɔːrˌhɛdəd
soreheadedly,ˈsɔːrˌhɛdədli
soreheadedness,ˈsɔːrˌhɛdədnəs
soreheads,ˈsɔːrˌhɛdz
sorned,sɔːrnd
sorns,sɔːrnz
soroche,səˈroʊtʃi
sorptive,ˈsɔːrptɪv
sorrowed,ˈsɑːroʊd
sorrows,ˈsɑːroʊz
sorties,ˈsɔːrtiz
sorts,sɔːrts
sots,sɑːts
sou,suː
souari,suːˈɑːri
souaris,suːˈɑːriz
soubise,suːˈbiz
soubises,suːˈbizəz
soubrette,suːˈbrɛt
soubrettes,suːˈbrɛts
soubriquet,ˈsoʊbrɪˌkeɪ
soubriquets,ˈsoʊbrɪˌkeɪz
soucar,ˈsuːkɑːr
soucars,ˈsuːkɑːrz
souchong,ˈsuːˌʃɔːŋ
souchongs,ˈsuːˌʃɔːŋz
souffle,suːˈfleɪ
souffled,suːˈfleɪd
souffleed,suːˈfleɪd
souffles,suːˈfleɪz
sough,saʊ,,sʌf
soughed,saʊd,,sʌft
soughing,ˈsaʊɪŋ,,ˈsʌfɪŋ
soughs,saʊz,,sʌfs
sought,sɔːt
soul,soʊl
souled,soʊld
soulful,ˈsoʊlfl̩
soulfully,ˈsoʊlfl̩i
soulfulness,ˈsoʊlfl̩nəs
souling,ˈsoʊlɪŋ
soulless,ˈsoʊlləs
soullessly,ˈsoʊlləsli
soullessness,ˈsoʊlləsnəs
soullike,ˈsoʊlˌlaɪk
soulmate,ˈsoʊlˌmeɪt
soulmates,ˈsoʊlˌmeɪts
souls,soʊlz
soundproofed,ˈsaʊndˌpruːft
soundproofs,ˈsaʊndˌpruːfs
sounds,saʊndz
soupcon,ˈsuːpsɒn
soupcons,ˈsuːpsɒnz
souped,suːpt
soups,suːps
source,sɔːrs
sourcebook,ˈsɔːrsˌbʊk
sourcebooks,ˈsɔːrsˌbʊks
sourced,sɔːrst
sourceless,ˈsɔːrsləs
sources,ˈsɔːrsəz
sourcing,ˈsɔːrsɪŋ
sourdough,ˈsaʊərˌdoʊ
sourdoughs,ˈsaʊərˌdoʊz
soured,ˈsaʊərd
sours,ˈsaʊərz
sous,suːz
souses,ˈsuːsəz
soutache,suːˈtæʃ
soutaches,suːˈtæʃəz
soutane,suːˈtɑːn
soutanes,suːˈtɑːnz
souter,ˈsuːtər
souters,ˈsuːtərz
southeasternmost,ˌsaʊθˈistərnˌmoʊst
southed,saʊθt
southerlies,ˈsʌðərliz
southerly,ˈsʌðərli
southern,ˈsʌðərn
southerner,ˈsʌðərnər
southerners,ˈsʌðərnərz
southernmost,ˈsʌðərnˌmoʊst
southernness,ˈsʌðərnnəs
southerns,ˈsʌðərnz
southernwood,ˈsʌðərnˌwʊd
southernwoods,ˈsʌðərnˌwʊdz
southwesternmost,ˌsaʊθˈwɛstərnˌmoʊst
souvenir,ˌsuːvəˈnɪr
souvenirs,ˌsuːvəˈnɪrz
souvlaki,suːvˈlɑːki
souvlakia,suːvˈlɑːkiə
souvlakias,suːvˈlɑːkiəz
souvlakis,suːvˈlɑːkiz
sovereign,ˈsɑvɹən
sovereignly,ˈsɒvrɪnli
sovereigns,ˈsɑvɹənz
sovereignties,ˈsɒvrɪntiz
sovereignty,ˈsɑvɹəntiː
sovietises,ˈsoʊviəˌtaɪzəz
sovietizes,ˈsoʊviəˌtaɪzəz
sow,soʊ,(seed),,saʊ,(pig)
sowars,soʊˈwɑːrz
sowbellies,ˈsaʊˌbɛliz
sowbelly,ˈsaʊˌbɛli
sowbread,ˈsaʊərˌbred
sowbreads,ˈsaʊərˌbredz
sowed,soʊd
sows,soʊz,,saʊz
spaceflight,ˈspeɪsˌflaɪt
spaceflights,ˈspeɪsˌflaɪts
spaces,ˈspeɪsəz
spacesuit,ˈspeɪsˌsuːt
spacesuits,ˈspeɪsˌsuːts
spacewalk,ˈspeɪsˌwɔːk
spacewalked,ˈspeɪsˌwɔːkt
spacewalker,ˈspeɪsˌwɔːkər
spacewalkers,ˈspeɪsˌwɔːkərz
spacewalking,ˈspeɪsˌwɔːkɪŋ
spacewalks,ˈspeɪsˌwɔːks
spackles,ˈspækəlz
spades,speɪdz
spaes,speɪz
spalled,spɔːld
spalls,spɔːlz
spammed,spæmd
spanceled,ˈspænsəld
spancelled,ˈspænsəld
spancelling,ˈspænsəlɪŋ
spancels,ˈspænsəlz
spangles,ˈspæŋɡəlz
spanked,spæŋkt
spanks,spæŋks
spanned,spænd
spans,spænz
spares,spɛrz
sparges,ˈspɑːrdʒəz
sparked,spɑːrkt
sparkles,ˈspɑːrkəlz
sparkplugged,ˈspɑːrkˌplʌɡd
sparkplugs,ˈspɑːrkˌplʌɡz
sparks,spɑːrks
sparred,spɑːrd
spars,spɑːrz
spasms,ˈspæzəmz
spathulate,ˈspæθjəlɪt
spats,spæts
spattered,ˈspætər
spatters,ˈspætərz
spatulate,ˈspætʃəlɪt
spavined,ˈspævɪnd
spawned,spɔːnd
spawns,spɔːnz
spayed,speɪd
spays,speɪz
speaks,spiks
speared,spɪrd
spearfished,ˈspɪrˌfɪʃt
spearhead,ˈspɪrˌhɛd
spearheaded,ˈspɪrˌhɛdəd
spearheading,ˈspɪrˌhɛdɪŋ
spearheads,ˈspɪrˌhɛdz
spears,spɪrz
specced,spɛkt
specialises,ˈspɛʃəˌlaɪzəz
specializes,ˈspɛʃəˌlaɪzəz
speciates,ˈspiːʃiˌeɪts
specifies,ˈspɛsəˌfaɪz
specked,spɛkt
speckles,ˈspɛkəlz
specks,spɛks
specs,spɛks
spectates,ˈspɛkteɪts
speculates,ˈspɛkjəˌleɪts
speculative,ˈspɛkjələtɪv
speculatively,ˈspɛkjələtɪvli
speech,spitʃ
speeches,ˈspitʃəz
speechified,ˈspitʃəˌfaɪd
speechifies,ˈspitʃəˌfaɪz
speechify,ˈspitʃəˌfaɪ
speechifying,ˈspitʃəˌfaɪɪŋ
speechless,ˈspitʃləs
speechlessly,ˈspitʃləsli
speechlessness,ˈspitʃləsnəs
speechmaker,ˈspitʃˌmeɪkər
speechmakers,ˈspitʃˌmeɪkərz
speechmaking,ˈspitʃˌmeɪkɪŋ
speechwriter,ˈspitʃˌraɪtər
speechwriters,ˈspitʃˌraɪtərz
speedballed,ˈspidˌbɔːld
speedballs,ˈspidˌbɔːlz
speeds,spidz
speeled,spild
speels,spilz
spellbind,ˈspɛlˌbaɪnd
spellbinder,ˈspɛlˌbaɪndər
spellbinders,ˈspɛlˌbaɪndərz
spellbinding,ˈspɛlˌbaɪndɪŋ
spellbindingly,ˈspɛlˌbaɪndɪŋli
spellbinds,ˈspɛlˌbaɪndz
spellcheck,ˈspɛlˌtʃɛk
spellchecked,ˈspɛlˌtʃɛkt
spellchecker,ˈspɛlˌtʃɛkər
spellcheckers,ˈspɛlˌtʃɛkərz
spellchecking,ˈspɛlˌtʃɛkɪŋ
spellchecks,ˈspɛlˌtʃɛks
spelled,spɛld
spells,spɛlz
spelunked,spɪˈlʌŋkt
spelunks,spɪˈlʌŋks
spends,spɛndz
spewed,spjud
spews,spjuz
spheres,sfɪrz
spices,ˈspaɪsəz
spicey,ˈspaɪsi
spiculate,ˈspɪkjəlɪt
spiculates,ˈspɪkjəˌleɪts
spieled,spild
spiels,spilz
spies,spaɪz
spiffed,spɪft
spiffs,spɪfs
spikes,spaɪks
spiles,spaɪlz
spilled,spɪld
spills,spɪlz
spinach,ˈspɪnɪtʃ
spinaches,ˈspɪnɪtʃəz
spinachlike,ˈspɪnɪtʃˌlaɪk
spinachy,ˈspɪnɪtʃi
spinate,ˈspaɪneɪt
spindles,ˈspɪndəlz
spinnerette,ˌspɪnəˈrɛt
spinnerettes,ˌspɪnəˈrɛts
spins,spɪnz
spiraled,ˈspaɪrəld
spiralled,ˈspaɪrəld
spiralling,ˈspaɪrəlɪŋ
spirals,ˈspaɪrəlz
spires,spaɪərz
spirits,ˈspɪrɪts
spiritualises,ˈspɪrɪtʃuəˌlaɪzəz
spiritualizes,ˈspɪrɪtʃuəˌlaɪzəz
spirts,spɜːrts
spitballed,ˈspɪtˌbɔːld
spitballs,ˈspɪtˌbɔːlz
spites,spaɪts
spits,spɪts
splashdown,ˈsplæʃˌdaʊn
splashdowns,ˈsplæʃˌdaʊnz
splashed,splæʃt
splashes,ˈsplæʃəz
splats,splæts
splattered,ˈsplætərd
splatters,ˈsplætərz
splayed,spleɪd
splays,spleɪz
splenectomises,spləˈnɛktəˌmaɪzəz
splenectomizes,spləˈnɛktəˌmaɪzəz
splices,ˈsplaɪsəz
splines,splaɪnz
splintered,ˈsplɪntərd
splinters,ˈsplɪntərz
splints,splɪnts
splits,splɪts
splodges,ˈsplɑːdʒəz
sploshed,splɑːʃt
sploshes,ˈsplɑːʃəz
splotched,splɑːtʃt
splotches,ˈsplɑːtʃəz
splurges,ˈsplɜːrdʒəz
spluttered,ˈsplʌtərd
splutters,ˈsplʌtərz
spoiled,spɔɪld
spoils,spɔɪlz
spokes,spoʊks
spokespeople,ˈspoʊksˌpipəl
spokeswomen,ˈspoʊksˌwɪmɪn
spoliates,ˈspoʊliˌeɪts
sponges,ˈspʌndʒəz
sponsored,ˈspɑːnsərd
sponsors,ˈspɑːnsərz
spoofed,spuft
spoofs,spufs
spooked,spukt
spooks,spuks
spooled,spuld
spools,spulz
spooned,spund
spoons,spundz
spoored,spʊrd
spoors,spʊrz
spores,spɔːrz
sportive,ˈspɔːrtɪv
sportively,ˈspɔːrtɪvli
sportiveness,ˈspɔːrtɪvnəs
sports,spɔːrts
sportswear,ˈspɔːrtsˌwɛr
sportswomen,ˈspɔːrtsˌwɪmɪn
sporulates,ˈspɔːrjəˌleɪts
sporulative,ˈspɔːrjələtɪv
spotlight,ˈspɑːtˌlaɪt
spotlighted,ˈspɑːtˌlaɪtəd
spotlighting,ˈspɑːtˌlaɪtɪŋ
spotlights,ˈspɑːtˌlaɪts
spots,spɑːts
spouses,ˈspaʊsəz
spouts,spaʊts
spraddles,ˈsprædəlz
sprags,spræɡz
sprained,spreɪnd
sprains,spreɪnz
sprattles,ˈsprætərz
sprawled,sprɔːld
sprawls,sprɔːlz
sprayed,spreɪd
sprays,spreɪz
spread,sprɛd
spreadabilities,ˌsprɛdəˈbɪlɪtiz
spreadability,ˌsprɛdəˈbɪlɪti
spreadable,ˈsprɛdəbəl
spreadably,ˈsprɛdəbli
spreadboard,ˈsprɛdˌbɔːrd
spreadboards,ˈsprɛdˌbɔːrdz
spreadee,ˌsprɛˈdiː
spreadees,ˌsprɛˈdiːz
spreader,ˈsprɛdər
spreaders,ˈsprɛdərz
spreading,ˈsprɛdɪŋ
spreadlock,ˈsprɛdˌlɑːk
spreadlocks,ˈsprɛdˌlɑːks
spreadly,ˈsprɛdli
spreads,sprɛdz
spreadsheet,ˈsprɛdˌʃit
spreadsheets,ˈsprɛdˌʃits
spreadwing,ˈsprɛdˌwɪŋ
spreadwings,ˈsprɛdˌwɪŋz
sprents,sprɛnts
sprigged,sprɪɡd
spright,spraɪt
sprightful,ˈspraɪtfl̩
sprightfully,ˈspraɪtfl̩i
sprightfulness,ˈspraɪtfl̩nəs
sprightlier,ˈspraɪtliər
sprightliest,ˈspraɪtliəst
sprightliness,ˈspraɪtlinəs
sprightly,ˈspraɪtli
sprights,spraɪts
sprigs,sprɪɡz
springhead,ˈsprɪŋˌhɛd
springheads,ˈsprɪŋˌhɛdz
springs,sprɪŋz
sprinklered,ˈsprɪŋklərd
sprinklers,ˈsprɪŋklərz
sprinkles,ˈsprɪŋkəlz
sprints,sprɪnts
spritzed,sprɪtszt
spritzes,ˈsprɪtsəz
sprouts,spraʊts
spruces,ˈsprusəz
spuds,spʌdz
spues,spjuz
spumes,spjumz
spunked,spʌŋkt
spunks,spʌŋks
spurgalled,ˈspɜːrˌɡɔːld
spurgalls,ˈspɜːrˌɡɔːlz
spurned,spɜːrnd
spurns,spɜːrnz
spurred,spɜːrd
spurs,spɜːrz
spurts,spɜːrts
sputtered,ˈspʌtərd
sputters,ˈspʌtərz
squabbed,skwɑːbd
squabbles,ˈskwɑːbəlz
squabs,skwɑːbz
squadroned,ˈskwɑːdrənd
squadrons,ˈskwɑːdrənz
squads,skwɑːdz
squalled,skwɔːld
squalls,skwɔːlz
squandered,ˈskwɑːndərd
squanders,ˈskwɑːndərz
squares,skwɛrz
squashed,skwɑːʃt
squashes,ˈskwɑːʃəz
squats,skwɑːts
squawked,skwɔːkt
squawks,skwɔːks
squeaked,skwikt
squeaks,skwiks
squealed,skwild
squeals,skwilz
squeegees,ˈskwiːˌdʒiːz
squeezed,skwizd
squeezes,ˈskwizəz
squegged,skwɛɡd
squegs,skwɛɡz
squelch,skwɛltʃ
squelched,skwɛltʃt
squelcher,ˈskwɛltʃər
squelchers,ˈskwɛltʃərz
squelches,ˈskwɛltʃəz
squelchier,ˈskwɛltʃiər
squelchiest,ˈskwɛltʃiəst
squelching,ˈskwɛltʃɪŋ
squelchy,ˈskwɛltʃi
squeteague,skwɪˈtiːɡ
squeteagues,skwɪˈtiːɡz
squibbed,skwɪbd
squibs,skwɪbz
squids,skwɪdz
squiffed,skwɪft
squiggles,ˈskwɪɡəlz
squilgees,ˈskwɪlˌdʒiːz
squinch,skwɪntʃ
squinched,skwɪntʃt
squinches,ˈskwɪntʃəz
squinching,ˈskwɪntʃɪŋ
squinnies,ˈskwɪniz
squints,skwɪnts
squires,skwaɪərz
squirmed,skwɜːrmd
squirms,skwɜːrmz
squirreled,ˈskwɜːrəld
squirrelled,ˈskwɜːrəld
squirrelling,ˈskwɜːrəlɪŋ
squirrels,ˈskwɜːrəlz
squirts,skwɜːrts
squished,skwɪʃt
squishes,ˈskwɪʃəz
squooshed,skwʊʃt
squooshes,ˈskwʊʃəz
squushed,skwʌʃt
squushes,ˈskwʌʃəz
stabbed,stæbd
stabilises,ˈsteɪbəˌlaɪzəz
stabilizes,ˈsteɪbəˌlaɪzəz
stablished,ˈstæblɪʃt
stablishes,ˈstæblɪʃəz
stabs,stæbz
stacked,stækt
stacks,stæks
stades,steɪdz
staffed,stæft
staffs,stæfs
stagecoach,ˈsteɪdʒˌkoʊtʃ
stagecoaches,ˈsteɪdʒˌkoʊtʃəz
stages,ˈsteɪdʒəz
stagged,stæɡd
staggered,ˈstæɡərd
staggers,ˈstæɡərz
stagnates,ˈstæɡneɪts
stags,stæɡz
stained,steɪnd
stainproofed,ˈsteɪnˌpruːft
stainproofs,ˈsteɪnˌpruːfs
stains,steɪndz
stakes,steɪks
stalemates,ˈsteɪlˌmeɪts
stales,steɪlz
stalk,stɔːk
stalked,stɔːkt
stalker,ˈstɔːkər
stalkers,ˈstɔːkərz
stalkier,ˈstɔːkiər
stalkiest,ˈstɔːkiəst
stalkily,ˈstɔːkɪli
stalking,ˈstɔːkɪŋ
stalkless,ˈstɔːkləs
stalks,stɔːks
stalky,ˈstɔːki
stalled,stɔːld
stallion,ˈstæljən
stallions,ˈstæljənz
stalls,stɔːlz
staminate,ˈstæmənɪt
stammered,ˈstæmərd
stammers,ˈstæmərz
stamped,stæmpt
stampedes,stæmˈpidz
stamps,stæmps
stanch,stɔːntʃ
stanched,stɔːntʃt
stancher,ˈstɔːntʃər
stanchers,ˈstɔːntʃərz
stanches,ˈstɔːntʃəz
stanchest,ˈstɔːntʃɪst
stanching,ˈstɔːntʃɪŋ
stanchion,ˈstænʃən
stanchioned,ˈstænʃənd
stanchioning,ˈstænʃənɪŋ
stanchions,ˈstænʃənz
stanchly,ˈstɔːntʃli
standardises,ˈstændərˌdaɪzəz
standardizes,ˈstændərˌdaɪzəz
standards,ˈstændərdz
stands,stændz
stanged,stæŋd
stangs,stæŋz
stanked,stæŋkt
stanks,stæŋks
stanzaed,ˈstænzəd
staples,ˈsteɪpəlz
starch,stɑːrtʃ
starched,stɑːrtʃt
starches,ˈstɑːrtʃəz
starchier,ˈstɑːrtʃiər
starchiest,ˈstɑːrtʃiəst
starchily,ˈstɑːrtʃɪli
starchiness,ˈstɑːrtʃɪnəs
starching,ˈstɑːrtʃɪŋ
starchy,ˈstɑːrtʃi
stares,stɛrz
starflower,ˈstɑːrˌflaʊər
starflowers,ˈstɑːrˌflaʊərz
starfruit,ˈstɑːrˌfrut
starfruits,ˈstɑːrˌfruts
starlight,ˈstɑːrˌlaɪt
starlights,ˈstɑːrˌlaɪts
starred,stɑːrd
stars,stɑːrz
startles,ˈstɑːrtəlz
starts,stɑːrts
starve,stɑːrv
starved,stɑːrvd
starveling,ˈstɑːrvlɪŋ
starvelings,ˈstɑːrvlɪŋz
starves,stɑːrvz
stashed,stæʃt
stashes,ˈstæʃəz
states,steɪts
stateswomen,ˈsteɪtsˌwɪmɪn
stationed,ˈsteɪʃənd
stations,ˈsteɪʃənz
stative,ˈsteɪtɪv
statives,ˈsteɪtɪvz
stats,stæts
statues,ˈstætʃuz
statuesque,ˌstætʃuːˈɛsk
statuesquely,ˌstætʃuːˈɛskli
statuette,ˌstætʃuːˈɛt
statuettes,ˌstætʃuːˈɛts
staunch,stɔːntʃ
staunched,stɔːntʃt
stauncher,ˈstɔːntʃər
staunches,ˈstɔːntʃəz
staunchest,ˈstɔːntʃɪst
staunching,ˈstɔːntʃɪŋ
staunchly,ˈstɔːntʃli
staunchness,ˈstɔːntʃnəs
staves,steɪvz
stayed,steɪd
stays,steɪz
stead,stɛd
steaded,stɛdəd
steadfast,ˈstɛdˌfæst
steadfastly,ˈstɛdˌfæstli
steadfastness,ˈstɛdˌfæstnəs
steadied,ˈstɛdid
steadier,ˈstɛdiər
steadiers,ˈstɛdiərz
steadies,ˈstɛdiz
steadiest,ˈstɛdiəst
steadily,ˈstɛdɪli
steadiness,ˈstɛdɪnəs
steading,ˈstɛdɪŋ
steadings,ˈstɛdɪŋz
steads,stɛdz
steady,ˈstɛdi
steadying,ˈstɛdiɪŋ
steak,steɪk
steakhouse,ˈsteɪkˌhaʊs
steakhouses,ˈsteɪkˌhaʊsəz
steaks,steɪks
steals,stilz
stealth,stɛlθ
stealthier,ˈstɛlθiər
stealthiest,ˈstɛlθiəst
stealthily,ˈstɛlθɪli
stealthiness,ˈstɛlθɪnəs
stealths,stɛlθs
stealthy,ˈstɛlθi
steamed,stimd
steamered,ˈstimərd
steamers,ˈstimərz
steamrolled,ˈstimˌroʊld
steamrollered,ˈstimˌroʊlərd
steamrollers,ˈstimˌroʊlərz
steamrolls,ˈstimˌroʊlz
steams,stimz
stedfast,ˈstɛdˌfæst
stedfastly,ˈstɛdˌfæstli
steeked,stikt
steeks,stiks
steeled,stild
steelhead,ˈstilˌhɛd
steelheads,ˈstilˌhɛdz
steels,stilz
steeped,stipt
steepened,ˈstipənd
steepens,ˈstipənz
steeplechase,ˈstipl̩ˌtʃeɪs
steeplechaser,ˈstipl̩ˌtʃeɪsər
steeplechasers,ˈstipl̩ˌtʃeɪsərz
steeplechases,ˈstipl̩ˌtʃeɪsəz
steeplechasing,ˈstipl̩ˌtʃeɪsɪŋ
steeplechasings,ˈstipl̩ˌtʃeɪsɪŋz
steeps,stips
steered,stɪrd
steers,stɪrz
steeve,stiv
steeved,stivd
steeves,stivz
stellifies,ˈstɛləˌfaɪz
stemmed,stɛmd
stems,stɛmz
stemwinder,ˈstɛmˌwaɪndər
stemwinders,ˈstɛmˌwaɪndərz
stench,stɛntʃ
stenched,stɛntʃt
stenches,ˈstɛntʃəz
stenchful,ˈstɛntʃfəl
stenchier,ˈstɛntʃiər
stenchiest,ˈstɛntʃiəst
stenching,ˈstɛntʃɪŋ
stenchy,ˈstɛntʃi
stenciled,ˈstɛnsəld
stencilled,ˈstɛnsəld
stenciller,ˈstencələr
stencillers,ˈstencələrz
stencilling,ˈstɛnsəlɪŋ
stencils,ˈstɛnsəlz
stenotypes,ˈstɛnəˌtaɪps
stepchild,ˈstɛpˌtʃaɪld
stepchildren,ˈstɛpˌtʃɪldrən
stepdaughter,ˈstɛpˌdɔːtər
stepdaughters,ˈstɛpˌdɔːtərz
stepdown,ˈstɛpˌdaʊn
stepdowns,ˈstɛpˌdaʊnz
stepped,stɛpt
steps,stɛps
stereographed,ˈstɛriəˌɡræft
stereographs,ˈstɛriəˌɡræfs
stereos,ˈstɛrioʊz
stereotypes,ˈstɛriəˌtaɪps
sterilises,ˈstɛrəˌlaɪzəz
sterilizes,ˈstɛrəˌlaɪzəz
sternforemost,ˈstɜːrnˈfɔːrˌmoʊst
sternmost,ˈstɜːrnˌmoʊst
sternpost,ˈstɜːrnˌpoʊst
sternposts,ˈstɜːrnˌpoʊsts
stets,stɛts
stevedores,ˈstivəˌdɔːrz
stewards,ˈstuːərdz
stewed,stud
stews,stuz
sticked,stɪkt
stickhandles,ˈstɪkˌhændəlz
sticks,stɪks
sticktight,ˈstɪkˌtaɪt
sticktights,ˈstɪkˌtaɪts
sties,staɪz
stiffed,stɪft
stiffened,ˈstɪfənd
stiffens,ˈstɪfənz
stiffs,stɪfs
stifles,ˈstaɪfəlz
stigmatises,ˈstɪɡməˌlaɪzəz
stigmatizes,ˈstɪɡməˌlaɪzəz
stilettoes,stɪˈlɛtoʊz
stilettos,stɪˈlɛtoʊz
stilled,stɪld
stills,stɪlz
stilts,stɪlts
stimies,ˈstaɪmiz
stimulates,ˈstɪmjəˌleɪts
stimulative,ˈstɪmjəˌleɪtɪv
stings,stɪŋz
stinks,stɪŋks
stints,stɪnts
stipples,ˈstɪpəlz
stipulate,ˈstɪpjəˌleɪt
stipulates,ˈstɪpjəˌleɪts
stirred,stɜːrd
stirs,stɜːrz
stitched,stɪtʃt
stitches,ˈstɪtʃəz
stithies,ˈstɪðiz
stobbed,stɑːbd
stobs,stɑːbz
stockades,stɑːˈkeɪdz
stocked,stɑːkt
stockinette,ˌstɒkɪˈnɛt
stockinettes,ˌstɒkɪˈnɛts
stockinged,ˈstɑːkɪŋd
stockpiles,ˈstɑːkˌpaɪlz
stocks,stɑːks
stodges,ˈstɑːdʒəz
stokes,stoʊks
stomached,ˈstʌməkt
stomachs,ˈstʌməks
stomped,stɑːmpt
stomps,stɑːmps
stonechat,ˈstoʊnˌtʃæt
stonechats,ˈstoʊnˌtʃæts
stones,oʊnz
stonewalled,ˈoʊnˌwɔːld
stonewalls,ˈoʊnˌwɔːlz
stonewashed,ˈoʊnˌwɑːʃt
stonewashes,ˈoʊnˌwɑːʃəz
stonyhearted,ˈstoʊniˌhɑːrtəd
stooges,ˈstudʒəz
stooked,stʊkt
stooks,stʊks
stooled,stuld
stooped,stupt
stoops,stups
stopes,stoʊps
stopgapped,-,ˈstɑpˌɡæpt
stopgaps,-,ˈstɑpˌɡæps
stoplight,-,ˈstɑpˌlaɪt
stoplights,-,ˈstɑpˌlaɪts
stopped,-,stɑpt
stoppered,-,ˈstɑpərd
stoppers,-,ˈstɑpərz
stopples,-,ˈstɑpəlz
stops,-,stɑps
stores,-,stɔrz
stormed,-,stɔrmd
storms,-,stɔrmz
storyboards,-,ˈstɔriˌbɔrdz
stounds,-,staʊndz
stoutened,-,ˈstaʊtənd
stoutens,-,ˈstaʊtənz
stouthearted,-,ˌstaʊtˈhɑrtəd
stoutheartedly,-,ˌstaʊtˈhɑrtədli
stoutheartedness,-,ˌstaʊtˈhɑrtədnəs
stowed,-,stoʊd
stows,-,stoʊz
straddles,-,ˈstrædəlz
strafes,-,streɪfs
straggles,-,ˈstræɡəlz
straight,-,streɪt
straightaway,-,ˌstreɪtəˈweɪ
straightaways,-,ˌstreɪtəˈweɪz
straightbred,-,ˈstreɪtˌbrɛd
straightbreds,-,ˈstreɪtˌbrɛdz
straighted,-,streɪtəd
straightedge,-,ˈstreɪtˌɛdʒ
straightedges,-,ˈstreɪtˌɛdʒəz
straighten,-,ˈstreɪtən
straightened,-,ˈstreɪtənd
straightener,-,ˈstreɪtənər
straighteners,-,ˈstreɪtənərz
straightening,-,ˈstreɪtənɪŋ
straightens,-,ˈstreɪtənz
straighter,-,ˈstreɪtər
straightest,-,ˈstreɪtəst
straightfaced,-,ˌstreɪtˈfeɪst
straightforward,-,ˌstreɪtˈfɔrwərd
straightforwardly,-,ˌstreɪtˈfɔrwərdli
straightforwardness,-,ˌstreɪtˈfɔrwərdnəs
straighting,-,ˈstreɪtɪŋ
straightish,-,ˈstreɪtɪʃ
straightjackets,-,ˈstreɪtˌdʒækəts
straightlaced,-,ˌstreɪtˈleɪst
straightly,-,ˈstreɪtli
straightness,-,ˈstreɪtnəs
straights,-,streɪts
straightway,-,ˈstreɪtˈweɪ
straightways,-,ˈstreɪtˈweɪz
strained,-,streɪnd
strains,-,streɪnz
straitened,-,ˈstreɪtənd
straitens,-,ˈstreɪtənz
straitjackets,-,ˈstreɪtˌdʒækəts
strands,-,strændz
strangles,-,ˈstræŋɡəlz
strangulates,-,ˈstræŋɡjəˌleɪts
straphangs,-,ˈstræpˌhæŋz
strapped,-,stræpt
straps,-,stræps
strategises,-,ˈstrætədʒaɪzəz
strategizes,-,ˈstrætədʒaɪzəz
stratifies,-,ˈstrætəfaɪz
stravages,-,strəˈveɪdʒəz
stravaiged,-,strəˈveɪɡd
stravaigs,-,strəˈveɪɡz
strawed,-,strɔd
strawflower,-,ˈstrɔˌflaʊər
strawflowers,-,ˈstrɔˌflaʊərz
strayed,-,streɪd
strays,-,streɪz
streaked,-,strikt
streaks,-,striks
streamed,-,strimd
streamlines,-,ˈstrimˌlaɪnz
streams,-,strimz
streeked,-,strikt
streeks,-,striks
streeled,-,strild
streels,-,strilz
streetlight,-,ˈstritˌlaɪt
streetlights,-,ˈstritˌlaɪts
streetwalker,-,ˈstritˌwɔkər
streetwalkers,-,ˈstritˌwɔkərz
streetwalking,-,ˈstritˌwɔkɪŋ
strengthened,-,ˈstrɛŋθənd
strengthens,-,ˈstrɛŋθənz
stressed,-,strɛst
stresses,-,ˈstrɛsəz
stretched,-,strɛtʃt
stretches,-,ˈstrɛtʃəz
strewed,-,strud
strews,-,struz
striate,-,ˈstraɪeɪt
striates,-,ˈstraɪeɪts
strickles,-,ˈstrɪkəlz
strides,-,straɪdz
stridulates,-,ˈstrɪdʒəˌleɪts
strikebreaker,-,ˈstraɪkˌbreɪkər
strikebreakers,-,ˈstraɪkˌbreɪkərz
strikebreaking,-,ˈstraɪkˌbreɪkɪŋ
strikes,-,straɪks
stringcourse,-,ˈstrɪŋˌkɔrs
stringcourses,-,ˈstrɪŋˌkɔrsəz
stringed,-,strɪŋd
strings,-,strɪŋz
stripes,-,straɪps
stripped,-,strɪpt
strips,-,strɪps
strives,-,straɪvz
strobes,-,stroʊbz
strobilates,-,ˈstroʊbəˌleɪts
strokes,-,stroʊks
strolled,-,stroʊld
strolls,-,stroʊlz
stropped,-,strɑpt
strops,-,stɑps
strowed,-,stroʊd
strows,-,stoʊz
structuralises,-,ˈstrʌktʃərəˌlaɪzəz
structuralizes,-,ˈstrʌktʃərəˌlaɪzəz
structures,-,ˈstrʌktʃərz
struggles,-,ˈstrʌɡəlz
strummed,-,strʌmd
strums,-,strʌmz
strunts,-,strʌnts
struts,-,strʌts
stubbed,-,stʌbd
stubs,-,stʌbz
stuccoes,-,ˈstʌkoʊz
stuccos,-,ˈstʌkoʊz
studies,-,ˈstʌdiz
studs,-,stʌdz
stuffed,-,stʌft
stuffs,-,stʌfs
stultifies,-,ˈstʌltəfaɪz
stumbles,-,ˈstʌmbəlz
stummed,-,stʌmd
stumped,-,stʌmpt
stumps,-,stʌmps
stums,-,stʌmz
stunned,-,stʌnd
stuns,-,stʌnz
stunts,-,stʌnts
stuntwomen,-,ˈstʌntˌwɪmən
stupefies,-,ˈstupəfaɪz
sturgeon,-,ˈstɜrdʒən
sturgeons,-,ˈstɜrdʒənz
stuttered,-,ˈstʌtərd
stutters,-,ˈstʌtərz
stylate,-,ˈstaɪleɪt
styles,-,staɪlz
stylises,-,ˈstaɪlaɪzəz
stylizes,-,ˈstaɪlaɪzəz
stymies,-,ˈstaɪmiz
suasive,-,ˈsweɪsɪv
suasively,-,ˈsweɪsɪvli
suasiveness,-,ˈsweɪsɪvnəs
suballocates,-,ˌsʌbˈæləˌkeɪts
subbass,-,ˈsʌbˌbeɪs
subbed,-,sʌbd
subbranch,-,ˈsʌbˌbræntʃ
subbranches,-,ˈsʌbˌbræntʃəz
subcategorises,-,ˌsʌbˈkætəɡəˌraɪzəz
subcategorizes,-,ˌsʌbˈkætəɡəˌraɪzəz
subceiling,ˈsʌbˌsiːlɪŋ
subceilings,ˈsʌbˌsiːlɪŋz
subchapter,-,ˈsʌbˌtʃæptər
subchapters,-,ˈsʌbˌtʃæptərz
subchaser,-,ˈsʌbˌtʃeɪsər
subchasers,-,ˈsʌbˌtʃeɪsərz
subchief,-,ˈsʌbˌtʃif
subchiefs,-,ˈsʌbˌtʃifs
subclassed,-,ˈsʌbˌklæst
subclasses,-,ˈsʌbˌklæsəz
subclassifies,-,ˌsʌbˈklæsəfaɪz
subcollegiate,-,ˌsʌbkəˈlidʒət
subcontracts,-,ˌsʌbˈkɑnˌtrækts,(V:,ˌsʌbkənˈtrækts)
subcooled,-,ˌsʌbˈkuld
subcools,-,ˌsʌbˈkulz
subcultures,-,ˈsʌbˌkʌltʃərz
subcurative,-,ˌsʌbˈkjʊrətɪv
subcuratives,-,ˌsʌbˈkjʊrətɪvz
subdistricts,-,ˈsʌbˌdɪstrɪkts
subdivides,-,ˌsʌbdɪˈvaɪdz
subduces,-,səbˈdusəz
subducts,-,səbˈdʌkts
subdues,-,səbˈduz
subduplicate,-,ˌsʌbˈduplɪkət
subedits,-,ˌsʌbˈɛdɪts
subemployed,-,ˌsʌbɛmˈplɔɪd
suberises,-,ˈsubəˌraɪzəz
suberizes,-,ˈsubəˌraɪzəz
subhead,-,ˈsʌbˌhɛd
subheading,-,ˈsʌbˌhɛdɪŋ
subheadings,-,ˈsʌbˌhɛdɪŋz
subheads,-,ˈsʌbˌhɛdz
subinfeudates,-,ˌsʌbɪnˈfjudeɪts
subirrigates,-,ˌsʌbˈɪrəˌɡeɪts
subjective,-,səbˈdʒɛktɪv
subjectively,-,səbˈdʒɛktɪvli
subjectiveness,-,səbˈdʒɛktɪvnəs
subjectives,-,səbˈdʒɛktɪvz
subjectivises,-,səbˈdʒɛktɪvˌaɪzəz
subjectivizes,-,səbˈdʒɛktɪvˌaɪzəz
subjects,-,ˈsʌbdʒɪkts,(V:,səbˈdʒɛkts)
subjoined,-,səbˈdʒɔɪnd
subjoins,-,səbˈdʒɔɪnz
subjugate,-,ˈsʌbdʒəˌɡeɪt
subjugates,-,ˈsʌbdʒəˌɡeɪts
subjunctive,-,səbˈdʒʌŋktɪv
subjunctives,-,səbˈdʒʌŋktɪvz
sublates,-,səˈleɪts
subleases,-,ˈsʌbˌlisəz,(V:,ˌsʌbˈlisəz)
sublets,-,ˈsʌbˌlɛts,(V:,ˌsʌbˈlɛts)
sublicenses,-,ˈsʌbˌlaɪsənsəz
sublimates,-,ˈsʌbləˌmeɪts
sublimes,-,səˈblaɪmz
subliterate,-,ˌsʌbˈlɪtərət
subliterates,-,ˌsʌbˈlɪtərəts
subluxates,-,ˌsʌbˈlʌkseɪts
submarines,-,ˌsʌbməˈrinz
submerges,-,səbˈmɜrdʒəz
submerses,-,səbˈmɜrsəz
submissive,-,səbˈmɪsɪv
submissively,-,səbˈmɪsɪvli
submissiveness,-,səbˈmɪsɪvnəs
submits,-,səbˈmɪts
subniche,-,ˈsʌbˌnɪtʃ
subniches,-,ˈsʌbˌnɪtʃəz
suboptimises,-,ˌsʌbˈɑptəˌmaɪzəz
suboptimizes,-,ˌsʌbˈɑptəˌmaɪzəz
subordinate,-,səˈbɔrdənət,(V:,səˈbɔrdənˌeɪt)
subordinately,-,səˈbɔrdənətli
subordinateness,-,səˈbɔrdənətnəs
subordinates,-,səˈbɔrdənəts,(V:,səˈbɔrdənˌeɪts)
subordinative,-,səˈbɔrdənətɪv
suborned,-,səˈbɔrnd
suborns,-,səˈbɔrnz
subpenaed,-,səˈpinəd
subpenas,-,səˈpinəz
subpoenaed,-,səˈpinəd
subpoenas,-,səˈpinəz
subrents,-,ˈsʌbˌrɛnts,(V:,ˌsʌbˈrɛnts)
subreplicate,-,ˌsʌbˈrɛplɪkət
subreplicates,-,ˌsʌbˈrɛplɪkəts
subrogates,-,ˈsʌbroʊˌɡeɪts
subsamples,-,ˈsʌbˌsæmpəlz
subscribes,-,səbˈskraɪbz
subseizure,-,ˌsʌbˈsiʒər
subseizures,-,ˌsʌbˈsiʒərz
subserve,-,səbˈsɜrv
subserved,-,səbˈsɜrvd
subserves,-,səbˈsɜrvz
subsides,-,səbˈsaɪdz
subsidises,-,ˈsʌbsəˌdaɪzəz
subsidizes,-,ˈsʌbsəˌdaɪzəz
subsists,-,səbˈsɪsts
subsoiled,-,ˈsʌbˌsɔɪld
subsoils,-,ˈsʌbˌsɔɪlz
subspecialises,-,ˌsʌbˈspɛʃəˌlaɪzəz
subspecializes,-,ˌsʌbˈspɛʃəˌlaɪzəz
substantiates,-,səbˈstænʃiˌeɪts
substantiative,-,səbˈstænʃiˌeɪtɪv
substantive,-,ˈsʌbstəntɪv
substantively,-,ˈsʌbstəntɪvli
substantiveness,-,ˈsʌbstəntɪvnəs
substantives,-,ˈsʌbstəntɪvz
substantivises,-,ˈsʌbstəntɪˌvaɪzəz
substantivizes,-,ˈsʌbstəntɪˌvaɪzəz
substitutes,-,ˈsʌbstəˌtuts
substitutive,-,ˈsʌbstəˌtutɪv
substitutively,-,ˈsʌbstəˌtutɪvli
subsumes,-,səbˈsummz
subtemperate,-,ˌsʌbˈtɛmpərət
subtends,-,səbˈtɛndz
subtilises,-,ˈsʌtəˌlaɪzəz
subtilizes,-,ˈsʌtəˌlaɪzəz
subtitles,-,ˈsʌbˌtaɪtəlz
subtle,-,ˈsʌtəl
subtleness,-,ˈsʌtəlnəs
subtler,-,ˈsʌtlər
subtlest,-,ˈsʌtləst
subtleties,-,ˈsʌtəltiz
subtlety,-,ˈsʌtəlti
subtly,-,ˈsʌtli
subtotaled,-,ˈsʌbˌtoʊtəld
subtotalled,-,ˈsʌbˌtoʊtəld
subtotalling,-,ˈsʌbˌtoʊtəlɪŋ
subtotals,-,ˈsʌbˌtoʊtəlz
subtractive,-,səbˈtræktɪv
subtracts,-,səbˈtrækts
subtreasuries,-,ˌsʌbˈtrɛʒəriz
subtreasury,-,ˌsʌbˈtrɛʒəri
subtriplicate,-,ˌsʌbˈtrɪplɪkət
subtypes,-,ˈsʌbˌtaɪps
subulate,-,ˈsubjələt
suburbanises,-,səˈbɜrbəˌlaɪzəz
suburbanizes,-,səˈbɜrbəˌlaɪzəz
suburbed,-,ˈsʌbɜrbd
subvenes,-,səbˈvinz
subversive,-,səbˈvɜrsɪv
subversively,-,səbˈvɜrsɪvli
subversiveness,-,səbˈvɜrsɪvnəs
subversives,-,səbˈvɜrsɪvz
subverts,-,səbˈvɜrts
subvocalises,-,ˌsʌbˈvoʊkəˌlaɪzəz
subvocalizes,-,ˌsʌbˈvoʊkəˌlaɪzəz
subwayed,-,ˈsʌbˌweɪd
subways,-,ˈsʌbˌweɪz
succeeds,-,səkˈsidz
successive,-,səkˈsɛsɪv
successively,-,səkˈsɛsɪvli
successiveness,-,səkˈsɛsɪvnəs
succinates,-,ˈsʌksəˌneɪts
succored,-,ˈsʌkərd
succors,-,ˈsʌkərz
succoured,-,ˈsʌkərd
succours,-,ˈsʌkərz
succumbed,-,səˈkʌmd
succumbs,-,səˈkʌmz
succussed,-,səˈkʌst
succusses,-,səˈkʌsəz
such,-,sʌtʃ
suchlike,-,ˈsʌtʃˌlaɪk
suchlikes,-,ˈsʌtʃˌlaɪks
suchness,-,ˈsʌtʃnəs
suchwise,-,ˈsʌtʃˌwaɪz
sucked,-,sʌkt
suckered,-,ˈsʌkərd
suckers,-,ˈsʌkərz
suckles,-,ˈsʌkəlz
sucks,-,sʌks
suctioned,-,ˈsʌkʃənd
suctions,-,ˈsʌkʃənz
sudates,-,ˈsudeɪts
sudsed,-,sʌdzd
sudses,-,ˈsʌdzəz
suedes,-,sweɪdz
sues,-,suz
suffered,-,ˈsʌfərd
suffers,-,ˈsʌfərz
suffices,-,səˈfaɪsəz
suffixed,-,ˈsʌfɪkst
suffixes,-,ˈsʌfɪksəz
sufflates,-,səˈfleɪts
suffocates,-,ˈsʌfəˌkeɪts
suffocative,-,ˈsʌfəˌkeɪtɪv
suffragette,ˌsʌfɹəˈdʒɛt
suffragettes,ˌsʌfɹəˈdʒɛts
suffuse,-,səˈfjuz
suffused,-,səˈfjuzd
suffuses,-,səˈfjuzəz
suffusing,-,səˈfjuzɪŋ
suffusive,-,səˈfjusɪv
sugarcoats,-,ˈʃʊɡərˌkoʊts
sugared,-,ˈʃʊɡərd
sugged,-,sʌɡd
suggestive,-,səɡˈdʒɛstɪv
suggestively,-,səɡˈdʒɛstɪvli
suggestiveness,-,səɡˈdʒɛstɪvnəs
suggests,-,səɡˈdʒɛsts
sugs,-,sʌɡz
suicides,-,ˈsuəˌsaɪdz
suit,-,sut
suitabilities,-,ˌsutəˈbɪlətiz
suitability,-,ˌsutəˈbɪləti
suitable,-,ˈsutəbəl
suitableness,-,ˈsutəbəlnəs
suitably,-,ˈsutəbli
suitcase,-,ˈsutˌkeɪs
suitcases,-,ˈsutˌkeɪsəz
suited,-,ˈsutəd
suiter,-,ˈsutər
suiters,-,ˈsutərz
suiting,-,ˈsutɪŋ
suitings,-,ˈsutɪŋz
suitlike,-,ˈsutˌlaɪk
suitor,-,ˈsutər
suitors,-,ˈsutərz
suits,-,suts
sulfates,-,ˈsʌlfeɪts
sulfonates,-,ˈsʌlfəˌneɪts
sulfurises,-,ˈsʌlfəˌraɪzəz
sulfurizes,-,ˈsʌlfəˌraɪzəz
sulfurs,-,ˈsʌlfərz
sulked,-,sʌlkt
sulks,-,sʌlks
sulled,-,sʌld
sullies,-,ˈsʌliz
sulls,-,sʌlz
sulphates,-,ˈsʌlfeɪts
sulphured,-,ˈsʌlfərd
sulphureous,sʌlˈfjʊəriəs
sulphurises,-,ˈsʌlfəˌraɪzəz
sulphurizes,-,ˈsʌlfəˌraɪzəz
sulphurs,-,ˈsʌlfərz
sumach,-,ˈsumæk
summarises,-,ˈsʌməˌraɪzəz
summarizes,-,ˈsʌməˌraɪzəz
summates,-,ˈsʌmeɪts
summative,-,ˈsʌmətɪv
summed,-,sʌmd
summered,-,ˈsʌmərd
summers,-,ˈsʌmərz
summersaults,-,ˈsʌmərˌsɔlts
summits,-,ˈsʌmɪts
summoned,-,ˈsʌmənd
summons,-,ˈsʌmənz
summonsed,-,ˈsʌmənzd
summonses,-,ˈsʌmənzəz
sumped,-,sʌmpt
sumps,-,sʌmps
sums,-,sʌmz
sunbathes,-,ˈsʌnˌbeɪðz
sunburned,-,ˈsʌnˌbɜrnd
sunburns,-,ˈsʌnˌbɜrnz
sunchoke,-,ˈsʌnˌtʃoʊk
sunchokes,-,ˈsʌnˌtʃoʊks
sundered,-,ˈsʌndərd
sunders,-,ˈsʌndərz
sundown,-,ˈsʌnˌdaʊn
sundowner,-,ˈsʌnˌdaʊnər
sundowners,-,ˈsʌnˌdaʊnərz
sundowns,-,ˈsʌnˌdaʊnz
sunflower,-,ˈsʌnˌflaʊər
sunflowers,-,ˈsʌnˌflaʊərz
sunlight,-,ˈsʌnˌlaɪt
sunlights,-,ˈsʌnˌlaɪts
sunned,-,sʌnd
sunporch,-,ˈsʌnˌpɔrtʃ
sunporches,-,ˈsʌnˌpɔrtʃəz
suns,-,sʌnz
sunsuit,-,ˈsʌnˌsut
sunsuits,-,ˈsʌnˌsuts
suntanned,-,ˈsʌnˌtænd
superabounds,-,ˌsupərəˈbaʊndz
superachiever,-,ˌsupərəˈtʃivər
superachievers,-,ˌsupərəˈtʃivərz
superadds,-,ˌsupərˈædz
superannuates,-,ˌsupərˈænjuˌeɪts
superbright,-,ˌsupərˈbraɪt
supercalendered,-,ˌsupərˈkæləndərd
supercalenders,-,ˌsupərˈkæləndərz
supercharge,-,ˈsupərˌtʃɑrdʒ
supercharged,-,ˈsupərˌtʃɑrdʒd
supercharger,-,ˈsupərˌtʃɑrdʒər
superchargers,-,ˈsupərˌtʃɑrdʒərz
supercharges,-,ˈsupərˌtʃɑrdʒəz
supercharging,-,ˈsupərˌtʃɑrdʒɪŋ
superchic,-,ˌsupərˈʃik
superchurch,-,ˈsupərˌtʃɜrtʃ
superchurches,-,ˈsupərˌtʃɜrtʃəz
supercoiled,-,ˌsupərˈkɔɪld
supercoils,-,ˌsupərˈkɔɪlz
supercompetitive,-,ˌsupərkəmˈpɛtətɪv
superconductive,-,ˌsupərkənˈdʌktɪv
superconducts,-,ˌsupərkənˈdʌkts
superconservative,-,ˌsupərkənˈsɜrvətɪv
supercooled,-,ˌsupərˈkuld
supercools,-,ˌsupərˈkulz
supered,-,ˈsupərd
supereffective,-,ˌsupərɪˈfɛktɪv
superelevates,-,ˌsupərˈɛləˌveɪts
superenciphered,-,ˌsupərɛnˈsaɪfərd
superenciphers,-,ˌsupərɛnˈsaɪfərz
superette,ˌsuːpəˈrɛt
superettes,ˌsuːpəˈrɛts
superexpensive,-,ˌsupərɪkˈspɛnsɪv
superglues,-,ˈsupərˌɡluz
superhardened,-,ˌsupərˈhɑrdənd
superhardens,-,ˌsupərˈhɑrdənz
superheats,-,ˌsupərˈhits
superheavy,-,ˌsupərˈhɛvi
superheavyweight,-,ˌsupərˈhɛviˌweɪt
superheavyweights,-,ˌsupərˈhɛviˌweɪts
superhighway,-,ˌsupərˈhaɪweɪ
superhighways,-,ˌsupərˈhaɪweɪz
superimposes,-,ˌsupərɪmˈpoʊzəz
superinduces,-,ˌsupərɪnˈdusəz
superinfects,-,ˌsupərɪnˈfɛkts
superintends,-,ˌsupərɪnˈtɛndz
superlative,-,səˈpɜrlətɪv
superlatively,-,səˈpɜrlətɪvli
superlativeness,-,səˈpɜrlətɪvnəs
superlatives,-,səˈpɜrlətɪvz
superlight,-,ˈsupərˌlaɪt
superlights,-,ˈsupərˌlaɪts
supermacho,-,ˌsupərˈmɑtʃoʊ
supermassive,-,ˌsupərˈmæsɪv
supermind,-,ˈsupərˌmaɪnd
superminds,-,ˈsupərˌmaɪndz
superordinate,-,ˌsupərˈɔrdənət
superovulates,-,ˌsupərˈɑvjəˌleɪts
superpeople,-,ˈsupərˌpipəl
superposes,-,ˌsupərˈpoʊzəz
superpower,-,ˈsupərˌpaʊər
superpowered,-,ˈsupərˌpaʊərd
superpowerful,-,ˌsupərˈpaʊərfəl
superpowers,-,ˈsupərˌpaʊərz
superregenerative,-,ˌsupərriˈdʒɛnərətɪv
superrich,-,ˌsupərˈrɪtʃ
supers,-,ˈsupərz
supersaturates,-,ˌsupərˈsætʃəˌreɪts
superscribes,-,ˌsupərˈskraɪbz
supersedes,-,ˌsupərˈsidz
supersells,-,ˌsupərˈsɛlz
supersensitive,-,ˌsupərˈsɛnsətɪv
supersensitively,-,ˌsupərˈsɛnsətɪvli
supersizes,-,ˈsupərˌsaɪzəz
superspecialises,-,ˌsupərˈspɛʃəˌlaɪzəz
superspecializes,-,ˌsupərˈspɛʃəˌlaɪzəz
superstimulates,-,ˌsupərˈstɪmjəˌleɪts
supersubtle,-,ˌsupərˈsʌtəl
supersubtleties,-,ˌsupərˈsʌtəltiz
supersubtlety,-,ˌsupərˈsʌtəlti
supersurgeon,-,ˈsupərˌsɜrdʒən
supersurgeons,-,ˈsupərˌsɜrdʒənz
supertight,-,ˌsupərˈtaɪt
supertightness,-,ˌsupərˈtaɪtnəs
supervenes,-,ˌsupərˈvinz
supervises,-,ˈsupərˌvaɪzəz
superweapon,-,ˈsupərˈwɛpən
superweapons,-,ˈsupərˈwɛpənz
superwomen,-,ˈsupərˌwɪmən
supinates,-,ˈsupəˌneɪts
supped,-,sʌpt
supplants,-,səˈplænts
supplements,-,ˈsʌpləmənts
supples,-,ˈsʌpəlz
suppletive,-,səˈplitɪv
supplicates,-,ˈsʌpləˌkeɪts
supplies,-,səˈplaɪz
supportive,-,səˈpɔrtɪv
supportiveness,-,səˈpɔrtɪvnəs
supports,-,səˈpɔrts
supposes,-,səˈpoʊzəz
suppressed,-,səˈprɛst
suppresses,-,səˈprɛsəz
suppressive,-,səˈprɛsɪv
suppressiveness,-,səˈprɛsɪvnəs
suppurates,-,ˈsʌpjəˌreɪts
suppurative,-,ˈsʌpjəˌreɪtɪv
sups,-,sʌps
surceases,-,sərˈsisez
surcharge,-,ˈsɜrˌtʃɑrdʒ
surcharged,-,ˈsɜrˌtʃɑrdʒd
surcharges,-,ˈsɜrˌtʃɑrdʒəz
surcharging,-,ˈsɜrˌtʃɑrdʒɪŋ
surfaces,-,ˈsɜrfəsəz
surfboards,-,ˈsɜrfˌbɔrdz
surfed,-,sɜrft
surfeit,-,ˈsɜrfət
surfeited,-,ˈsɜrfətəd
surfeiter,-,ˈsɜrfətər
surfeiters,-,ˈsɜrfətərz
surfeiting,-,ˈsɜrfətɪŋ
surfeits,-,ˈsɜrfəts
surfperch,-,ˈsɜrfˌpɜrtʃ
surfperches,-,ˈsɜrfˌpɜrtʃəz
surfs,-,sɜrfs
surgeon,-,ˈsɜrdʒən
surgeonfish,-,ˈsɜrdʒənˌfɪʃ
surgeonfishes,-,ˈsɜrdʒənˌfɪʃəz
surgeons,-,ˈsɜrdʒənz
surges,-,ˈsɜrdʒəz
surjective,-,sərˈdʒɛktɪv
surmises,-,sərˈmaɪzəz
surmounts,-,sərˈmaʊnts
surnames,-,ˈsɜrˌneɪmz
surpassed,-,sərˈpæst
surpasses,-,sərˈpæsəz
surprints,-,ˈsɜrˌprɪnts
surprises,-,sərˈpraɪzəz
surprizes,-,sərˈpraɪzəz
surrendered,-,səˈrɛndərd
surrenders,-,səˈrɛndərz
surrogate,-,ˈsɜrəɡət
surrogates,ˈsɜrəɡeɪts,(verb),or,ˈsɜrəɡəts,(noun)
surrounds,-,səˈraʊndz
surtaxed,-,ˈsɜrˌtækst
surtaxes,-,ˈsɜrˌtæksəz
surtout,-,sərˈtu
surtouts,-,sərˈtuz
surveilled,-,sərˈveɪld
surveils,-,sərˈveɪlz
surveyed,-,sərˈveɪd
surveys,-,ˈsɜrveɪz,(V:,sərˈveɪz)
survives,-,sərˈvaɪvz
susceptive,-,səˈsɛptɪv
susceptiveness,-,səˈsɛptɪvnəs
suspects,-,ˈsʌspɛkts,(V:,səˈspɛkts)
suspends,-,səˈspɛndz
suspensive,-,səˈspɛnsɪv
suspensively,-,səˈspɛnsɪvli
suspires,-,səˈspaɪərz
sussed,-,sʌst
susses,-,ˈsʌsəz
sustained,-,səˈsteɪnd
sustains,-,səˈsteɪnz
sustentative,-,səsˈtɛntətɪv
susurrates,-,suːˈsʌreɪts
sutures,-,ˈsutʃərz
suzerain,-,ˈsuzərən
suzerains,-,ˈsuzərənz
suzerainties,-,ˈsuzərəntiz
suzerainty,-,ˈsuzərənti
svelte,-,svɛlt
sveltely,-,svɛltli
svelteness,-,svɛltnəs
swabbed,-,swɑbd
swabbers,-,ˈswɑbərz
swabs,-,swɑbz
swacked,-,swækt
swaddles,-,ˈswɑdəlz
swages,-,sweɪdʒəz
swagged,-,swæɡd
swaggered,-,ˈswæɡərd
swaggers,-,ˈswæɡərz
swags,-,swæɡz
swallowed,-,ˈswɑloʊd
swallows,-,ˈswɑloʊz
swamped,-,swɑmpt
swamps,-,swɑmps
swanked,-,swæŋkt
swanks,-,swæŋks
swanned,-,swɑnd
swans,-,swɑnz
swansdown,-,ˈswɑnzˌdaʊn
swansdowns,-,ˈswɑnzˌdaʊnz
swapped,-,swɑpt
swaps,-,swɑps
swards,-,swɔrdz
swarmed,-,swɔrmd
swarms,-,swɔrmz
swashbuckles,-,ˈswɑʃˌbʌkəlz
swashed,-,swɑʃt
swashes,-,ˈswɑʃəz
swatches,-,ˈswɑtʃəz
swathes,-,sweɪðz
swats,-,swɑts
swatters,-,ˈswɑtərz
swayed,-,sweɪd
sways,-,sweɪz
swear,-,swɛər
swearer,-,ˈswɛərər
swearers,-,ˈswɛərərz
swearing,-,ˈswɛərɪŋ
swears,-,swɛərz
swearword,-,ˈswɛərˌwɜrd
swearwords,-,ˈswɛərˌwɜrdz
sweat,-,swɛt
sweatband,-,ˈswɛtˌbænd
sweatbands,-,ˈswɛtˌbændz
sweatbox,-,ˈswɛtˌbɑks
sweatboxes,-,ˈswɛtˌbɑksəz
sweated,-,ˈswɛtəd
sweater,-,ˈswɛtər
sweaterdress,-,ˈswɛtərˌdrɛs
sweaterdresses,-,ˈswɛtərˌdrɛsəz
sweaters,-,ˈswɛtərz
sweatier,-,ˈswɛtiər
sweatiest,-,ˈswɛtiəst
sweatily,-,ˈswɛtəli
sweatiness,-,ˈswɛtinəs
sweating,-,ˈswɛtɪŋ
sweatpants,-,ˈswɛtˌpænts
sweats,-,swɛts
sweatshirt,-,ˈswɛtˌʃɜrt
sweatshirts,-,ˈswɛtˌʃɜrts
sweatshop,-,ˈswɛtˌʃɑp
sweatshops,-,ˈswɛtˌʃɑps
sweatsuit,-,ˈswɛtˌsut
sweatsuits,-,ˈswɛtˌsuts
sweaty,-,ˈswɛti
sweeps,-,swiːps
sweetbread,-,ˈswitˌbrɛd
sweetbreads,-,ˈswitˌbrɛdz
sweetened,-,ˈswitənd
sweetens,-,ˈswitənz
sweetheart,-,ˈswitˌhɑrt
sweethearts,-,ˈswitˌhɑrts
swelled,-,swɛld
swellhead,-,ˈswelˌhɛd
swellheaded,-,ˌswɛlˈhɛdəd
swellheadedness,-,ˌswɛlˈhɛdədnəs
swellheads,-,ˈswelˌhɛdz
swells,-,swɛlz
sweltered,-,ˈswɛltərd
swelters,-,ˈswɛltərz
swerve,-,swɜrv
swerved,-,swɜrvd
swerves,-,swɜrvz
swiftered,-,ˈswɪftərd
swifters,-,ˈswɪftərz
swigged,-,swɪɡd
swigs,-,swɪɡz
swilled,-,swɪld
swills,-,swɪlz
swims,-,swɪmz
swimsuit,-,ˈswɪmˌsut
swimsuits,-,ˈswɪmˌsuts
swimwear,-,ˈswɪmˌwɛər
swimwears,-,ˈswɪmˌwɛərz
swinges,-,ˈswɪndʒəz
swingles,-,ˈswɪŋɡəlz
swings,-,swɪŋz
swinked,-,swɪŋkt
swinks,-,swɪŋks
swipes,-,swaɪps
swirled,-,swɜrld
swirls,-,swɜrlz
swished,-,swɪʃt
swishes,-,ˈswɪʃəz
swissed,-,swɪst
swisses,-,ˈswɪsəz
switchbacked,-,ˈswɪtʃˌbækt
switchbacks,-,ˈswɪtʃˌbæks
switched,-,swɪtʃt
switches,-,ˈswɪtʃəz
swithered,-,ˈswɪðərd
swithers,-,ˈswɪðərz
swiveled,-,ˈswɪvəld
swivelled,-,ˈswɪvəld
swivelling,-,ˈswɪvəlɪŋ
swivels,-,ˈswɪvəlz
swives,-,swaɪvz
swizzles,-,ˈswɪzəlz
swobbed,-,swɑbd
swobs,-,swɑbz
swooned,-,swund
swoons,-,swund
swooped,-,swupt
swoops,-,swupt
swooshed,-,swʊʃt
swooshes,-,ˈswʊʃəz
swopped,-,swɑpt
swops,-,swɑps
sword,-,sɔrd
swordfish,-,ˈsɔrdˌfɪʃ
swordfishes,-,ˈsɔrdˌfɪʃəz
swordlike,-,ˈsɔrdˌlaɪk
swordman,-,ˈsɔrdmən
swordmen,-,ˈsɔrdmən
swordplay,-,ˈsɔrdˌpleɪ
swordplayer,-,ˈsɔrdˌpleɪər
swordplayers,-,ˈsɔrdˌpleɪərz
swordplays,-,ˈsɔrdˌpleɪz
swords,-,sɔrdz
swordsman,-,ˈsɔrdzmən
swordsmanship,-,ˈsɔrdzmənˌʃɪp
swordsmanships,-,ˈsɔrdzmənˌʃɪps
swordsmen,-,ˈsɔrdzmən
swordtail,-,ˈsɔrdˌteɪl
swordtail,s,->,swordtails,-,ˈsɔrdˌteɪlz
swordtails,ˈsɔːrdteɪlz
swots,-,swɑts
swounds,-,swaʊndz
syllabicates,-,sɪˈlæbəˌkeɪts
syllabifies,-,sɪˈlæbəfaɪz
syllogises,-,ˈsɪləˌdʒaɪzəz
syllogizes,-,ˈsɪləˌdʒaɪzəz
symboled,-,ˈsɪmbəld
symbolises,-,ˈsɪmbəˌlaɪzəz
symbolizes,-,ˈsɪmbəˌlaɪzəz
symbolled,-,ˈsɪmbəld
symbolling,-,ˈsɪmbəlɪŋ
symbols,-,ˈsɪmbəlz
symmetrises,-,ˈsɪmɪˌtraɪzəz
symmetrizes,-,ˈsɪmɪˌtraɪzəz
sympathectomises,-,ˌsɪmpəθɛkˈtəmaɪzəz
sympathectomizes,-,ˌsɪmpəθɛkˈtəmaɪzəz
sympathises,-,ˈsɪmpəˌθaɪzəz
sympathizes,-,ˈsɪmpəˌθaɪzəz
synaestheses,ˌsɪnəsˈθiːsiːz
synaesthesis,ˌsɪnəsˈθiːsɪs
synapses,-,ˈsɪnæpsəz
synced,-,sɪŋkt
synched,-,sɪŋkt
synchronises,-,ˈsɪŋkrəˌnaɪzəz
synchronizes,-,ˈsɪŋkrəˌnaɪzəz
synchs,-,sɪŋks
syncopates,-,ˈsɪŋkəˌpeɪts
syncopative,-,ˈsɪŋkəˌpeɪtɪv
syncretises,-,ˈsɪŋkrəˌtaɪzəz
syncretizes,-,ˈsɪŋkrəˌtaɪzəz
syncs,-,sɪŋks
syndicate,-,ˈsɪndɪkət,(V:,ˈsɪndɪˌkeɪt)
syndicates,-,ˈsɪndɪkəts,(V:,ˈsɪndɪˌkeɪts)
synonymises,-,sɪˈnɑnəˌmaɪzəz
synonymizes,-,sɪˈnɑnəˌmaɪzəz
synopsises,-,sɪˈnɑpsəˌsiz
synopsizes,-,sɪˈnɑpsaɪzəz
synthesises,-,ˈsɪnθəˌsaɪzəz
synthesizes,ˈsɪnθəˌsaɪzɪz
syphered,-,ˈsaɪfərd
syphers,-,ˈsaɪfərz
syphoned,-,ˈsaɪfənd
syphons,-,ˈsaɪfənz
syringes,-,sɪˈrɪndʒəz
systematises,-,ˈsɪstəməˌtaɪzəz
systematizes,-,ˈsɪstəməˌtaɪzəz
systemises,-,ˈsɪstəˌmaɪzəz
systemizes,-,ˈsɪstəˌmaɪzəz
tabbed,-,tæbd
tabbies,-,ˈtæbiz
tabefies,-,ˈtæbəfaɪz
tabernacles,-,ˈtæbərˌnækəlz
tableaux,-,tæˈbloʊz
tables,-,ˈteɪbəlz
tablets,-,ˈtæbləts
tabletted,-,ˈtæblətəd
tabletting,-,ˈtæblətɪŋ
tabloids,-,ˈtæblɔɪdz
tabooed,-,tæˈbud
taboos,-,tæˈbuz
tabored,-,ˈteɪbərd
tabors,-,ˈteɪbərz
taboured,-,ˈteɪbərd
tabours,-,ˈteɪbərz
tabs,-,tæbz
tabued,-,tæˈbud
tabues,-,tæˈbuz
tabularises,-,ˈtæbjələrˌaɪzəz
tabularizes,-,ˈtæbjələrˌaɪzəz
tabulate,-,ˈtæbjəˌleɪt
tabulates,-,ˈtæbjəˌleɪts
tabus,-,tæˈbuz
tachism,-,ˈtɑʃɪzəm
tachisme,-,ˈtɑʃɪzəm
tachismes,-,ˈtɑʃɪzəmz
tachisms,-,ˈtɑʃɪzəmz
tachist,-,ˈtɑʃɪst
tachiste,-,ˈtɑʃɪst
tachistes,-,ˈtɑʃɪsts
tachists,-,ˈtɑʃɪsts
tacked,-,tækt
tackifies,-,ˈtækəfaɪz
tackles,-,ˈtækəlz
tacks,-,tæks
taenia,-,ˈtiniə
taeniae,-,ˈtiniˌi
taenias,-,ˈtiniəz
taeniases,-,tɪˈnaɪəsɪz
taeniasis,-,tɪˈnaɪəsɪs
taenidia,-,tɪˈnɪdiə
taenidium,-,tɪˈnɪdiəm
taeniidae,-,tɪˈnaɪɪˌdi
taenioglossa,-,ˌtinioʊˈɡlɑsə
taenioglossate,-,ˌtinioʊˈɡlɑseɪt
taenioid,-,ˈtinioʊɪd
taenioidea,-,ˌtiniˈɔɪdiə
taeniola,-,tɪˈnaɪələ
taeniolae,-,tɪˈnaɪəli
taeniosomi,-,ˌtinioʊˈsoʊmaɪ
tafts,-,tæfts
tagged,-,tæɡd
tags,-,tæɡz
tailed,-,teɪld
tailgates,-,ˈteɪlˌɡeɪts
taillight,-,ˈteɪlˌlaɪt
taillights,-,ˈteɪlˌlaɪts
tailored,-,ˈteɪlərd
tailors,-,ˈteɪlərz
tails,-,teɪlz
taints,-,teɪnts
takedown,-,ˈteɪkˌdaʊn
takedowns,-,ˈteɪkˌdaʊnz
takes,-,teɪks
talced,-,tælkt
talcked,-,tælkt
talcs,-,tælks
talebearer,-,ˈteɪlˌbɛərər
talebearers,-,ˈteɪlˌbɛərərz
talebearing,-,ˈteɪlˌbɛərɪŋ
talebearings,-,ˈteɪlˌbɛərɪŋz
talk,-,tɔk
talkable,-,ˈtɔkəbəl
talkathon,-,tɔˈkæθɑn
talkathons,-,tɔˈkæθɑnz
talkative,-,ˈtɔkətɪv
talkatively,-,ˈtɔkətɪvli
talkativeness,-,ˈtɔkətɪvnəs
talked,-,tɔkt
talker,-,ˈtɔkər
talkers,-,ˈtɔkərz
talkfest,-,ˈtɔkˌfɛst
talkfests,-,ˈtɔkˌfɛsts
talkie,-,ˈtɔki
talkier,-,ˈtɔkiər
talkies,-,ˈtɔkiz
talkiest,-,ˈtɔkiəst
talkiness,-,ˈtɔkinəs
talking,-,ˈtɔkɪŋ
talkings,-,ˈtɔkɪŋz
talks,-,tɔks
talky,-,ˈtɔki
tallages,-,ˈtælɪdʒəz
tallies,-,ˈtæliz
tallowed,-,ˈtæloʊd
tallows,-,ˈtæloʊz
tallyhos,-,ˌtæliˈhoʊz
taloned,-,ˈtælənd
tambour,-,ˈtæmbʊr
tamboured,-,ˈtæmbʊrd
tambourer,-,ˈtæmbʊrər
tambourers,-,ˈtæmbʊərərz
tambourine,-,ˌtæmbəˈrin
tambourines,-,ˌtæmbəˈrinz
tambouring,-,ˈtæmbʊrɪŋ
tambours,-,ˈtæmbʊrz
tameable,-,ˈteɪməbəl
tames,-,teɪmz
tamped,-,tæmpt
tampered,-,ˈtæmpər,->,ˈtæmpərd
tamperproofs,-,ˈtæmpərˌprufs
tampers,-,ˈtæmpərz
tamponed,-,ˈtæmpɑnd
tampons,-,ˈtæmpɑnz
tamps,-,tæmps
tanged,-,tændʒd
tangles,-,ˈtæŋɡəlz
tangos,-,ˈtæŋɡoʊz
tangs,-,tæŋz
tanked,-,tæŋkt
tanks,-,tæŋks
tanned,-,tænd
tans,-,tænz
tantalises,-,ˈtæntəˌlaɪzəz
tantalizes,-,ˈtæntəˌlaɪzəz
tapered,-,ˈteɪpərd
tapers,-,ˈteɪpərz
tapes,-,teɪps
tapestries,-,ˈtæpəstriz
tapped,-,tæpt
taps,-,tæps
tardive,-,ˈtɑrdɪv
tares,-,tɛərz
targets,-,ˈtɑrɡəts
targetted,-,ˈtɑrɡətəd
targetting,-,ˈtɑrɡətɪŋ
tariffed,-,ˈtærɪft
tariffs,-,ˈtærɪfs
tarnished,-,ˈtɑrnɪʃt
tarnishes,-,ˈtɑrnɪʃəz
tarot,-,ˈtæroʊ
tarots,-,ˈtæroʊz
tarred,-,tɑrd
tarres,-,tɑrz
tarries,-,ˈtæriz
tars,-,tɑrz
tartaned,-,ˈtɑrtənd
tartans,-,ˈtɑrtənz
tarts,-,tɑrts
tases,-,ˈteɪsəz
tasked,-,tæskt
tasks,-,tæsks
tasseled,-,ˈtæsəld
tasselled,-,ˈtæsəld
tasselling,-,ˈtæsəlɪŋ
tassellings,-,ˈtæsəlɪŋz
tassels,-,ˈtæsəlz
tastes,-,teɪsts
tatters,-,ˈtætərz
tattles,-,ˈtætəlz
tattooed,-,tæˈtud
tattoos,-,tæˈtuz
taught,-,tɔt
taunts,-,tɔnts
tautened,-,ˈtɔtənd
tautens,-,ˈtɔtənz
tauts,-,tɔts
tawed,-,tɔd
taws,-,tɔz
tawses,-,ˈtɔzəz
taxed,-,tækst
taxes,-,ˈtæksəz
taxies,-,ˈtæksiz
taxis,-,ˈtæksiz
teach,-,titʃ
teachable,-,ˈtitʃəbəl
teachableness,-,ˈtitʃəbəlnəs
teachably,-,ˈtitʃəbli
teacher,-,ˈtitʃər
teacherly,-,ˈtitʃərli
teachers,-,ˈtitʃərz
teaches,-,ˈtitʃəz
teaching,-,ˈtitʃɪŋ
teachings,-,ˈtitʃɪŋz
teamed,-,timd
teams,-,timz
tear,-,tɛər,(or,tɪər,for,teardrop)
tearable,-,ˈtɛərəbəl
tearaway,-,ˈtɛərəˌweɪ
tearaways,-,ˈtɛərəˌweɪz
teardown,-,ˈtɛərˌdaʊn
teardowns,-,ˈtɛərˌdaʊnz
teared,-,tɪərd
tearer,-,ˈtɛərər
tearers,-,ˈtɛərərz
teargases,-,ˈtɪrˌɡæsəz
teargassed,-,ˈtɪrˌɡæst
teargasses,-,ˈtɪrˌɡæsəz
tearing,-,ˈtɛərɪŋ
tears,-,tɛərz,(or,tɪərz,for,teardrops)
tearstained,-,ˈtɪrˌsteɪnd
teaseled,-,ˈtizəld
teaselled,-,ˈtizəld
teaseller,-,ˈtizələr
teasellers,-,ˈtizələrz
teaselling,-,ˈtizəlɪŋ
teasels,-,ˈtizəlz
teases,-,ˈtizəz
teazeled,-,ˈtizəld
teazelled,-,ˈtizəld
teazelling,-,ˈtizəlɪŋ
teazles,-,ˈtizəlz
technicalises,-,ˈtɛknɪkəˌlaɪzəz
technicalizes,-,ˈtɛknɪkəˌlaɪzəz
technique,-,tɛkˈnik
techniques,-,tɛkˈniks
technologises,-,tɛkˈnɑlədʒaɪzəz
technologizes,-,tɛkˈnɑlədʒaɪzəz
teds,-,tɛdz
teemed,-,timd
teems,-,timz
tees,-,tiz
teetered,-,ˈtitərd
teeters,-,ˈtitərz
teethes,-,tiðz
teetotaled,-,ˈtiˌtoʊtəld
teetotalled,-,ˈtiˌtoʊtəld
teetotaller,-,ˈtiˌtoʊtələr
teetotallers,-,ˈtiˌtoʊtələrz
teetotalling,-,ˈtiˌtoʊtəlɪŋ
teetotals,-,ˈtiˌtoʊtəlz
telecasts,-,ˈtɛlɪˌkæsts
telecommutes,-,ˌtɛlɪkəˈmjuts
teleconferences,-,ˌtɛlɪˈkɑnfərənsəz
telecourse,-,ˈtɛlɪˌkɔrs
telecourses,-,ˈtɛlɪˌkɔrsəz
telegrammed,-,ˈtɛlɪˌɡræmd
telegrams,-,ˈtɛlɪˌɡræmz
telegraphed,-,ˈtɛlɪˌɡræft
telemetered,-,təˈlɛmətərd
telemeters,-,təˈlɛmətərz
telephones,-,ˈtɛlɪˌfoʊnz
teleports,-,ˈtɛlɪˌpɔrts
telescopes,-,ˈtɛlɪˌskoʊps
televiewed,-,ˈtɛlɪˌvjud
televiews,-,ˈtɛlɪˌvjuz
televises,-,ˈtɛlɪˌvaɪzəz
teleworked,-,ˈtɛlɪˌwɜrkt
teleworks,-,ˈtɛlɪˌwɜrks
telexed,-,ˈtɛlɛkst
telexes,-,ˈtɛlɛksəz
telfered,-,ˈtɛlfərd
telfers,-,ˈtɛlfərz
tells,-,tɛlz
telphered,-,ˈtɛlfərd
telphers,-,ˈtɛlfərz
temped,-,tɛmpt
temperate,-,ˈtɛmpərət
temperately,-,ˈtɛmpərətli
temperateness,-,ˈtɛmpərətnəs
tempered,-,ˈtɛmpərd
tempers,-,ˈtɛmpərz
tempests,-,ˈtɛmpəsts
template,-,ˈtɛmplət
templates,-,ˈtɛmpləts
temporalises,-,ˈtɛmpərəˌlaɪzəz
temporalizes,-,ˈtɛmpərəˌlaɪzəz
temporises,-,ˈtɛmpəˌraɪzəz
temporizes,-,ˈtɛmpəˌraɪzəz
temps,-,tɛmps
tempts,-,tɛmpts
tenants,-,ˈtɛnənts
tench,-,tɛntʃ
tenches,-,ˈtɛntʃəz
tendered,-,ˈtɛndərd
tenderhearted,-,ˌtɛndərˈhɑrtəd
tenderheartedly,-,ˌtɛndərˈhɑrtədli
tenderheartedness,-,ˌtɛndərˈhɑrtədnəs
tenderises,-,ˈtɛndəˌraɪzəz
tenderizes,-,ˈtɛndəˌraɪzəz
tenders,-,ˈtɛndərz
tendriled,-,ˈtɛndrəld
tendrilled,-,ˈtɛndrəld
tends,-,tɛndz
tenoned,-,ˈtɛnənd
tenons,-,ˈtɛnənz
tenses,-,ˈtɛnsəz
tensioned,-,ˈtɛnʃənd
tensions,-,ˈtɛnʃənz
tensive,-,ˈtɛnsɪv
tentative,-,ˈtɛntətɪv
tentatively,-,ˈtɛntətɪvli
tentativeness,-,ˈtɛntətɪvnəs
tentatives,-,ˈtɛntətɪvz
tentered,-,ˈtɛntərd
tenters,-,ˈtɛntərz
tents,-,tɛnts
tepefies,-,ˈtɛpəfaɪz
tequila,-,təˈkilə
tequilas,-,təˈkiləz
tergiversates,-,ˈtɜrdʒɪvərˌseɪts
termed,-,tɜrmd
terminates,-,ˈtɜrməˌneɪts
terminative,-,ˈtɜrmənətɪv
terminatively,-,ˈtɜrmənətɪvli
terms,-,tɜrmz
ternate,-,ˈtɜrneɪt
ternately,-,ˈtɜrneɪtli
terraces,-,ˈtɛrəsəz
terraformed,-,ˈtɛrəˌfɔrmd
terraforms,-,ˈtɛrəˌfɔrmz
terrifies,-,ˈtɛrəfaɪz
territorialises,-,ˌtɛrəˈtɔriəˌlaɪzəz
territorializes,-,ˌtɛrəˈtɔriəˌlaɪzəz
terrorises,-,ˈtɛrəˌraɪzəz
terrorizes,-,ˈtɛrəˌraɪzəz
tessellate,-,ˈtɛsəˌleɪt
tessellates,-,ˈtɛsəˌleɪts
testate,-,ˈtɛsteɪt
testates,-,ˈtɛsteɪts
testcrossed,-,ˈtɛstˌkrɔst
testcrosses,-,ˈtɛstˌkrɔsəz
testifies,-,ˈtɛstəfaɪz
tests,-,tɛsts
tetanises,-,ˈtɛtəˌlaɪzəz
tetanizes,-,ˈtɛtəˌlaɪzəz
tetched,-,tɛtʃt
tethered,-,ˈtɛðərd
tethers,-,ˈtɛðərz
tetraplicate,-,tɛˈtræplɪkət
tetraplicates,-,tɛˈtræplɪkəts
teutonises,-,ˈtutəˌlaɪzəz
teutonizes,-,ˈtutəˌlaɪzəz
tewed,-,tud
tews,-,tuz
texts,-,tɛksts
textures,-,ˈtɛkstʃərz
texturises,-,ˈtɛkstʃəˌraɪzəz
texturizes,-,ˈtɛkstʃəˌraɪzəz
thacked,-,θækt
thacks,-,θæks
thanked,-,θæŋkt
thanks,-,θæŋks
thatched,-,θætʃt
thatches,-,ˈθætʃəz
thawed,-,θɔd
thaws,-,θɔz
theatricalises,-,θiˈætrɪkəˌlaɪzəz
theatricalizes,-,θiˈætrɪkəˌlaɪzəz
thecate,-,ˈθikeɪt
theirselves,-,ðɛrˈsɛlvz
themes,-,θimz
themselves,-,ðəmˈsɛlvz
theologises,-,θiˈɑlədʒaɪzəz
theologizes,-,θiˈɑlədʒaɪzəz
theorises,-,ˈθiəˌraɪzəz
theorizes,-,ˈθiəˌraɪzəz
thereinto,-,ˌðɛrɪnˈtu
thereof,-,ðɛrˈʌv
thereto,-,ðɛrˈtu
theretofore,-,ˌðɛrtuˈfɔr
thereunto,-,ˌðɛrənˈtu
thermalises,-,ˈθɜrməˌlaɪzəz
thermalizes,-,ˈθɜrməˌlaɪzəz
thermocouple,-,ˈθɜrmoʊˌkʌpəl
thermocouples,-,ˈθɜrmoʊˌkʌpəlz
thermoformed,-,ˈθɜrmoʊˌfɔrmd
thermoforms,-,ˈθɜrmoʊˌfɔrmz
thermoregulates,-,ˌθɜrmoʊˈrɛɡjəˌleɪts
thermostated,-,ˈθɜrməˌstætəd
thermostating,-,ˈθɜrməˌstætɪŋ
thickened,-,ˈθɪkənd
thickens,-,ˈθɪkənz
thickhead,-,ˈθɪkˌhɛd
thickheaded,-,ˌθɪkˈhɛdəd
thickheadedly,-,ˌθɪkˈhɛdədli
thickheadedness,-,ˌθɪkˈhɛdədnəs
thickheads,-,ˈθɪkˌhɛdz
thieve,-,θiv
thieved,θiːvd
thieves,-,θivz
thigh,-,θaɪ
thighbone,-,ˈθaɪˌboʊn
thighbones,-,ˈθaɪˌboʊnz
thighed,-,θaɪd
thighs,-,θaɪz
thimblerigged,-,ˈθɪmbəlˌrɪɡd
thimblerigs,-,ˈθɪmbəlˌrɪɡz
thindown,-,ˈθɪnˌdaʊn
thindowns,-,ˈθɪnˌdaʊnz
thinks,-,θɪŋks
thinned,-,θɪnd
thins,-,θɪnz
thirled,-,θɜrld
thirls,-,θɜrlz
thirsts,-,θɜrsts
thitherto,-,ˌðɪðərˈtu
thived,->,thieved,-,θivd
tholes,-,θoʊlz
thorned,-,θɔrnd
thorns,-,θɔrnz
thoro,-,ˈθɜroʊ
thorough,-,ˈθɜroʊ
thoroughbass,-,ˈθɜroʊˌbeɪs
thoroughbasses,-,ˈθɜroʊˌbeɪsəz
thoroughbrace,-,ˈθɜroʊˌbreɪs
thoroughbraces,-,ˈθɜroʊˌbreɪsəz
thoroughbred,-,ˈθɜroʊˌbrɛd
thoroughbreds,-,ˈθɜroʊˌbrɛdz
thorougher,-,ˈθɜroʊər
thoroughest,-,ˈθɜroʊəst
thoroughfare,-,ˈθɜroʊˌfɛər
thoroughfares,-,ˈθɜroʊˌfɛərz
thoroughgoing,-,ˈθɜroʊˌɡoʊɪŋ
thoroughly,-,ˈθɜroʊli
thoroughness,-,ˈθɜroʊnəs
thoroughpin,-,ˈθɜroʊˌpɪn
thoroughpins,-,ˈθɜroʊˌpɪnz
thoroughwort,-,ˈθɜroʊˌwɜrt
thoroughworts,-,ˈθɜroʊˌwɜrts
thoued,-,ðaʊd
though,-,ðoʊ
thought,-,θɔt
thoughtful,-,ˈθɔtfəl
thoughtfully,-,ˈθɔtfəli
thoughtfulness,-,ˈθɔtfəlnəs
thoughtless,-,ˈθɔtləs
thoughtlessly,-,ˈθɔtləsli
thoughtlessness,-,ˈθɔtləsnəs
thoughts,-,θɔts
thoughtway,-,ˈθɔtˌweɪ
thoughtways,-,ˈθɔtˌweɪz
thous,-,ðaʊz
thraldom,-,ˈθrɔldəm
thraldoms,-,ˈθrɔldəmz
thralled,-,θrɔld
thrashed,-,θræʃt
thrashes,-,ˈθræʃəz
thraves,-,θreɪvz
thrawed,-,θrɔd
thraws,-,θrɔz
thread,-,θrɛd
threadbare,-,ˈθrɛdˌbɛər
threadbareness,-,ˈθrɛdˌbɛərnəs
threaded,-,ˈθrɛdəd
threader,-,ˈθrɛdər
threaders,-,ˈθrɛdərz
threadfin,-,ˈθrɛdˌfɪn
threadfins,-,ˈθrɛdˌfɪnz
threadier,-,ˈθrɛdiər
threadiest,-,ˈθrɛdiəst
threadiness,-,ˈθrɛdinəs
threading,-,ˈθrɛdɪŋ
threadless,-,ˈθrɛdləs
threadlike,-,ˈθrɛdˌlaɪk
threads,-,θrɛdz
threadworm,-,ˈθrɛdˌwɜrm
threadworms,-,ˈθrɛdˌwɜrmz
thready,-,ˈθrɛdi
threaped,-,θript
threaps,-,θrips
threat,-,θrɛt
threated,-,ˈθrɛtəd
threaten,-,ˈθrɛtən
threatened,-,ˈθrɛtənd
threatener,-,ˈθrɛtənər
threateners,-,ˈθrɛtənərz
threatening,-,ˈθrɛtənɪŋ
threateningly,-,ˈθrɛtənɪŋli
threatens,-,ˈθrɛtənz
threating,-,ˈθrɛtɪŋ
threats,-,θrɛts
threeped,-,θript
threeps,-,θrips
threesome,-,ˈθrisəm
threesomes,-,ˈθrisəmz
threshed,-,θrɛʃt
threshes,-,ˈθrɛʃəz
thrifts,-,θrɪfts
thrilled,-,θrɪld
thrills,-,θrɪlz
thrives,-,θraɪvz
throats,-,θroʊts
throbbed,-,tʃrɑbd,->,θrɑbd
throbs,-,θrɑbz
thromboses,-,θrɑmˈboʊsiz
thrones,-,θroʊnz
thronged,-,θrɔŋd
throngs,-,θrɔŋz
throttles,-,ˈθrɑtəlz
through,-,θru
throughither,-,θruˈɪðər
throughly,-,ˈθruːli
throughother,-,θruˈʌðər
throughout,-,θruˈaʊt
throughput,-,ˈθruˌpʊt
throughputs,-,ˈθruˌpʊts
throughway,-,ˈθruˌweɪ
throughways,-,ˈθruˌweɪz
throws,-,θroʊz
thru,-,θru
thrummed,-,θrʌmd
thrums,-,θrʌmz
thruput,-,ˈθruˌpʊt
thruputs,-,ˈθruˌpʊts
thrusts,-,θrʌsts
thruway,-,ˈθruˌweɪ
thruways,-,ˈθruˌweɪz
thuds,-,θʌdz
thumb,-,θʌm
thumbed,-,θʌmd
thumbhole,-,ˈθʌmˌhoʊl
thumbholes,-,ˈθʌmˌhoʊlz
thumbing,-,ˈθʌmɪŋ
thumbkin,-,ˈθʌmkɪn
thumbkins,-,ˈθʌmkɪnz
thumbnail,-,ˈθʌmˌneɪl
thumbnails,-,ˈθʌmˌneɪlz
thumbnut,-,ˈθʌmˌnʌt
thumbnuts,-,ˈθʌmˌnʌts
thumbprint,-,ˈθʌmˌprɪnt
thumbprints,-,ˈθʌmˌprɪnts
thumbs,-,θʌmz
thumbscrew,-,ˈθʌmˌskru
thumbscrews,-,ˈθʌmˌskruz
thumbtack,-,ˈθʌmˌtæk
thumbtacked,-,ˈθʌmˌtækt
thumbtacking,-,ˈθʌmˌtækɪŋ
thumbtacks,-,ˈθʌmˌtæks
thumbwheel,-,ˈθʌmˌwiːl
thumbwheels,-,ˈθʌmˌwiːlz
thumped,-,θʌmpt
thumps,-,θʌmps
thundered,-,ˈθʌndərd
thunderhead,-,ˈθʌndərˌhɛd
thunderheads,-,ˈθʌndərˌhɛdz
thunders,-,ˈθʌndərz
thundershower,-,ˈθʌndərˌʃaʊər
thundershowers,-,ˈθʌndərˌʃaʊərz
thunderstrikes,-,ˈθʌndərˌstraɪks
thunked,-,θʌŋkt
thunks,-,θʌŋks
thwacked,-,θwækt
thwacks,-,θwæks
thwarts,-,θwɔrts
thymectomises,-,θaɪˈmɛktəˌmaɪzəz
thymectomizes,-,θaɪˈmɛktəˌmaɪzəz
thyroidectomises,-,ˌθaɪrɔɪˈdɛktəˌmaɪzəz
thyroidectomizes,-,ˌθaɪrɔɪˈdɛktəˌmaɪzəz
tiaraed,-,tiˈɛrəd
ticked,-,tɪkt
tickets,-,ˈtɪkəts
tickles,-,ˈtɪkəlz
ticks,-,tɪks
ticktacked,-,ˈtɪkˌtækt
ticktacks,-,ˈtɪkˌtæks
ticktocked,-,ˈtɪkˌtɑkt
ticktocks,-,ˈtɪkˌtɑks
tics,-,tɪks
tictocked,-,ˈtɪkˌtɑkt
tictocs,-,ˈtɪkˌtɑks
tides,-,taɪdz
tidies,-,ˈtaɪdiz
tiebreaker,-,ˈtaɪˌbreɪkər
tiebreakers,-,ˈtaɪˌbreɪkərz
tieing,-,ˈtaɪɪŋ
tiered,-,tɪərd
tiers,-,tɪərz
ties,-,taɪz
tiffed,-,tɪft
tiffined,-,ˈtɪfənd
tiffins,-,ˈtɪfənz
tiffs,-,tɪfs
tigereye,-,ˈtaɪɡərˌaɪ
tigereyes,-,ˈtaɪɡərˌaɪz
tight,-,taɪt
tighten,-,ˈtaɪtən
tightened,-,ˈtaɪtənd
tightener,-,ˈtaɪtənər
tighteners,-,ˈtaɪtənərz
tightening,-,ˈtaɪtənɪŋ
tightens,-,ˈtaɪtənz
tighter,-,ˈtaɪtər
tightest,-,ˈtaɪtəst
tightfisted,-,ˌtaɪtˈfɪstəd
tightfistedness,-,ˌtaɪtˈfɪstədnəs
tightfitting,-,ˌtaɪtˈfɪtɪŋ
tighting,-,ˈtaɪtɪŋ
tightknit,-,ˌtaɪtˈnɪt
tightly,-,ˈtaɪtli
tightness,-,ˈtaɪtnəs
tightrope,-,ˈtaɪtˌroʊp
tightropes,-,ˈtaɪtˌroʊps
tights,-,taɪts
tightwad,-,ˈtaɪtˌwɑd
tightwads,-,ˈtaɪtˌwɑdz
tightwire,-,ˈtaɪtˌwaɪər
tightwires,-,ˈtaɪtˌwaɪərz
tiles,-,taɪlz
tilled,-,tɪld
tillered,-,ˈtɪlərd
tillers,-,ˈtɪlərz
tills,-,tɪlz
tilts,-,tɪlts
timbered,-,ˈtɪmbərd
timberhead,-,ˈtɪmbərˌhɛd
timberheads,-,ˈtɪmbərˌhɛdz
timbers,-,ˈtɪmbərz
timbrelled,-,ˈtɪmbrəld
times,-,taɪmz
tinamou,-,ˈtɪnəˌmu
tinamous,-,ˈtɪnəˌmuz
tincts,-,tɪŋkts
tinctures,-,ˈtɪŋktʃərz
tindered,-,ˈtɪndərd
tinders,-,ˈtɪndərz
tinges,-,ˈtɪndʒəz
tingles,-,ˈtɪnɡəlz
tinkered,-,ˈtɪŋkərd
tinkers,-,ˈtɪŋkərz
tinkles,-,ˈtɪnɡəlz
tinned,-,tɪnd
tins,-,tɪnz
tinseled,-,ˈtɪnsəld
tinselled,-,ˈtɪnsəld
tinselling,-,ˈtɪnsəlɪŋ
tinsels,-,ˈtɪnsəlz
tintinnabulates,-,ˌtɪntɪˈnæbjəˌleɪts
tints,-,tɪnts
tipped,-,tɪpt
tipples,-,ˈtɪpəlz
tippytoes,-,ˈtɪpiˌtoʊz
tips,-,tɪps
tipstaves,-,ˈtɪpˌstævz
tiptoes,-,ˈtɪpˌtoʊz
tires,-,taɪərz
tiresome,-,ˈtaɪərsəm
tiresomely,-,ˈtaɪərsəmli
tiresomeness,-,ˈtaɪərsəmnəs
tirled,-,tɜrld
tirls,-,tɜ,rlz
tissues,-,ˈtɪʃuz
titanesque,-,ˌtaɪtəˈnɛsk
tithes,-,taɪðz
titillates,-,ˈtɪtəˌleɪts
titillative,-,ˈtɪtəˌleɪtɪv
titivates,-,ˈtɪtəˌveɪts
titrates,-,ˈtaɪtreɪts
tittered,-,ˈtɪtərd
titters,-,ˈtɪtərz
tittivates,-,ˈtɪtəˌveɪts
tittuped,-,ˈtɪtəpt
tittupped,-,ˈtɪtəpt
tittups,-,ˈtɪtəps
to,-,tu
toadies,-,ˈtoʊdiz
toads,-,toʊdz
toasts,-,toʊsts
tobogganed,-,təˈbɑɡənd
toboggans,-,təˈbɑɡənz
tochered,-,ˈtɑkərd
tochers,-,ˈtɑkərz
today,-,təˈdeɪ
todays,-,təˈdeɪz
toddles,-,ˈtɑdəlz
toenailed,-,ˈtoʊˌneɪld
toenails,-,ˈtoʊˌneɪlz
toes,-,toʊz
toeshoe,-,ˈtoʊˌʃu
toeshoes,-,ˈtoʊˌʃuz
togaed,-,ˈtoʊɡəd
together,-,təˈɡɛðər
togetherness,-,təˈɡɛðərnəs
togged,-,tɑɡd
toggles,-,ˈtɑɡəlz
togs,-,tɑɡz
togue,-,toʊɡ
togues,-,toʊɡz
toiled,-,tɔɪld
toilets,-,ˈtɔɪləts
toilette,twɑːˈlɛt
toilettes,twɑːˈlɛts
toils,-,tɔɪlz
toilsome,-,ˈtɔɪlsəm
toilsomely,-,ˈtɔɪlsəmli
toilsomeness,-,ˈtɔɪlsəmnəs
tokened,-,ˈtoʊkənd
tokens,-,ˈtoʊkənz
tokes,-,toʊks
tolerates,-,ˈtɑləˌreɪts
tolerative,-,ˈtɑlərətɪv
tolled,-,toʊld
tolls,-,toʊlz
tomahawked,-,ˈtɑməˌhɔkt
tomahawks,-,ˈtɑməˌhɔks
tomb,-,tum
tombal,-,ˈtuməl
tombed,-,tumd
tombic,-,ˈtumɪk
tombing,-,ˈtumɪŋ
tombless,-,ˈtumləs
tomblike,-,ˈtumˌlaɪk
tombs,-,tumz
tombstone,-,ˈtumˌstoʊn
tombstones,-,ˈtumˌstoʊnz
tomcats,-,ˈtɑmˌkæts
tommed,-,tɑmd
tomorrow,-,təˈmɑroʊ
tomorrows,-,təˈmɑroʊz
toms,-,tɑmz
tones,-,toʊnz
tonette,toʊˈnɛt
tonettes,toʊˈnɛts
tongue,-,tʌŋ
tongued,-,tʌŋd
tonguefish,-,ˈtʌŋˌfɪʃ
tonguefishes,-,ˈtʌŋˌfɪʃəz
tongueflower,-,ˈtʌŋˌflaʊər
tongueflowers,-,ˈtʌŋˌflaʊərz
tongueless,-,ˈtʌŋləs
tonguelet,-,ˈtʌŋlɪt
tonguelets,-,ˈtʌŋlɪts
tonguelike,-,ˈtʌŋˌlaɪk
tongues,-,tʌŋz
tonguester,-,ˈtʌŋstər
tonguesters,-,ˈtʌŋstərz
tonguey,-,ˈtʌŋi
tonguing,-,ˈtʌŋɪŋ
tonguings,-,ˈtʌŋɪŋz
tonguy,-,ˈtʌŋi
tonight,-,təˈnaɪt
tonights,-,təˈnaɪts
tonite,-,təˈnaɪt
tonneaux,-,tʌˈnoʊz
tonsures,-,ˈtɑnʃərz
toolchain,-,ˈtulˌtʃeɪn
toolchains,-,ˈtulˌtʃeɪnz
tooled,-,tuld
toolhead,-,ˈtulˌhɛd
toolheads,-,ˈtulˌhɛdz
tools,-,tulz
toothed,-,tuθt,(or,tuðd)
tooths,-,tuθs
toothsome,-,ˈtuθsəm
toothsomely,-,ˈtuθsəmli
toothsomeness,-,ˈtuθsəmnəs
tootles,-,ˈtutəlz
toots,-,tuts
topes,-,toʊps
topflight,-,ˈtɑpˈflaɪt
toplines,-,ˈtɑpˌlaɪnz
topmost,-,ˈtɑpˌmoʊst
topped,-,tɑpt
topples,-,ˈtɑpəlz
tops,-,tɑps
topsoiled,-,ˈtɑpˌsɔɪld
topsoils,-,ˈtɑpˌsɔɪlz
topstitched,-,ˈtɑpˌstɪtʃt
topstitches,-,ˈtɑpˌstɪtʃəz
topworked,-,ˈtɑpˌwɜrkt
topworks,-,ˈtɑpˌwɜ,rks
toque,-,toʊk
toques,-,toʊks
toquet,-,toʊˈkeɪ
toquets,-,toʊˈkeɪz
torch,-,tɔrtʃ
torchbearer,-,ˈtɔrtʃˌbɛərər
torchbearers,-,ˈtɔrtʃˌbɛərərz
torched,-,tɔrtʃt
torchere,-,tɔrˈʃɛər
torcheres,-,tɔrˈʃɛərz
torches,-,ˈtɔrtʃərz,->,ˈtɔrtʃəz
torchier,-,tɔrˈtʃɪər
torchiers,-,tɔrˈtʃɪərz
torchiest,-,ˈtɔrtʃiəst
torching,-,ˈtɔrtʃɪŋ
torchlight,-,ˈtɔrtʃˌlaɪt
torchlights,-,ˈtɔrtʃˌlaɪts
torchon,-,ˈtɔrʃɑn
torchons,-,ˈtɔrʃɑnz
torchwood,-,ˈtɔrtʃˌwʊd
torchwoods,-,ˈtɔrtʃˌwʊdz
torchy,-,ˈtɔrtʃi
torments,-,ˈtɔrmɛnts,(V:,tɔrˈmɛnts)
torpedoes,-,tɔrˈpidoʊz
torpedos,-,tɔrˈpidoʊz
torquate,-,ˈtɔrkweɪt
torque,-,tɔrk
torqued,-,tɔrkt
torquer,-,ˈtɔrkər
torquers,-,ˈtɔrkərz
torques,-,tɔrks
torquing,-,ˈtɔrkɪŋ
torrefies,-,ˈtɔrəfaɪz
torrifies,-,ˈtɔrəfaɪz
tortoise,-,ˈtɔrtəs
tortoises,-,ˈtɔrtəsəz
tortoiseshell,-,ˈtɔrtəsˌʃɛl
tortoiseshells,-,ˈtɔrtəsˌʃɛlz
tortures,-,ˈtɔrtʃərz
tossed,-,tɔst
tosses,-,ˈtɔsəz
totaled,-,ˈtoʊtəld
totalises,-,ˈtoʊtəˌlaɪzəz
totalitarianises,-,toʊˌtælɪˈtɛriənəˌlaɪzəz
totalitarianizes,-,toʊˌtælɪˈtɛriənəˌlaɪzəz
totalizes,-,ˈtoʊtəˌlaɪzəz
totalled,-,ˈtoʊtəld
totalling,-,ˈtoʊtəlɪŋ
totals,-,ˈtoʊtəlz
totes,-,toʊts
tots,-,tɑts
tottered,-,ˈtɑtərd
totters,-,ˈtɑtərz
toucan,-,ˈtukæn
toucans,-,ˈtukænz
touch,-,tʌtʃ
touchable,-,ˈtʌtʃəbəl
touchback,-,ˈtʌtʃˌbæk
touchbacks,-,ˈtʌtʃˌbæks
touchdown,-,ˈtʌtʃˌdaʊn
touchdowns,-,ˈtʌtʃˌdaʊnz
touche,-,tuˈʃeɪ
touched,-,tʌtʃt
toucher,-,ˈtʌtʃər
touchers,-,ˈtʌtʃərz
touches,-,ˈtʌtʃəz
touchhole,-,ˈtʌtʃˌhoʊl
touchholes,-,ˈtʌtʃˌhoʊlz
touchier,-,ˈtʌtʃiər
touchiest,-,ˈtʌtʃiəst
touchily,-,ˈtʌtʃəli
touchiness,-,ˈtʌtʃinəs
touching,-,ˈtʌtʃɪŋ
touchingly,-,ˈtʌtʃɪŋli
touchline,-,ˈtʌtʃˌlaɪn
touchlines,-,ˈtʌtʃˌlaɪnz
touchmark,-,ˈtʌtʃˌmɑrk
touchmarks,-,ˈtʌtʃˌmɑrks
touchpad,-,ˈtʌtʃˌpæd
touchpads,-,ˈtʌtʃˌpædz
touchscreen,-,ˈtʌtʃˌskrin
touchscreens,-,ˈtʌtʃˌskrinz
touchstone,-,ˈtʌtʃˌstoʊn
touchstones,-,ˈtʌtʃˌstoʊnz
touchup,-,ˈtʌtʃˌʌp
touchups,-,ˈtʌtʃˌʌpz
touchwood,-,ˈtʌtʃˌwʊd
touchwoods,-,ˈtʌtʃˌwʊdz
touchy,-,ˈtʌtʃi
tough,-,tʌf
toughed,-,tʌft
toughen,-,ˈtʌfən
toughened,-,ˈtʌfənd
toughening,-,ˈtʌfənɪŋ
toughens,-,ˈtʌfənz
tougher,-,ˈtʌfər
toughest,-,ˈtʌfəst
toughie,-,ˈtʌfi
toughies,-,ˈtʌfiz
toughing,-,ˈtʌfɪŋ
toughish,-,ˈtʌfɪʃ
toughly,-,ˈtʌfli
toughness,-,ˈtʌfnəs
toughs,-,tʌfs
toughy,-,ˈtʌfi
toupee,-,tuˈpeɪ
toupees,-,tuˈpeɪz
tour,-,tʊər
tourbillion,-,tʊrˈbɪljən
tourbillions,-,tʊrˈbɪljənz
tourbillon,-,tʊrˈbɪljən
tourbillons,-,tʊrˈbɪljənz
toured,-,tʊərd
tourer,-,ˈtʊərər
tourers,-,ˈtʊərərz
touring,-,ˈtʊərɪŋ
tourism,-,ˈtʊrˌɪzəm
tourist,-,ˈtʊrəst
touristic,-,tʊˈrɪstɪk
touristically,-,tʊˈrɪstɪkli
tourists,-,ˈtʊrəsts
touristy,-,ˈtʊrəsti
tourmaline,-,ˈtʊrməliːn
tourmalinic,-,ˌtʊrməˈlɪnɪk
tournament,-,ˈtʊrnəmənt
tournaments,-,ˈtʊrnəmənts
tournedos,-,ˈtʊrnəˌdoʊz
tourney,-,ˈtʊrni
tourneyed,-,ˈtʊrnid
tourneying,-,ˈtʊrniɪŋ
tourneys,-,ˈtʊrniz
tourniquet,-,ˈtʊrnəkət
tourniquets,-,ˈtʊrnəkəts
tours,-,tʊərz
touses,-,ˈtaʊzəz
tousles,-,ˈtaʊzəlz
touts,-,taʊts
touzles,-,ˈtaʊzəlz
towed,-,toʊd
towel,-,ˈtaʊəl
toweled,-,ˈtaʊəld
towelette,-,ˌtaʊəˈlɛt
towelettes,-,ˌtaʊəˈlɛts
toweling,-,ˈtaʊəlɪŋ
towelings,-,ˈtaʊəlɪŋz
towelled,-,ˈtaʊəld
towelling,-,ˈtaʊəlɪŋ
towellings,-,ˈtaʊəlɪŋz
towels,-,ˈtaʊəlz
tower,-,ˈtaʊər
towered,-,ˈtaʊərd
towerier,-,ˈtaʊəriər
toweriest,-,ˈtaʊəriəst
towering,-,ˈtaʊərɪŋ
toweringly,-,ˈtaʊərɪŋli
towerlike,-,ˈtaʊərˌlaɪk
towers,-,ˈtaʊərz
towery,-,ˈtaʊəri
towhead,-,ˈtoʊˌhɛd
towheaded,-,ˌtoʊˈhɛdəd
towheads,-,ˈtoʊˌhɛdz
towlines,-,ˈtoʊˌlaɪnz
town,-,taʊn
towne,-,taʊn
townee,-,taʊˈni
townees,-,taʊˈniz
towner,-,ˈtaʊnər
towners,-,ˈtaʊnərz
townes,-,taʊnz
townfolk,-,ˈtaʊnˌfoʊk
townfolks,-,ˈtaʊnˌfoʊks
townhall,-,ˈtaʊnˌhɔl
townhalls,-,ˈtaʊnˌhɔlz
townhome,-,ˈtaʊnˌhoʊm
townhomes,-,ˈtaʊnˌhoʊmz
townhouse,-,ˈtaʊnˌhaʊs
townhouses,-,ˈtaʊnˌhaʊsəz
townie,-,ˈtaʊni
townies,-,ˈtaʊniz
townish,-,ˈtaʊnɪʃ
townless,-,ˈtaʊnləs
townlessness,-,ˈtaʊnləsnəs
townlet,-,ˈtaʊnlɪt
townlets,-,ˈtaʊnlɪts
townpeople,ˈtaʊnˌpiːpəl
towns,-,taʊnz
townscape,-,ˈtaʊnˌskeɪp
townscapes,-,ˈtaʊnˌskeɪpz
townsfolk,-,ˈtaʊnzˌfoʊk
township,-,ˈtaʊnˌʃɪp
townships,-,ˈtaʊnˌʃɪps
townsman,-,ˈtaʊnzmən
townsmen,-,ˈtaʊnzmən
townspeople,ˈtaʊnzˌpiːpəl
townswoman,-,ˈtaʊnzˌwʊmən
townswomen,-,ˈtaʊnzˌwɪmɪn
townwear,-,ˈtaʊnˌwɛər
towny,-,ˈtaʊni
tows,-,toʊz
toyed,-,tɔɪd
toys,-,tɔɪz
traces,-,ˈtreɪsəz
tracheate,-,ˈtreɪkiɪt
tracked,-,trækt
tracks,-,træks
tracksuit,-,ˈtrækˌsut
tracksuits,-,ˈtrækˌsuts
trackwalker,-,ˈtrækˌwɔkər
trackwalkers,-,ˈtrækˌwɔkərz
tractive,-,ˈtræktɪv
trademarked,-,ˈtreɪdˌmɑrkt
trademarks,-,ˈtreɪdˌmɑrks
trades,-,treɪdz
tradespeople,-,ˈtreɪdzˌpipəl
traditionalises,-,trəˈdɪʃənəˌlaɪzəz
traditionalizes,-,trəˈdɪʃənəˌlaɪzəz
traduces,-,trəˈdusəz
trafficked,-,ˈtræfɪkt
traffics,-,ˈtræfɪks
trailbreaker,-,ˈtreɪlˌbreɪkər
trailbreakers,-,ˈtreɪlˌbreɪkərz
trailed,-,teɪld,->,treɪld
trailered,-,ˈtreɪlərd
trailhead,-,ˈtreɪlˌhɛd
trailheads,-,ˈtreɪlˌhɛdz
trails,-,treɪlz
trainbearer,-,ˈtreɪnˌbɛərər
trainbearers,-,ˈtreɪnˌbɛərərz
trained,-,treɪnd
trains,-,treɪnz
traipsed,-,treɪpst
traipses,-,ˈtreɪpsəz
trajects,-,trəˈdʒɛkts
trammed,-,træmd
trammeled,-,ˈtræməld
trammelled,-,ˈtræməld
trammelling,-,ˈtræməlɪŋ
trammels,-,ˈtræməlz
tramped,-,træmpt
tramples,-,ˈtræmpəlz
trampolines,-,ˌtræmpəˈlinz
tramps,-,træmps
trams,-,træmz
trances,-,ˈtrænsəz
tranche,-,trɑntʃ
tranches,-,ˈtrɑntʃəz
tranquilises,-,ˈtræŋkwəˌlaɪzəz
tranquilizes,-,ˈtræŋkwəˌlaɪzəz
tranquillises,-,ˈtræŋkwəˌlaɪzəz
tranquillizes,-,ˈtræŋkwəˌlaɪzəz
transacts,-,trænˈsækts
transcends,-,trænˈsɛndz
transcodes,-,trænzˈkoʊdz
transcribes,-,trænˈskraɪbz
transduces,-,trænzˈdusəz
transects,-,trænˈsɛkts
transferred,-,trænsˈfɜrd
transfers,-,ˈtrænsfɜrz,(V:,trænsˈfɜrz)
transfigures,-,trænsˈfɪɡjərz
transfixed,-,trænsˈfɪkst
transfixes,-,trænsˈfɪksəz
transformative,-,trænsˈfɔrmətɪv
transformed,-,trænsˈfɔrmd
transforms,-,trænsˈfɔrmz
transfusable,-,transˈfjuzəbəl
transfuse,-,trænsˈfjuz
transfused,-,trænsˈfjuzd
transfuses,-,trænsˈfjuzəz
transfusible,-,transˈfjuzəbəl
transfusing,-,trænsˈfjuzɪŋ
transgenders,-,trænzˈdʒɛndərz
transgressed,-,trænzˈɡrɛst
transgresses,-,trænzˈɡrɛsəz
transgressive,-,trænzˈɡrɛsɪv
transhipped,-,trænˈʃɪpt
transilluminates,-,trænzɪˈluməˌneɪts
transistorises,-,trænˈzɪstərˌaɪzəz
transistorizes,-,trænˈzɪstərˌaɪzəz
transitions,-,trænˈzɪʃənz
transitive,-,ˈtrænsətɪv
transitively,-,ˈtrænsətɪvli
transitiveness,-,ˈtrænsətɪvnəs
transitives,-,ˈtrænsətɪvz
transits,-,ˈtrænsəts
translates,-,trænzˈleɪts
translative,-,trænzˈleɪtɪv
transliterates,-,trænzˈlɪtəˌreɪts
translocates,-,trænzˈloʊkeɪts
transmigrates,-,trænzˈmaɪɡreɪts
transmissive,-,trænzˈmɪsɪv
transmits,-,trænzˈmɪts
transmogrifies,-,trænzˈmɑɡrəfaɪz
transmutative,-,trænzˈmjutətɪv
transmutes,-,trænzˈmjuts
transparentises,-,trænsˈpærəntˌaɪzəz
transparentizes,-,trænsˈpærəntˌaɪzəz
transpierces,-,trænsˈpɪrsəz
transpires,-,trænˈspaɪərz
transplants,-,ˈtrænsˌplænts,(V:,trænsˈplænts)
transports,-,ˈtrænsˌpɔrts,(V:,trænsˈpɔrts)
transposes,-,trænsˈpoʊzəz
transshapes,-,trænsˈʃeɪps
transshipped,-,trænˈʃɪpt
transships,-,trænˈʃɪps
transubstantiates,-,ˌtrænsəbsˈtænʃiˌeɪts
transudes,-,trænˈsudz
transvaluates,-,trænsˈvæljuˌeɪts
transvalues,-,trænsˈvæljuz
transverses,-,trænzˈvɜrsəz
trapanned,-,trəˈpænd
trapans,-,trəˈpænz
trapdoor,-,ˈtræpˌdɔr
trapdoors,-,ˈtræpˌdɔrz
trapnests,-,ˈtræpˌnɛsts
trapped,-,træpt
traps,-,træps
trashed,-,træʃt
trashes,-,ˈtræʃəz
traumatises,-,ˈtrɔməˌtaɪzəz
traumatizes,-,ˈtrɔməˌtaɪzəz
travailed,-,trəˈveɪld
travails,-,trəˈveɪlz
traveled,-,ˈtrævəld
travelled,-,ˈtrævəld
traveller,-,ˈtrævələr
travellers,-,ˈtrævələrz
travelling,-,ˈtrævəlɪŋ
travels,-,ˈtrævəlz
traverses,-,ˈtrævərsəz,(V:,trəˈvɜrsəz)
travesties,-,ˈtrævəstiz
travois,-,trəˈvɔɪ
travoises,-,trəˈvɔɪzəz
trawled,-,trɔld
trawls,-,trɔlz
treacheries,-,ˈtrɛtʃəriz
treacherous,-,ˈtrɛtʃərəs
treacherously,-,ˈtrɛtʃərəsli
treacherousness,-,ˈtrɛtʃərəsnəs
treachersome,-,ˈtrɛtʃərsəm
treachery,-,ˈtrɛtʃəri
tread,-,trɛd
treaded,-,ˈtrɛdəd
treader,-,ˈtrɛdər
treaders,-,ˈtrɛdərz
treading,-,ˈtrɛdɪŋ
treadles,-,ˈtrɛdəlz
treadless,-,ˈtrɛdləs
treadmill,-,ˈtrɛdˌmɪl
treadmills,-,ˈtrɛdˌmɪlz
treads,-,trɛdz
treasurable,-,ˈtrɛʒərəbəl
treasure,-,ˈtrɛʒər
treasured,-,ˈtrɛʒərd
treasurer,-,ˈtrɛʒərər
treasurers,-,ˈtrɛʒərərz
treasurership,-,ˈtrɛʒərərˌʃɪp
treasurerships,-,ˈtrɛʒərərˌʃɪps
treasures,-,ˈtrɛʒərz
treasuries,-,ˈtrɛʒəriz
treasuring,-,ˈtrɛʒərɪŋ
treasury,-,ˈtrɛʒəri
treats,-,trits
trebles,-,ˈtrebəlz
trebuchet,-,ˈtrɛbjəˌʃɛt
trebuchets,-,ˈtrɛbjəˌʃɛts
treddles,-,ˈtrɛdəlz
trees,-,triz
trekked,-,trɛkt
treks,-,trɛks
trellised,-,ˈtrɛlɪst
trellises,-,ˈtrɛlɪsəz
trembles,-,ˈtrɛmbəlz
trench,-,trɛntʃ
trenchancies,-,ˈtrɛntʃənsiz
trenchancy,-,ˈtrɛntʃənsi
trenchant,-,ˈtrɛntʃənt
trenchantly,-,ˈtrɛntʃəntli
trenchcoat,-,ˈtrɛntʃˌkoʊt
trenchcoats,-,ˈtrɛntʃˌkoʊts
trenched,-,trɛntʃt
trencher,-,ˈtrɛntʃər
trencherman,-,ˈtrɛntʃərmən
trenchermen,-,ˈtrɛntʃərmən
trenchers,-,ˈtrɛntʃərz
trenches,-,ˈtrɛntʃəz
trenching,-,ˈtrɛntʃɪŋ
trends,-,trɛndz
trepanned,-,trɪˈpænd
trepans,-,trɪˈpænz
trephines,-,trɪˈfaɪnz
trespassed,-,ˈtrɛspəst
trespasses,-,ˈtrɛspəsəz
tressed,-,trɛst
tresses,-,ˈtrɛsəz
trestle,ˈtɹɛsəl
trestles,ˈtrɛsəlz
trestlework,ˈtrɛsəlˌwɜːrk
trestleworks,ˈtrɛsəlˌwɜːrks
triages,-,ˈtriɑʒəz
trialed,-,ˈtraɪəld
trialled,-,ˈtraɪəld
trialling,-,ˈtraɪəlɪŋ
trials,-,ˈtraɪəlz
triangulate,-,traɪˈæŋɡjəˌleɪt
triangulates,-,traɪˈæŋɡjəˌleɪts
tribades,-,ˈtraɪbeɪdz
tribespeople,-,ˈtraɪbzˌpipəl
tribulates,-,ˈtrɪbjəˌleɪts
tribunate,-,ˈtrɪbjənət
tribunates,-,ˈtrɪbjənəts
trices,-,ˈtraɪsəz
tricked,-,trɪkt
trickles,-,ˈtrɪkəlz
tricks,-,trɪks
tricolette,ˌtrɪkəˈlɛt
tricolettes,ˌtrɪkəˈlɛts
tricolored,-,ˈtraɪˌkʌlərd
tricornered,-,traɪˈkɔrnərd
tricot,-,ˈtrikoʊ
tricots,-,ˈtrikoʊz
tries,-,traɪz
trifles,-,ˈtraɪfəlz
trifoliate,-,traɪˈfoʊliɪt
trifurcate,-,traɪˈfɜrkeɪt
trifurcates,-,traɪˈfɜrkeɪts
triggered,-,ˈtrɪɡərd
triggers,-,ˈtrɪɡərz
trilled,-,trɪld
trills,-,trɪlz
trimmed,-,trɪmd
trims,-,trɪmz
trindles,-,ˈtrɪndəlz
trines,-,traɪnz
trinkets,-,ˈtrɪŋkəts
triples,-,ˈtrɪpəlz
triplicate,-,ˈtrɪplɪkət
triplicates,ˈtrɪplɪkeɪts,(verb),or,ˈtrɪplɪkəts,(noun)
tripped,-,trɪpt
trips,-,trɪps
triradiate,-,traɪˈreɪdiɪt
trisects,-,traɪˈsɛkts
triturates,-,ˈtrɪtʃəˌreɪts
triumphed,-,ˈtraɪəmft
triumphs,-,ˈtraɪəmfs
triumvirate,-,traɪˈʌmvərət
triumvirates,-,traɪˈʌmvərəts
trivalve,-,ˈtraɪvælv
trivalves,-,ˈtraɪvælvz
trivialises,-,ˈtrɪviəˌlaɪzəz
trivializes,ˈtrɪviəlaɪzɪz
troaked,troʊkt
troaks,troʊks
trois,trwɑ
trokes,troʊks
trolled,troʊld
trolleyed,ˈtrɑːlid
trolleys,ˈtrɑːliz
trollies,ˈtrɑːliz
trolls,troʊlz
tromped,trɑːmpt
tromps,trɑːmps
trooped,truːpt
troops,truːps
tropes,troʊps
trophies,ˈtroʊfiz
tropicalises,ˈtrɑːpɪkəlaɪzɪz
tropicalizes,ˈtrɑːpɪkəlaɪzɪz
trothplight,ˈtrɔːθplaɪt
trothplighted,ˈtrɔːθplaɪtɪd
trothplighting,ˈtrɔːθplaɪtɪŋ
trothplights,ˈtrɔːθplaɪts
troubadour,ˈtruːbədɔːr
troubadours,ˈtruːbədɔːrz
trouble,ˈtrʌbəl
troubled,ˈtrʌbəld
troublemaker,ˈtrʌbəlˌmeɪkər
troublemakers,ˈtrʌbəlˌmeɪkərz
troublemaking,ˈtrʌbəlˌmeɪkɪŋ
troublemakings,ˈtrʌbəlˌmeɪkɪŋz
troubler,ˈtrʌblər
troublers,ˈtrʌblərz
troubles,ˈtrʌbəlz
troubleshoot,ˈtrʌbəlˌʃuːt
troubleshooter,ˈtrʌbəlˌʃuːtər
troubleshooters,ˈtrʌbəlˌʃuːtərz
troubleshooting,ˈtrʌbəlˌʃuːtɪŋ
troubleshoots,ˈtrʌbəlˌʃuːts
troubleshot,ˈtrʌbəlˌʃɑːt
troublesome,ˈtrʌbəlsəm
troublesomely,ˈtrʌbəlsəmli
troublesomeness,ˈtrʌbəlsəmnəs
troubling,ˈtrʌblɪŋ
trough,trɔːf
troughed,trɔːft
trougher,ˈtrɔːfər
troughers,ˈtrɔːfərz
troughing,ˈtrɔːfɪŋ
troughless,ˈtrɔːfləs
troughlike,ˈtrɔːflaɪk
troughs,trɔːfs
troughway,ˈtrɔːfˌweɪ
troughways,ˈtrɔːfˌweɪz
trounces,ˈtraʊnsɪz
troupes,truːps
trousseau,ˈtruːsoʊ
trousseaus,ˈtruːsoʊz
trousseaux,ˈtruːsoʊz
trouvere,truːˈvɛər
trouveres,truːˈvɛərz
trouveur,truːˈvɜːr
trouveurs,truːˈvɜːrz
trowed,troʊd
trowel,ˈtraʊəl
troweled,ˈtraʊəld
troweler,ˈtraʊələr
trowelers,ˈtraʊələrz
troweling,ˈtraʊəlɪŋ
trowelled,ˈtraʊəld
trowelling,ˈtraʊəlɪŋ
trowels,ˈtraʊəlz
trows,troʊz
truants,ˈtruːənts
truces,ˈtruːsɪz
trucked,trʌkt
truckles,ˈtrʌkəlz
trucks,trʌks
trudgeon,ˈtrʌdʒən
trudgeons,ˈtrʌdʒənz
trudges,ˈtrʌdʒɪz
truehearted,truːˈhɑːrtɪd
trueheartedness,truːˈhɑːrtɪdnəs
trueing,ˈtruːɪŋ
truelove,ˈtruːˌlʌv
trueloves,ˈtruːˌlʌvz
trues,truːz
trumeaux,truːˈmoʊz
trumped,trʌmpt
trumpets,ˈtrʌmpɪts
trumps,trʌmps
truncates,ˈtrʌŋkeɪts
truncheon,ˈtrʌntʃən
truncheoned,ˈtrʌntʃənd
truncheoneer,trʌntʃəˈnɪər
truncheoneers,trʌntʃəˈnɪərz
truncheoner,ˈtrʌntʃənər
truncheoners,ˈtrʌntʃənərz
truncheoning,ˈtrʌntʃənɪŋ
truncheons,ˈtrʌntʃənz
trundles,ˈtrʌndəlz
trussed,trʌst
trusses,ˈtrʌsɪz
trustees,trʌˈstiːz
trusts,trʌsts
trysts,trɪsts
tsked,tskt
tsks,tsks
tsktsked,ˈtsktskt
tsktsks,ˈtsktsks
tubbed,tʌbd
tuberculate,tjuːˈbɜːrkjələt
tubes,tuːbz
tubs,tʌbz
tubulate,ˈtjuːbjəˌleɪt
tubulates,ˈtjuːbjəˌleɪts
tucked,tʌkt
tuckered,ˈtʌkərd
tucks,tʌks
tufts,tʌfts
tugged,tʌɡd
tugs,tʌɡz
tumbledown,ˈtʌmbəlˌdaʊn
tumbles,ˈtʌmbəlz
tumefies,ˈtjuːməˌfaɪz
tumped,tʌmpt
tunes,tjuːnz
tungflower,ˈtʌŋˌflaʊər
tungflowers,ˈtʌŋˌflaʊərz
tunicate,ˈtjuːnɪkət
tunicates,ˈtjuːnɪkəts
tunned,tʌnd
tunneled,ˈtʌnəld
tunnelled,ˈtʌnəld
tunnelling,ˈtʌnəlɪŋ
tunnels,ˈtʌnəlz
tuns,tʌnz
tupped,tʌpt
tups,tʌps
tuque,tuːk
tuques,tuːks
turbaned,ˈtɜːrbənd
turbanned,ˈtɜːrbənd
turbinate,ˈtɜːrbɪˌneɪt
turbinates,ˈtɜːrbɪˌneɪts,(verb),or,ˈtɜːrbɪˌnəts,(noun)
turbocharge,ˈtɜːrboʊˌtʃɑːrdʒ
turbocharged,ˈtɜːrboʊˌtʃɑːrdʒd
turbocharger,ˈtɜːrboʊˌtʃɑːrdʒər
turbochargers,ˈtɜːrboʊˌtʃɑːrdʒərz
turbocharges,ˈtɜːrboʊˌtʃɑːrdʒɪz
turbocharging,ˈtɜːrboʊˌtʃɑːrdʒɪŋ
turfed,tɜːrft
turfs,tɜːrfs
turndown,ˈtɜːrnˌdaʊn
turndowns,ˈtɜːrnˌdaʊnz
turned,tɜːrnd
turns,tɜːrnz
turpentines,ˈtɜːrpənˌtaɪnz
turtledove,ˈtɜːrtəlˌdʌv
turtledoves,ˈtɜːrtəlˌdʌvz
turtlehead,ˈtɜːrtəlˌhɛd
turtleheads,ˈtɜːrtəlˌhɛdz
turtles,ˈtɜːrtəlz
turves,tɜːrvz
tushed,tʌʃt
tushes,ˈtʌʃɪz
tusked,tʌskt
tusks,tʌsks
tussive,ˈtʌsɪv
tussles,ˈtʌsəlz
tutored,ˈtuːtərd
tutors,ˈtuːtərz
tutoyered,tuːtɔɪˈjeɪrd
tuts,tʌts
twaddles,ˈtwɑːdəlz
twanged,twæŋd
twangles,ˈtwæŋɡəlz
twangs,twæŋz
twasome,ˈtwɑːsəm
twasomes,ˈtwɑːsəmz
twattles,ˈtwɑːtəlz
tweaked,twiːkt
tweaks,twiːks
tweedles,ˈtwiːdəlz
tweets,twiːts
tweezes,ˈtwiːzɪz
twelve,twɛlv
twelvemo,ˈtwɛlvmə
twelvemonth,ˈtwɛlvmʌnθ
twelvemonths,ˈtwɛlvmʌnθs
twelvemos,ˈtwɛlvməz
twelves,twɛlvz
twentyone,ˈtwɛntiˌwʌn
twiddles,ˈtwɪdəlz
twigged,twɪɡd
twigs,twɪɡz
twilight,ˈtwaɪˌlaɪt
twilighting,ˈtwaɪˌlaɪtɪŋ
twilights,ˈtwaɪˌlaɪts
twilled,twɪld
twills,twɪlz
twines,twaɪnz
twinflower,ˈtwɪnˌflaʊər
twinflowers,ˈtwɪnˌflaʊərz
twinges,ˈtwɪndʒɪz
twinight,ˈtwaɪˌnaɪt
twinked,twɪŋkt
twinkles,ˈtwɪŋkəlz
twinks,twɪŋks
twinned,twɪnd
twins,twɪnz
twires,ˈtwaɪərz
twirled,twɜːrld
twirls,twɜːrlz
twists,twɪsts
twitched,twɪtʃt
twitches,ˈtwɪtʃɪz
twits,twɪts
twittered,ˈtwɪtərd
twitters,ˈtwɪtərz
two,tuː
twoedged,ˈtuːˈɛdʒd
twofer,ˈtuːfər
twofers,ˈtuːfərz
twofold,ˈtuːˌfoʊld
twohanded,ˈtuːˈhændɪd
twopence,ˈtʌpəns
twopences,ˈtʌpənsɪz
twopenny,ˈtʌpəni
twos,tuːz
twosome,ˈtuːsəm
twosomes,ˈtuːsəmz
twoway,ˈtuːˈweɪ
typecasts,ˈtaɪpˌkæsts
types,taɪps
typesets,ˈtaɪpˌsɛts
typewrites,ˈtaɪpˌraɪts
typifies,ˈtɪpɪˌfaɪz
typographed,ˈtaɪpəˌɡræft
typographs,ˈtaɪpəˌɡræfs
tyrannises,ˈtɪrənaɪzɪz
tyrannizes,ˈtɪrənaɪzɪz
tyres,ˈtaɪərz
tythes,taɪðz
uddered,ˈʌdərd
uglesome,ˈjuːɡəlsəm
uglifies,ˈʌɡləˌfaɪz
ugsome,ˈʌɡsəm
ulcerates,ˈʌlsəˌreɪts
ulcerative,ˈʌlsərətɪv
ulcered,ˈʌlsərd
ulcers,ˈʌlsərz
ultimate,ˈʌltəmɪt
ultimately,ˈʌltəmɪtli
ultimateness,ˈʌltəmɪtnəs
ultimates,ˈʌltəmeɪts,(verb),or,ˈʌltəmɪts,(noun)
ultracentrifuges,ˈʌltrəˈsɛntrəˌfjuːdʒɪz
ultrachic,ˈʌltrəˈʃiːk
ultraconservative,ˈʌltrəkənˈsɜːrvətɪv
ultraconservatives,ˈʌltrəkənˈsɜːrvətɪvz
ultraexclusive,ˈʌltrəɪkˈskluːsɪv
ultrafeminine,ˈʌltrəˈfɛmənɪn
ultrafiche,ˈʌltrəˌfiːʃ
ultrafiches,ˈʌltrəˌfiːʃɪz
ultrafiltrates,ˈʌltrəˈfɪltreɪts
ultraheats,ˈʌltrəˈhiːts
ultraheavy,ˈʌltrəˈhɛvi
ultrahigh,ˈʌltrəˈhaɪ
ultralight,ˈʌltrəˌlaɪt
ultralights,ˈʌltrəˌlaɪts
ultralightweight,ˈʌltrəˈlaɪtˌweɪt
ultramasculine,ˈʌltrəˈmæskjəlɪn
ultraminiaturises,ˈʌltrəˈmɪniətʃəˌraɪzɪz
ultraminiaturizes,ˈʌltrəˈmɪniətʃəˌraɪzɪz
ultrapowerful,ˈʌltrəˈpaʊərfəl
ultraprogressive,ˈʌltrəprəˈɡrɛsɪv
ultraprogressives,ˈʌltrəprəˈɡrɛsɪvz
ultrarich,ˈʌltrəˈrɪtʃ
ultraright,ˈʌltrəˈraɪt
ultrarightist,ˈʌltrəˈraɪtɪst
ultrarightists,ˈʌltrəˈraɪtɪsts
ultrasensitive,ˈʌltrəˈsɛnsətɪv
ululates,ˈjuːljəˌleɪts
umbecasts,ˈʌmbəˌkæsts
umbeled,ˈʌmbəld
umbellate,ˈʌmbəˌleɪt
umbelled,ˈʌmbəld
umbered,ˈʌmbərd
umbers,ˈʌmbərz
umbonate,ˈʌmbəˌneɪt
umbrates,ˈʌmbreɪts
umbrellaed,ʌmˈbrɛləd
umbrellas,ʌmˈbrɛləz
umbrette,ʌmˈbrɛt
umbrettes,ʌmˈbrɛts
umlauts,ˈʊmlaʊts
umped,ʌmpt
umpires,ˈʌmpaɪərz
umps,ʌmps
unabashed,ˈʌnəˈbæʃt
unabsorbed,ˈʌnəbˈzɔːrbd
unabused,ˈʌnəˈbjuːzd
unaccomplished,ˈʌnəˈkɑːmplɪʃt
unaccurate,ˈʌnˈækjərət
unaccurateness,ˈʌnˈækjərətnəs
unaccustomed,ˈʌnəˈkʌstəmd
unachievable,ˈʌnəˈtʃiːvəbəl
unachieved,ˈʌnəˈtʃiːvd
unacknowledged,ˈʌnəkˈnɑːlɪdʒd
unactive,ˈʌnˈæktɪv
unactiveness,ˈʌnˈæktɪvnəs
unaddressed,ˈʌnəˈdrɛst
unadorned,ˈʌnəˈdɔːrnd
unadulterate,ˈʌnəˈdʌltəreɪt
unaesthetic,ˈʌnɛsˈθɛtɪk
unaffectionate,ˈʌnəˈfɛkʃənɪt
unaffectionately,ˈʌnəˈfɛkʃənɪtli
unageing,ˈʌnˈeɪdʒɪŋ
unaggressive,ˈʌnəˈɡrɛsɪv
unaimed,ˈʌnˈeɪmd
unaired,ˈʌnˈɛərd
unaligned,ˈʌnəˈlaɪnd
unalives,ˈʌnəˈlaɪvz
unalloyed,ˈʌnəˈlɔɪd
unaltered,ˈʌnˈɔːltərd
unanchor,ˈʌnˈæŋkər
unanchored,ˈʌnˈæŋkərd
unanchoring,ˈʌnˈæŋkərɪŋ
unanchors,ˈʌnˈæŋkərz
unanimate,ˈʌnˈænəmɪt
unanswerability,ˈʌnˌænsərəˈbɪləti
unanswerable,ˈʌnˈænsərəbəl
unanswerably,ˈʌnˈænsərəbli
unappalled,ˈʌnəˈpɔːld
unappreciative,ˈʌnəˈpriːʃətɪv
unapproachability,ˈʌnəˌproʊtʃəˈbɪləti
unapproachable,ˈʌnəˈproʊtʃəbəl
unapproachably,ˈʌnəˈproʊtʃəbli
unappropriate,ˈʌnəˈproʊpriɪt
unapproved,ˈʌnəˈpruːvd
unarmed,ˈʌnˈɑːrmd
unarmored,ˈʌnˈɑːrmərd
unarmoured,ˈʌnˈɑːrmərd
unarms,ˈʌnˈɑːrmz
unasked,ˈʌnˈæskt
unassailed,ˈʌnəˈseɪld
unassertive,ˈʌnəˈsɜːrtɪv
unassertively,ˈʌnəˈsɜːrtɪvli
unassigned,ˈʌnəˈsaɪnd
unattached,ˈʌnəˈtætʃt
unattentive,ˈʌnəˈtɛntɪv
unattractive,ˈʌnəˈtræktɪv
unattractively,ˈʌnəˈtræktɪvli
unattractiveness,ˈʌnəˈtræktɪvnəs
unauthoritative,ˈʌnəˈθɔːrəˌteɪtɪv
unauthoritatively,ˈʌnəˈθɔːrəˌteɪtɪvli
unavowable,ˈʌnəˈvaʊəbəl
unavowed,ˈʌnəˈvaʊd
unavowedly,ˈʌnəˈvaʊədli
unawakened,ˈʌnəˈweɪkənd
unawed,ˈʌnˈɔːd
unawesome,ˈʌnˈɔːsəm
unbacked,ˈʌnˈbækt
unbagged,ˈʌnˈbæɡd
unbags,ˈʌnˈbæɡz
unbalances,ˈʌnˈbælənsɪz
unballasts,ˈʌnˈbæləsts
unbandages,ˈʌnˈbændɪdʒɪz
unbanked,ˈʌnˈbæŋkt
unbanks,ˈʌnˈbæŋks
unbanned,ˈʌnˈbænd
unbans,ˈʌnˈbænz
unbarked,ˈʌnˈbɑːrkt
unbarks,ˈʌnˈbɑːrks
unbarred,ˈʌnˈbɑːrd
unbarreled,ˈʌnˈbærəld
unbarrelled,ˈʌnˈbærəld
unbarrelling,ˈʌnˈbærəlɪŋ
unbarrels,ˈʌnˈbærəlz
unbarricades,ˈʌnˈbærəˌkeɪdz
unbars,ˈʌnˈbɑːrz
unbayed,ˈʌnˈbeɪd
unbays,ˈʌnˈbeɪz
unbear,ˈʌnˈbɛər
unbearable,ˈʌnˈbɛərəbəl
unbearably,ˈʌnˈbɛərəbli
unbearing,ˈʌnˈbɛərɪŋ
unbears,ˈʌnˈbɛərz
unbeautiful,ˈʌnˈbjuːtɪfəl
unbeautifully,ˈʌnˈbjuːtɪfəli
unbecome,ˈʌnbɪˈkʌm
unbeds,ˈʌnˈbɛdz
unbegets,ˈʌnbɪˈɡɛts
unbeguile,ˈʌnbɪˈɡaɪl
unbeguiled,ˈʌnbɪˈɡaɪld
unbeguiles,ˈʌnbɪˈɡaɪlz
unbeguiling,ˈʌnbɪˈɡaɪlɪŋ
unbelieved,ˈʌnbɪˈliːvd
unbeloved,ˈʌnbɪˈlʌvd
unbelts,ˈʌnˈbɛlts
unbends,ˈʌnˈbɛndz
unbenumb,ˈʌnbɪˈnʌm
unbenumbed,ˈʌnbɪˈnʌmd
unbenumbing,ˈʌnbɪˈnʌmɪŋ
unbenumbs,ˈʌnbɪˈnʌmz
unbewitched,ˈʌnbɪˈwɪtʃt
unbewitches,ˈʌnbɪˈwɪtʃɪz
unbiased,ˈʌnˈbaɪəst
unbiases,ˈʌnˈbaɪəsɪz
unbilled,ˈʌnˈbɪld
unbind,ˈʌnˈbaɪnd
unbinding,ˈʌnˈbaɪndɪŋ
unbinds,ˈʌnˈbaɪndz
unbits,ˈʌnˈbɪts
unbleached,ˈʌnˈbliːtʃt
unblemished,ˈʌnˈblɛmɪʃt
unblenched,ˈʌnˈblɛntʃt
unblessed,ˈʌnˈblɛst
unblesses,ˈʌnˈblɛsɪz
unblind,ˈʌnˈblaɪnd
unblinded,ˈʌnˈblaɪndɪd
unblindfold,ˈʌnˈblaɪndˌfoʊld
unblindfolded,ˈʌnˈblaɪndˌfoʊldɪd
unblindfolding,ˈʌnˈblaɪndˌfoʊldɪŋ
unblindfolds,ˈʌnˈblaɪndˌfoʊldz
unblinding,ˈʌnˈblaɪndɪŋ
unblinds,ˈʌnˈblaɪndz
unblocked,ˈʌnˈblɑːkt
unblocks,ˈʌnˈblɑːks
unbloodied,ˈʌnˈblʌdid
unbloody,ˈʌnˈblʌdi
unbodies,ˈʌnˈbɑːdiz
unboiled,ˈʌnˈbɔɪld
unbolts,ˈʌnˈboʊlts
unbones,ˈʌnˈboʊnz
unbonnets,ˈʌnˈbɑːnɪts
unbooked,ˈʌnˈbʊkt
unbooks,ˈʌnˈbʊks
unboots,ˈʌnˈbuːts
unborrowed,ˈʌnˈbɑːroʊd
unbosomed,ˈʌnˈbʊzəmd
unbosoms,ˈʌnˈbʊzəmz
unbottomed,ˈʌnˈbɑːtəmd
unbought,ˈʌnˈbɔːt
unbowed,ˈʌnˈbaʊd
unbowel,ˈʌnˈbaʊəl
unboweled,ˈʌnˈbaʊəld
unboweling,ˈʌnˈbaʊəlɪŋ
unbowelled,ˈʌnˈbaʊəld
unbowelling,ˈʌnˈbaʊəlɪŋ
unbowing,ˈʌnˈbaʊɪŋ
unbows,ˈʌnˈbaʊz
unboxed,ˈʌnˈbɑːkst
unboxes,ˈʌnˈbɑːksɪz
unbraces,ˈʌnˈbreɪsɪz
unbraids,ˈʌnˈbreɪdz
unbrakes,ˈʌnˈbreɪks
unbranched,ˈʌnˈbræntʃt
unbreachable,ˈʌnˈbriːtʃəbəl
unbreakable,ˈʌnˈbreɪkəbəl
unbreast,ˈʌnˈbrɛst
unbreasted,ˈʌnˈbrɛstɪd
unbreasting,ˈʌnˈbrɛstɪŋ
unbreasts,ˈʌnˈbrɛsts
unbreech,ˈʌnˈbriːtʃ
unbreeched,ˈʌnˈbriːtʃt
unbreeches,ˈʌnˈbriːtʃɪz
unbreeching,ˈʌnˈbriːtʃɪŋ
unbrewed,ˈʌnˈbruːd
unbridles,ˈʌnˈbraɪdəlz
unbriefed,ˈʌnˈbriːft
unbright,ˈʌnˈbraɪt
unbruised,ˈʌnˈbruːzd
unbrushed,ˈʌnˈbrʌʃt
unbuckles,ˈʌnˈbʌkəlz
unbuffered,ˈʌnˈbʌfərd
unbuild,ˈʌnˈbɪld
unbuildable,ˈʌnˈbɪldəbəl
unbuilding,ˈʌnˈbɪldɪŋ
unbuilds,ˈʌnˈbɪldz
unbuilt,ˈʌnˈbɪlt
unbundles,ˈʌnˈbʌndəlz
unburdened,ˈʌnˈbɜːrdənd
unburdens,ˈʌnˈbɜːrdənz
unburied,ˈʌnˈbɛrid
unburies,ˈʌnˈbɛriz
unburned,ˈʌnˈbɜːrnd
unbury,ˈʌnˈbɛri
unburying,ˈʌnˈbɛriɪŋ
unbusied,ˈʌnˈbɪzid
unbusinesslike,ˈʌnˈbɪznəslaɪk
unbusy,ˈʌnˈbɪzi
unbuttered,ˈʌnˈbʌtərd
unbuttoned,ˈʌnˈbʌtənd
unbuttons,ˈʌnˈbʌtənz
uncages,ˈʌnˈkeɪdʒɪz
uncakes,ˈʌnˈkeɪks
uncalled,ˈʌnˈkɔːld
uncalloused,ˈʌnˈkæləst
uncalm,ˈʌnˈkɑːm
uncamped,ˈʌnˈkæmpt
uncamps,ˈʌnˈkæmps
uncanceled,ˈʌnˈkænsəld
uncancelled,ˈʌnˈkænsəld
uncanonises,ˈʌnˈkænənaɪzɪz
uncanonizes,ˈʌnˈkænənaɪzɪz
uncapes,ˈʌnˈkeɪps
uncapped,ˈʌnˈkæpt
uncaps,ˈʌnˈkæps
uncaptioned,ˈʌnˈkæpʃənd
uncarnate,ˈʌnˈkɑːrneɪt
uncarts,ˈʌnˈkɑːrts
uncarved,ˈʌnˈkɑːrvd
uncases,ˈʌnˈkeɪsɪz
uncashed,ˈʌnˈkæʃt
uncasked,ˈʌnˈkæskt
uncastles,ˈʌnˈkæsəlz
uncataloged,ˈʌnˈkætəˌlɔːɡd
uncatalogued,ˈʌnˈkætəˌlɔːɡd
uncaught,ˈʌnˈkɔːt
uncentered,ˈʌnˈsɛntərd
uncenters,ˈʌnˈsɛntərz
uncentred,ˈʌnˈsɛntərd
uncentres,ˈʌnˈsɛntərz
uncertain,ˈʌnˈsɜːrtən
uncertainly,ˈʌnˈsɜːrtənli
uncertainness,ˈʌnˈsɜːrtənnəs
uncertainties,ˈʌnˈsɜːrtəntiz
uncertainty,ˈʌnˈsɜːrtənti
unchain,ˈʌnˈtʃeɪn
unchained,ˈʌnˈtʃeɪnd
unchaining,ˈʌnˈtʃeɪnɪŋ
unchains,ˈʌnˈtʃeɪnz
unchallengeable,ˈʌnˈtʃælɪndʒəbəl
unchallenged,ˈʌnˈtʃælɪndʒd
unchallenging,ˈʌnˈtʃælɪndʒɪŋ
unchancy,ˈʌnˈtʃænsi
unchangeabilities,ˈʌnˈtʃeɪndʒəˌbɪlətiz
unchangeability,ˈʌnˈtʃeɪndʒəˌbɪləti
unchangeable,ˈʌnˈtʃeɪndʒəbəl
unchangeableness,ˈʌnˈtʃeɪndʒəbəlnəs
unchangeably,ˈʌnˈtʃeɪndʒəbli
unchanged,ˈʌnˈtʃeɪndʒd
unchanging,ˈʌnˈtʃeɪndʒɪŋ
unchangingly,ˈʌnˈtʃeɪndʒɪŋli
unchangingness,ˈʌnˈtʃeɪndʒɪŋnəs
unchanneled,ˈʌnˈtʃænəld
unchannelled,ˈʌnˈtʃænəld
unchaperoned,ˈʌnˈtʃæpəˌroʊnd
uncharge,ˈʌnˈtʃɑːrdʒ
uncharged,ˈʌnˈtʃɑːrdʒd
uncharges,ˈʌnˈtʃɑːrdʒɪz
uncharging,ˈʌnˈtʃɑːrdʒɪŋ
uncharily,ˈʌnˈtʃɛərəli
unchariness,ˈʌnˈtʃɛərinəs
unchariot,ˈʌnˈtʃæriət
uncharioted,ˈʌnˈtʃæriətɪd
uncharioting,ˈʌnˈtʃæriətɪŋ
unchariots,ˈʌnˈtʃæriəts
uncharitable,ˈʌnˈtʃærɪtəbəl
uncharitableness,ˈʌnˈtʃærɪtəbəlnəs
uncharitably,ˈʌnˈtʃærɪtəbli
uncharity,ˈʌnˈtʃærɪti
uncharm,ˈʌnˈtʃɑːrm
uncharmed,ˈʌnˈtʃɑːrmd
uncharming,ˈʌnˈtʃɑːrmɪŋ
uncharms,ˈʌnˈtʃɑːrmz
uncharnel,ˈʌnˈtʃɑːrnəl
uncharneled,ˈʌnˈtʃɑːrnəld
uncharneling,ˈʌnˈtʃɑːrnəlɪŋ
uncharnels,ˈʌnˈtʃɑːrnəlz
uncharted,ˈʌnˈtʃɑːrtɪd
unchartered,ˈʌnˈtʃɑːrtərd
unchary,ˈʌnˈtʃɛəri
unchaste,ˈʌnˈtʃeɪst
unchastely,ˈʌnˈtʃeɪstli
unchasteness,ˈʌnˈtʃeɪstnəs
unchastities,ˈʌnˈtʃæstɪtiz
unchastity,ˈʌnˈtʃæstɪti
unchauvinistic,ˈʌnˌʃoʊvəˈnɪstɪk
uncheckable,ˈʌnˈtʃɛkəbəl
unchecked,ˈʌnˈtʃɛkt
unchewable,ˈʌnˈtʃuːəbəl
unchewed,ˈʌnˈtʃuːd
unchic,ˈʌnˈʃiːk
unchildlike,ˈʌnˈtʃaɪldˌlaɪk
unchivalrous,ˈʌnˈʃɪvəlrəs
unchivalrously,ˈʌnˈʃɪvəlrəsli
unchoke,ˈʌnˈtʃoʊk
unchoked,ˈʌnˈtʃoʊkt
unchokes,ˈʌnˈtʃoʊks
unchoking,ˈʌnˈtʃoʊkɪŋ
unchosen,ˈʌnˈtʃoʊzən
unchristened,ˈʌnˈkrɪsənd
unchristens,ˈʌnˈkrɪsənz
unchristianises,ˈʌnˈkrɪstʃənˌaɪzɪz
unchristianizes,ˈʌnˈkrɪstʃənˌaɪzɪz
unchurch,ˈʌnˈtʃɜːrtʃ
unchurched,ˈʌnˈtʃɜːrtʃt
unchurches,ˈʌnˈtʃɜːrtʃɪz
unchurching,ˈʌnˈtʃɜːrtʃɪŋ
unchurchly,ˈʌnˈtʃɜːrtʃli
uncinate,ˈʌnsəˌneɪt
unciphered,ˈʌnˈsaɪfərd
unciphers,ˈʌnˈsaɪfərz
unclaimed,ˈʌnˈkleɪmd
unclamped,ˈʌnˈklæmpt
unclamps,ˈʌnˈklæmps
unclasped,ˈʌnˈklæspt
unclasps,ˈʌnˈklæsps
uncleanliness,ˈʌnˈklɛnlɪnəs
uncleanly,ˈʌnˈklɛnli
uncleansable,ˈʌnˈklɛnzəbəl
uncleared,ˈʌnˈklɪərd
unclench,ˈʌnˈklɛntʃ
unclenched,ˈʌnˈklɛntʃt
unclenches,ˈʌnˈklɛntʃɪz
unclenching,ˈʌnˈklɛntʃɪŋ
uncles,ˈʌŋkəlz
unclewed,ˈʌnˈkluːd
unclews,ˈʌnˈkluːz
uncliched,ˈʌnˈkliːʃt
unclimbable,ˈʌnˈklaɪməbəl
unclimbableness,ˈʌnˈklaɪməbəlnəs
unclinch,ˈʌnˈklɪntʃ
unclinched,ˈʌnˈklɪntʃt
unclinches,ˈʌnˈklɪntʃɪz
unclinching,ˈʌnˈklɪntʃɪŋ
unclipped,ˈʌnˈklɪpt
unclips,ˈʌnˈklɪps
uncloaked,ˈʌnˈkloʊkt
uncloaks,ˈʌnˈkloʊks
unclogged,ˈʌnˈklɑːɡd
unclogs,ˈʌnˈklɑːɡz
uncloistered,ˈʌnˈklɔɪstərd
uncloisters,ˈʌnˈklɔɪstərz
unclose,ˈʌnˈkloʊz
unclosed,ˈʌnˈkloʊzd
uncloses,ˈʌnˈkloʊzɪz
unclosing,ˈʌnˈkloʊzɪŋ
unclothes,ˈʌnˈkloʊðz
unclouds,ˈʌnˈklaʊdz
uncloyed,ˈʌnˈklɔɪd
unclues,ˈʌnˈkluːz
unclutched,ˈʌnˈklʌtʃt
unclutches,ˈʌnˈklʌtʃɪz
uncluttered,ˈʌnˈklʌtərd
unclutters,ˈʌnˈklʌtərz
uncoach,ˈʌnˈkoʊtʃ
uncoached,ˈʌnˈkoʊtʃt
uncoaches,ˈʌnˈkoʊtʃɪz
uncoaching,ˈʌnˈkoʊtʃɪŋ
uncoalesces,ˈʌnˌkoʊəˈlɛsɪz
uncocked,ˈʌnˈkɑːkt
uncocks,ˈʌnˈkɑːks
uncoercive,ˈʌnkoʊˈɜːrsɪv
uncoercively,ˈʌnkoʊˈɜːrsɪvli
uncoffined,ˈʌnˈkɑːfɪnd
uncoffins,ˈʌnˈkɑːfɪnz
uncoffles,ˈʌnˈkɑːfəlz
uncoif,ˈʌnˈkɔɪf
uncoiffed,ˈʌnˈkɔɪft
uncoiffing,ˈʌnˈkɔɪfɪŋ
uncoifs,ˈʌnˈkɔɪfs
uncoiled,ˈʌnˈkɔɪld
uncoils,ˈʌnˈkɔɪlz
uncoined,ˈʌnˈkɔɪnd
uncolored,ˈʌnˈkʌlərd
uncombative,ˈʌnˈkɑːmbətɪv
uncombed,ˈʌnˈkoʊmd
uncombines,ˈʌnˈkəmˌbaɪnz
uncomely,ˈʌnˈkʌmli
uncommissioned,ˈʌnˈkəmˌɪʃənd
uncommunicative,ˈʌnˈkəmjuːnɪˌkeɪtɪv
uncompassionate,ˈʌnˈkəmˈpæʃənɪt
uncompetitive,ˈʌnˈkəmpɛtɪtɪv
uncompetitiveness,ˈʌnˈkəmpɛtɪtɪvnəs
uncomplicates,ˈʌnˈkɑːmplɪˌkeɪts
uncomprehensive,ˈʌnˈkɑːmprɪˌhɛnsɪv
uncompressed,ˈʌnˈkəmˈprɛst
uncompresses,ˈʌnˈkəmˈprɛsɪz
unconcealed,ˈʌnˈkənˈsiːld
unconceivable,ˈʌnˈkənˈsiːvəbəl
unconclusive,ˈʌnˈkənˈkluːsɪv
unconditioned,ˈʌnˈkənˈdɪʃənd
unconfessed,ˈʌnˈkənˈfɛst
unconfirmed,ˈʌnˈkənˈfɜːrmd
unconfounds,ˈʌnˈkənˈfaʊndz
unconfuse,ˈʌnˈkənˈfjuːz
unconfused,ˈʌnˈkənˈfjuːzd
unconfuses,ˈʌnˈkənˈfjuːzɪz
unconfusing,ˈʌnˈkənˈfjuːzɪŋ
uncongealed,ˈʌnˈkənˈdʒiːld
uncongeals,ˈʌnˈkənˈdʒiːlz
unconquerable,ˈʌnˈkɑːŋkərəbəl
unconquerably,ˈʌnˈkɑːŋkərəbli
unconquered,ˈʌnˈkɑːŋkərd
unconsiderate,ˈʌnˈkənˈsɪdərɪt
unconsidered,ˈʌnˈkənˈsɪdərd
unconstrained,ˈʌnˈkənˈstreɪnd
unconstructive,ˈʌnˈkənˈstrʌktɪv
unconsummate,ˈʌnˈkənˈsʌmɪt
uncontrolled,ˈʌnˈkənˈtroʊld
unconvoyed,ˈʌnˈkənˈvɔɪd
uncooked,ˈʌnˈkʊkt
uncooled,ˈʌnˈkuːld
uncooperative,ˈʌnkoʊˈɑːpərətɪv
uncopyrightable,ˈʌnˈkɑːpiraitəbəl
uncords,ˈʌnˈkɔːrdz
uncorked,ˈʌnˈkɔːrkt
uncorks,ˈʌnˈkɔːrks
uncounseled,ˈʌnˈkaʊnsəld
uncouple,ˈʌnˈkʌpəl
uncoupled,ˈʌnˈkʌpəld
uncoupler,ˈʌnˈkʌplər
uncouplers,ˈʌnˈkʌplərz
uncouples,ˈʌnˈkʌpəlz
uncoupling,ˈʌnˈkʌplɪŋ
uncourageous,ˈʌnˈkɜːreɪdʒəs
uncourted,ˈʌnˈkɔːrtɪd
uncourteous,ˈʌnˈkɜːrtiəs
uncourteousness,ˈʌnˈkɜːrtiəsnəs
uncourtesy,ˈʌnˈkɜːrtəsi
uncourtliness,ˈʌnˈkɔːrtlinəs
uncourtly,ˈʌnˈkɔːrtli
uncouth,ˈʌnˈkuːθ
uncouthly,ˈʌnˈkuːθli
uncouthness,ˈʌnˈkuːθnəs
uncovered,ˈʌnˈkʌvərd
uncovers,ˈʌnˈkʌvərz
uncowed,ˈʌnˈkaʊd
uncowl,ˈʌnˈkaʊl
uncowled,ˈʌnˈkaʊld
uncowling,ˈʌnˈkaʊlɪŋ
uncowls,ˈʌnˈkaʊlz
uncracked,ˈʌnˈkrækt
uncrates,ˈʌnˈkreɪts
uncreates,ˈʌnˈkriːˌeɪts
uncreative,ˈʌnˈkriːeɪtɪv
uncredentialed,ˈʌnˈkrɛdənʃəld
uncredits,ˈʌnˈkrɛdɪts
uncropped,ˈʌnˈkrɑːpt
uncrossed,ˈʌnˈkrɔːst
uncrosses,ˈʌnˈkrɔːsɪz
uncrowded,ˈʌnˈkraʊdɪd
uncrown,ˈʌnˈkraʊn
uncrowned,ˈʌnˈkraʊnd
uncrowning,ˈʌnˈkraʊnɪŋ
uncrowns,ˈʌnˈkraʊnz
uncrumples,ˈʌnˈkrʌmpəlz
uncuffed,ˈʌnˈkʌft
uncuffs,ˈʌnˈkʌfs
uncurbed,ˈʌnˈkɜːrbd
uncurbs,ˈʌnˈkɜːrbz
uncurled,ˈʌnˈkɜːrld
uncurls,ˈʌnˈkɜːrlz
uncurses,ˈʌnˈkɜːrsɪz
uncurtain,ˈʌnˈkɜːrtən
uncurtained,ˈʌnˈkɜːrtənd
uncurtaining,ˈʌnˈkɜːrtənɪŋ
uncurtains,ˈʌnˈkɜːrtənz
uncustomed,ˈʌnˈkʌstəmd
uncyphered,ˈʌnˈsaɪfərd
uncyphers,ˈʌnˈsaɪfərz
undammed,ˈʌnˈdæmd
undamped,ˈʌnˈdæmpt
undampened,ˈʌnˈdæmpənd
undams,ˈʌnˈdæmz
undead,ˈʌnˈdɛd
undeadly,ˈʌnˈdɛdli
undeaf,ˈʌnˈdɛf
undeafed,ˈʌnˈdɛft
undeafing,ˈʌnˈdɛfɪŋ
undeafs,ˈʌnˈdɛfs
undeceive,ˈʌndɪˈsiːv
undeceived,ˈʌndɪˈsiːvd
undeceives,ˈʌndɪˈsiːvz
undeceiving,ˈʌndɪˈsiːvɪŋ
undecides,ˈʌndɪˈsaɪdz
undeciphered,ˈʌndɪˈsaɪfərd
undecisive,ˈʌndɪˈsaɪsɪv
undecisively,ˈʌndɪˈsaɪsɪvli
undecked,ˈʌnˈdɛkt
undecks,ˈʌnˈdɛks
undefines,ˈʌndɪˈfaɪnz
undeformed,ˈʌndɪˈfɔːrmd
undeifies,ˈʌndɪˈfaɪz
undelivered,ˈʌndɪˈlɪvərd
undemonstrative,ˈʌndɪˈmɑːnstrətɪv
undemonstratively,ˈʌndɪˈmɑːnstrətɪvli
undemonstrativeness,ˈʌndɪˈmɑːnstrətɪvnəs
underachieve,ˈʌndərəˈtʃiːv
underachieved,ˈʌndərəˈtʃiːvd
underachievement,ˈʌndərəˈtʃiːvmənt
underachievements,ˈʌndərəˈtʃiːvmənts
underachiever,ˈʌndərəˈtʃiːvər
underachievers,ˈʌndərəˈtʃiːvərz
underachieves,ˈʌndərəˈtʃiːvz
underachieving,ˈʌndərəˈtʃiːvɪŋ
underactive,ˈʌndərˈæktɪv
underacts,ˈʌndərˈækts
underaids,ˈʌndərˈeɪdz
underbear,ˈʌndərˈbɛər
underbearer,ˈʌndərˈbɛrər
underbearers,ˈʌndərˈbɛrərz
underbears,ˈʌndərˈbɛərz
underbids,ˈʌndərˈbɪdz
underbind,ˈʌndərˈbaɪnd
underbinding,ˈʌndərˈbaɪndɪŋ
underbinds,ˈʌndərˈbaɪndz
underbought,ˈʌndərˈbɔːt
underbraces,ˈʌndərˈbreɪsɪz
underbranch,ˈʌndərˈbræntʃ
underbranches,ˈʌndərˈbræntʃɪz
underbuild,ˈʌndərˈbɪld
underbuilder,ˈʌndərˈbɪldər
underbuilders,ˈʌndərˈbɪldərz
underbuilding,ˈʌndərˈbɪldɪŋ
underbuilds,ˈʌndərˈbɪldz
underbuilt,ˈʌndərˈbɪlt
underbuys,ˈʌndərˈbaɪz
undercasts,ˈʌndərˈkæsts
underchamberlain,ˈʌndərˈtʃeɪmbərlɪn
underchamberlains,ˈʌndərˈtʃeɪmbərlɪnz
underchanter,ˈʌndərˈtʃæntər
underchanters,ˈʌndərˈtʃæntərz
underchaps,ˈʌndərˈtʃæps
undercharge,ˈʌndərˈtʃɑːrdʒ
undercharged,ˈʌndərˈtʃɑːrdʒd
undercharges,ˈʌndərˈtʃɑːrdʒɪz
undercharging,ˈʌndərˈtʃɑːrdʒɪŋ
undercooked,ˈʌndərˈkʊkt
undercooks,ˈʌndərˈkʊks
undercooled,ˈʌndərˈkuːld
undercools,ˈʌndərˈkuːlz
undercounts,ˈʌndərˈkaʊnts
undercuts,ˈʌndərˈkʌts
underdelve,ˈʌndərˈdɛlv
underdelved,ˈʌndərˈdɛlvd
underdelves,ˈʌndərˈdɛlvz
underdeveloped,ˈʌndərdiˈvɛləpt
underdigs,ˈʌndərˈdɪɡz
underdo,ˈʌndərˈduː
underdoer,ˈʌndərˈduːər
underdoes,ˈʌndərˈdʌz
underdoing,ˈʌndərˈduːɪŋ
underdone,ˈʌndərˈdʌn
underdressed,ˈʌndərˈdrɛst
undereats,ˈʌndərˈiːts
underemphasises,ˈʌndərˈɛmfəˌsaɪzɪz
underemphasizes,ˈʌndərˈɛmfəˌsaɪzɪz
underemployed,ˈʌndərɪmˈplɔɪd
underestimate,ˈʌndərˈɛstɪˌmeɪt
underestimates,ˈʌndərˈɛstɪˌmeɪts,(verb),or,ˈʌndərˈɛstɪˌməts,(noun)
underexposes,ˈʌndərɪkˈspoʊzɪz
underfeeds,ˈʌndərˈfiːdz
underfilled,ˈʌndərˈfɪld
underfills,ˈʌndərˈfɪlz
underfunds,ˈʌndərˈfʌndz
underfurnished,ˈʌndərˈfɜːrnɪʃt
underfurnishes,ˈʌndərˈfɜːrnɪʃɪz
underfurrowed,ˈʌndərˈfɜːroʊd
underfurrows,ˈʌndərˈfɜːroʊz
undergirds,ˈʌndərˈɡɜːrdz
undergoes,ˈʌndərˈɡoʊz
undergone,ˈʌndərˈɡɔːn
undergown,ˈʌndərˈɡaʊn
undergowns,ˈʌndərˈɡaʊnz
undergraduate,ˈʌndərˈɡrædʒwɪt
undergraduates,ˈʌndərˈɡrædʒwɪts
undergraduateship,ˈʌndərˈɡrædʒwɪtˌʃɪp
undergrows,ˈʌndərˈɡroʊz
underhanged,ˈʌndərˈhæŋd
underhangs,ˈʌndərˈhæŋz
underhead,ˈʌndərˈhɛd
underheads,ˈʌndərˈhɛdz
underheave,ˈʌndərˈhiːv
underheaved,ˈʌndərˈhiːvd
underheaves,ˈʌndərˈhiːvz
underhewed,ˈʌndərˈhjuːd
underhews,ˈʌndərˈhjuːz
underjoined,ˈʌndərˈdʒɔɪnd
underjoins,ˈʌndərˈdʒɔɪnz
underkeeps,ˈʌndərˈkiːps
underkind,ˈʌndərˈkaɪnd
underkinds,ˈʌndərˈkaɪndz
underlapped,ˈʌndərˈlæpt
underlays,ˈʌndərˈleɪz
underleases,ˈʌndərˈliːsɪz
underleaves,ˈʌndərˈliːvz
underlets,ˈʌndərˈlɛts
underlies,ˈʌndərˈlaɪz
underlines,ˈʌndərˈlaɪnz
undermanned,ˈʌndərˈmænd
undermines,ˈʌndərˈmaɪnz
undermoneyed,ˈʌndərˈmʌnid
undermost,ˈʌndərˌmoʊst
undernourished,ˈʌndərˈnɜːrɪʃt
undernourishment,ˈʌndərˈnɜːrɪʃmənt
underpays,ˈʌndərˈpeɪz
underpeopled,ˈʌndərˈpiːpəld
underperformed,ˈʌndərpərˈfɔːrmd
underperforms,ˈʌndərpərˈfɔːrmz
underpinned,ˈʌndərˈpɪnd
underpins,ˈʌndərˈpɪnz
underplants,ˈʌndərˈplænts
underplayed,ˈʌndərˈpleɪd
underplays,ˈʌndərˈpleɪz
underpowered,ˈʌndərˈpaʊərd
underpraises,ˈʌndərˈpreɪzɪz
underprices,ˈʌndərˈpraɪsɪz
underprizes,ˈʌndərˈpraɪzɪz
underpropped,ˈʌndərˈprɑːpt
underprops,ˈʌndərˈprɑːps
underpulled,ˈʌndərˈpʊld
underpulls,ˈʌndərˈpʊlz
underput,ˈʌndərˌpʊt
underputs,ˈʌndərˈpʊts
underputting,ˈʌndərˌpʊtɪŋ
underrates,ˈʌndərˈreɪts
underreacts,ˈʌndərriˈækts
underreckoned,ˈʌndərˈrɛkənd
underreckons,ˈʌndərˈrɛkənz
underreports,ˈʌndərriˈpɔːrts
underruns,ˈʌndərˈrʌnz
undersailed,ˈʌndərˈseɪld
underscores,ˈʌndərˈskɔːrz
undersells,ˈʌndərˈsɛlz
underserved,ˈʌndərˈsɜːrvd
undersets,ˈʌndərˈsɛts
undersexed,ˈʌndərˈsɛkst
undershoots,ˈʌndərˈʃuːts
undersigned,ˈʌndərˈsaɪnd
undersigns,ˈʌndərˈsaɪnz
undersleeve,ˈʌndərˈsliːv
undersleeves,ˈʌndərˈsliːvz
undersparred,ˈʌndərˈspɑːrd
underspends,ˈʌndərˈspɛndz
understaffed,ˈʌndərˈstæft
understands,ˈʌndərˈstændz
understates,ˈʌndərˈsteɪts
understeered,ˈʌndərˈstɪərd
understeers,ˈʌndərˈstɪərz
understocked,ˈʌndərˈstɑːkt
understocks,ˈʌndərˈstɑːks
understudies,ˈʌndərˈstʌdiz
undersuit,ˈʌndərˈsuːt
undersuits,ˈʌndərˈsuːts
undersupplies,ˈʌndərˈsəplaɪz
undertakes,ˈʌndərˈteɪks
undertaxed,ˈʌndərˈtækst
undertaxes,ˈʌndərˈtæksɪz
undertimes,ˈʌndərˈtaɪmz
undertreasurer,ˈʌndərˈtrɛʒərər
undertreasurers,ˈʌndərˈtrɛʒərərz
underturned,ˈʌndərˈtɜːrnd
underturns,ˈʌndərˈtɜːrnz
underuse,ˈʌndərˈjuːs
underused,ˈʌndərˈjuːzd
underuses,ˈʌndərˈjuːsɪz
underusing,ˈʌndərˈjuːzɪŋ
underutilises,ˈʌndərˈjuːtəˌlaɪzɪz
underutilizes,ˈʌndərˈjuːtəˌlaɪzɪz
undervalues,ˈʌndərˈvæljuːz
underwear,ˈʌndərˌwɛər
underwears,ˈʌndərˌwɛərz
underweened,ˈʌndərˈwiːnd
underweens,ˈʌndərˈwiːnz
underweight,ˈʌndərˈweɪt
underweighted,ˈʌndərˈweɪtɪd
underweighting,ˈʌndərˈweɪtɪŋ
underweights,ˈʌndərˈweɪts
underwhelmed,ˈʌndərˈwɛlmd
underwhelms,ˈʌndərˈwɛlmz
underworked,ˈʌndərˈwɜːrkt
underworks,ˈʌndərˈwɜːrks
underwrites,ˈʌndərˈraɪts
underwrought,ˈʌndərˈrɔːt
undeserve,ˈʌndɪˈzɜːrv
undeserved,ˈʌndɪˈzɜːrvd
undeserves,ˈʌndɪˈzɜːrvz
undesigned,ˈʌndɪˈsaɪnd
undeterminate,ˈʌndɪˈtɜːrmɪnɪt
undetermined,ˈʌndɪˈtɜːrmɪnd
undeterred,ˈʌndɪˈtɜːrd
undeveloped,ˈʌndɪˈvɛləpt
undeviled,ˈʌndɪˈvaɪld
undevilled,ˈʌndɪˈvaɪld
undevilling,ˈʌndɪˈvaɪlɪŋ
undevils,ˈʌndɪˈvaɪlz
undight,ˈʌnˈdaɪt
undighted,ˈʌnˈdaɪtɪd
undighting,ˈʌnˈdaɪtɪŋ
undights,ˈʌnˈdaɪts
undiminished,ˈʌndɪˈmɪnɪʃt
undimmed,ˈʌnˈdɪmd
undims,ˈʌnˈdɪmz
undischarged,ˈʌndɪsˈtʃɑːrdʒd
undisciplined,ˈʌndɪˈsɪplɪnd
undiscouraged,ˈʌndɪˈskɜːrɪdʒd
undiscovered,ˈʌndɪˈskʌvərd
undiscussed,ˈʌndɪˈskʌst
undisguised,ˈʌndɪˈsɡaɪzd
undisguisedly,ˈʌndɪˈsɡaɪzdli
undismayed,ˈʌndɪˈsmeɪd
undissolved,ˈʌndɪˈsɑːlvd
undistinctive,ˈʌndɪˈstɪŋktɪv
undistinguished,ˈʌndɪˈstɪŋɡwɪʃt
undisturbed,ˈʌndɪˈstɜːrbd
undo,ˈʌnˈduː
undoable,ˈʌnˈduːəbəl
undocked,ˈʌnˈdɑːkt
undocks,ˈʌnˈdɑːks
undoctored,ˈʌnˈdɑːktərd
undoer,ˈʌnˈduːər
undoers,ˈʌnˈduːərz
undoes,ˈʌnˈdʌz
undoing,ˈʌnˈduːɪŋ
undoings,ˈʌnˈduːɪŋz
undomesticates,ˈʌndəˈmɛstɪˌkeɪts
undone,ˈʌnˈdʌn
undouble,ˈʌnˈdʌbəl
undoubled,ˈʌnˈdʌbəld
undoubles,ˈʌnˈdʌbəlz
undoubling,ˈʌnˈdʌblɪŋ
undoubtable,ˈʌnˈdaʊtəbəl
undoubted,ˈʌnˈdaʊtɪd
undoubtedly,ˈʌnˈdaʊtɪdli
undoubting,ˈʌnˈdaʊtɪŋ
undrained,ˈʌnˈdreɪnd
undrapes,ˈʌnˈdreɪps
undraws,ˈʌnˈdrɔːz
undreamed,ˈʌnˈdriːmd
undreamt,ˈʌnˈdrɛmt
undressed,ˈʌnˈdrɛst
undresses,ˈʌnˈdrɛsɪz
undrilled,ˈʌnˈdrɪld
undubbed,ˈʌnˈdʌbd
undukes,ˈʌnˈdjuːks
undulate,ˈʌndʒəˌleɪt
undulates,ˈʌndʒəˌleɪts
undulative,ˈʌndʒələtɪv
undulled,ˈʌnˈdʌld
undulls,ˈʌnˈdʌlz
unduplicates,ˈʌnˈduːplɪˌkeɪts
undusts,ˈʌnˈdʌsts
unearmarked,ˈʌnˈɪərmɑːrkt
unearned,ˈʌnˈɜːrnd
unearth,ˈʌnˈɜːrθ
unearthed,ˈʌnˈɜːrθt
unearthing,ˈʌnˈɜːrθɪŋ
unearthliness,ˈʌnˈɜːrθlinəs
unearthly,ˈʌnˈɜːrθli
unearths,ˈʌnˈɜːrθs
unedges,ˈʌnˈɛdʒɪz
unelaborate,ˈʌnɪˈlæbərɪt
unembarrassed,ˈʌnɪmˈbærəst
unembellished,ˈʌnɪmˈbɛlɪʃt
unembittered,ˈʌnɪmˈbɪtərd
unemployed,ˈʌnɪmˈplɔɪd
unenchanted,ˈʌnɪnˈtʃæntɪd
unencouraging,ˈʌnɪnˈkɜːrɪdʒɪŋ
unencumbered,ˈʌnɪnˈkʌmbərd
unencumbers,ˈʌnɪnˈkʌmbərz
unenlightened,ˈʌnɪnˈlaɪtənd
unenlightening,ˈʌnɪnˈlaɪtənɪŋ
unenriched,ˈʌnɪnˈrɪtʃt
unentangles,ˈʌnɪnˈtæŋɡəlz
unequaled,ˈʌnˈiːkwəld
unequalled,ˈʌnˈiːkwəld
unequipped,ˈʌnɪˈkwɪpt
unestablished,ˈʌnɪˈstæblɪʃt
unestablishes,ˈʌnɪˈstæblɪʃɪz
unevolved,ˈʌnɪˈvɑːlvd
unexamined,ˈʌnɪɡˈzæmɪnd
unexcelled,ˈʌnɪkˈsɛld
unexceptive,ˈʌnɪkˈsɛptɪv
unexpensive,ˈʌnɪkˈspɛnsɪv
unexplained,ˈʌnɪkˈspleɪnd
unexpressed,ˈʌnɪkˈsprɛst
unexpressive,ˈʌnɪkˈsprɛsɪv
unextinguished,ˈʌnɪkˈstɪŋɡwɪʃt
unfaces,ˈʌnˈfeɪsɪz
unfashionable,ˈʌnˈfæʃənəbəl
unfashionableness,ˈʌnˈfæʃənəbəlnəs
unfashionably,ˈʌnˈfæʃənəbli
unfastened,ˈʌnˈfæsənd
unfastens,ˈʌnˈfæsənz
unfathered,ˈʌnˈfɑːðərd
unfathomed,ˈʌnˈfæðəmd
unfavorite,ˈʌnˈfeɪvərɪt
unfeared,ˈʌnˈfɪərd
unfeather,ˈʌnˈfɛðər
unfeathered,ˈʌnˈfɛðərd
unfeathering,ˈʌnˈfɛðərɪŋ
unfeathers,ˈʌnˈfɛðərz
unfeigned,ˈʌnˈfeɪnd
unfellowed,ˈʌnˈfɛloʊd
unfellows,ˈʌnˈfɛloʊz
unfeminine,ˈʌnˈfɛmənɪn
unfences,ˈʌnˈfɛnsɪz
unfettered,ˈʌnˈfɛtərd
unfetters,ˈʌnˈfɛtərz
unfeudalises,ˈʌnˈfjuːdəlˌaɪzɪz
unfeudalizes,ˈʌnˈfjuːdəlˌaɪzɪz
unfiles,ˈʌnˈfaɪlz
unfilled,ˈʌnˈfɪld
unfilmed,ˈʌnˈfɪlmd
unfiltered,ˈʌnˈfɪltərd
unfindable,ˈʌnˈfaɪndəbəl
unfinished,ˈʌnˈfɪnɪʃt
unfished,ˈʌnˈfɪʃt
unfits,ˈʌnˈfɪts
unfixed,ˈʌnˈfɪkst
unfixes,ˈʌnˈfɪksɪz
unflavored,ˈʌnˈfleɪvərd
unflawed,ˈʌnˈflɔːd
unfleshed,ˈʌnˈflɛʃt
unfleshes,ˈʌnˈflɛʃɪz
unflinching,ˈʌnˈflɪntʃɪŋ
unflinchingly,ˈʌnˈflɪntʃɪŋli
unflower,ˈʌnˈflaʊər
unflowered,ˈʌnˈflaʊərd
unflowering,ˈʌnˈflaʊərɪŋ
unflowers,ˈʌnˈflaʊərz
unflustered,ˈʌnˈflʌstərd
unfocused,ˈʌnˈfoʊkəst
unfocussed,ˈʌnˈfoʊkəst
unfoiled,ˈʌnˈfɔɪld
unfolds,ˈʌnˈfoʊldz
unfollowed,ˈʌnˈfɑːloʊd
unfooled,ˈʌnˈfuːld
unfools,ˈʌnˈfuːlz
unforeskinned,ˈʌnˈfɔːrˌskɪnd
unforgiveable,ˈʌnfərˈɡɪvəbəl
unforked,ˈʌnˈfɔːrkt
unformed,ˈʌnˈfɔːrmd
unforms,ˈʌnˈfɔːrmz
unfortunate,ˈʌnˈfɔːrtʃənɪt
unfortunately,ˈʌnˈfɔːrtʃənɪtli
unfortunates,ˈʌnˈfɔːrtʃənɪts
unfought,ˈʌnˈfɔːt
unframes,ˈʌnˈfreɪmz
unfraught,ˈʌnˈfrɔːt
unfreezes,ˈʌnˈfriːzɪz
unfrets,ˈʌnˈfrɛts
unfriend,ˈʌnˈfrɛnd
unfriended,ˈʌnˈfrɛndɪd
unfriending,ˈʌnˈfrɛndɪŋ
unfriendlier,ˈʌnˈfrɛndliər
unfriendliest,ˈʌnˈfrɛndliɪst
unfriendliness,ˈʌnˈfrɛndlinəs
unfriendly,ˈʌnˈfrɛndli
unfriends,ˈʌnˈfrɛndz
unfriendship,ˈʌnˈfrɛndʃɪp
unfrocked,ˈʌnˈfrɑːkt
unfrocks,ˈʌnˈfrɑːks
unfruitful,ˈʌnˈfruːtfəl
unfruitfully,ˈʌnˈfruːtfəli
unfruitfulness,ˈʌnˈfruːtfəlnəs
unfulfilled,ˈʌnˈfʊlfɪld
unfurled,ˈʌnˈfɜːrld
unfurls,ˈʌnˈfɜːrlz
unfurnished,ˈʌnˈfɜːrnɪʃt
unfurnishes,ˈʌnˈfɜːrnɪʃɪz
ungalled,ˈʌnˈɡɔːld
ungarnished,ˈʌnˈɡɑːrnɪʃt
ungeared,ˈʌnˈɡɪərd
ungears,ˈʌnˈɡɪərz
ungets,ˈʌnˈɡɛts
ungirds,ˈʌnˈɡɜːrdz
ungive,ˈʌnˈɡɪv
ungives,ˈʌnˈɡɪvz
unglazes,ˈʌnˈɡleɪzɪz
unglorifies,ˈʌnˈɡlɔːrɪfaɪz
unglove,ˈʌnˈɡlʌv
ungloved,ˈʌnˈɡlʌvd
ungloves,ˈʌnˈɡlʌvz
unglues,ˈʌnˈɡluːz
ungods,ˈʌnˈɡɑːdz
ungoverned,ˈʌnˈɡʌvərnd
ungown,ˈʌnˈɡaʊn
ungowned,ˈʌnˈɡaʊnd
ungowning,ˈʌnˈɡaʊnɪŋ
ungowns,ˈʌnˈɡaʊnz
ungroomed,ˈʌnˈɡruːmd
ungrouped,ˈʌnˈɡruːpt
unguard,ˈʌnˈɡɑːrd
unguarded,ˈʌnˈɡɑːrdɪd
unguardedly,ˈʌnˈɡɑːrdɪdli
unguardedness,ˈʌnˈɡɑːrdɪdnəs
unguarding,ˈʌnˈɡɑːrdɪŋ
unguards,ˈʌnˈɡɑːrdz
unguessable,ˈʌnˈɡɛsəbəl
unguestlike,ˈʌnˈɡɛstˌlaɪk
unguiculate,ˈʌnˈɡwɪkjələt
unguiculates,ˈʌnˈɡwɪkjələts
unguided,ˈʌnˈɡaɪdɪd
ungulate,ˈʌŋɡjələt
ungulates,ˈʌŋɡjələts
unhackneyed,ˈʌnˈhækniːd
unhailed,ˈʌnˈheɪld
unhaired,ˈʌnˈhɛərd
unhairs,ˈʌnˈhɛərz
unhallowed,ˈʌnˈhæloʊd
unhallows,ˈʌnˈhæloʊz
unhalved,ˈʌnˈhævd
unhampered,ˈʌnˈhæmpərd
unhandicapped,ˈʌnˈhændikæpt
unhands,ˈʌnˈhændz
unhandsome,ˈʌnˈhændsəm
unhandsomely,ˈʌnˈhændsəmli
unhanged,ˈʌnˈhæŋd
unhangs,ˈʌnˈhæŋz
unhappies,ˈʌnˈhæpiz
unharbored,ˈʌnˈhɑːrbərd
unharbors,ˈʌnˈhɑːrbərz
unharboured,ˈʌnˈhɑːrbərd
unharbours,ˈʌnˈhɑːrbərz
unharmed,ˈʌnˈhɑːrmd
unharnessed,ˈʌnˈhɑːrnɪst
unharnesses,ˈʌnˈhɑːrnɪsɪz
unhatched,ˈʌnˈhætʃt
unhats,ˈʌnˈhæts
unhead,ˈʌnˈhɛd
unheaded,ˈʌnˈhɛdɪd
unheading,ˈʌnˈhɛdɪŋ
unheads,ˈʌnˈhɛdz
unhealed,ˈʌnˈhiːld
unhealth,ˈʌnˈhɛlθ
unhealthful,ˈʌnˈhɛlθfəl
unhealthier,ˈʌnˈhɛlθiər
unhealthiest,ˈʌnˈhɛlθiɪst
unhealthily,ˈʌnˈhɛlθiːli
unhealthiness,ˈʌnˈhɛlθinəs
unhealthy,ˈʌnˈhɛlθi
unheard,ˈʌnˈhɜːrd
unheart,ˈʌnˈhɑːrt
unhearted,ˈʌnˈhɑːrtɪd
unhearting,ˈʌnˈhɑːrtɪŋ
unhearts,ˈʌnˈhɑːrts
unheeds,ˈʌnˈhiːdz
unheired,ˈʌnˈɛərd
unhelmed,ˈʌnˈhɛlmd
unhelmets,ˈʌnˈhɛlmɪts
unhelms,ˈʌnˈhɛlmz
unhelped,ˈʌnˈhɛlpt
unhides,ˈʌnˈhaɪdz
unhindered,ˈʌnˈhɪndərd
unhinges,ˈʌnˈhɪndʒɪz
unhitched,ˈʌnˈhɪtʃt
unhitches,ˈʌnˈhɪtʃɪz
unhives,ˈʌnˈhaɪvz
unhoards,ˈʌnˈhɔːrdz
unholds,ˈʌnˈhoʊldz
unhonored,ˈʌnˈɑːnərd
unhoods,ˈʌnˈhʊdz
unhooked,ˈʌnˈhʊkt
unhooks,ˈʌnˈhʊks
unhooped,ˈʌnˈhuːpt
unhoops,ˈʌnˈhuːps
unhorses,ˈʌnˈhɔːrsɪz
unhouse,ˈʌnˈhaʊs
unhoused,ˈʌnˈhaʊzd
unhouses,ˈʌnˈhaʊzɪz
unhousing,ˈʌnˈhaʊzɪŋ
unhumanises,ˈʌnˈhjuːmənˌaɪzɪz
unhumanizes,ˈʌnˈhjuːmənˌaɪzɪz
unhusked,ˈʌnˈhʌskt
unhusks,ˈʌnˈhʌsks
unibranchiate,ˈʌnɪˈbræŋkiɪt
unibranchiates,ˈʌnɪˈbræŋkiɪts
unicelled,ˈjuːnɪˈsɛld
unifies,ˈjuːnɪˌfaɪz
uniflagellate,ˈjuːnɪˈflædʒəlɪt
unifoliate,ˈjuːnɪˈfoʊliɪt
unifoliolate,ˈjuːnɪˈfoʊliəˌleɪt
uniformed,ˈjuːnɪfɔːrmd
unijugate,ˈjuːnɪˈdʒuːɡeɪt
unilabiate,ˈjuːnɪˈleɪbiɪt
unillusioned,ˈʌnɪˈluːʒənd
unimaginative,ˈʌnɪˈmædʒɪnətɪv
unimaginatively,ˈʌnɪˈmædʒɪnətɪvli
unimagined,ˈʌnɪˈmædʒɪnd
unimpaired,ˈʌnɪmˈpɛərd
unimpassioned,ˈʌnɪmˈpæʃənd
unimpeachable,ˈʌnɪmˈpiːtʃəbəl
unimpeachably,ˈʌnɪmˈpiːtʃəbli
unimplicate,ˈʌnˈɪmplɪˌkeɪt
unimpressed,ˈʌnɪmˈprɛst
unimpressive,ˈʌnɪmˈprɛsɪv
unimproved,ˈʌnɪmˈpruːvd
unincumbered,ˈʌnɪnˈkʌmbərd
unindexed,ˈʌnˈɪndɛkst
unindicted,ˈʌnɪnˈdaɪtɪd
uninformative,ˈʌnɪnˈfɔːrmətɪv
uninformatively,ˈʌnɪnˈfɔːrmətɪvli
uninformed,ˈʌnɪnˈfɔːrmd
uninitiate,ˈʌnɪˈnɪʃiɪt
uninitiates,ˈʌnɪˈnɪʃiɪts
uninjured,ˈʌnˈɪndʒərd
uninstalled,ˈʌnɪnˈstɔːld
uninstalls,ˈʌnɪnˈstɔːlz
uninstructive,ˈʌnɪnˈstrʌktɪv
unintrusive,ˈʌnɪnˈtruːsɪv
uninucleate,ˈʌnɪˈnuːkliɪt
uninventive,ˈʌnɪnˈvɛntɪv
uninvolved,ˈʌnɪnˈvɑːlvd
unionises,ˈjuːnjənˌaɪzɪz
unionizes,ˈjuːnjənˌaɪzɪz
uniovulate,ˈjuːnɪˈɑːvjələt
uniplicate,ˈjuːnɪˈplɪkeɪt
unique,juːˈniːk
uniquely,juːˈniːkli
uniqueness,juːˈniːknəs
unironed,ˈʌnˈaɪərnd
uniseriate,ˈjuːnɪˈsɪriɪt
unitarianises,ˈjuːnɪˈtɛəriənˌaɪzɪz
unitarianizes,ˈjuːnɪˈtɛəriənˌaɪzɪz
unites,juːˈnaɪts
unitises,ˈjuːnɪˌtaɪzɪz
unitive,ˈjuːnɪtɪv
unitively,ˈjuːnɪtɪvli
unitizes,ˈjuːnɪˌtaɪzɪz
univalve,ˈjuːnɪˌvælv
univalved,ˈjuːnɪˌvælvd
univalves,ˈjuːnɪˌvælvz
univariate,ˈjuːnɪˈvɛriɪt
univariates,ˈjuːnɪˈvɛriɪts
universalises,ˈjuːnɪˈvɜːrsəˌlaɪzɪz
universalizes,ˈjuːnɪˈvɜːrsəˌlaɪzɪz
unjoined,ˈʌnˈdʒɔɪnd
unjoins,ˈʌnˈdʒɔɪnz
unjoints,ˈʌnˈdʒɔɪnts
unkenned,ˈʌnˈkɛnd
unkenneled,ˈʌnˈkɛnəld
unkennelled,ˈʌnˈkɛnəld
unkennelling,ˈʌnˈkɛnəlɪŋ
unkennels,ˈʌnˈkɛnəlz
unkind,ˈʌnˈkaɪnd
unkinder,ˈʌnˈkaɪndər
unkindest,ˈʌnˈkaɪndɪst
unkindlier,ˈʌnˈkaɪndliər
unkindliest,ˈʌnˈkaɪndliɪst
unkindliness,ˈʌnˈkaɪndlinəs
unkindly,ˈʌnˈkaɪndli
unkindness,ˈʌnˈkaɪndnəs
unkinked,ˈʌnˈkɪŋkt
unkinks,ˈʌnˈkɪŋks
unknight,ˈʌnˈnaɪt
unknighted,ˈʌnˈnaɪtɪd
unknighting,ˈʌnˈnaɪtɪŋ
unknights,ˈʌnˈnaɪts
unknits,ˈʌnˈnɪts
unknots,ˈʌnˈnɑːts
unlabeled,ˈʌnˈleɪbəld
unlabelled,ˈʌnˈleɪbəld
unlabored,ˈʌnˈleɪbərd
unlaces,ˈʌnˈleɪsɪz
unlades,ˈʌnˈleɪdz
unlapped,ˈʌnˈlæpt
unlaps,ˈʌnˈlæps
unlashed,ˈʌnˈlæʃt
unlashes,ˈʌnˈlæʃɪz
unlatched,ˈʌnˈlætʃt
unlatches,ˈʌnˈlætʃɪz
unlaundered,ˈʌnˈlɔːndərd
unlawed,ˈʌnˈlɔːd
unlaws,ˈʌnˈlɔːz
unlays,ˈʌnˈleɪz
unlead,ˈʌnˈlɛd
unleaded,ˈʌnˈlɛdɪd
unleading,ˈʌnˈlɛdɪŋ
unleads,ˈʌnˈlɛdz
unlearn,ˈʌnˈlɜːrn
unlearnable,ˈʌnˈlɜːrnəbəl
unlearned,ˈʌnˈlɜːrnd
unlearning,ˈʌnˈlɜːrnɪŋ
unlearns,ˈʌnˈlɜːrnz
unlearnt,ˈʌnˈlɜːrnt
unleashed,ˈʌnˈliːʃt
unleashes,ˈʌnˈliːʃɪz
unleavened,ˈʌnˈlɛvənd
unlettered,ˈʌnˈlɛtərd
unleveled,ˈʌnˈlɛvəld
unlevelled,ˈʌnˈlɛvəld
unlevelling,ˈʌnˈlɛvəlɪŋ
unlevels,ˈʌnˈlɛvəlz
unlicked,ˈʌnˈlɪkt
unlighted,ˈʌnˈlaɪtɪd
unlikened,ˈʌnˈlaɪkənd
unlikens,ˈʌnˈlaɪkənz
unlimbered,ˈʌnˈlɪmbərd
unlimbers,ˈʌnˈlɪmbərz
unlines,ˈʌnˈlaɪnz
unlinked,ˈʌnˈlɪŋkt
unlinks,ˈʌnˈlɪŋks
unliquored,ˈʌnˈlɪkərd
unlistenable,ˈʌnˈlɪsənəbəl
unlive,ˈʌnˈlɪv
unlived,ˈʌnˈlɪvd
unlives,ˈʌnˈlɪvz
unloads,ˈʌnˈloʊdz
unlocked,ˈʌnˈlɑːkt
unlocks,ˈʌnˈlɑːks
unlodges,ˈʌnˈlɑːdʒɪz
unlooked,ˈʌnˈlʊkt
unlooped,ˈʌnˈluːpt
unloosened,ˈʌnˈluːsənd
unloosens,ˈʌnˈluːsənz
unlooses,ˈʌnˈluːsɪz
unlords,ˈʌnˈlɔːrdz
unlove,ˈʌnˈlʌv
unloved,ˈʌnˈlʌvd
unlovelier,ˈʌnˈlʌvliər
unloveliest,ˈʌnˈlʌvliɪst
unloveliness,ˈʌnˈlʌvlinəs
unlovely,ˈʌnˈlʌvli
unloves,ˈʌnˈlʌvz
unlutes,ˈʌnˈluːts
unmacho,ˈʌnˈmɑːtʃoʊ
unmaidened,ˈʌnˈmeɪdənd
unmaidens,ˈʌnˈmeɪdənz
unmakes,ˈʌnˈmeɪks
unmanacles,ˈʌnˈmænəkəlz
unmanned,ˈʌnˈmænd
unmannered,ˈʌnˈmænərd
unmans,ˈʌnˈmænz
unmantles,ˈʌnˈmæntəlz
unmapped,ˈʌnˈmæpt
unmarked,ˈʌnˈmɑːrkt
unmarred,ˈʌnˈmɑːrd
unmarries,ˈʌnˈmæriz
unmasculates,ˈʌnˈmæskjəˌleɪts
unmasculine,ˈʌnˈmæskjəlɪn
unmasked,ˈʌnˈmæskt
unmasks,ˈʌnˈmæsks
unmastered,ˈʌnˈmæstərd
unmatched,ˈʌnˈmætʃt
unmeant,ˈʌnˈmɛnt
unmeasurable,ˈʌnˈmɛʒərəbəl
unmeasured,ˈʌnˈmɛʒərd
unmembered,ˈʌnˈmɛmbərd
unmembers,ˈʌnˈmɛmbərz
unmentioned,ˈʌnˈmɛnʃənd
unmerchantable,ˈʌnˈmɜːrtʃəntəbəl
unmeshed,ˈʌnˈmɛʃt
unmeshes,ˈʌnˈmɛʃɪz
unmewed,ˈʌnˈmjuːd
unmews,ˈʌnˈmjuːz
unmilled,ˈʌnˈmɪld
unmindful,ˈʌnˈmaɪndfəl
unmingles,ˈʌnˈmɪŋɡəlz
unmissed,ˈʌnˈmɪst
unmitered,ˈʌnˈmaɪtərd
unmiters,ˈʌnˈmaɪtərz
unmitred,ˈʌnˈmaɪtərd
unmitres,ˈʌnˈmaɪtərz
unmixed,ˈʌnˈmɪkst
unmixes,ˈʌnˈmɪksɪz
unmolds,ˈʌnˈmoʊldz
unmoneyed,ˈʌnˈmʌnid
unmonitored,ˈʌnˈmɑːnɪtərd
unmonopolises,ˈʌnˈmɑːnəˌpoʊləˌsaɪzɪz
unmonopolizes,ˈʌnˈmɑːnəˌpoʊləˌsaɪzɪz
unmoored,ˈʌnˈmuːrd
unmoors,ˈʌnˈmuːrz
unmortared,ˈʌnˈmɔːrtərd
unmortise,ˈʌnˈmɔːrtɪs
unmortised,ˈʌnˈmɔːrtɪst
unmortises,ˈʌnˈmɔːrtɪsɪz
unmothered,ˈʌnˈmʌðərd
unmoulds,ˈʌnˈmoʊldz
unmourned,ˈʌnˈmɔːrnd
unmovable,ˈʌnˈmuːvəbəl
unmovably,ˈʌnˈmuːvəbli
unmoved,ˈʌnˈmuːvd
unmoving,ˈʌnˈmuːvɪŋ
unmowed,ˈʌnˈmoʊd
unmuffles,ˈʌnˈmʌfəlz
unmuzzles,ˈʌnˈmʌzəlz
unnailed,ˈʌnˈneɪld
unnails,ˈʌnˈneɪlz
unnapped,ˈʌnˈnæpt
unnaturalises,ˈʌnˈnætʃrəˌlaɪzɪz
unnaturalizes,ˈʌnˈnætʃrəˌlaɪzɪz
unneighbored,ˈʌnˈneɪbərd
unneighborly,ˈʌnˈneɪbərli
unnervates,ˈʌnˈnɜːrveɪts
unnerve,ˈʌnˈnɜːrv
unnerved,ˈʌnˈnɜːrvd
unnerves,ˈʌnˈnɜːrvz
unnestles,ˈʌnˈnɛsəlz
unnests,ˈʌnˈnɛsts
unnotifies,ˈʌnˈnoʊtɪˌfaɪz
unnourished,ˈʌnˈnɜːrɪʃt
unnourishing,ˈʌnˈnɜːrɪʃɪŋ
unnumbered,ˈʌnˈnʌmbərd
unobserved,ˈʌnəbˈzɜːrvd
unobtrusive,ˈʌnəbˈtruːsɪv
unobtrusively,ˈʌnəbˈtruːsɪvli
unobtrusiveness,ˈʌnəbˈtruːsɪvnəs
unoffensive,ˈʌnəˈfɛnsɪv
unoffensively,ˈʌnəˈfɛnsɪvli
unoiled,ˈʌnˈɔɪld
unopened,ˈʌnˈoʊpənd
unoperative,ˈʌnˈɑːpərətɪv
unordered,ˈʌnˈɔːrdərd
unorders,ˈʌnˈɔːrdərz
unordinate,ˈʌnˈɔːrdɪnɪt
unordinately,ˈʌnˈɔːrdɪnɪtli
unordinateness,ˈʌnˈɔːrdɪnɪtnəs
unoriginate,ˈʌnəˈrɪdʒɪnɪt
unoriginately,ˈʌnəˈrɪdʒɪnɪtli
unowed,ˈʌnˈoʊd
unowned,ˈʌnˈoʊnd
unpacked,ˈʌnˈpækt
unpacks,ˈʌnˈpæks
unpaganises,ˈʌnˈpeɪɡəˌnaɪzɪz
unpaganizes,ˈʌnˈpeɪɡəˌnaɪzɪz
unpaints,ˈʌnˈpeɪnts
unpaired,ˈʌnˈpɛərd
unpalped,ˈʌnˈpælpt
unparagoned,ˈʌnˈpærəˌɡɑːnd
unparalleled,ˈʌnˈpærəˌlɛld
unparallelled,ˈʌnˈpærəˌlɛld
unparched,ˈʌnˈpɑːrtʃt
unpartitioned,ˈʌnˈpɑːrtɪʃənd
unpassionate,ˈʌnˈpæʃənɪt
unpathed,ˈʌnˈpæθt
unpathwayed,ˈʌnˈpæθweɪd
unpayed,ˈʌnˈpeɪd
unpays,ˈʌnˈpeɪz
unpeeled,ˈʌnˈpiːld
unpeered,ˈʌnˈpɪərd
unpegged,ˈʌnˈpɛɡd
unpegs,ˈʌnˈpɛɡz
unpenned,ˈʌnˈpɛnd
unpens,ˈʌnˈpɛnz
unpeople,ˈʌnˈpiːpəl
unpeopled,ˈʌnˈpiːpəld
unpeoples,ˈʌnˈpiːpəlz
unpeopling,ˈʌnˈpiːpəlɪŋ
unperceived,ˈʌnpərˈsiːvd
unperceptive,ˈʌnpərˈsɛptɪv
unperformed,ˈʌnpərˈfɔːrmd
unperplexed,ˈʌnpərˈplɛkst
unperplexes,ˈʌnpərˈplɛksɪz
unpersuasive,ˈʌnpərˈsweɪsɪv
unpersuasively,ˈʌnpərˈsweɪsɪvli
unpersuasiveness,ˈʌnpərˈsweɪsɪvnəs
unperturbed,ˈʌnpərˈtɜːrbd
unperverts,ˈʌnˈpɜːrvɜːrts
unphilosophises,ˈʌnˈfɪləsəˌfaɪzɪz
unphilosophizes,ˈʌnˈfɪləsəˌfaɪzɪz
unpicked,ˈʌnˈpɪkt
unpicks,ˈʌnˈpɪks
unpicturesque,ˈʌnˈpɪktʃərɛsk
unpiles,ˈʌnˈpaɪlz
unpinioned,ˈʌnˈpɪnjənd
unpinions,ˈʌnˈpɪnjənz
unpinned,ˈʌnˈpɪnd
unpins,ˈʌnˈpɪnz
unplaits,ˈʌnˈpleɪts
unplanned,ˈʌnˈplænd
unplats,ˈʌnˈplæts
unplausive,ˈʌnˈplɔːsɪv
unplayed,ˈʌnˈpleɪd
unpleasant,ˈʌnˈplɛzənt
unpleasantly,ˈʌnˈplɛzəntli
unpleasantness,ˈʌnˈplɛzəntnəs
unpleasantries,ˈʌnˈplɛzəntriz
unpleasantry,ˈʌnˈplɛzəntri
unpleasive,ˈʌnˈplɛzɪv
unpleasure,ˈʌnˈplɛʒər
unpleats,ˈʌnˈpliːts
unplight,ˈʌnˈplaɪt
unplighted,ˈʌnˈplaɪtɪd
unplighting,ˈʌnˈplaɪtɪŋ
unplights,ˈʌnˈplaɪts
unplowed,ˈʌnˈplaʊd
unplugged,ˈʌnˈplʌɡd
unplugs,ˈʌnˈplʌɡz
unplumbed,ˈʌnˈplʌmd
unplumbs,ˈʌnˈplʌmz
unplumes,ˈʌnˈpluːmz
unpoisoned,ˈʌnˈpɔɪzənd
unpoisons,ˈʌnˈpɔɪzənz
unpolished,ˈʌnˈpɑːlɪʃt
unpolishes,ˈʌnˈpɑːlɪʃɪz
unportunate,ˈʌnˈpɔːrtʃənɪt
unpossessed,ˈʌnˈpəˈzɛst
unpossesses,ˈʌnˈpəˈzɛsɪz
unpower,ˈʌnˈpaʊər
unpowered,ˈʌnˈpaʊərd
unpowerful,ˈʌnˈpaʊərfəl
unpowering,ˈʌnˈpaʊərɪŋ
unpowers,ˈʌnˈpaʊərz
unprayed,ˈʌnˈpreɪd
unprays,ˈʌnˈpreɪz
unpreach,ˈʌnˈpriːtʃ
unpreached,ˈʌnˈpriːtʃt
unpreaches,ˈʌnˈpriːtʃɪz
unpreaching,ˈʌnˈpriːtʃɪŋ
unpressed,ˈʌnˈprɛst
unpriests,ˈʌnˈpriːsts
unprinciples,ˈʌnˈprɪnsəpəlz
unprisoned,ˈʌnˈprɪzənd
unprisons,ˈʌnˈprɪzənz
unproductive,ˈʌnprəˈdʌktɪv
unproductively,ˈʌnprəˈdʌktɪvli
unprofessed,ˈʌnprəˈfɛst
unprogrammed,ˈʌnˈproʊɡræmd
unprogressive,ˈʌnprəˈɡrɛsɪv
unpromise,ˈʌnˈprɑːmɪs
unpromised,ˈʌnˈprɑːmɪst
unpromises,ˈʌnˈprɑːmɪsɪz
unpropped,ˈʌnˈprɑːpt
unprops,ˈʌnˈprɑːps
unproselytes,ˈʌnˈprɑːsəˌlaɪts
unprotestantises,ˈʌnˈproʊtəstəntˌaɪzɪz
unprotestantizes,ˈʌnˈproʊtəstəntˌaɪzɪz
unprovability,ˈʌnˌproʊvəˈbɪləti
unprovable,ˈʌnˈproʊvəbəl
unprovably,ˈʌnˈproʊvəbli
unproved,ˈʌnˈpruːvd
unproven,ˈʌnˈpruːvən
unprovides,ˈʌnprəˈvaɪdz
unpublished,ˈʌnˈpʌblɪʃt
unpuckered,ˈʌnˈpʌkərd
unpuckers,ˈʌnˈpʌkərz
unpunished,ˈʌnˈpʌnɪʃt
unpuzzles,ˈʌnˈpʌzəlz
unqualifies,ˈʌnˈkwɑːlɪˌfaɪz
unquenchable,ˈʌnˈkwɛntʃəbəl
unquenchableness,ˈʌnˈkwɛntʃəbəlnəs
unquenchably,ˈʌnˈkwɛntʃəbli
unquenched,ˈʌnˈkwɛntʃt
unquenching,ˈʌnˈkwɛntʃɪŋ
unquenchingly,ˈʌnˈkwɛntʃɪŋli
unquestioned,ˈʌnˈkwɛstʃənd
unquotes,ˈʌnˈkwoʊts
unranked,ˈʌnˈræŋkt
unraveled,ˈʌnˈrævəld
unravelled,ˈʌnˈrævəld
unravelling,ˈʌnˈrævəlɪŋ
unravels,ˈʌnˈrævəlz
unravished,ˈʌnˈrævɪʃt
unrazored,ˈʌnˈreɪzərd
unreachability,ˈʌnˌriːtʃəˈbɪləti
unreachable,ˈʌnˈriːtʃəbəl
unreachableness,ˈʌnˈriːtʃəbəlnəs
unreachably,ˈʌnˈriːtʃəbli
unreached,ˈʌnˈriːtʃt
unread,ˈʌnˈrɛd
unreadier,ˈʌnˈrɛdiər
unreadiest,ˈʌnˈrɛdiɪst
unreadiness,ˈʌnˈrɛdinəs
unready,ˈʌnˈrɛdi
unrealises,ˈʌnˈriːəˌlaɪzɪz
unrealizes,ˈʌnˈriːəˌlaɪzɪz
unreasoned,ˈʌnˈriːzənd
unreasons,ˈʌnˈriːzənz
unreave,ˈʌnˈriːv
unreaved,ˈʌnˈriːvd
unreaves,ˈʌnˈriːvz
unrecalled,ˈʌnˈrɪˈkɔːld
unreceptive,ˈʌnˈrɪˈsɛptɪv
unreceptively,ˈʌnˈrɪˈsɛptɪvli
unreclaimed,ˈʌnˈrɪˈkleɪmd
unrecovered,ˈʌnˈrɪˈkʌvərd
unredeemed,ˈʌnˈrɪˈdiːmd
unredressed,ˈʌnˈrɪˈdrɛst
unreeled,ˈʌnˈriːld
unreels,ˈʌnˈriːlz
unreeve,ˈʌnˈriːv
unreeved,ˈʌnˈriːvd
unreeves,ˈʌnˈriːvz
unreflective,ˈʌnˈrɪˈflɛktɪv
unreflectively,ˈʌnˈrɪˈflɛktɪvli
unreflectiveness,ˈʌnˈrɪˈflɛktɪvnəs
unreformed,ˈʌnˈrɪˈfɔːrmd
unrefreshed,ˈʌnˈrɪˈfrɛʃt
unregenerate,ˈʌnˈrɪˈdʒɛnərɪt
unregenerately,ˈʌnˈrɪˈdʒɛnərɪtli
unregenerateness,ˈʌnˈrɪˈdʒɛnərɪtnəs
unregistered,ˈʌnˈrɪˈdʒɪstərd
unrehearsed,ˈʌnˈrɪˈhɜːrst
unreined,ˈʌnˈreɪnd
unreins,ˈʌnˈreɪnz
unrelaxed,ˈʌnˈrɪˈlækst
unrelieved,ˈʌnˈrɪˈliːvd
unremarked,ˈʌnˈrɪˈmɑːrkt
unremembered,ˈʌnˈrɪˈmɛmbərd
unremovable,ˈʌnˈrɪˈmuːvəbəl
unremovableness,ˈʌnˈrɪˈmuːvəbəlnəs
unremovably,ˈʌnˈrɪˈmuːvəbli
unremoved,ˈʌnˈrɪˈmuːvd
unrenewed,ˈʌnˈrɪˈnuːd
unrepaired,ˈʌnˈrɪˈpɛərd
unrepresentative,ˈʌnˈrɛprɪˈzɛntətɪv
unrepresentativeness,ˈʌnˈrɛprɪˈzɛntətɪvnəs
unrepressed,ˈʌnˈrɪˈprɛst
unreproachable,ˈʌnˈrɪˈproʊtʃəbəl
unreproachableness,ˈʌnˈrɪˈproʊtʃəbəlnəs
unreproachably,ˈʌnˈrɪˈproʊtʃəbli
unreproached,ˈʌnˈrɪˈproʊtʃt
unreproachful,ˈʌnˈrɪˈproʊtʃfəl
unreproaching,ˈʌnˈrɪˈproʊtʃɪŋ
unreproved,ˈʌnˈrɪˈpruːvd
unreserve,ˈʌnˈrɪˈzɜːrv
unreserved,ˈʌnˈrɪˈzɜːrvd
unreserves,ˈʌnˈrɪˈzɜːrvz
unresolved,ˈʌnˈrɪˈzɑːlvd
unresponsive,ˈʌnˈrɪˈspɑːnsɪv
unresponsively,ˈʌnˈrɪˈspɑːnsɪvli
unresponsiveness,ˈʌnˈrɪˈspɑːnsɪvnəs
unrestrained,ˈʌnˈrɪˈstreɪnd
unrestrictive,ˈʌnˈrɪˈstrɪktɪv
unretouched,ˈʌnˈrɪˈtʌtʃt
unreturned,ˈʌnˈrɪˈtɜːrnd
unrevealed,ˈʌnˈrɪˈviːld
unreviewed,ˈʌnˈrɪˈvjuːd
unriddles,ˈʌnˈrɪdəlz
unrigged,ˈʌnˈrɪɡd
unright,ˈʌnˈraɪt
unrighteous,ˈʌnˈraɪtʃəs
unrighteously,ˈʌnˈraɪtʃəsli
unrighteousness,ˈʌnˈraɪtʃəsnəs
unrightwise,ˈʌnˈraɪtwaɪz
unrigs,ˈʌnˈrɪɡz
unringed,ˈʌnˈrɪŋd
unripened,ˈʌnˈraɪpənd
unripped,ˈʌnˈrɪpt
unrips,ˈʌnˈrɪps
unrivaled,ˈʌnˈraɪvəld
unrivalled,ˈʌnˈraɪvəld
unrivets,ˈʌnˈrɪvɪts
unrivetted,ˈʌnˈrɪvɪtɪd
unrivetting,ˈʌnˈrɪvɪtɪŋ
unrobes,ˈʌnˈroʊbz
unrolled,ˈʌnˈroʊld
unrolls,ˈʌnˈroʊlz
unroofed,ˈʌnˈruːft
unroofs,ˈʌnˈruːfs
unroosts,ˈʌnˈruːsts
unroots,ˈʌnˈruːts
unrough,ˈʌnˈrʌf
unroughened,ˈʌnˈrʌfənd
unroughly,ˈʌnˈrʌfli
unrounds,ˈʌnˈraʊndz
unroves,ˈʌnˈroʊvz
unruffles,ˈʌnˈrʌfəlz
unrumples,ˈʌnˈrʌmpəlz
unrushed,ˈʌnˈrʌʃt
unsaddened,ˈʌnˈsædənd
unsaddens,ˈʌnˈsædənz
unsaddles,ˈʌnˈsædəlz
unsaints,ˈʌnˈseɪnts
unsanctioned,ˈʌnˈsæŋkʃənd
unsatiate,ˈʌnˈseɪʃieɪt
unsaturate,ˈʌnˈsætʃəreɪt
unsaturates,ˈʌnˈsætʃəreɪts
unsawed,ˈʌnˈsɔːd
unsays,ˈʌnˈseɪz
unscales,ˈʌnˈskeɪlz
unscarred,ˈʌnˈskɑːrd
unscattered,ˈʌnˈskætərd
unsceptered,ˈʌnˈsɛptərd
unsceptred,ˈʌnˈsɛptərd
unschooled,ˈʌnˈskuːld
unscrambles,ˈʌnˈskræmbəlz
unscratched,ˈʌnˈskrætʃt
unscreened,ˈʌnˈskriːnd
unscrewed,ˈʌnˈskruːd
unscrews,ˈʌnˈskruːz
unsealed,ˈʌnˈsiːld
unseals,ˈʌnˈsiːlz
unseams,ˈʌnˈsiːmz
unsearchable,ˈʌnˈsɜːrtʃəbəl
unsearchably,ˈʌnˈsɜːrtʃəbli
unseared,ˈʌnˈsɪərd
unseasoned,ˈʌnˈsiːzənd
unseasons,ˈʌnˈsiːzənz
unseats,ˈʌnˈsiːts
unsecularises,ˈʌnˈsɛkjələrˌaɪzɪz
unsecularizes,ˈʌnˈsɛkjələrˌaɪzɪz
unseized,ˈʌnˈsiːzd
unselective,ˈʌnˈsɪˈlɛktɪv
unselectively,ˈʌnˈsɪˈlɛktɪvli
unselects,ˈʌnˈsɪˈlɛkts
unsells,ˈʌnˈsɛlz
unsensualises,ˈʌnˈsɛnʃuəlˌaɪzɪz
unsensualizes,ˈʌnˈsɛnʃuəlˌaɪzɪz
unseparate,ˈʌnˈsɛprɪt
unserved,ˈʌnˈsɜːrvd
unsets,ˈʌnˈsɛts
unsettles,ˈʌnˈsɛtəlz
unsew,ˈʌnˈsoʊ
unsewed,ˈʌnˈsoʊd
unsewing,ˈʌnˈsoʊɪŋ
unsewn,ˈʌnˈsoʊn
unsews,ˈʌnˈsoʊz
unsexed,ˈʌnˈsɛkst
unsexes,ˈʌnˈsɛksɪz
unshackles,ˈʌnˈʃækəlz
unshales,ˈʌnˈʃeɪlz
unshapes,ˈʌnˈʃeɪps
unsharpened,ˈʌnˈʃɑːrpənd
unsheathes,ˈʌnˈʃiːðz
unshelled,ˈʌnˈʃɛld
unshells,ˈʌnˈʃɛlz
unsheltered,ˈʌnˈʃɛltərd
unsheriffed,ˈʌnˈʃɛrɪft
unsheriffs,ˈʌnˈʃɛrɪfs
unshifts,ˈʌnˈʃɪfts
unshipped,ˈʌnˈʃɪpt
unships,ˈʌnˈʃɪps
unshrinks,ˈʌnˈʃrɪŋks
unshrouds,ˈʌnˈʃraʊdz
unshrubbed,ˈʌnˈʃrʌbd
unshuttered,ˈʌnˈʃʌtərd
unshutters,ˈʌnˈʃʌtərz
unsight,ˈʌnˈsaɪt
unsightable,ˈʌnˈsaɪtəbəl
unsighted,ˈʌnˈsaɪtɪd
unsighting,ˈʌnˈsaɪtɪŋ
unsightlier,ˈʌnˈsaɪtliər
unsightliest,ˈʌnˈsaɪtliɪst
unsightliness,ˈʌnˈsaɪtlinəs
unsightly,ˈʌnˈsaɪtli
unsights,ˈʌnˈsaɪts
unsigned,ˈʌnˈsaɪnd
unsinned,ˈʌnˈsɪnd
unsins,ˈʌnˈsɪnz
unskilled,ˈʌnˈskɪld
unslacked,ˈʌnˈslækt
unslings,ˈʌnˈslɪŋz
unsluice,ˈʌnˈsluːs
unsluiced,ˈʌnˈsluːst
unsluices,ˈʌnˈsluːsɪz
unsluicing,ˈʌnˈsluːsɪŋ
unsnapped,ˈʌnˈsnæpt
unsnaps,ˈʌnˈsnæps
unsnarled,ˈʌnˈsnɑːrld
unsnarls,ˈʌnˈsnɑːrlz
unsoaked,ˈʌnˈsoʊkt
unsockets,ˈʌnˈsɑːkɪts
unsoftened,ˈʌnˈsɔːfənd
unsoiled,ˈʌnˈsɔɪld
unsoldered,ˈʌnˈsɑːldərd
unsolders,ˈʌnˈsɑːldərz
unsolemnises,ˈʌnˈsɑːləmnˌaɪzɪz
unsolemnizes,ˈʌnˈsɑːləmnˌaɪzɪz
unsolved,ˈʌnˈsɑːlvd
unsoots,ˈʌnˈsʊts
unsophisticate,ˈʌnsəˈfɪstɪkɪt
unsophisticates,ˈʌnsəˈfɪstɪkɪts
unsorrowed,ˈʌnˈsɔːroʊd
unsought,ˈʌnˈsɔːt
unsoul,ˈʌnˈsoʊl
unsouled,ˈʌnˈsoʊld
unsouling,ˈʌnˈsoʊlɪŋ
unsouls,ˈʌnˈsoʊlz
unsoured,ˈʌnˈsaʊərd
unsowed,ˈʌnˈsoʊd
unsparred,ˈʌnˈspɑːrd
unspars,ˈʌnˈspɑːrz
unspeaks,ˈʌnˈspiːks
unspelled,ˈʌnˈspɛld
unspells,ˈʌnˈspɛlz
unspheres,ˈʌnˈsfɪərz
unspikes,ˈʌnˈspaɪks
unspins,ˈʌnˈspɪnz
unspirits,ˈʌnˈspɪrɪts
unspleened,ˈʌnˈspliːnd
unspoiled,ˈʌnˈspɔɪld
unsprayed,ˈʌnˈspreɪd
unsquires,ˈʌnˈskwaɪərz
unstacked,ˈʌnˈstækt
unstacks,ˈʌnˈstæks
unstained,ˈʌnˈsteɪnd
unstarch,ˈʌnˈstɑːrtʃ
unstarched,ˈʌnˈstɑːrtʃt
unstarches,ˈʌnˈstɑːrtʃɪz
unstarching,ˈʌnˈstɑːrtʃɪŋ
unstates,ˈʌnˈsteɪts
unstayed,ˈʌnˈsteɪd
unstays,ˈʌnˈsteɪz
unsteadfast,ˈʌnˈstɛdfæst
unsteadfastly,ˈʌnˈstɛdfæstli
unsteadfastness,ˈʌnˈstɛdfæstnəs
unsteadied,ˈʌnˈstɛdid
unsteadier,ˈʌnˈstɛdiər
unsteadies,ˈʌnˈstɛdiz
unsteadiest,ˈʌnˈstɛdiɪst
unsteadily,ˈʌnˈstɛdili
unsteadiness,ˈʌnˈstɛdinəs
unsteady,ˈʌnˈstɛdi
unsteadying,ˈʌnˈstɛdiɪŋ
unsteeled,ˈʌnˈstiːld
unsteels,ˈʌnˈstiːlz
unstepped,ˈʌnˈstɛpt
unsteps,ˈʌnˈstɛps
unsticks,ˈʌnˈstɪks
unstirred,ˈʌnˈstɜːrd
unstitched,ˈʌnˈstɪtʃt
unstitches,ˈʌnˈstɪtʃɪz
unstocked,ˈʌnˈstɑːkt
unstockinged,ˈʌnˈstɑːkɪŋd
unstocks,ˈʌnˈstɑːks
unstopped,ˈʌnˈstɑːpt
unstoppered,ˈʌnˈstɑːpərd
unstoppers,ˈʌnˈstɑːpərz
unstops,ˈʌnˈstɑːps
unstrained,ˈʌnˈstreɪnd
unstrains,ˈʌnˈstreɪnz
unstrapped,ˈʌnˈstræpt
unstraps,ˈʌnˈstræps
unstrengthened,ˈʌnˈstrɛŋθənd
unstressed,ˈʌnˈstrɛst
unstresses,ˈʌnˈstrɛsɪz
unstrings,ˈʌnˈstrɪŋz
unstuffed,ˈʌnˈstʌft
unstuffs,ˈʌnˈstʌfs
unsubstantialises,ˈʌnˈsʌbstænʃəˌlaɪzɪz
unsubstantializes,ˈʌnˈsʌbstænʃəˌlaɪzɪz
unsubtle,ˈʌnˈsʌtəl
unsubtler,ˈʌnˈsʌtlər
unsubtlest,ˈʌnˈsʌtlɪst
unsubtleties,ˈʌnˈsʌtəltiz
unsubtlety,ˈʌnˈsʌtəlti
unsubtly,ˈʌnˈsʌtli
unsuit,ˈʌnˈsuːt
unsuitabilities,ˈʌnˈsuːtəˌbɪlətiz
unsuitability,ˈʌnˈsuːtəˌbɪləti
unsuitable,ˈʌnˈsuːtəbəl
unsuitably,ˈʌnˈsuːtəbli
unsuited,ˈʌnˈsuːtɪd
unsuiting,ˈʌnˈsuːtɪŋ
unsuits,ˈʌnˈsuːts
unsupportive,ˈʌnˈsəˈpɔːrtɪv
unsupportively,ˈʌnˈsəˈpɔːrtɪvli
unsupportiveness,ˈʌnˈsəˈpɔːrtɪvnəs
unsuppressed,ˈʌnˈsəˈprɛst
unsurpassed,ˈʌnˈsərˈpæst
unswaddles,ˈʌnˈswɑːdəlz
unswathes,ˈʌnˈsweɪðz
unswayed,ˈʌnˈsweɪd
unswear,ˈʌnˈswɛər
unswearing,ˈʌnˈswɛərɪŋ
unswears,ˈʌnˈswɛərz
unsweat,ˈʌnˈswɛt
unsweated,ˈʌnˈswɛtɪd
unsweating,ˈʌnˈswɛtɪŋ
unsweats,ˈʌnˈswɛts
unsweetened,ˈʌnˈswiːtənd
unswelled,ˈʌnˈswɛld
unswells,ˈʌnˈswɛlz
untacked,ˈʌnˈtækt
untackles,ˈʌnˈtækəlz
untacks,ˈʌnˈtæks
untagged,ˈʌnˈtæɡd
untags,ˈʌnˈtæɡz
untalkative,ˈʌnˈtɔːkətɪv
untalked,ˈʌnˈtɔːkt
untangles,ˈʌnˈtæŋɡəlz
untanned,ˈʌnˈtænd
untapped,ˈʌnˈtæpt
untappices,ˈʌnˈtæpɪsɪz
untarnished,ˈʌnˈtɑːrnɪʃt
untastes,ˈʌnˈteɪsts
untaught,ˈʌnˈtɔːt
untaxed,ˈʌnˈtækst
unteach,ˈʌnˈtiːtʃ
unteachability,ˈʌnˌtiːtʃəˈbɪləti
unteachable,ˈʌnˈtiːtʃəbəl
unteachableness,ˈʌnˈtiːtʃəbəlnəs
unteachables,ˈʌnˈtiːtʃəbəlz
unteacherly,ˈʌnˈtiːtʃərli
unteaches,ˈʌnˈtiːtʃɪz
unteaching,ˈʌnˈtiːtʃɪŋ
unteamed,ˈʌnˈtiːmd
unteams,ˈʌnˈtiːmz
untemperate,ˈʌnˈtɛmpərɪt
untemperately,ˈʌnˈtɛmpərɪtli
untempered,ˈʌnˈtɛmpərd
untempers,ˈʌnˈtɛmpərz
untenants,ˈʌnˈtɛnənts
untents,ˈʌnˈtɛnts
untethered,ˈʌnˈtɛθərd
untethers,ˈʌnˈtɛθərz
unthawed,ˈʌnˈθɔːd
unthaws,ˈʌnˈθɔːz
unthinks,ˈʌnˈθɪŋks
unthought,ˈʌnˈθɔːt
unthoughtful,ˈʌnˈθɔːtfəl
unthread,ˈʌnˈθrɛd
unthreaded,ˈʌnˈθrɛdɪd
unthreading,ˈʌnˈθrɛdɪŋ
unthreads,ˈʌnˈθrɛdz
unthreatened,ˈʌnˈθrɛtənd
unthriftihead,ˈʌnˈθrɪftiˌhɛd
unthrones,ˈʌnˈθroʊnz
untidies,ˈʌnˈtaɪdiz
unties,ˈʌnˈtaɪz
untighten,ˈʌnˈtaɪtən
untightened,ˈʌnˈtaɪtənd
untightening,ˈʌnˈtaɪtənɪŋ
untightens,ˌʌnˈtaɪtənz
untiles,ʌnˈtaɪlz
untilled,ʌnˈtɪld
untipped,ʌnˈtɪpt
unto,ˈʌntu
untogether,ˌʌntəˈɡɛðər
untomb,ʌnˈtum
untombed,ʌnˈtumd
untombing,ʌnˈtumɪŋ
untombs,ʌnˈtumz
untongue,ʌnˈtʌŋ
untongued,ʌnˈtʌŋd
untongues,ʌnˈtʌŋz
untonguing,ʌnˈtʌŋɪŋ
untoothed,ʌnˈtuθt
untooths,ʌnˈtuθs
untouchability,ˌʌntʌtʃəˈbɪləti
untouchable,ʌnˈtʌtʃəbəl
untouchables,ʌnˈtʌtʃəbəlz
untouched,ʌnˈtʌtʃt
untouchedness,ʌnˈtʌtʃədnəs
untoward,ˌʌntəˈwɔrd
untowardliness,ˌʌntəˈwɔrdlinəs
untowardly,ˌʌntəˈwɔrdli
untowardness,ˌʌntəˈwɔrdnəs
untracked,ʌnˈtrækt
untrained,ʌnˈtreɪnd
untrammeled,ʌnˈtræməld
untrammelled,ʌnˈtræməld
untransformed,ˌʌntrænsˈfɔrmd
untraveled,ʌnˈtrævəld
untravelled,ʌnˈtrævəld
untread,ʌnˈtrɛd
untreading,ʌnˈtrɛdɪŋ
untreads,ʌnˈtrɛdz
untreasure,ʌnˈtrɛʒər
untreasured,ʌnˈtrɛʒərd
untreasures,ʌnˈtrɛʒərz
untreasuring,ʌnˈtrɛʒərɪŋ
untrenched,ʌnˈtrɛntʃt
untressed,ʌnˈtrɛst
untrimmed,ʌnˈtrɪmd
untrims,ʌnˈtrɪmz
untroubled,ʌnˈtrʌbəld
untroubledly,ʌnˈtrʌbəldli
untroubledness,ʌnˈtrʌbəldnəs
untroublesome,ʌnˈtrʌbəlsəm
untroublesomeness,ʌnˈtrʌbəlsəmnəs
untrunked,ʌnˈtrʌŋkt
untrussed,ʌnˈtrʌst
untrusses,ʌnˈtrʌsəz
untucked,ʌnˈtʌkt
untucks,ʌnˈtʌks
untunes,ʌnˈtjunz
unturns,ʌnˈtɜrnz
untutored,ʌnˈtutərd
untwines,ʌnˈtwaɪnz
untwirled,ʌnˈtwɜrld
untwirls,ʌnˈtwɜrlz
untwists,ʌnˈtwɪsts
unuttered,ʌnˈʌtərd
unvanquished,ʌnˈvæŋkwɪʃt
unvarnished,ʌnˈvɑrnɪʃt
unveiled,ˌʌnˈveɪld
unveils,ˌʌnˈveɪlz
unveined,ʌnˈveɪnd
unvexed,ʌnˈvɛkst
unvicared,ʌnˈvɪkərd
unvicars,ʌnˈvɪkərz
unvoices,ʌnˈvɔɪsəz
unvotes,ʌnˈvoʊts
unvoweled,ʌnˈvaʊəld
unvulgarises,ʌnˈvʌlɡəraɪzəz
unvulgarizes,ʌnˈvʌlɡəraɪzəz
unwalled,ʌnˈwɔld
unwarmed,ʌnˈwɔrmd
unwarned,ʌnˈwɔrnd
unwarped,ʌnˈwɔrpt
unwarps,ʌnˈwɔrps
unwashed,ʌnˈwɑʃt
unwatched,ʌnˈwɑtʃt
unwatered,ʌnˈwɔtərd
unwaxed,ʌnˈwækst
unwayed,ʌnˈweɪd
unweaned,ʌnˈwind
unwearable,ʌnˈwɛrəbəl
unwearables,ʌnˈwɛrəbəlz
unweathered,ʌnˈwɛðərd
unweave,ʌnˈwiv
unweaves,ʌnˈwivz
unweighed,ʌnˈweɪd
unweighing,ʌnˈweɪɪŋ
unweight,ʌnˈweɪt
unweighted,ʌnˈweɪtəd
unweighting,ʌnˈweɪtɪŋ
unweights,ʌnˈweɪts
unwelcome,ʌnˈwɛlkəm
unwelcomed,ʌnˈwɛlkəmd
unwelcomely,ʌnˈwɛlkəmli
unwelds,ʌnˈwɛldz
unwhipped,ʌnˈwɪpt
unwholesome,ʌnˈhoʊlsəm
unwholesomely,ʌnˈhoʊlsəmli
unwholesomeness,ʌnˈhoʊlsəmnəs
unwild,ʌnˈwaɪld
unwilded,ʌnˈwaɪldəd
unwilding,ʌnˈwaɪldɪŋ
unwilds,ʌnˈwaɪldz
unwilled,ʌnˈwɪld
unwills,ʌnˈwɪlz
unwind,ʌnˈwaɪnd
unwinder,ʌnˈwaɪndər
unwinders,ʌnˈwaɪndərz
unwinding,ʌnˈwaɪndɪŋ
unwinds,ʌnˈwaɪndz
unwished,ʌnˈwɪʃt
unwishes,ʌnˈwɪʃəz
unwitched,ʌnˈwɪtʃt
unwitches,ʌnˈwɪtʃəz
unwitnessed,ʌnˈwɪtnəst
unwits,ʌnˈwɪts
unwomaned,ʌnˈwʊmənd
unwomans,ʌnˈwʊmənz
unwondered,ʌnˈwʌndərd
unwonders,ʌnˈwʌndərz
unworked,ʌnˈwɜrkt
unwormed,ʌnˈwɜrmd
unworshipping,ʌnˈwɜrʃɪpɪŋ
unwounded,ʌnˈwundəd
unwrapped,ʌnˈræpt
unwraps,ʌnˈræps
unwreathes,ʌnˈriðz
unwrinkles,ʌnˈrɪŋkəlz
unwrites,ʌnˈraɪts
unyokes,ʌnˈjoʊks
unyoung,ʌnˈjʌŋ
unzipped,ʌnˈzɪpt
unzips,ʌnˈzɪps
upbear,ʌpˈbɛr
upbearer,ʌpˈbɛrər
upbearers,ʌpˈbɛrərz
upbearing,ʌpˈbɛrɪŋ
upbears,ʌpˈbɛrz
upbind,ʌpˈbaɪnd
upbinding,ʌpˈbaɪndɪŋ
upbinds,ʌpˈbaɪndz
upblows,ʌpˈbloʊz
upboiled,ʌpˈbɔɪld
upboils,ʌpˈbɔɪlz
upbraids,ʌpˈbreɪdz
upbreak,ʌpˈbreɪk
upbreaking,ʌpˈbreɪkɪŋ
upbreaks,ʌpˈbreɪks
upbreathes,ʌpˈbriðz
upbreeds,ʌpˈbridz
upbrought,ʌpˈbrɔt
upbuild,ʌpˈbɪld
upbuilding,ʌpˈbɪldɪŋ
upbuilds,ʌpˈbɪldz
upbuilt,ʌpˈbɪlt
upcasts,ʌpˈkæsts
upcaught,ʌpˈkɔt
upcheer,ʌpˈtʃɪr
upcheered,ʌpˈtʃɪrd
upcheering,ʌpˈtʃɪrɪŋ
upcheers,ʌpˈtʃɪrz
upchuck,ʌpˈtʃʌk
upchucked,ʌpˈtʃʌkt
upchucking,ʌpˈtʃʌkɪŋ
upchucks,ʌpˈtʃʌks
upclimb,ʌpˈklaɪm
upclimbed,ʌpˈklaɪmd
upclimbing,ʌpˈklaɪmɪŋ
upclimbs,ʌpˈklaɪmz
upcoiled,ʌpˈkɔɪld
upcoils,ʌpˈkɔɪlz
upcountry,ʌpˈkʌntri
upcurled,ʌpˈkɜrld
upcurls,ʌpˈkɜrlz
upcurve,ʌpˈkɜrv
upcurved,ʌpˈkɜrvd
upcurves,ʌpˈkɜrvz
updarts,ʌpˈdɑrts
updates,ʌpˈdeɪts
updives,ʌpˈdaɪvz
updo,ˈʌpdu
updos,ˈʌpduz
updraws,ʌpˈdrɔz
updries,ʌpˈdraɪz
upends,ʌpˈɛndz
upfilled,ʌpˈfɪld
upfills,ʌpˈfɪlz
upflings,ʌpˈflɪŋz
upflowed,ʌpˈfloʊd
upflows,ʌpˈfloʊz
upfolds,ʌpˈfoʊldz
upgathered,ʌpˈɡæðərd
upgathers,ʌpˈɡæðərz
upgazes,ʌpˈɡeɪzəz
upgirds,ʌpˈɡɜrdz
upgive,ʌpˈɡɪv
upgives,ʌpˈɡɪvz
upgrades,ʌpˈɡreɪdz
upgrows,ʌpˈɡroʊz
upheaped,ʌpˈhipt
upheaps,ʌpˈhips
upheave,ʌpˈhiv
upheaved,ʌpˈhivd
upheaves,ʌpˈhivz
uphoards,ʌpˈhɔrdz
upholds,ʌpˈhoʊldz
upholstered,ʌpˈhoʊlstərd
upholsters,ʌpˈhoʊlstərz
upleaped,ʌpˈlipt
upleaps,ʌpˈlips
upleapt,ʌpˈlɛpt
uplifts,ʌpˈlɪfts
uplight,ʌpˈlaɪt
uplighted,ʌpˈlaɪtəd
uplighting,ʌpˈlaɪtɪŋ
uplights,ʌpˈlaɪts
uplinked,ʌpˈlɪŋkt
uplinks,ʌpˈlɪŋks
uploads,ʌpˈloʊdz
upped,ʌpt
uppercases,ˈʌpərkeɪsəz
uppercuts,ˈʌpərkʌts
uppermost,ˈʌpərmoʊst
uppiles,ʌpˈpaɪlz
uppricked,ʌpˈprɪkt
uppropped,ʌpˈprɒpt
upprops,ʌpˈprɒps
upraises,ʌpˈreɪzəz
uprates,ʌpˈreɪts
upreach,ʌpˈritʃ
upreached,ʌpˈritʃt
upreaches,ʌpˈritʃəz
upreaching,ʌpˈritʃɪŋ
upreared,ʌpˈrɪrd
uprears,ʌpˈrɪrz
upright,ˈʌpraɪt
uprighted,ˈʌpraɪtəd
uprighteous,ʌpˈraɪtʃəs
uprighteously,ʌpˈraɪtʃəsli
uprighteousness,ʌpˈraɪtʃəsnəs
uprighting,ˈʌpraɪtɪŋ
uprightly,ˈʌpraɪtli
uprightness,ˈʌpraɪtnəs
uprights,ˈʌpraɪts
uprises,ʌpˈraɪzəz
uprolled,ʌpˈroʊld
uprolls,ʌpˈroʊlz
uproots,ʌpˈruts
uprouses,ʌpˈraʊzəz
uprushed,ʌpˈrʌʃt
uprushes,ʌpˈrʌʃəz
ups,ʌps
upscales,ʌpˈskeɪlz
upseeks,ʌpˈsiks
upsets,ʌpˈsɛts
upshifts,ʌpˈʃɪfts
upshoots,ʌpˈʃuts
upsidedown,ˈʌpsaɪddaʊn
upsnatched,ʌpˈsnætʃt
upsnatches,ʌpˈsnætʃəz
upsoared,ʌpˈsɔrd
upsoars,ʌpˈsɔrz
upsought,ʌpˈsɔt
upsprings,ʌpˈsprɪŋz
upstages,ʌpˈsteɪdʒəz
upstands,ʌpˈstændz
upstares,ʌpˈstɛrz
upstarts,ʌpˈstɑrts
upstepped,ʌpˈstɛpt
upsteps,ʌpˈstɛps
upstirred,ʌpˈstɜrd
upstirs,ʌpˈstɜrz
upsurges,ʌpˈsɜrdʒəz
upswarmed,ʌpˈswɑrmd
upswarms,ʌpˈswɑrmz
upswayed,ʌpˈsweɪd
upsways,ʌpˈsweɪz
upsweeps,ʌpˈswips
upswelled,ʌpˈswɛld
upswells,ʌpˈswɛlz
uptakes,ʌpˈteɪks
uptear,ʌpˈtɛr
uptearing,ʌpˈtɛrɪŋ
uptears,ʌpˈtɛrz
upthread,ʌpˈθrɛd
upthrows,ʌpˈθroʊz
upthrusts,ʌpˈθrʌsts
upthundered,ʌpˈθʌndərd
upthunders,ʌpˈθʌndərz
upties,ʌpˈtaɪz
uptight,ʌpˈtaɪt
uptighter,ʌpˈtaɪtər
uptightest,ʌpˈtaɪtəst
uptightly,ʌpˈtaɪtli
uptightness,ʌpˈtaɪtnəs
uptilts,ʌpˈtɪlts
uptossed,ʌpˈtɒst
uptosses,ʌpˈtɒsəz
uptown,ˈʌptaʊn
uptowner,ˈʌptaʊnər
uptowners,ˈʌptaʊnərz
uptowns,ˈʌptaʊnz
uptrained,ʌpˈtreɪnd
uptrains,ʌpˈtreɪnz
upturned,ʌpˈtɜrnd
upturns,ʌpˈtɜrnz
upwafts,ʌpˈwæfts
upwelled,ʌpˈwɛld
upwells,ʌpˈwɛlz
upwhirled,ʌpˈwɜrld
upwhirls,ʌpˈwɜrlz
upwreathes,ʌpˈriðz
upwreaths,ʌpˈriθs
uralitises,ˈjʊrəlɪˌtaɪzəz
uralitizes,ˈjʊrəlɪˌtaɪzəz
urbanises,ˈɜrbənaɪzəz
urbanizes,ˈɜrbənaɪzəz
urceolate,ˈɜrsiəˌleɪt
urchin,ˈɜrtʃɪn
urchins,ˈɜrtʃɪnz
urchon,ˈɜrtʃɒn
urchons,ˈɜrtʃɒnz
urges,ˈɜrdʒəz
urinates,ˈjʊrəˌneɪts
urinative,ˈjʊrənətɪv
urine,ˈjʊrɪn
urines,ˈjʊrɪnz
urticates,ˈɜrtɪˌkeɪts
usabilities,ˌjuːzəˈbɪlətiz
usability,ˌjuːzəˈbɪləti
usable,ˈjuːzəbəl
usableness,ˈjuːzəbəlnəs
usably,ˈjuːzəbli
usage,ˈjuːsɪdʒ
usager,ˈjuːsɪdʒər
usagers,ˈjuːsɪdʒərz
usages,ˈjuːsɪdʒəz
usance,ˈjuːsəns
usances,ˈjuːsənsəz
use,juːz
useable,ˈjuːzəbəl
useably,ˈjuːzəbli
used,juːzd
user,ˈjuːzər
username,ˈjuːzərneɪm
usernames,ˈjuːzərneɪmz
users,ˈjuːzərz
uses,ˈjuːzəz
ushered,ˈʌʃərd
usherette,ˌʌʃəˈrɛt
usherettes,ˌʌʃəˈrɛts
ushers,ˈʌʃərz
using,ˈjuːzɪŋ
ustulate,ˈʌstʃəˌleɪt
usure,ˈjuːʒər
usured,ˈjuːʒərd
usures,ˈjuːʒərz
usurped,juːˈzɜrpt
usurps,juːˈzɜrps
utilises,ˈjuːtɪˌlaɪzəz
utilizes,ˈjuːtɪˌlaɪzəz
utmost,ˈʌtmoʊst
utmosts,ˈʌtmoʊsts
utriculate,juːˈtrɪkjəˌleɪt
uttered,ˈʌtərd
uttermost,ˈʌtərmoʊst
uttermosts,ˈʌtərmoʊsts
utters,ˈʌtərz
vacates,ˈveɪˌkeɪts
vacationed,veɪˈkeɪʃənd
vacations,veɪˈkeɪʃənz
vaccinates,ˈvæksɪˌneɪts
vacher,ˈvæʃər
vachers,ˈvæʃərz
vachery,ˈvæʃəri
vacillates,ˈvæsəˌleɪts
vacuates,ˈvækjuˌeɪts
vacuolate,ˈvækjəˌleɪt
vacuumed,ˈvækjuːmd
vacuums,ˈvækjuːmz
vagabonds,ˈvæɡəˌbɒndz
vaginate,ˈvædʒəˌneɪt
vagissates,væˈdʒɪseɪts
vague,veɪɡ
vaguely,ˈveɪɡli
vagueness,ˈveɪɡnəs
vaguer,ˈveɪɡər
vaguest,ˈveɪɡəst
vailed,veɪld
vails,veɪlz
valets,ˈvæleɪz
validates,ˈvæləˌdeɪts
valinch,ˈvælɪntʃ
valinches,ˈvælɪntʃəz
valorises,ˈvæləˌraɪzəz
valorizes,ˈvæləˌraɪzəz
valourises,ˈvæləˌraɪzəz
valuates,ˈvæljuˌeɪts
values,ˈvæljuːz
valve,vælv
valved,vælvd
valveless,ˈvælvləs
valvelet,ˈvælvlət
valvelets,ˈvælvləts
valves,vælvz
vamooses,væˈmuːsəz
vamoses,væˈmoʊsəz
vamped,væmpt
vamps,væmps
vandalises,ˈvændəˌlaɪzəz
vandalizes,ˈvændəˌlaɪzəz
vanged,væŋd
vangs,væŋz
vanguard,ˈvænˌɡɑrd
vanguardism,ˈvænˌɡɑrdɪzəm
vanguardisms,ˈvænˌɡɑrdɪzəmz
vanguardist,ˈvænˌɡɑrdɪst
vanguardists,ˈvænˌɡɑrdɪsts
vanguards,ˈvænˌɡɑrdz
vanished,ˈvænɪʃt
vanishes,ˈvænɪʃəz
vanned,vænd
vanpooled,ˈvænˌpuːld
vanpools,ˈvænˌpuːlz
vanquished,ˈvæŋkwɪʃt
vanquishes,ˈvæŋkwɪʃəz
vans,vænz
vapes,veɪps
vaporates,ˈveɪpəˌreɪts
vapored,ˈveɪpərd
vaporises,ˈveɪpəˌraɪzəz
vaporizes,ˈveɪpəˌraɪzəz
vapors,ˈveɪpərz
vapourates,ˈveɪpəˌreɪts
vapoured,ˈveɪpərd
vapourises,ˈveɪpəˌraɪzəz
vapourizes,ˈveɪpəˌraɪzəz
vapours,ˈveɪpərz
vapulates,ˈvæpjəˌleɪts
vaquero,vɑˈkɛroʊ
vaqueros,vɑˈkɛroʊz
vaquita,vɑˈkiːtə
vaquitas,vɑˈkiːtəz
variants,ˈvɛriənts
variate,ˈvɛriˌeɪt
variates,ˈvɛriˌeɪts,(verb),or,ˈvɛriˌəts,(noun)
varicolored,ˈvɛriˌkʌlərd
variegates,ˈvɛriəˌɡeɪts
varies,ˈvɛriz
varifies,ˈvɛrəˌfaɪz
variformed,ˈvɛriˌfɔrmd
variolate,ˈvɛriəˌleɪt
variolates,ˈvɛriəˌleɪts
varnished,ˈvɑrnɪʃt
varnishes,ˈvɑrnɪʃəz
varoomed,vəˈruːmd
varooms,vəˈruːmz
varveled,ˈvɑrvəld
varvelled,ˈvɑrvəld
vascularises,ˈvæskjələˌraɪzəz
vascularizes,ˈvæskjələˌraɪzəz
vasectomises,vəˈsɛktəˌmaɪzəz
vasectomizes,vəˈsɛktəˌmaɪzəz
vasoactive,ˌveɪzoʊˈæktɪv
vasoconstrictive,ˌveɪzoʊkənˈstrɪktɪv
vasoformative,ˌveɪzoʊˈfɔrmətɪv
vaticinates,vəˈtɪsəˌneɪts
vats,væts
vaults,vɔlts
vaunts,vɔnts
vealed,viːld
veals,viːlz
vectored,ˈvɛktərd
vectors,ˈvɛktərz
vedette,vɪˈdɛt
vedettes,vɪˈdɛts
veered,vɪrd
veers,vɪrz
vegetates,ˈvɛdʒəˌteɪts
vegetative,ˈvɛdʒətətɪv
vegetatively,ˈvɛdʒətətɪvli
vegetativeness,ˈvɛdʒətətɪvnəs
vegetive,ˈvɛdʒətɪv
veiled,veɪld
veils,veɪlz
veined,veɪnd
veins,veɪnz
velarises,ˈviːləˌraɪzəz
velarizes,ˈviːləˌraɪzəz
velate,ˈviːleɪt
vellicative,ˈvɛləˌkeɪtɪv
veloute,vɛluːˈteɪ
velures,vəˈlʊrz
velvetbreast,ˈvɛlvɪtˌbrɛst
velvetbreasts,ˈvɛlvɪtˌbrɛsts
vends,vɛndz
veneered,vəˈnɪrd
veneers,vəˈnɪrz
venenates,ˈvɛnəˌneɪts
venerates,ˈvɛnəˌreɪts
venomed,ˈvɛnəmd
ventilates,ˈvɛntəˌleɪts
ventilative,ˈvɛntələtɪv
ventriloquises,vɛnˈtrɪləˌkwaɪzəz
ventriloquizes,vɛnˈtrɪləˌkwaɪzəz
vents,vɛnts
ventures,ˈvɛntʃərz
venturesome,ˈvɛntʃərsəm
venturesomely,ˈvɛntʃərsəmli
venturesomeness,ˈvɛntʃərsəmnəs
verandaed,vəˈrændəd
verandahed,vəˈrændəd
verbalises,ˈvɜrbəˌlaɪzəz
verbalizes,ˈvɜrbəˌlaɪzəz
verbenates,ˈvɜrbəˌneɪts
verberates,ˈvɜrbəˌreɪts
verbifies,ˈvɜrbəˌfaɪz
verges,ˈvɜrdʒəz
vergette,vɜːrˈdʒɛt
vergettes,vɜːrˈdʒɛts
verificative,vəˈrɪfɪˌkeɪtɪv
verifies,ˈvɛrəˌfaɪz
verisimilitudes,ˌvɛrəsɪˈmɪlɪˌtuːdz
verjuice,ˈvɜrdʒuːs
verjuices,ˈvɜrdʒuːsəz
vermiculate,vərˈmɪkjəˌleɪt
vermiculates,vərˈmɪkjəˌleɪts
verminates,ˈvɜrməˌneɪts
vernacularises,vərˈnækjələˌraɪzəz
vernacularizes,vərˈnækjələˌraɪzəz
vernalises,ˈvɜrnəˌlaɪzəz
vernalizes,ˈvɜrnəˌlaɪzəz
vernates,ˈvɜrneɪts
verses,ˈvɜrsəz
versicolored,ˈvɜrsɪˌkʌlərd
versicoloured,ˈvɜrsɪˌkʌlərd
versifies,ˈvɜrsəˌfaɪz
versioned,ˈvɜrʒənd
versions,ˈvɜrʒənz
vertebrate,ˈvɜrtəˌbreɪt
vertebrates,ˈvɜrtəˌbreɪts
verticillate,vərˈtɪsəˌleɪt
vertiginate,vərˈtɪdʒəˌneɪt
vertiginates,vərˈtɪdʒəˌneɪts
verts,vɜrts
vesicates,ˈvɛsɪˌkeɪts
vesiculate,vəˈsɪkjəˌleɪt
vesiculates,vəˈsɪkjəˌleɪts
vesseled,ˈvɛsəld
vessels,ˈvɛsəlz
vests,vɛsts
veteranises,ˈvɛtərəˌnaɪzəz
veteranizes,ˈvɛtərəˌnaɪzəz
vetoes,ˈviːtoʊz
vets,vɛts
vexed,vɛkst
vexes,ˈvɛksəz
vexillate,ˈvɛksɪˌleɪt
vialed,ˈvaɪəld
vialled,ˈvaɪəld
vialling,ˈvaɪəlɪŋ
vials,ˈvaɪəlz
vibes,vaɪbz
vibrates,ˈvaɪˌbreɪts
vibrative,ˈvaɪbrətɪv
vicarates,ˈvɪkəreɪts
vicariate,vaɪˈkɛriˌeɪt
vicariates,vaɪˈkɛriˌeɪts
victimates,ˈvɪktɪˌmeɪts
victimises,ˈvɪktɪˌmaɪzəz
victimizes,ˈvɪktɪˌmaɪzəz
victual,ˈvɪtəl
victualed,ˈvɪtəld
victualled,ˈvɪtəld
victualler,ˈvɪtələr
victuallers,ˈvɪtələrz
victualling,ˈvɪtəlɪŋ
videocassettes,ˈvɪdiːoʊkæˌsɛts
videoconferences,ˈvɪdioʊˈkɒnfərənsəz
videos,ˈvɪdioʊz
videotapes,ˈvɪdioʊˌteɪps
vidette,vɪˈdɛt
videttes,vɪˈdɛts
vies,vaɪz
viewed,vjuːd
viewfinder,ˈvjuːˌfaɪndər
viewfinders,ˈvjuːˌfaɪndərz
views,vjuːz
vigneron,ˈviːnjərɒn
vignerons,ˈviːnjərɒnz
vignette,vɪnˈjɛt
vignetted,vɪnˈjɛtɪd
vignetter,vɪnˈjɛtər
vignetters,vɪnˈjɛtərz
vignettes,vɪnˈjɛts
vignetting,vɪnˈjɛtɪŋ
vignettist,vɪnˈjɛtɪst
vignettists,vɪnˈjɛtɪsts
vigored,ˈvɪɡərd
vilifies,ˈvɪləˌfaɪz
vilipends,ˈvɪləˌpɛndz
villain,ˈvɪlən
vinaigrette,ˌvɪnɪˈɡrɛt
vinaigrettes,ˌvɪnɪˈɡrɛts
vindicates,ˈvɪndɪˌkeɪts
vindicative,ˈvɪndɪˌkeɪtɪv
vindictive,vɪnˈdɪktɪv
vindictively,vɪnˈdɪktɪvli
vindictiveness,vɪnˈdɪktɪvnəs
vinegared,ˈvɪnɪɡərd
vinifies,ˈvɪnəˌfaɪz
violates,ˈvaɪəˌleɪts
violative,ˈvaɪələtɪv
virgate,ˈvɜrɡeɪt
virgates,ˈvɜrɡeɪts
virtualises,ˈvɜrtʃuːəˌlaɪzəz
virtualizes,ˈvɜrtʃuːəˌlaɪzəz
visaed,ˈviːzəd
visards,ˈvɪzərdz
visas,ˈviːzəz
viscacha,vɪsˈkɑtʃə
viscachas,vɪsˈkɑtʃəz
viscoses,vɪsˈkoʊsəz
vises,ˈvaɪsəz
visioned,ˈvɪʒənd
visions,ˈvɪʒənz
visits,ˈvɪzɪts
visive,ˈvɪzɪv
visored,ˈvaɪzərd
visors,ˈvaɪzərz
vistaed,ˈvɪstəd
visualises,ˈvɪʒuːəˌlaɪzəz
visualizes,ˈvɪʒuːəˌlaɪzəz
vitalisers,ˈvaɪtəlaɪzərz
vitalises,ˈvaɪtəˌlaɪzəz
vitalizes,ˈvaɪtəˌlaɪzəz
vitiates,ˈvɪʃiˌeɪts
vitrifies,ˈvɪtrəˌfaɪz
vitrioled,ˈvɪtriˌoʊld
vitriolled,ˈvɪtriˌoʊld
vitriolling,ˈvɪtriˌoʊlɪŋ
vitriols,ˈvɪtriˌoʊlz
vittles,ˈvɪtəlz
vituperates,vaɪˈtuːpəˌreɪts
vituperative,vaɪˈtuːpərətɪv
vituperatively,vaɪˈtuːpərətɪvli
vivifies,ˈvɪvəˌfaɪz
vivisects,ˈvɪvɪˌsɛkts
vizcacha,vɪsˈkɑtʃə
vizcachas,vɪsˈkɑtʃəz
vizierates,vɪˈzɪrəts
vizored,ˈvɪzərd
vocalises,ˈvoʊkəˌlaɪzəz
vocalizes,ˈvoʊkəˌlaɪzəz
vocative,ˈvɒkətɪv
vocatively,ˈvɒkətɪvli
vocatives,ˈvɒkətɪvz
vociferates,voʊˈsɪfəˌreɪts
vogue,voʊɡ
vogued,voʊɡd
vogueing,ˈvoʊɡɪŋ
voguer,ˈvoʊɡər
voguers,ˈvoʊɡərz
vogues,voʊɡz
voguing,ˈvoʊɡɪŋ
voguish,ˈvoʊɡɪʃ
voguishness,ˈvoʊɡɪʃnəs
voices,ˈvɔɪsəz
voids,vɔɪdz
volatilizes,ˈvɒlətɪlaɪzɪz
volatises,ˈvɒlətˌaɪzəz
volatizes,ˈvɒlətˌaɪzəz
voles,voʊlz
volitive,ˈvɒlətɪv
volleyed,ˈvɒlid
volleys,ˈvɒliz
volplanes,ˈvɒlˌpleɪnz
volumes,ˈvɒljuːmz
volunteered,ˌvɒlənˈtɪrd
volunteers,ˌvɒlənˈtɪrz
volvate,ˈvɒlveɪt
vomitive,ˈvɒmətɪv
vomitives,ˈvɒmətɪvz
vomits,ˈvɒmɪts
voodooed,ˈvuːduːd
voodoos,ˈvuːduːz
vortices,ˈvɔrtɪˌsiz
votes,voʊts
votive,ˈvoʊtɪv
votively,ˈvoʊtɪvli
votiveness,ˈvoʊtɪvnəs
vouch,vaʊtʃ
vouched,vaʊtʃt
vouchee,vaʊˈtʃiː
vouchees,vaʊˈtʃiːz
voucher,ˈvaʊtʃər
vouchered,ˈvaʊtʃərd
vouchering,ˈvaʊtʃərɪŋ
vouchers,ˈvaʊtʃərz
vouches,ˈvaʊtʃəz
vouching,ˈvaʊtʃɪŋ
vouchsafe,ˈvaʊtʃˌseɪf
vouchsafed,ˈvaʊtʃˌseɪft
vouchsafement,ˈvaʊtʃˌseɪfmənt
vouchsafements,ˈvaʊtʃˌseɪfmənts
vouchsafes,ˈvaʊtʃˌseɪfs
vouchsafing,ˈvaʊtʃˌseɪfɪŋ
vow,vaʊ
vowed,vaʊd
vowel,ˈvaʊəl
vowelisation,ˌvaʊəlaɪˈzeɪʃən
vowelisations,ˌvaʊəlaɪˈzeɪʃənz
vowelise,ˈvaʊəˌlaɪz
vowelised,ˈvaʊəˌlaɪzd
vowelises,ˈvaʊəˌlaɪzəz
vowelising,ˈvaʊəˌlaɪzɪŋ
vowelization,ˌvaʊələˈzeɪʃən
vowelizations,ˌvaʊələˈzeɪʃənz
vowelize,ˈvaʊəˌlaɪz
vowelized,ˈvaʊəˌlaɪzd
vowelizes,ˈvaʊəˌlaɪzəz
vowelizing,ˈvaʊəˌlaɪzɪŋ
vowels,ˈvaʊəlz
vower,ˈvaʊər
vowers,ˈvaʊərz
vowing,ˈvaʊɪŋ
vowless,ˈvaʊləs
vows,vaʊz
voyages,ˈvɔɪɪdʒəz
vroomed,vruːmd
vrooms,vruːmz
vrouw,fraʊ
vrouws,fraʊz
vulcanises,ˈvʌlkəˌnaɪzəz
vulcanizes,ˈvʌlkəˌnaɪzəz
vulgarises,ˈvʌlɡəˌraɪzəz
vulgarizes,ˈvʌlɡəˌraɪzəz
wabbles,ˈwɑbəlz
waddies,ˈwɑdiz
waddles,ˈwɑdəlz
wades,weɪdz
wads,wɑdz
waesome,ˈweɪsəm
wafered,ˈweɪfərd
wafers,ˈweɪfərz
waffed,wɑft
waffles,ˈwɑfəlz
waffs,wɑfs
wafts,wæfts
wagered,ˈweɪdʒərd
wagers,ˈweɪdʒərz
wages,ˈweɪdʒəz
wagged,wæɡd
waggers,ˈwæɡərz
waggles,ˈwæɡəlz
waggoned,ˈwæɡənd
waggons,ˈwæɡənz
wagoned,ˈwæɡənd
wagonette,ˌwæɡəˈnɛt
wagonettes,ˌwæɡəˈnɛts
wagons,ˈwæɡənz
wagonwright,ˈwæɡənˌraɪt
wagonwrights,ˈwæɡənˌraɪts
wags,wæɡz
wagsome,ˈwæɡsəm
wagsomeness,ˈwæɡsəmnəs
waifed,weɪfd
waifs,weɪfs
wailed,weɪld
wails,weɪlz
wailsome,ˈweɪlsəm
wailsomely,ˈweɪlsəmli
wailsomeness,ˈweɪlsəmnəs
waiments,ˈweɪmənts
wainscots,ˈweɪnskɒts
wainscotted,ˈweɪnskɒtəd
wainscotting,ˈweɪnskɒtɪŋ
wainwright,ˈweɪnˌraɪt
wainwrights,ˈweɪnˌraɪts
waired,wɛrd
wairs,wɛrz
waitressed,ˈweɪtrɪst
waitresses,ˈweɪtrɪsəz
waits,weɪts
waive,weɪv
waived,weɪvd
waives,weɪvz
wakened,ˈweɪkənd
wakens,ˈweɪkənz
wakes,weɪks
wales,weɪlz
walk,wɔk
walkable,ˈwɔkəbəl
walkabout,ˈwɔkəˌbaʊt
walkabouts,ˈwɔkəˌbaʊts
walkathon,ˈwɔkəˌθɒn
walkathons,ˈwɔkəˌθɒnz
walkaway,ˈwɔkəˌweɪ
walkaways,ˈwɔkəˌweɪz
walked,wɔkt
walker,ˈwɔkər
walkers,ˈwɔkərz
walking,ˈwɔkɪŋ
walkingstick,ˈwɔkɪŋˌstɪk
walkingsticks,ˈwɔkɪŋˌstɪks
walkoff,ˈwɔkˌɒf
walkoffs,ˈwɔkˌɒfs
walkout,ˈwɔkˌaʊt
walkouts,ˈwɔkˌaʊts
walkover,ˈwɔkˌoʊvər
walkovers,ˈwɔkˌoʊvərz
walks,wɔks
walkthrough,ˈwɔkˌθruː
walkthroughs,ˈwɔkˌθruːz
walkup,ˈwɔkˌʌp
walkups,ˈwɔkˌʌps
walkway,ˈwɔkˌweɪ
walkways,ˈwɔkˌweɪz
walled,wɔld
walleye,ˈwɔˌlaɪ
walleyed,ˈwɔˌlaɪd
walleyes,ˈwɔˌlaɪz
wallflower,ˈwɔlˌflaʊər
wallflowers,ˈwɔlˌflaʊərz
walloped,ˈwɑləpt
wallops,ˈwɑləps
wallowed,ˈwɑloʊd
wallows,ˈwɑloʊz
wallpapered,ˈwɔlˌpeɪpərd
wallpapers,ˈwɔlˌpeɪpərz
walls,wɔlz
waltzed,wɔltst
waltzes,ˈwɔltsəz
wambles,ˈwɑmbəlz
wampished,ˈwɑmpɪʃt
wandered,ˈwɑndərd
wanders,ˈwɑndərz
wanes,weɪnz
wangles,ˈwæŋɡəlz
wantoned,ˈwɑntənd
wantonises,ˈwɑntəˌnaɪzəz
wantonizes,ˈwɑntəˌnaɪzəz
wants,wɑnts
wappened,ˈwæpənd
wappered,ˈwæpərd
wappers,ˈwæpərz
warbles,ˈwɔrbəlz
wards,wɔrdz
warehouse,ˈwɛrˌhaʊs
warehoused,ˈwɛrˌhaʊst
warehouser,ˈwɛrˌhaʊzər
warehousers,ˈwɛrˌhaʊzərz
warehouses,ˈwɛrˌhaʊzəz
warehousing,ˈwɛrˌhaʊzɪŋ
warhead,ˈwɔrˌhɛd
warheads,ˈwɔrˌhɛdz
warked,wɑrkt
warks,wɑrks
warmblooded,ˈwɔrmˈblʌdəd
warmed,wɔrmd
warmhearted,ˈwɔrmˈhɑrtəd
warmheartedness,ˈwɔrmˈhɑrtədnəs
warms,wɔrmz
warned,wɔrnd
warns,wɔrnz
warped,wɔrpt
warpower,ˈwɔrˌpaʊər
warpowers,ˈwɔrˌpaʊərz
warps,wɔrps
warrants,ˈwɔrənts
warred,wɔrd
wars,wɔrz
washed,wɑʃt
washerwomen,ˈwɑʃərˌwɪmɪn
washes,ˈwɑʃəz
washwomen,ˈwɑʃˌwɪmɪn
wassailed,ˈwɑsəld
wassails,ˈwɑsəlz
wastes,weɪsts
wasteweir,ˈweɪstˌwɪr
wasteweirs,ˈweɪstˌwɪrz
watchdogged,ˈwɑtʃˌdɒɡd
watchdogs,ˈwɑtʃˌdɒɡz
watched,wɑtʃt
watches,ˈwɑtʃəz
watcheye,ˈwɑtʃˌaɪ
watcheyes,ˈwɑtʃˌaɪz
watchtower,ˈwɑtʃˌtaʊər
watchtowers,ˈwɑtʃˌtaʊərz
waterboards,ˈwɔtərˌbɔrdz
watercoloured,ˈwɔːtərˌkʌlərd
watercourse,ˈwɔtərˌkɔrs
watercourses,ˈwɔtərˌkɔrsəz
watered,ˈwɔtərd
waterflood,ˈwɔtərˌflʌd
waterflooded,ˈwɔtərˌflʌdəd
waterflooding,ˈwɔtərˌflʌdɪŋ
waterfloods,ˈwɔtərˌflʌdz
waterfowl,ˈwɔtərˌfaʊl
waterfowler,ˈwɔtərˌfaʊlər
waterfowlers,ˈwɔtərˌfaʊlərz
waterfowling,ˈwɔtərˌfaʊlɪŋ
waterfowls,ˈwɔtərˌfaʊlz
waterleaves,ˈwɔtərˌlivz
waterlogged,ˈwɔtərˌlɒɡd
waterlogs,ˈwɔtərˌlɒɡz
watermarked,ˈwɔtərˌmɑrkt
watermarks,ˈwɔtərˌmɑrks
waterpower,ˈwɔtərˌpaʊər
waterpowers,ˈwɔtərˌpaʊərz
waterproofed,ˈwɔtərˌpruːft
waterproofs,ˈwɔtərˌpruːfs
waters,ˈwɔtərz
waterskies,ˈwɔtərˌskaɪz
waterskis,ˈwɔtərˌskaɪz
watertight,ˈwɔtərˌtaɪt
watertightness,ˈwɔtərˌtaɪtnəs
wattles,ˈwɑtəlz
wauchts,wɔkts
waughts,wɔts
wauked,wɔkt
wauks,wɔks
wauled,wɔld
waulked,wɔkt
waulks,wɔks
wauls,wɔlz
waveguide,ˈweɪvˌɡaɪd
waveguides,ˈweɪvˌɡaɪdz
wavered,ˈweɪvərd
wavers,ˈweɪvərz
waves,weɪvz
wawled,wɔld
wawls,wɔlz
waxed,wækst
waxes,ˈwæksəz
waygone,ˈweɪˌɡɒn
waylays,ˈweɪˌleɪz
weakened,ˈwikənd
weakens,ˈwikənz
weakhearted,ˈwikˌhɑrtəd
weakheartedly,ˈwikˌhɑrtədli
weakheartedness,ˈwikˌhɑrtədnəs
wealed,wiːld
weals,wiːlz
wealth,wɛlθ
wealthier,ˈwɛlθiər
wealthiest,ˈwɛlθiəst
wealthily,ˈwɛlθiːli
wealthiness,ˈwɛlθinəs
wealths,wɛlθs
wealthy,ˈwɛlθi
weaned,wiːnd
weans,wiːnz
weapon,ˈwɛpən
weaponed,ˈwɛpənd
weaponing,ˈwɛpənɪŋ
weaponisation,ˌwɛpənaɪˈzeɪʃən
weaponisations,ˌwɛpənaɪˈzeɪʃənz
weaponise,ˈwɛpəˌnaɪz
weaponised,ˈwɛpəˌnaɪzd
weaponises,ˈwɛpəˌnaɪzəz
weaponising,ˈwɛpəˌnaɪzɪŋ
weaponization,ˌwɛpənəˈzeɪʃən
weaponizations,ˌwɛpənəˈzeɪʃənz
weaponize,ˈwɛpəˌnaɪz
weaponized,ˈwɛpəˌnaɪzd
weaponizes,ˈwɛpəˌnaɪzəz
weaponizing,ˈwɛpəˌnaɪzɪŋ
weaponless,ˈwɛpənləs
weaponries,ˈwɛpənriz
weaponry,ˈwɛpənri
weapons,ˈwɛpənz
wear,wɛr
wearabilities,ˌwɛrəˈbɪlətiz
wearability,ˌwɛrəˈbɪləti
wearable,ˈwɛrəbəl
wearables,ˈwɛrəbəlz
wearer,ˈwɛrər
wearers,ˈwɛrərz
wearies,ˈwɪriz
wearing,ˈwɛrɪŋ
wearingly,ˈwɛrɪŋli
wearish,ˈwɪrɪʃ
wearisome,ˈwɪrisəm
wearisomely,ˈwɪrisəmli
wearisomeness,ˈwɪrisəmnəs
wears,wɛrz
weaseled,ˈwiːzəld
weaselled,ˈwiːzəld
weaselling,ˈwiːzəlɪŋ
weaselly,ˈwiːzəli
weasels,ˈwiːzəlz
weather,ˈwɛðər
weatherabilities,ˌwɛðərəˈbɪlətiz
weatherability,ˌwɛðərəˈbɪləti
weatherboard,ˈwɛðərˌbɔrd
weatherboarded,ˈwɛðərˌbɔrdəd
weatherboarding,ˈwɛðərˌbɔrdɪŋ
weatherboardings,ˈwɛðərˌbɔrdɪŋz
weatherboards,ˈwɛðərˌbɔrdz
weathercast,ˈwɛðərˌkæst
weathercaster,ˈwɛðərˌkæstər
weathercasters,ˈwɛðərˌkæstərz
weathercasts,ˈwɛðərˌkæsts
weathercock,ˈwɛðərˌkɒk
weathercocks,ˈwɛðərˌkɒks
weathered,ˈwɛðərd
weatherglass,ˈwɛðərˌɡlæs
weatherglasses,ˈwɛðərˌɡlæsəz
weathering,ˈwɛðərɪŋ
weatherings,ˈwɛðərɪŋz
weatherisation,ˌwɛðəraɪˈzeɪʃən
weatherisations,ˌwɛðəraɪˈzeɪʃənz
weatherise,ˈwɛðəˌraɪz
weatherised,ˈwɛðəˌraɪzd
weatherises,ˈwɛðəˌraɪzəz
weatherising,ˈwɛðəˌraɪzɪŋ
weatherization,ˌwɛðərəˈzeɪʃən
weatherizations,ˌwɛðərəˈzeɪʃənz
weatherize,ˈwɛðəˌraɪz
weatherized,ˈwɛðəˌraɪzd
weatherizes,ˈwɛðəˌraɪzəz
weatherizing,ˈwɛðəˌraɪzɪŋ
weatherly,ˈwɛðərli
weatherman,ˈwɛðərˌmæn
weathermen,ˈwɛðərˌmɛn
weatherperson,ˈwɛðərˌpɜrsən
weatherpersons,ˈwɛðərˌpɜrsənz
weatherproof,ˈwɛðərˌpruːf
weatherproofed,ˈwɛðərˌpruːft
weatherproofing,ˈwɛðərˌpruːfɪŋ
weatherproofness,ˈwɛðərˌpruːfnəs
weatherproofs,ˈwɛðərˌpruːfs
weathers,ˈwɛðərz
weathervane,ˈwɛðərˌveɪn
weathervanes,ˈwɛðərˌveɪnz
weatherwise,ˈwɛðərˌwaɪz
weatherworn,ˈwɛðərˌwɔrn
weave,wiv
weaved,wivd
weaves,wivz
webbed,wɛbd
webcasts,ˈwɛbˌkæsts
webs,wɛbz
wedeled,ˈwɛdəld
wedels,ˈwɛdəlz
wedges,ˈwɛdʒəz
weds,wɛdz
weeds,widz
weekends,ˈwiːkˌɛndz
weeknight,ˈwiːkˌnaɪt
weeknights,ˈwiːkˌnaɪts
weened,wind
weens,winz
weeps,wips
weets,wits
weeviled,ˈwivəld
weevilled,ˈwivəld
weevilly,ˈwivəli
weewees,ˈwiːˌwiz
weigh,weɪ
weighable,ˈweɪəbəl
weighed,weɪd
weigher,ˈweɪər
weighers,ˈweɪərz
weighing,ˈweɪɪŋ
weighman,ˈweɪmən
weighmen,ˈweɪmən
weighs,weɪz
weight,weɪt
weighted,ˈweɪtəd
weighter,ˈweɪtər
weighters,ˈweɪtərz
weightier,ˈweɪtiər
weightiest,ˈweɪtiəst
weightily,ˈweɪtiːli
weightiness,ˈweɪtinəs
weighting,ˈweɪtɪŋ
weightless,ˈweɪtləs
weightlessly,ˈweɪtləsli
weightlessness,ˈweɪtləsnəs
weightlifter,ˈweɪtˌlɪftər
weightlifters,ˈweɪtˌlɪftərz
weightlifting,ˈweɪtˌlɪftɪŋ
weights,weɪts
weighty,ˈweɪti
weir,wɪr
weird,wɪrd
weirded,ˈwɪrdəd
weirder,ˈwɪrdər
weirdest,ˈwɪrdəst
weirdie,ˈwɪrdi
weirdies,ˈwɪrdiz
weirding,ˈwɪrdɪŋ
weirdly,ˈwɪrdli
weirdness,ˈwɪrdnəs
weirdo,ˈwɪrdoʊ
weirdoes,ˈwɪrdoʊz
weirdos,ˈwɪrdoʊz
weirds,wɪrdz
weirdy,ˈwɪrdi
weirs,wɪrz
welch,wɛltʃ
welched,wɛltʃt
welcher,ˈwɛltʃər
welchers,ˈwɛltʃərz
welches,ˈwɛltʃəz
welching,ˈwɛltʃɪŋ
welcome,ˈwɛlkəm
welcomed,ˈwɛlkəmd
welcomely,ˈwɛlkəmli
welcomeness,ˈwɛlkəmnəs
welcomes,ˈwɛlkəmz
welds,wɛldz
welldoer,ˈwɛlˌduːər
welldoers,ˈwɛlˌduːərz
welldoing,ˈwɛlˌduːɪŋ
welled,wɛld
wellhead,ˈwɛlˌhɛd
wellheads,ˈwɛlˌhɛdz
wellmeant,ˈwɛlˈmɛnt
wells,wɛlz
welshed,wɛlʃt
welshes,ˈwɛlʃəz
welshwomen,ˈwɛlʃˌwɪmɪn
weltered,ˈwɛltərd
welters,ˈwɛltərz
welterweight,ˈwɛltərˌweɪt
welterweights,ˈwɛltərˌweɪts
welts,wɛlts
wench,wɛntʃ
wenched,wɛntʃt
wencher,ˈwɛntʃər
wenchers,ˈwɛntʃərz
wenches,ˈwɛntʃəz
wenching,ˈwɛntʃɪŋ
wends,wɛndz
were,wɜr
weregild,ˈwɪrɡɪld
weregilds,ˈwɪrɡɪldz
werwolves,ˈwɜrˌwʊlvz
westered,ˈwɛstərd
westernises,ˈwɛstərˌnaɪzəz
westernizes,ˈwɛstərˌnaɪzəz
westernmost,ˈwɛstərnˌmoʊst
westmost,ˈwɛstˌmoʊst
wets,wɛts
whacked,wækt
whacks,wæks
whales,weɪlz
whammed,wæmd
whams,wæmz
whanged,wæŋd
whangs,wæŋz
whapped,wæpt
whaps,wæps
wharfed,wɔrft
wharfs,wɔrfs
wharve,wɔrv
wharves,wɔrvz
wheedles,ˈwiːdəlz
wheelbarrowed,ˈwiːlˌbæroʊd
wheelbarrows,ˈwiːlˌbæroʊz
wheelchair,ˈwiːlˌtʃɛr
wheelchairs,ˈwiːlˌtʃɛrz
wheeled,wiːld
wheels,wiːlz
wheelwright,ˈwiːlˌraɪt
wheelwrights,ˈwiːlˌraɪts
wheeples,ˈwiːpəlz
wheezes,ˈwiːzəz
whelmed,wɛlmd
whelms,wɛlmz
whelped,wɛlpt
whelps,wɛlps
whereinto,ˌwɛrˈɪntu
whereof,wɛrˈʌv
wherethrough,ˌwɛrˈθruː
whereto,wɛrˈtu
whereunto,ˌwɛriˈʌntu
wherries,ˈwɛriz
whets,wɛts
which,wɪtʃ
whichever,wɪtʃˈɛvər
whichsoever,ˌwɪtʃsoʊˈɛvər
whickered,ˈwɪkərd
whickers,ˈwɪkərz
whids,wɪdz
whiffed,wɪft
whiffles,ˈwɪfəlz
whiffs,wɪfs
whiles,waɪlz
whimpered,ˈwɪmpərd
whimpers,ˈwɪmpərz
whinchat,ˈwɪnˌtʃæt
whinchats,ˈwɪnˌtʃæts
whines,waɪnz
whinges,wɪndʒəz
whinnies,ˈwɪniz
whipped,wɪpt
whips,wɪps
whipsawed,ˈwɪpˌsɔd
whipsaws,ˈwɪpˌsɔz
whipstitched,ˈwɪpˌstɪtʃt
whipstitches,ˈwɪpˌstɪtʃəz
whirled,wɜrld
whirls,wɜrlz
whirred,wɜrd
whirrs,wɜrz
whirs,wɜrz
whished,wɪʃt
whishes,ˈwɪʃəz
whisked,wɪskt
whiskered,ˈwɪskərd
whisks,wɪsks
whispered,ˈwɪspərd
whispers,ˈwɪspərz
whistles,ˈwɪsəlz
whists,wɪsts
whitehead,ˈwaɪtˌhɛd
whiteheads,ˈwaɪtˌhɛdz
whitelists,ˈwaɪtˌlɪsts
whitened,ˈwaɪtənd
whitens,ˈwaɪtənz
whites,waɪts
whitewashed,ˈwaɪtˌwɑʃt
whitewashes,ˈwaɪtˌwɑʃəz
whittered,ˈwɪtərd
whitters,ˈwɪtərz
whittles,ˈwɪtəlz
whizzed,wɪzd
whizzes,ˈwɪzəz
who,hu
whodunit,huːˈdʌnɪt
whodunits,huːˈdʌnɪts
whodunnit,huːˈdʌnɪt
whodunnits,huːˈdʌnɪts
whoever,huːˈɛvər
wholehearted,ˈhoʊlˈhɑrtəd
wholeheartedly,ˈhoʊlˈhɑrtədli
wholesales,ˈhoʊlˌseɪlz
wholesome,ˈhoʊlsəm
wholesomely,ˈhoʊlsəmli
wholesomeness,ˈhoʊlsəmnəs
whom,hum
whomever,huːˈmɛvər
whomped,wɑmpt
whomps,wɑmps
whomso,ˈhuːmˌsoʊ
whomsoever,ˌhuːmsoʊˈɛvər
whoofed,wʊft
whoofs,wʊfs
whooped,wʊpt
whoops,wʊps
whooshed,wʊʃt
whooshes,ˈwʊʃəz
whopped,wɑpt
whops,wɑps
whores,hɔrz
whorled,wɜrld
whose,huz
whosesoever,ˌhuːzoʊˈɛvər
whosever,huːˈzɛvər
whoso,ˈhuːˌsoʊ
whosoever,ˌhuːsoʊˈɛvər
whumped,wʌmpt
whumps,wʌmps
wich,wɪtʃ
wiches,ˈwɪtʃəz
wicked,ˈwɪkəd
wicks,wɪks
widdles,ˈwɪdəlz
widened,ˈwaɪdənd
widens,ˈwaɪdənz
widespread,ˈwaɪtˌsprɛd
widgeon,ˈwɪdʒən
widgeons,ˈwɪdʒənz
widowed,ˈwɪdoʊd
widows,ˈwɪdoʊz
wields,wildz
wigeon,ˈwɪdʒən
wigeons,ˈwɪdʒənz
wigged,wɪɡd
wiggles,ˈwɪɡəlz
wight,waɪt
wights,waɪts
wigs,wɪɡz
wigwagged,ˈwɪɡˌwæɡd
wigwags,ˈwɪɡˌwæɡz
wild,waɪld
wildcat,ˈwaɪldˌkæt
wildcats,ˈwaɪldˌkæts
wildcatted,ˈwaɪldˌkætəd
wildcatter,ˈwaɪldˌkætər
wildcatters,ˈwaɪldˌkætərz
wildcatting,ˈwaɪldˌkætɪŋ
wilded,ˈwaɪldəd
wilder,ˈwaɪldər
wildest,ˈwaɪldəst
wildfire,ˈwaɪldˌfaɪər
wildfires,ˈwaɪldˌfaɪərz
wildflower,ˈwaɪldˌflaʊər
wildflowers,ˈwaɪldˌflaʊərz
wildfowl,ˈwaɪldˌfaʊl
wildfowled,ˈwaɪldˌfaʊld
wildfowler,ˈwaɪldˌfaʊlər
wildfowlers,ˈwaɪldˌfaʊlərz
wildfowling,ˈwaɪldˌfaʊlɪŋ
wildfowls,ˈwaɪldˌfaʊlz
wilding,ˈwaɪldɪŋ
wildings,ˈwaɪldɪŋz
wildish,ˈwaɪldɪʃ
wildland,ˈwaɪldˌlænd
wildlands,ˈwaɪldˌlændz
wildlife,ˈwaɪldˌlaɪf
wildling,ˈwaɪldlɪŋ
wildlings,ˈwaɪldlɪŋz
wildly,ˈwaɪldli
wildness,ˈwaɪldnəs
wilds,waɪldz
wildwood,ˈwaɪldˌwʊd
wildwoods,ˈwaɪldˌwʊdz
wiles,waɪlz
willed,wɪld
willies,ˈwɪliz
willowed,ˈwɪloʊd
willows,ˈwɪloʊz
willpower,ˈwɪlˌpaʊər
willpowers,ˈwɪlˌpaʊərz
wills,wɪlz
wilts,wɪlts
wimbles,ˈwɪmbəlz
wimples,ˈwɪmpəlz
wimps,wɪmps
winces,ˈwɪnsəz
winch,wɪntʃ
winched,wɪntʃt
wincher,ˈwɪntʃər
winchers,ˈwɪntʃərz
winches,ˈwɪntʃəz
winching,ˈwɪntʃɪŋ
wind,waɪnd
windable,ˈwaɪndəbəl
windbreak,ˈwɪndˌbreɪk
windbreaker,ˈwɪndˌbreɪkər
windbreakers,ˈwɪndˌbreɪkərz
windbreaks,ˈwɪndˌbreɪks
windburned,ˈwɪndˌbɜrnd
windchill,ˈwɪndˌtʃɪl
windchills,ˈwɪndˌtʃɪlz
winder,ˈwaɪndər
winders,ˈwaɪndərz
windflower,ˈwɪndˌflaʊər
windflowers,ˈwɪndˌflaʊərz
winding,ˈwaɪndɪŋ
windings,ˈwaɪndɪŋz
windlassed,ˈwɪndləst
windlasses,ˈwɪndləsəz
windles,ˈwɪndəlz
windmilled,ˈwɪndˌmɪld
windmills,ˈwɪndˌmɪlz
windowed,ˈwɪndoʊd
windows,ˈwɪndoʊz
windrowed,ˈwɪndroʊd
windrows,ˈwɪndroʊz
winds,waɪndz
windsurfed,ˈwɪndˌsɜrft
windsurfs,ˈwɪndˌsɜrfs
windup,ˈwɪndˌʌp
windups,ˈwɪndˌʌps
wines,waɪnz
winged,wɪŋd
wings,wɪŋz
wingspread,ˈwɪŋˌsprɛd
wingspreads,ˈwɪŋˌsprɛdz
winked,wɪŋkt
winkles,ˈwɪŋkəlz
winks,wɪŋks
winned,wɪnd
winnowed,ˈwɪnoʊd
winnows,ˈwɪnoʊz
wins,wɪnz
winsome,ˈwɪnsəm
winsomely,ˈwɪnsəmli
winsomeness,ˈwɪnsəmnəs
wintered,ˈwɪntərd
winterises,ˈwɪntəˌraɪzəz
winterizes,ˈwɪntəˌraɪzəz
winters,ˈwɪntərz
wintles,ˈwɪntəlz
wipes,waɪps
wiredraws,ˈwaɪərˌdrɔz
wirehaired,ˈwaɪərˌhɛrd
wires,ˈwaɪərz
wiretapped,ˈwaɪərˌtæpt
wiretaps,ˈwaɪərˌtæps
wisecracked,ˈwaɪzˌkrækt
wisecracks,ˈwaɪzˌkræks
wises,ˈwaɪzəz
wisewomen,ˈwaɪzˌwɪmɪn
wished,wɪʃt
wishes,ˈwɪʃəz
wisped,wɪspt
wisps,wɪsps
witched,wɪtʃt
witches,ˈwɪtʃəz
wites,waɪts
withdraws,wɪðˈdrɔz
withered,ˈwɪðərd
withers,ˈwɪðərz
withes,wɪðz
withholds,wɪθˈhoʊldz
withstands,wɪθˈstændz
witnessed,ˈwɪtnəst
witnesses,ˈwɪtnəsəz
wives,waɪvz
wizened,ˈwɪzənd
woads,woʊdz
wobbles,ˈwɑbəlz
wobegone,ˈwoʊbɪˌɡɒn
woebegone,ˈwoʊbɪˌɡɒn
woebegoneness,ˈwoʊbɪˌɡɒnnəs
woesome,ˈwoʊsəm
woesomely,ˈwoʊsəmli
wolfed,wʊlft
wolfs,wʊlfs
wolves,wʊlvz
womaned,ˈwʊmənd
womanises,ˈwʊməˌnaɪzəz
womanizes,ˈwʊməˌnaɪzəz
womankind,ˈwʊmənˌkaɪnd
womanpower,ˈwʊmənˌpaʊər
womanpowers,ˈwʊmənˌpaʊərz
womans,ˈwʊmənz
womb,wum
wombed,wumd
wombier,ˈwʊmbiər
wombiest,ˈwʊmbiəst
wombs,wumz
womby,ˈwʊmbi
women,ˈwɪmɪn
womenfolk,ˈwɪmɪnˌfoʊk
womenfolks,ˈwɪmɪnˌfoʊks
wondered,ˈwʌndərd
wonders,ˈwʌndərz
wonged,wɒŋd
wongs,wɒŋz
wonts,wɒnts
woodbind,ˈwʊdˌbaɪnd
woodbinds,ˈwʊdˌbaɪndz
woodchat,ˈwʊdˌtʃæt
woodchats,ˈwʊdˌtʃæts
woodchopper,ˈwʊdˌtʃɒpər
woodchoppers,ˈwʊdˌtʃɒpərz
woodchuck,ˈwʊdˌtʃʌk
woodchucks,ˈwʊdˌtʃʌks
woodenhead,ˈwʊdənˌhɛd
woodenheaded,ˈwʊdənˌhɛdəd
woodenheadedness,ˈwʊdənˌhɛdədnəs
woodenheads,ˈwʊdənˌhɛdz
woods,wʊdz
woodsheds,ˈwʊdˌʃɛdz
woofed,wʊft
woofs,wʊfs
wooled,wuld
woolled,wuld
woos,wuz
wooshed,wʊʃt
wooshes,ˈwʊʃəz
words,wɜrdz
workbench,ˈwɜrkˌbɛntʃ
workbenches,ˈwɜrkˌbɛntʃəz
worked,wɜrkt
workingwomen,ˈwɜrkɪŋˌwɪmɪn
workpeople,ˈwɜrkˌpipəl
works,wɜrks
workwomen,ˈwɜrkˌwɪmɪn
wormed,wɜrmd
worms,wɜrmz
worries,ˈwɜriz
worrisome,ˈwɜrisəm
worrisomely,ˈwɜrisəmli
worrisomeness,ˈwɜrisəmnəs
worrits,ˈwɜrɪts
worsened,ˈwɜrsənd
worsens,ˈwɜrsənz
worshiped,ˈwɜrʃɪpt
worshipped,ˈwɜrʃɪpt
worshipper,ˈwɜrʃɪpər
worshippers,ˈwɜrʃɪpərz
worshipping,ˈwɜrʃɪpɪŋ
worships,ˈwɜrʃɪps
worthed,wɜrθt
would,wʊd
wouldst,wʊdst
wound,waʊnd
wounded,ˈwundəd
wounder,ˈwaʊndər
wounders,ˈwaʊndərz
wounding,ˈwaʊndɪŋ
woundless,ˈwaʊndləs
wounds,waʊndz
wow,waʊ
wowed,waʊd
wowing,ˈwaʊɪŋ
wows,waʊz
wowser,ˈwaʊzər
wowsers,ˈwaʊzərz
wracked,rækt
wracks,ræks
wrangles,ˈræŋɡəlz
wrapped,ræpt
wraps,ræps
wrassles,ˈræsəlz
wrastles,ˈræsəlz
wrathed,ræθt
wraths,ræθs
wreaked,rikt
wreaks,riks
wreathes,riðz
wrecked,rɛkt
wrecks,rɛks
wrench,rɛntʃ
wrenched,rɛntʃt
wrencher,ˈrɛntʃər
wrenchers,ˈwɛntʃərz
wrenchers,ˈrɛntʃərz
wrenches,ˈrɛntʃəz
wrenching,ˈrɛntʃɪŋ
wrenchingly,ˈrɛntʃɪŋli
wrestles,ˈrɛsəlz
wrests,rɛsts
wricked,rɪkt
wricks,rɪks
wries,raɪz
wriggles,ˈrɪɡəlz
wright,raɪt
wrights,raɪts
wringed,rɪŋd
wrings,rɪŋz
wrinkles,ˈrɪŋkəlz
writes,raɪts
writhes,raɪðz
writings,ˈraɪtɪŋz
wrongdoer,ˈrɒŋˌduːər
wrongdoers,ˈrɒŋˌduːərz
wrongdoing,ˈrɒŋˌduːɪŋ
wrongdoings,ˈrɒŋˌduːɪŋz
wronged,rɒŋd
wrongheaded,ˈrɒŋˈhɛdəd
wrongheadedly,ˈrɒŋˈhɛdədli
wrongheadedness,ˈrɒŋˈhɛdədnəs
wrongs,rɒŋz
wrought,rɔt
wuthered,ˈwʌðərd
wuthers,ˈwʌðərz
wych,wɪtʃ
wyches,ˈwɪtʃəz
wyles,waɪlz
wytes,waɪts
xenotransplants,ˈziːnoʊˌtrænsplænts
xeroxed,ˈzɪrɒkst
xeroxes,ˈzɪrɒksəz
yabbered,ˈjæbərd
yabbers,ˈjæbərz
yacht,jɒt
yachted,ˈjɒtɪd
yachter,ˈjɒtər
yachters,ˈjɒtərz
yachting,ˈjɒtɪŋ
yachtings,ˈjɒtɪŋz
yachtman,ˈjɒtmən
yachtmen,ˈjɒtmən
yachts,jɒts
yachtsman,ˈjɒtsmən
yachtsmen,ˈjɒtsmən
yacked,jækt
yacks,jæks
yaffed,jæft
yaffs,jæfs
yakked,jækt
yaks,jæks
yammered,ˈjæmərd
yammers,ˈjæmərz
yams,jæmz
yanked,jæŋkt
yanks,jæŋks
yanqui,ˈjæŋki
yanquis,ˈjæŋkiz
yapped,jæpt
yaps,jæps
yards,jɑrdz
yarked,jɑrkt
yarks,jɑrks
yarned,jɑrnd
yarns,jɑrnz
yarred,jɑrd
yarrs,jɑrz
yars,jɑrz
yattered,ˈjætərd
yatters,ˈjætərz
yauped,jɔpt
yawed,jɔd
yawled,jɔld
yawls,jɔlz
yawned,jɔnd
yawns,jɔnz
yawped,jɔpt
yawps,jɔps
yaws,jɔz
yeads,jɛdz
yeaned,jiːnd
yeans,jiːnz
yeared,jɪrd
yearn,jɜrn
yearned,jɜrnd
yearner,ˈjɜrnər
yearners,ˈjɜrnərz
yearnful,ˈjɜrnfəl
yearning,ˈjɜrnɪŋ
yearningly,ˈjɜrnɪŋli
yearnings,ˈjɜrnɪŋz
yearns,jɜrnz
yeasts,jiːsts
yelled,jɛld
yellowed,ˈjɛloʊd
yellows,ˈjɛloʊz
yells,jɛlz
yelped,jɛlpt
yelps,jɛlps
yenned,jɛnd
yens,jɛnz
yeoman,ˈjoʊmən
yeomanlike,ˈjoʊmənˌlaɪk
yeomanly,ˈjoʊmənli
yeomanries,ˈjoʊmənriz
yeomanry,ˈjoʊmənri
yeomen,ˈjoʊmən
yerked,jɜrkt
yerks,jɜrks
yeses,ˈjɛsəz
yessed,jɛst
yesses,ˈjɛsəz
yesternight,ˈjɛstərˌnaɪt
yesternights,ˈjɛstərˌnaɪts
yeuked,jukt
yeuks,juks
yexed,jɛkst
yexes,ˈjɛksəz
yields,jildz
yipped,jɪpt
yips,jɪps
yirred,jɜrd
yirrs,jɜrz
yocked,jɒkt
yocks,jɒks
yodeled,ˈjoʊdəld
yodelled,ˈjoʊdəld
yodeller,ˈjoʊdələr
yodellers,ˈjoʊdələrz
yodelling,ˈjoʊdəlɪŋ
yodels,ˈjoʊdəlz
yodles,ˈjoʊdəlz
yokes,joʊks
yolk,joʊk
yolked,joʊkt
yolkier,ˈjoʊkiər
yolkiest,ˈjoʊkiəst
yolks,joʊks
yolky,ˈjoʊki
yorked,jɔrkt
yorks,jɔrks
yotes,joʊts
you,ju
young,jʌŋ
youngberries,ˈjʌŋˌbɛriz
youngberry,ˈjʌŋˌbɛri
younged,jʌŋd
younger,ˈjʌŋər
youngest,ˈjʌŋəst
younging,ˈjʌŋɪŋ
youngish,ˈjʌŋɪʃ
youngling,ˈjʌŋlɪŋ
younglings,ˈjʌŋlɪŋz
youngly,ˈjʌŋli
youngness,ˈjʌŋnəs
youngs,jʌŋz
youngster,ˈjʌŋstər
youngsters,ˈjʌŋstərz
youngth,jʌŋθ
youngthly,ˈjʌŋθli
youngun,ˈjʌŋən
younguns,ˈjʌŋənz
younker,ˈjʌŋkər
younkers,ˈjʌŋkərz
your,jʊr
yourn,jʊrn
yours,jʊrz
yourself,jʊrˈsɛlf
yourselves,jʊrˈsɛlvz
yous,juːz
youse,juːz
youth,juθ
youthen,ˈjuθən
youthened,ˈjuθənd
youthening,ˈjuθənɪŋ
youthens,ˈjuθənz
youthful,ˈjuθfəl
youthfully,ˈjuθfəli
youthfulness,ˈjuθfəlnəs
youthhood,ˈjuθhʊd
youthly,ˈjuθli
youthquake,ˈjuθˌkweɪk
youthquakes,ˈjuθˌkweɪks
youths,juθs
youthsome,ˈjuθsəm
youthy,ˈjuθi
yowie,ˈjaʊi
yowies,ˈjaʊiz
yowl,jaʊl
yowled,jaʊld
yowler,ˈjaʊlər
yowlers,ˈjaʊlərz
yowley,ˈjaʊli
yowleys,ˈjaʊliz
yowling,ˈjaʊlɪŋ
yowls,jaʊlz
yukked,jʌkt
yuks,jʌks
zagged,zæɡd
zags,zæɡz
zapped,zæpt
zaps,zæps
zealed,ziːld
zealot,ˈzɛlət
zealotic,zəˈlɒtɪk
zealotical,zəˈlɒtɪkəl
zealotism,ˈzɛlətɪzəm
zealotist,ˈzɛlətɪst
zealotists,ˈzɛlətɪsts
zealotries,ˈzɛlətriz
zealotry,ˈzɛlətri
zealots,ˈzɛləts
zealous,ˈzɛləs
zealously,ˈzɛləsli
zealousness,ˈzɛləsnəs
zeroes,ˈzɪroʊz
zeros,ˈzɪroʊz
zests,zɛsts
zigged,zɪɡd
zigs,zɪɡz
zigzagged,ˈzɪɡˌzæɡd
zigzags,ˈzɪɡˌzæɡz
zilch,zɪltʃ
zilches,ˈzɪltʃəz
zinced,zɪŋkt
zincic,ˈzɪŋkɪk
zincifies,ˈzɪŋkəˌfaɪz
zincked,zɪŋkt
zinckifies,ˈzɪŋkəˌfaɪz
zinged,zɪŋd
zings,zɪŋz
zinkifies,ˈzɪŋkəˌfaɪz
ziplines,ˈzɪpˌlaɪnz
zipped,zɪpt
zippered,ˈzɪpərd
zippers,ˈzɪpərz
zips,zɪps
zizzed,zɪzd
zizzes,ˈzɪzəz
zizzles,ˈzɪzəlz
zombifies,ˈzɒmbəˌfaɪz
zones,zoʊnz
zonked,zɒŋkt
zonks,zɒŋks
zoomed,zumd
zooms,zumz
