# GENERATED by build/derive-ipa.py --enc 101 --syllables 0 (CMUdict, General American).
# grapheme = euspelling; ipa = headword pronunciation; gloss = headword.
grapheme,ipa,gloss
aardwolvs,ˈɑɹˌdwoʊlz,aardwolves
abaer,əˈbɛɹ,abear
abaerance,əˈbɛɹəns,abearance
abaering,əˈbiːɹɪŋ,abearing
abdicativ,æbˈdækətɪv,abdicative
abditiv,ˈæbdətɪv,abditive
abductiv,æbˈdʌktɪv,abductive
abductivly,æbˈdʌktɪvliː,abductively
abilding,əˈbuːdəlɪŋ,abuilding
abirritativ,əˈbɹiːətətɪv,abirritative
abjunctiv,əbˈdʒʌŋktɪp,abjunctive
ablativ,ˈæblətɪv,ablative
ablativly,æˈblætɪvliː,ablatively
ablativs,æˈblætɪvz,ablatives
abnegativ,æbˈnæɡətɪv,abnegative
aboht,əˈbaʊt,abought
abortivly,əˈbɔɹtɪvliː,abortively
abortivness,əˈbɔɹtɪvɪnz,abortiveness
abovdeck,əˈbʌvɪdɪk,abovedeck
abovground,əˈbʌvəɹɡnəd,aboveground
abovsaid,əˈbaʊvəds,abovesaid
abranchiat,əˈbɹænˌtʃaɪt,abranchiate
abranchiats,əˈbɹæntʃiːˌeɪts,abranchiates
abrasivly,əˈbɹeɪsəvliː,abrasively
abrasivness,əˈbɹeɪsəvənzɪz,abrasiveness
abridgments,əˈbɹɪdʒmənts,abridgements
abroaqh,ˈæbɹaʊk,abroach
abrogativ,ˈæbɹəˌɡeɪtɪv,abrogative
absentmynded,æbˈsnɛtsmənd,absentminded
absentmyndedly,æbˈsnɛstəndliːd,absentmindedly
absentmyndedness,æbˈstɛndmənts,absentmindedness
absinths,ˈæbsɪnθs,absinthes
absolutiv,æbˈsuːlətɪv,absolutive
absorptiv,əbˈzɔɹpɪts,absorptive
absorptivness,əbˈzɔɹpstənz,absorptiveness
abstersiv,ˈæbstəɹsˌvɪp,abstersive
abstersivness,æbˈstɜɹsvɪnz,abstersiveness
abstractiv,ˈæbˌstɹæktɪv,abstractive
abstractivly,ˌæbˈstɹæktɪvliː,abstractively
abstractivness,ˌæbˈstɹæktənsɪz,abstractiveness
abulia,əˈbuːljə,aboulia
abulias,əˈbuːljəz,aboulias
abulic,əˈbuːlɪk,aboulic
abusivly,əˈbʌsəvliː,abusively
abusivness,əˈbjuːsəpəsnɪs,abusiveness
abuzable,əˈbjuːzəbəl,abusable
abuzage,əˈbjuːsɪdʒ,abusage
abuzages,əˈbjuːsɪdʒɪz,abusages
acaju,əˈkɑjuː,acajou
acajus,ˈækəjuːz,acajous
accelerativ,ækˈsɛləɹˌeɪtɪv,accelerative
acceptiv,əkˈsɛptɪv,acceptive
accessiv,ækˈsɛsɪv,accessive
accommodativly,əˈkɑmədətɪvliː,accommodatively
accommodativness,əˌkɑmədəˈtɪnst,accommodativeness
accooter,əˈkaʊtəɹ,accouter
accootering,əˈkaʊtəɹɪŋ,accoutring
accort,əˈkaʊəɹt,accourt
accorted,əˈkɜɹtəd,accourted
accorting,əˈkɔɹtɪŋ,accourting
accretiv,əˈkɹiːtɪv,accretive
accroaqh,ˈækɹoʊtʃæk,accroach
accroaqhing,əˈkɹoʊtʃɪŋ,accroaching
accroaqhment,əˈkɹoʊməntənt,accroachment
accroaqhments,əˈkɹoʊməntst,accroachments
acculturativ,əˈkʌltəɹətɪk,acculturative
accupple,əˈkʌpəl,accouple
accuppled,əˈkʌpəld,accoupled
accupplement,əˈkʌpləmənt,accouplement
accupplements,əˈkʌpləmənts,accouplements
accuppling,əˈkʌplɪŋ,accoupling
accuratness,ˈækjəɹəˌteɪnz,accurateness
accurrage,ˈækjʊɹɪdʒ,accourage
accurraged,əˈkɜɹɪdʒd,accouraged
accurraging,ˈækəɹɪdʒɪŋ,accouraging
accusativly,əˈkjuːzətɪvliː,accusatively
accusativs,əˈkjuːzətɪvz,accusatives
acervat,ˈæsəɹˌveɪt,acervate
acervativ,ˈæsəɹˌveɪtɪv,acervative
acervatly,ˈæsəɹˌveɪtəliː,acervately
acetylativ,əˈsɛtəˌleɪtɪv,acetylative
aciculat,əˈsɪkjəˌleɪt,aciculate
acidhedd,ˈæsɪhˌdɛd,acidhead
acidhedds,əˈsiːdədz,acidheads
acknoledgedly,ˌæknəˈɡɛdəliː,acknowledgedly
acknoledger,ˌæknəˈluːdʒəɹ,acknowledger
acknoledgers,ˌæknəlˈwɪdʒəɹz,acknowledgers
acknoledgments,ækˈnɑlmədɪnts,acknowledgments
acoostician,əˈkuːstʃəsən,acoustician
acoosticians,əˈkuːstɪʃənz,acousticians
acquisitivly,əˈkwɪzɪtɪvliː,acquisitively
acquisitivness,əˈkwɪzətəsnəst,acquisitiveness
activness,ˈæktɪvnəs,activeness
aculeat,ˈækjəˌleɪt,aculeate
aculeats,ˈækjəˌleɪts,aculeates
aculeolat,əˈkjuːljəˌleɪt,aculeolate
acumeter,əˈkuːmətəɹ,acoumeter
acumeters,əˈkuːmətəɹz,acoumeters
acumetry,əˈkuːmətɹiː,acoumetry
acutifoliat,əˌkʌtəpəˈlaɪtəf,acutifoliate
adaptativ,əˈdæptəpɪt,adaptative
adaptativly,əˈdæptətɪvliː,adaptatively
adaptativness,ˌædəpˈtɛpəsts,adaptativeness
adaptivly,əˈdæptɪvliː,adaptively
adaptivness,əˈdæptɪpɪnz,adaptiveness
addictivly,əˈdɪktɪvliː,addictively
addictivness,əˈdɪktɪvnəs,addictiveness
additivly,əˈdɪtɪvliː,additively
additivness,əˈdɪtɪvnəs,additiveness
adductiv,əˈdʌktɪv,adductive
adductivly,əˈdʌktɪvliː,adductively
adequatness,ˈædəkwəˌwɛtsəz,adequateness
adhesivly,ædˈhiːsɪvliː,adhesively
adhesivness,ædˈhiːsəvənsəz,adhesiveness
adiht,ˈeɪˌdaɪt,adight
adihted,ˈeɪˌdaɪtɪd,adighted
adihting,ˈeɪˌdaɪtɪŋ,adighting
adjectivly,əˈdʒɛktɪvliː,adjectively
adjudicativ,əˈdʒuːdɪˌkeɪtɪv,adjudicative
adjunctiv,əˈdʒʌŋktɪv,adjunctive
adjunctivly,əˈdʒʌŋktɪvliː,adjunctively
adjunctivness,əˈdʒʌŋktɪvnəs,adjunctiveness
adjurnal,əˈdʒɜɹnəl,adjournal
adjurnments,əˈdʒɜɹnmənts,adjournments
adjustiv,əˈdʒuːstɪv,adjustive
admesure,ædməˈsʊɹ,admeasure
admesured,ædmiːˈzʊɹd,admeasured
admesurement,ədˈmɪsəɹənt,admeasurement
admesurements,ədˈmɪsəɹənts,admeasurements
admesurer,ædməˈsɜɹbəɹ,admeasurer
admesuring,ˈædməˌʃʊɹɪŋ,admeasuring
admirativ,ædˈmɪɹətɪv,admirative
admirativly,ædˈmɪɹətɪvliː,admiratively
admissiv,ædˈmɪsɪv,admissive
admissivly,ædˈmɪsɪvliː,admissively
admonitiv,ædˈmɑnɪtɪv,admonitive
admonitivly,ædˈmɑnɪtɪvliː,admonitively
admoov,ˈædəmv,admove
admoovd,ədˈmoʊvd,admoved
admooving,ˈædəmvɪŋ,admoving
adoptivly,əˈdɑptɪvliː,adoptively
adredd,əˈdɹɛd,adread
adredded,əˈdɹiːdɛd,adreaded
adredding,əˈdɹɛmɪŋ,adreading
adscriptiv,ədˈspɹɪktɪv,adscriptive
adsorptiv,ədˈsɔɹpɪts,adsorptive
adsorptivly,ədˈsɔɹpɪtsɪl,adsorptively
adsorptivness,ədˈsɔɹpɪsts,adsorptiveness
adumbrativ,əˈdʌmɹətɪbəv,adumbrative
adumbrativly,əˈdʌmɹətɪbliː,adumbratively
aduwn,əˈdaʊn,adown
advectiv,ædˈvɛktɪv,advective
adventiv,ædˈvɛntɪv,adventive
adventivs,ædˈvɛntɪvz,adventives
adventuresomness,ædˈvɛntʃəɹsənzəm,adventuresomeness
adversativ,ˈædvəɹˌseɪtɪv,adversative
adversativly,ˌædvəɹˈsætɪvliː,adversatively
adversativs,ˈædvəɹˌseɪtɪvz,adversatives
adversifoliat,ˌædvəɹsəfəˈleɪʃə,adversifoliate
advocativ,ˈædvəkətɪv,advocative
advocatship,ædˈvɑkətʃɪps,advocateship
advocatships,ædˈvɑkətɪʃɪps,advocateships
advuwee,ædˈvaʊiː,advowee
advuwees,ædˈvaʊiːz,advowees
advuwson,ˈædvoʊsən,advowson
advuwsons,ˈædvoʊsənz,advowsons
advuwtry,ˈædvwəɹtiː,advowtry
adz,ædz,adze
affectionatness,ˌæfkəˈtɪʃənəst,affectionateness
affectivness,əˈfɛktɪvnəs,affectiveness
affinitativ,əˈfɪnətɪtɪv,affinitative
affinitativly,əˈfɪnɪtɪvliː,affinitatively
affinitiv,əˈfɪnətɪv,affinitive
affirmativs,əˈfɜɹmətɪsts,affirmatives
afflictiv,əˈflɪktɪv,afflictive
afflictivly,əˈflɪktɪvliː,afflictively
afformativ,əˈfɔɹmətɪst,afformative
afformativs,əˈfɔɹmətɪst,afformatives
affranqhise,ˈæfɹənˌsaɪz,affranchise
affranqhised,ˈæfɹənˌsaɪzd,affranchised
affranqhisement,ˈæfɹənˌtʃaɪzmɪnts,affranchisement
affranqhisements,ˈæfɹəntʃəmsənts,affranchisements
affranqhising,ˈæfɹənˌzaɪkɪŋ,affranchising
affreiht,əˈfɹaɪt,affreight
affreihted,əˈfɹaɪtɪd,affreighted
affreihter,ˈæˌfɹaɪtəɹ,affreighter
affreihters,ˈæˌfɹaɪtəɹz,affreighters
affreihting,ˈæˌfɹaɪtɪŋ,affreighting
affreihtment,əˈfɹɛtmənt,affreightment
affreihtments,əˈfɹɛtmənts,affreightments
affrended,əˈfɹɛndəd,affriended
affricativ,ˈæfɹəkətɪv,affricative
affricativs,ˈæfɹəkətɪvz,affricatives
affrontiv,əˈfɹʌntɪv,affrontive
affrontivly,əˈfɹɑntɪvliː,affrontively
affrontivness,əˈfɹʌntɪsnɪs,affrontiveness
affuze,əˈfjuːz,affuse
affuzed,əˈfjuːzd,affused
affuzing,əˈfjuːzɪŋ,affusing
aftergard,ˈæftəɹˌɡɔɹd,afterguard
aftergards,ˈæftəɹˌɡɔɹdz,afterguards
aftermoste,ˈæftəɹˌmoʊst,aftermost
aftmoste,ˈæftˌmɑst,aftmost
agentiv,əˈdʒɛntɪv,agentive
agentivs,əˈdʒɛntɪvz,agentives
agglomerativ,əˈɡlɑməɹtɪv,agglomerative
agglutinativ,əˈɡlɛtənɪtɪv,agglutinative
agglutinativs,ˌæɡlətəˈvɪtɪts,agglutinatives
aggravativ,ˈæɡɹəˌveɪtɪv,aggravative
aggregativ,əˈɡɹɛɡətɪv,aggregative
aggregativly,ˌæɡɹəˈɡætɪvliː,aggregatively
aggregatly,ˌæɡɹəˈɡeɪtəliː,aggregately
aggrievment,əˈɡɹiːvmənt,aggrievement
aggrievments,əˈɡɹiːvmənts,aggrievements
aghilt,əˈɡwɪlt,aguilt
agitativ,əˈdʒɪtətɪv,agitative
agminat,ˈæɡməˌneɪt,agminate
agraf,əˈɡɹeɪf,agrafe
agrafs,əˈɡɹeɪfs,agrafes
agribisnesses,ˌæɡɹəˈbɪsənsəs,agribusinesses
agribisnessman,ˌæɡɹɪˈbɛspənsən,agribusinessman
agribisnessmen,ˌæɡɹɪˈbɛsənzən,agribusinessmen
aguara,ɑɡuːˈɔɹə,agouara
aguaras,ˈæɡuːɑɹəs,agouaras
aguweed,əˈɡwiːwd,agueweed
aguweeds,əˈɡwiːwdz,agueweeds
ahih,əˈhaɪ,ahigh
ahiht,əˈhaɪt,aheight
ahqhoo,ˈɑtʃaʊ,ahchoo
aihled,aɪst,aisled
aihleless,ˈaɪsləs,aisleless
aihleway,ˈeɪslˌweɪ,aisleway
aihleways,ˈaɪslˌweɪz,aisleways
aircoaqh,ˈɛɹkoʊ,aircoach
aircoaqhes,ˈɛɹˌkoʊˌʃuːz,aircoaches
airfreihting,ˈɛɹˌfɹaɪtɪŋ,airfreighting
airhedded,ˈɛɹˌhiːdəɹd,airheaded
airheddedness,ˈɛɹˌhɛdɹədənz,airheadedness
airhedds,ˈɛɹˌhɛdz,airheads
airposte,ˈɛɹˌpoʊst,airpost
airpuwers,ˈɛɹˌpoʊəɹz,airpowers
airqheck,ˈɛɹˌtʃɛk,aircheck
airqhecks,ˈɛɹˌtʃɛks,airchecks
airtihtly,ˈɛɹtətliː,airtightly
airtihtness,ˈɛɹˌtaɪtnəs,airtightness
airwimen,ˈɛɹˌwʊmən,airwomen
alderwimen,ˈɔldəɹˌwʊmən,alderwomen
alebenqh,əˈlɛbɪnk,alebench
alebenqhes,əˈlɛbənsɪz,alebenches
alhambresq,ˌælhəmˈbɛɹks,alhambresque
alihted,əˈlaɪtəd,alighted
alihting,ˈeɪlˌtaɪtɪŋ,alighting
alihtment,ˈeɪlˌtaɪmənt,alightment
alihtments,ˈeɪlˌtaɪmənts,alightments
alimentativ,əˈlɪmənˌteɪtɪp,alimentative
alimentativly,ˌælɪˈmɛntətɪfiː,alimentatively
alimentiv,əˈlɪməntɪt,alimentive
alimentivness,əˈlɪməntənsɪz,alimentiveness
aliterat,ˈælɪtəɹˌeɪt,aliterate
aliterats,əˈlɪtəɹˌeɪts,aliterates
allectiv,əˈlɛktɪv,allective
allectivs,əˈlɛktɪvz,allectives
alleviativ,əˈliːviːˌeɪtɪk,alleviative
alleviativs,əˈliːviːˌeɪts,alleviatives
alliterativly,əˈlɪtəɹətɪvliː,alliteratively
allmihtful,ˈælmətfəl,almightful
allmihtiful,ælˈmaɪtəf,almightiful
allmihtily,ˈælməˌtaɪliː,almightily
allmihtiness,ˈælməˌtiːnz,almightiness
allniht,ˈɔlˌnaɪt,allnight
allthoh,ˈælθoʊ,altho
alltugethers,ˈæltəˌɡɛðəɹz,altogethers
allusivly,əˈluːsəvliː,allusively
allusivness,əˈluːsəvənsəz,allusiveness
alluwableness,ˌæləˈwɑbənləs,allowableness
alluwably,ˈæləwəbliː,allowably
alluwedly,ˌæləˈdeɪdliː,allowedly
alluwer,ˈæloʊəɹ,allower
alluwers,ˈæloʊəɹz,allowers
alterativ,ˈɔltəɹətɪv,alterative
altercativ,ˈɔltəɹˌkeɪtɪk,altercative
alternativness,ɔlˈtɜɹnətənsɪz,alternativeness
alternatness,ˈɔltəɹˌneɪtənz,alternateness
aluatt,ˈæluːət,alouatte
aluatta,ˌæluːˈɑtə,alouatta
aluattinae,ˌæljuːˌeɪˈteɪnət,alouattinae
aluattine,ˈæluːətənt,alouattine
aluatts,ˈæluːəts,alouattes
alveolat,ˈælviːəˌleɪt,alveolate
alveolats,ˈælviːəˌleɪts,alveolates
amalgamativ,əˈmælɡətəmɪtɪv,amalgamative
amativ,ˈæmətɪv,amative
amativly,ˈæmətɪˌvɪliː,amatively
amativness,ˈæmətəvənsəz,amativeness
ameliorativ,əˌmiːljəˈɹeɪtɪv,ameliorative
amusiv,əˈmjuːzəv,amusive
amusivly,əˈmɪsəvɪsliː,amusively
amusivness,əˈmjuːzəsvənz,amusiveness
ancorages,æŋˈkɔɹɪdʒəz,anchorages
ancorless,ˈæŋkəɹləs,anchorless
ancorpeeple,ˈæŋkəɹˌpoʊˌlɪp,anchorpeople
ancorperson,ˈæŋkəɹpsɹən,anchorperson
ancorpersons,ˈæŋkəɹˌpɔɹsənz,anchorpersons
ancorwimen,ˌæŋkəɹˈwɑmsən,anchorwomen
ancorwoman,ˈæŋkəɹˌwɑmən,anchorwoman
andrecia,ænˈdɹoʊʒə,androecia
andrecium,ænˈdɹoʊʒəm,androecium
andui,ˈænduːwəl,andouille
anduiett,ˌænˈduːtəlt,andouillette
anduietts,ˌænˈduːtələst,andouillettes
anduis,ænˈduːəlz,andouilles
anguin,ˈæŋˌɡwaɪn,anguine
animatly,ˈænɪmətliː,animately
animatness,ˈænɪməˌtɛns,animateness
annex,ˈænɛks,annexe
annotativ,əˈnɑtətɪv,annotative
anqhoveta,ænkoʊˈvɛtə,anchoveta
anqhovetas,ænˈtʃoʊtəvɛz,anchovetas
anqhovetta,ænkoʊˈɛtəvə,anchovetta
anqhovettas,ænˈtʃoʊtəvəz,anchovettas
anserer,ˈænswəɹ,answerer
anserers,ˈænswəɹəɹz,answerers
antbair,ˈænbiːəɹ,antbear
antbairs,ˈænbiːəɹz,antbears
antepenultimat,æntəˈpʌnɪtəmənt,antepenultimate
antepenultimats,æntəˈpʌntiːəmətəlz,antepenultimates
anteqhamber,ˌænˌtækəbˈmɛɹ,antechamber
anteqhambers,ˌæntəˈkɑmbəɹz,antechambers
anteqhapel,ˈæntəˌkeɪpəl,antechapel
anteqhapels,ˌæntəˈkeɪpəlz,antechapels
anticonvulsiv,ˌæntəˈvɑkəsvəlf,anticonvulsive
anticonvulsivs,ˌæntəkəˈvɑləsˌfɪs,anticonvulsives
anticorporat,æntiːˈkɔɹiːˌpɑtəɹ,anticorporate
anticorrosiv,æntiːˈkɔɹsɪˌkɑɹ,anticorrosive
anticorrosivs,æntiːˈkɔɹəskəs,anticorrosives
anticounterfeting,ˌæntiːkəˈtɜɹəfəntɪd,anticounterfeiting
anticreativ,ˌæntiːˈkɹiːtɪk,anticreative
antiderivativ,ˌæntəˈdɛɹəvɪtɪd,antiderivative
antiderivativs,ˌæntəˈdɛɹəvɪtɪd,antiderivatives
antifashon,ˌæntəfəˈzeɪʃən,antifashion
antifashonable,ˌæntɪfəˈzænəbəl,antifashionable
antifatighe,ænˈtaɪfəˌteɪɡɪ,antifatigue
antifeminin,ˌæntiːˈfɛməniː,antifeminine
antiforen,ˌæntiːˈfɔɹɪn,antiforeign
antiforener,ænˈtaɪˌfɔɹɪnəɹ,antiforeigner
antiforenism,ænˈtaɪfɹəˌɡɪnəsts,antiforeignism
antigherrilla,ˌæntiːˈɡɛɹələ,antiguerrilla
antihypertensiv,ˌæntiːˈhɪpɹəθənst,antihypertensive
antihypertensivs,ˌæntiːˈhɪpɹəθəsts,antihypertensives
antiliterat,ænˈtɪləˌtɔɹtiː,antiliterate
antilynqhing,ˌænˈtɪlɪkɪŋ,antilynching
antimaqho,ænˈtɪməkoʊ,antimacho
antimasq,æntɪˈmʌskiː,antimasque
antimosqito,æntɪˈmuːskoʊ,antimosquito
antinarrativ,ˌæntənˈɹeɪtəɹəf,antinarrative
antinarrativs,ˌæntənˈɹeɪtəɹəs,antinarratives
antiplaghe,ænˈtɪpəlɡeɪ,antiplague
antiplaq,ˈæntəˌplæk,antiplaque
antiplesure,ænˈtɪpləˌsɔɹ,antipleasure
antipoaqhing,ænˈtɪpəkɪŋ,antipoaching
antiprogressiv,æntiːˈɡɹɑpɹəsɪŋ,antiprogressive
antiqer,ænˈtiːkəɹ,antiquer
antiqers,ænˈtiːkəɹz,antiquers
antiqhain,ˈæntiːˌkeɪn,antichain
antiqhains,ˈæntiːˌkeɪnz,antichains
antiqhurqh,ˈæntiːˌkɜɹʃ,antichurch
antireflectiv,ˌæntiːɹɪˈfɛltɪk,antireflective
antiseezure,ˈæntɪsəzəɹ,antiseizure
antispeculativ,ˌæntɪˈsɛpkətɪvəl,antispeculative
antisubversiv,ˌæntiːˈsuːpˌbɔɹst,antisubversive
antisubversivs,ˌæntiːˈsʌbəɹvɪsts,antisubversives
antitussiv,ænˈtɪtsəvɪtʃ,antitussive
antitussivs,ænˈtɪtsəpɪsts,antitussives
antiwaer,ˈæntiːˌwɪɹ,antiwear
aodad,ˈaʊdəd,aoudad
aodads,ˈaʊdədz,aoudads
apiculat,əˈpɪkjəˌleɪt,apiculate
apparatqhiki,ˌæpəɹəˈtʃiːkiː,apparatchiki
appellativ,əˈpɛlətɪv,appellative
appellativly,əˈpɛlətɪvliː,appellatively
apperceev,əˈpɜɹsiːv,apperceive
apperceeving,əˈpɜɹsiːvɪŋ,apperceiving
apperceptiv,əˈpɜɹspɪtɪv,apperceptive
apperceptivly,əˈpɜɹspɪtɪvliː,apperceptively
appetitiv,əˈpɪtətɪt,appetitive
appetitivly,əˈpɛtɪtɪvliː,appetitively
applicativ,ˈæpləˌkeɪtɪv,applicative
applicativly,ˌæplɪˈkætɪkətliː,applicatively
appliqeh,ˈæpəlˌkiː,applique
appliqehd,əˈplɪkt,appliqued
appliqehing,əˈplɪˌkjuːɪŋ,appliqueing
apposit,əˈpɑzət,apposite
appositiv,əˈpɑzɪtɪv,appositive
appositivly,əˈpɑsɪtɪvliː,appositively
appositivs,əˈpɑzɪtɪvz,appositives
appositly,əˈpɑzɪtliː,appositely
appositness,əˈpɑsətənz,appositeness
appraisiv,əˈpɹeɪzɪv,appraisive
appreciativness,əˌpɹiːsiːˈeɪtənsɪz,appreciativeness
apprehensivly,ˌæpɹəˈhɛnsɪvliː,apprehensively
apprehensivness,ˌæpɹəˈfɛnʃənsɪz,apprehensiveness
approaqhability,ˌæpɹəˈtʃæbətɪliː,approachability
approaqher,əˈpɹoʊtʃəɹ,approacher
approovably,əˈpɹuːvəbliː,approvably
approover,əˈpɹuːvəɹ,approver
approovers,əˈpɹuːvəɹz,approvers
appropriativ,əˈpɹoʊpɹiːətɪv,appropriative
approximativ,əˈpɹɑksətəˌvɪt,approximative
aqhievability,ˌækəvəˈbɪlɪtiː,achievability
aqhievance,ˈæviːənst,achievance
aqhievances,əˈtʃiːvənsəz,achievances
aqhiote,ˈætʃiːoʊ,achiote
aqhiotes,ˈætʃiːˌoʊts,achiotes
aqhoo,əˈtʃuː,achoo
arabesq,ˈɑɹəˌbɛks,arabesque
arabesqs,əɹˈeɪˌbʌksɪz,arabesques
arbitrativ,ˈɑɹbətɹətɪv,arbitrative
archegoniat,ˌɑɹˌkiːəˈɡoʊniːət,archegoniate
archegoniats,ˌɑɹkiːəˈɡeɪniːəts,archegoniates
arcminut,ˈɑɹkmənjuːt,arcminute
arcminuts,ˈɑɹkmənˌtuːts,arcminutes
arcuat,ˈɑɹkjuːˌeɪt,arcuate
arcuatly,ˈɑɹkjuːˌtɛliː,arcuately
areolat,ˈɛɹiːəˌleɪt,areolate
argumentativly,ˌɑɹɡəˈmɛntətɪliː,argumentatively
argumentiv,ˌɑɹɡəˈmɛntɪt,argumentive
ariht,ˈɛɹaɪt,aright
arillat,ˈɛɹəˌleɪt,arillate
armorbaerer,ˈɑɹməɹˌbiːəɹ,armorbearer
armorbaerers,ˈɑɹməɹˌbiːəɹz,armorbearers
arqhbishopric,ˌɑɹkəbəˈfɜɹkɪk,archbishopric
arqhbishoprics,ˌɑɹkɪbɪˈʃɹɑpsɪz,archbishoprics
arqhbishops,ˈɑɹʃɪbɑvz,archbishops
arqhconservativ,ˌɑɹkənstəɹˈvæʃtəɹ,archconservative
arqhconservativs,ˌɑɹkənstəɹˈvæʃəpts,archconservatives
arqhdeacon,ˈɑɹkˌdɑkoʊn,archdeacon
arqhdeaconries,ˈɑɹkdəˌkwɑɹənsiːz,archdeaconries
arqhdeaconry,ˈɑɹkdəˌkɔɹiːn,archdeaconry
arqhdeacons,ˈɑɹkdiːˌɑksɪnz,archdeacons
arqhdiocesan,ˌɑɹkdiːˈtʃiːsən,archdiocesan
arqhdioceses,ˌɑɹkiːˈdiːʃəsɪz,archdioceses
arqhducal,ˈɑɹtʃˌdʌkəl,archducal
arqhdukedom,ˌɑɹkəˈdʌktəm,archdukedom
arqhdukedoms,ˌɑɹkəˈdʌktəmz,archdukedoms
arqhdukes,ˈɑɹtʃˌduːks,archdukes
arqhduqhess,ˈɑɹkˌtʌskɪs,archduchess
arqhduqhesses,ˈɑɹktəˌkjuːsɪs,archduchesses
arqhduqhies,ˈɑɹktəˌkjuːziːz,archduchies
arqhduqhy,ˈɑɹtʃˌdʌkiː,archduchy
arqhenemies,ˈɑɹkənmiːˌɛz,archenemies
arqherfish,ˈɑɹkəɹɪʃˌfɪs,archerfish
arqherfishes,ˌɑɹkəɹˈɪfʃɪz,archerfishes
arqheries,ˈɑɹkəɹiːz,archeries
arqhers,ˈɑɹtʃəɹz,archers
arqhfeend,ˈɑɹkfiːnd,archfiend
arqhfeends,ˈɑɹkfiːndəs,archfiends
arqhil,ˈɑɹkəl,archil
arqhils,ˈɑɹkəlz,archils
arqhings,ˈɑɹtʃɪŋz,archings
arqhness,ˈɑɹtʃnəs,archness
arqhpriest,ˈɑɹkpəˌɹiːst,archpriest
arqhpriests,ˈɑɹkpəstɹəs,archpriests
arqhvillain,ˈɑɹtʃkwəˌleɪv,archvillain
arqhvillains,ˈɑɹtʃˌkwɪlvənz,archvillains
arqhways,ˈɑɹˌkweɪz,archways
articulativ,ˌɑɹtɪˈkjuːtələv,articulative
articulativly,ˌɑɹtɪˈkjuːlətɪvliː,articulatively
articulatly,ˌɑɹtɪˈkjuːtələdʒ,articulately
articulatness,ˌɑɹtɪkjəˈleɪʃənz,articulateness
ascensiv,əˈsɛnsɪv,ascensive
ascriptiv,əˈskɹɪptɪk,ascriptive
aspersiv,əˈspɜɹsɪv,aspersive
assaultivly,əˈsɔtlɪvliː,assaultively
assaultivness,əˈsɔtlɪvnəst,assaultiveness
assemblywimen,əˈsɛmbliːˌwʌmn,assemblywomen
asseverativ,əˈsɛvəɹˌeɪtɪv,asseverative
assimilativ,əˌsɪmətəˈlɪtɪv,assimilative
assistiv,əˈsɪstɪv,assistive
associativ,əˈsoʊsiːətɪv,associative
associativly,əˈsoʊsiːətɪvliː,associatively
associatship,əˈsoʊsiːənˌʃeɪ,associateship
associatships,əˈsoʊsiːənəts,associateships
assortativ,əˈsɔɹtətɪt,assortative
assortativly,əˈsɔɹtətɪtliː,assortatively
assuasiv,əˈsweɪsɪv,assuasive
assuasivly,əˈsweɪsəvliː,assuasively
assumptiv,əˈsʌmptɪv,assumptive
assumptivly,əˈsʌmptɪvliː,assumptively
attaqhable,əˈtætʃəbəl,attachable
attaqher,əˈtætʃəɹ,attacher
attaqhers,əˈtætʃəɹz,attachers
attributiv,əˈtɹɪbjətətəɹ,attributive
attributivly,əˈtɹɪbjətətɹiː,attributively
attributivs,əˈtɹɪbjətəvz,attributives
auditiv,ˈɔdətɪv,auditive
augmentativ,ɔɡˈmɛtəntɪv,augmentative
augmentativs,ˌɔɡmɛnˈtɪvəts,augmentatives
auht,ɔt,aught
auhts,ɔts,aughts
aureat,ɔˈɹiːtiː,aureate
aureatly,ˈjɔɹətəliː,aureately
aureatness,ˈɔɹiːəˌtɛnz,aureateness
auriculat,ɔˈɹɪkjəˌleɪt,auriculate
auriculatly,ɔˈɹɪkjələtliː,auriculately
authoritativness,ˌɔθətɹəˈveɪʃənts,authoritativeness
autolysat,ˈɔtələˌseɪt,autolysate
autolysats,ˌɔtələˈseɪtɪs,autolysates
autolyzat,ˈɔtələˌzeɪt,autolyzate
autolyzats,ˈɔtələˌzeɪts,autolyzates
aversivly,əˈvɜɹsɪvliː,aversively
aversivness,əˈvɜɹsəvənsɪz,aversiveness
avouqh,ˈævuːk,avouch
avouqher,ˈævuːkəɹ,avoucher
avouqhers,ˈævuːʃəɹz,avouchers
avouqhing,ˈævuːkɪŋ,avouching
avouqhment,əˈvaʊmʃənt,avouchment
avouqhments,əˈvaʊkmənts,avouchments
avuwable,ˈævəwəbəl,avowable
avuwably,ˈævəwəbliː,avowably
avuwal,ˈævwəˌhɔl,avowal
avuwals,ˈævwəˌhɔlz,avowals
avuwer,əˈvaʊwəɹ,avower
avuwers,ˈeɪvˌwɑɹz,avowers
avuwing,əˈvaʊɪŋ,avowing
aweih,əˈwiː,aweigh
awether,əˈwɛðəɹ,aweather
awing,əˈwaɪŋ,aweing
awsomness,əˈsiːmənzɪz,awesomeness
awstricken,əˈstɹɛktɪn,awestricken
babytahk,bəˈbɪtkəl,babytalk
babytahking,ˈbæbjəktəldʒ,babytalking
baccalaureats,ˈbækəˌlɔɹiːz,baccalaureates
backbenqh,ˈbækbən,backbench
backbenqher,ˈbækbəntʃəɹ,backbencher
backbenqhers,ˈbækbənʃəɹz,backbenchers
backbraeker,ˈbækˌbɹiːkəɹ,backbreaker
backbraekers,ˈbækˌbɹiːkəɹz,backbreakers
backbraeking,ˈbækˌbɹeɪkɪŋ,backbreaking
backcontries,ˈbækˌkaʊntəɹiːz,backcountries
backcontry,ˈbækˌkaʊntəɹiː,backcountry
backcort,ˈbæˌkaʊtəɹ,backcourt
backcortman,ˈbækˌkaʊtəɹmənt,backcourtman
backcortmen,ˈbækˌkaʊɹmˌtɹʌm,backcourtmen
backcorts,ˈbækˌkɔɹts,backcourts
backduwn,ˈbækˌdaʊn,backdown
backduwns,ˈbækˌdaʊnz,backdowns
backfrend,ˈbækˌfɹiːnd,backfriend
backfrends,ˈbækˌfɹiːndz,backfriends
backlihted,ˈbæklətɪd,backlighted
backlihting,ˈbæˌklaɪtɪŋ,backlighting
backmoste,ˈbækˌmɑst,backmost
backqhannel,ˈbækənəl,backchannel
backqhannels,ˈbækənəlz,backchannels
backqhat,ˈbækət,backchat
backqhats,ˈbæˌkæts,backchats
backsiht,ˈbækˌsaɪt,backsight
backsihts,ˈbækˌsaɪts,backsights
backsord,ˈbækˌswɜɹd,backsword
backsords,ˈbækˌswɜɹdz,backswords
backtahk,ˈbækˌtɔk,backtalk
badijen,ˈbædɪɡɑn,badigeon
badijens,bɑˈdiːɡənz,badigeons
baerability,bəɹˈæbələtiː,bearability
bahk,bɔk,baulk
bahker,ˈbɔkəɹ,balker
bahkers,ˈbɔkəɹz,balkers
bahkier,ˈbɔkliːəɹ,balkier
bahkiest,ˈbælkiːəst,balkiest
bahkily,ˈbɔlkəliː,balkily
bahkiness,ˈbɔˌklaɪnz,balkiness
bahking,ˈbɔkɪŋ,baulking
bahkline,ˈbɔlˌklaɪn,balkline
bahklines,ˈbɔlˌklaɪnz,balklines
bahky,ˈbɔkliː,baulky
bahmier,ˈbælmiːəɹ,balmier
bahmiest,ˈbɑmiːəst,balmiest
bahmily,ˈbælmiːl,balmily
bahminess,ˈbæmlaɪnz,balminess
bahmlike,ˈbɑmləˌlaɪk,balmlike
bairbaiting,ˈbɜɹəˌbeɪtɪŋ,bearbaiting
bairberries,ˈbɜɹbəɹiːz,bearberries
bairberry,ˈbɜɹbəɹiː,bearberry
baircat,ˈbɜɹˌkæt,bearcat
baircats,ˈbɜɹˌkæts,bearcats
bairhug,bɛɹh,bearhug
bairhugs,ˈbɛɹhɪɡz,bearhugs
bairlike,ˈbɜɹˌlaɪk,bearlike
bairskin,ˈbɜɹskɪn,bearskin
bairskins,ˈbɜɹskɪnz,bearskins
bairwood,ˈbɜɹˌwʊd,bearwood
bairwoods,ˈbɜɹˌwʊdz,bearwoods
baldhedd,ˈbældˌhɛd,baldhead
baldhedded,ˈbældˌhɛdɪd,baldheaded
baldheddedness,ˈbældˌhɛdənz,baldheadedness
baldhedds,ˈbældˌhɛdz,baldheads
baluqh,ˈbælək,baluch
baluqhestan,ˌbæləˈkɪsənt,balochistan
baluqhi,bɑˈloʊkiː,balochi
bantamweiht,ˈbæntəˌwaɪtm,bantamweight
bantamweihts,ˈbæntəˌwaɪtm,bantamweights
baqhelordom,ˈbækəlˌɹɑməd,bachelordom
baqhelorette,ˈbækəˌlɛtəɹ,bachelorette
baqhelorettes,ˈbækəˌlɛtəɹz,bachelorettes
baqhelorhood,ˈbækəlɹˌhoʊdt,bachelorhood
baqhelorhoods,ˈbækəlˌwɜɹdəmz,bachelorhoods
baqhelorism,ˈbækliːˌwɜɹmɪs,bachelorism
baqhelorship,ˈbeɪkəlˌhɔɹz,bachelorship
baqhelry,ˈbækəlɹiː,bachelry
baqhing,ˈbætʃɪŋ,baching
barehedd,ˈbɛɹˌhiːd,barehead
barehedded,ˈbɛɹˌhiːdɪd,bareheaded
bareheddedness,ˌbɛɹiːˈhiːdənz,bareheadedness
barehedds,ˈbɛɹˌhiːdz,bareheads
baroqely,bəɹˈɑˌkwɛliː,baroquely
barq,bɑɹk,barque
barqentine,ˈbɑɹkənˌtaɪn,barquentine
barqentines,ˈbɑɹkənˌtaɪnz,barquentines
barqett,bəɹˈkɛt,barquette
barqetts,bɑɹˈkɛts,barquettes
barqs,bɑɹks,barques
barracuta,ˌbɑɹəˈkɑtuːə,barracouta
barracutas,ˌbɑɹəˈkɑtəst,barracoutas
barrehing,ˈbɛɹɪŋ,barreing
barrelhedd,ˈbɑɹɪlˌhɛd,barrelhead
barrelhedds,ˈbɑɹəlˌhɛdz,barrelheads
bassely,ˈbæsliː,bassly
basseness,ˈbæsnəs,bassness
bassey,ˈbeɪsiː,bassy
batfuwl,ˈbætˌfaʊl,batfowl
batfuwling,ˈbætfoʊlfɪŋ,batfowling
beanstahk,ˈbiːnˌstɑk,beanstalk
beanstahks,ˈbiːnˌstæks,beanstalks
beaqhboy,ˈbiːtʃˌbɔɪ,beachboy
beaqhboys,ˈbiːtʃˌbɔɪz,beachboys
beaqhcohm,ˈbiːtʃkəm,beachcomb
beaqhcohming,ˈbiːtʃˌkoʊmbɪŋ,beachcombing
beaqhgoer,ˈbiːkəɡəɹ,beachgoer
beaqhgoers,ˈbiːɡˌhaʊzəɹ,beachgoers
beaqhier,ˈbiːtʃiːəɹ,beachier
beaqhiest,ˈbiːtʃiːəst,beachiest
beaqhside,ˈbiːtʃˌsaɪd,beachside
beaqhsides,ˈbiːtʃˌsaɪdz,beachsides
beaqhwaer,ˈbiːtʃˌwɑɹiː,beachwear
beardtung,bəɹˈdeɪtˌɡʌn,beardtongue
beardtungs,ˈbɜɹtəŋˌɡoʊnz,beardtongues
bebludd,ˈbɛblɔd,beblood
bebludded,bɪˈbluːdɪd,beblooded
bebludding,ˈbɛˌbloʊdɪŋ,beblooding
becahming,bɪˈkæmlɪŋ,becalming
becluwn,bɪˈklaʊn,beclown
becluwning,bɪˈklaʊnɪŋ,beclowning
becrdwded,ˈbɛkɹoʊˌdɛd,becrowded
becruwd,ˈbɛˌkɹaʊd,becrowd
becruwding,ˈbɛkɹədɪŋ,becrowding
becuward,ˈbɛkoʊˌwɜɹd,becoward
becuwarded,ˈbɛkoʊˌwɛdəɹ,becowarded
becuwarding,ˈbɛkoʊˌwɛdəɹ,becowarding
bedeffen,ˈbɛdɪfeɪn,bedeafen
bedeffening,bɪˈdiːfənɪŋ,bedeafening
bedguwn,ˈbɛɡˌdaʊn,bedgown
bedguwns,ˈbɛdˌɡoʊnz,bedgowns
bediht,bɪˈdaɪt,bedight
bedihted,bɪˈdaɪtəd,bedighted
bedihting,ˈbɛdətɪŋ,bedighting
bedposte,ˈbɛdˌpoʊst,bedpost
bedpostes,ˈbɛdˌpoʊsts,bedposts
bedqhair,ˈbɛdtʃəɹ,bedchair
bedqhairs,ˈbɛdtʃəɹz,bedchairs
bedqhambers,ˈbɛdˌkæmbəɹz,bedchambers
bedrenqh,ˈbɛdɹən,bedrench
bedrenqhing,ˈbɛdɹəntʃɪŋ,bedrenching
bedspredds,ˈbɛdˌspɹɛdz,bedspreads
bedstedd,ˈbɛstdə,bedstead
bedstedds,ˈbɛdstəd,bedsteads
bedumm,bɪˈdʌmb,bedumb
bedumming,bɪˈdʌmbɪŋ,bedumbing
beebredd,ˈbiːˌbɹiːd,beebread
beefstaeks,ˈbiːfˌsteɪks,beefsteaks
beeqhdrops,ˈbiːtʃˌdɹɑps,beechdrops
beeqhen,ˈbiːtʃən,beechen
beeqhes,ˈbiːtʃɪz,beeches
beeqhier,ˈbiːtʃiːəɹ,beechier
beeqhiest,ˈbiːtʃiːəst,beechiest
beeqhnut,ˈbiːtʃnət,beechnut
beeqhnuts,ˈbiːkənts,beechnuts
beeqhwoods,ˈbiːtʃˌwʊdz,beechwoods
befluwer,bɪˈflaʊəɹ,beflower
befluwering,bɪˈfluːəɹɪŋ,beflowering
beghilement,bɪˈɡɪləmənt,beguilement
beghilements,bɪˈɡaɪləmənts,beguilements
beghiler,bɪˈɡaɪləɹ,beguiler
beghilers,bɪˈɡaɪləɹz,beguilers
beghilingly,bɪˈɡiːlɪŋliː,beguilingly
begon,bɪˈɡoʊn,begone
behoovd,bɪˈhuːdv,behooved
behuwl,ˈbɛˌhoʊl,behowl
behuwling,ˈbɛhoʊlɪŋ,behowling
bekniht,ˈbɛkˌnaɪt,beknight
beknihted,ˈbɛkniːtɪd,beknighted
beknihting,ˈbɛkˌnaɪtɪŋ,beknighting
beleagherment,bɪˈliːɡjəntəɹ,beleaguerment
beleagherments,bɪˈliːɡjəntəɹz,beleaguerments
belovds,bɪˈlʌvdz,beloveds
belqhers,ˈbɛltʃəɹz,belchers
benihtedly,ˈbiːniːˌtɛdliː,benightedly
benihtedness,ˈbiːniːtəndz,benightedness
benqhing,ˈbɛntʃɪŋ,benching
benqhland,ˈbɛntʃlənd,benchland
benqhlands,ˈbɛntʃləndz,benchlands
benqhmarking,ˈbɛŋkˌmæŋkəɹ,benchmarking
benqhwarmer,ˈbɛntʃwəɹməɹ,benchwarmer
benqhwarmers,ˈbɛntʃwəɹməɹz,benchwarmers
benumm,ˈbɛnəm,benumb
benumming,ˈbɛnəmɪŋ,benumbing
beqhahk,ˈbɛʃəlk,bechalk
beqhahking,bɪˈkɑlkɪŋ,bechalking
beqhance,ˈbɛtʃəns,bechance
beqhanced,ˈbɛʃəndz,bechanced
beqhancing,ˈbɛtʃənsɪŋ,bechancing
beqharm,ˈbɛkəɹˌɑm,becharm
beqharming,ˈbɛkˌhɑɹmɪŋ,becharming
bereavments,ˈbɛɹəvəmənts,bereavements
bescorqh,ˈbɛˌskɔɹ,bescorch
bescorqhing,ˈbɛksɔɹɪŋ,bescorching
beseeqhingly,ˈbiːsiːˌkɪŋliː,beseechingly
besmirqh,ˈbɛzˌmɪɹtʃ,besmirch
besmirqhing,ˈbɛzmɪɹɪŋk,besmirching
besmoothe,ˈbɛzmuːθ,besmooth
besoht,bɪˈsaʊt,besought
bespredd,bɪˈspɹɛd,bespread
bespredding,bɪˈspɹeɪdɪŋ,bespreading
bestedd,ˈbɛstəd,bestead
bestedded,ˈbɛstəˌdɛd,besteaded
bestedding,ˈbɛstədɪŋ,besteading
betrothe,ˈbɛtɹɔθ,betroth
beut,boʊt,beaut
beuteous,ˈbɔɪˌtjuːz,beauteous
beuteously,ˈbɔɪtəsliː,beauteously
beuteousness,ˈbɔɪtəsnəs,beauteousness
beuticians,bjuːˈtɪʃənz,beauticians
beutification,ˌbjuːtəfəˈkeɪʃən,beautification
beutifications,ˌbjuːtəfəˈkeɪʃənz,beautifications
beutified,ˈbjuːtəˌfaɪd,beautified
beutifier,ˈbjuːtəˌfaɪəɹ,beautifier
beutifiers,ˈbjuːtəˌfaɪəɹz,beautifiers
beutifulness,ˈbjuːtəfənəlz,beautifulness
beutifying,ˈbjuːtəˌfaɪɪŋ,beautifying
beuts,boʊts,beauts
bewilderdly,bɪˈwɪldəɹdiː,bewilderedly
beziqe,bəˈziːk,bezique
beziqes,bɛˈziːks,beziques
biflagellat,ˈbɪflədʒətəl,biflagellate
bigharted,ˈbɪɡəɹtəd,bighearted
bighartedly,baɪˈɑɡɹətɪdliː,bigheartedly
bighartedness,ˈbɪɡəɹˌtɛdnəs,bigheartedness
bighedd,ˈbaɪˌhɛd,bighead
bighedded,ˈbaɪɡˌhɛdd,bigheaded
bigheddedness,ˈbaɪɡˌhɛdənz,bigheadedness
bighedds,ˈbaɪɡˌhɛdz,bigheads
bigiye,ˈbɪɡiː,bigeye
bihted,ˈbaɪtəd,bighted
bihting,ˈbaɪtɪŋ,bighting
bijectiv,bɪˈdʒɛktɪv,bijective
bijugat,bɪˈdʒɔdʒɪt,bijugate
bilabiat,bɪˈlæbiːˌeɪt,bilabiate
bilded,ˈbɪldɪd,builded
billhedd,ˈbɪlˌhɛd,billhead
billhedds,ˈbɪlˌhɛdz,billheads
binucleat,ˈbɪnjəˌkleɪt,binucleate
bioacoostics,ˌbaɪoʊkətˈsuːpɪks,bioacoustics
bioactiv,baɪˈoʊtəkɪv,bioactive
bioqhip,ˈbaɪəkɪp,biochip
bioqhips,ˈbaɪəkɪps,biochips
bioweppon,ˌbaɪoʊˈweɪpiːən,bioweapon
bioweppons,ˌbaɪoʊˈweɪpiːənz,bioweapons
biplicat,ˈbɪpləˌkeɪt,biplicate
birqhbark,ˈbɜɹkˌbɑɹk,birchbark
birqhen,ˈbɜɹkən,birchen
birqhers,ˈbɜɹkəɹz,birchers
birqhing,ˈbɜɹkɪŋ,birching
birqhwood,ˈbɜɹtʃˌwʊd,birchwood
birqhwoods,ˈbɜɹtʃˌwʊdz,birchwoods
bisnesspersons,ˈbɪznəˌspɔɹzən,businesspersons
bisqs,bɪsks,bisques
bisturies,ˈbɪˌstɔɹiːz,bistouries
bistury,ˈbɪstəɹiː,bistoury
bisybodies,ˈbjuːzˌbɔɪdəs,busybodies
bisybody,ˈbɪzˌbɔɪd,busybody
bisying,ˈbʌsiːɪŋ,busying
bisyness,ˈbɪsniːzɪnz,busyness
bisywork,ˈbɪzjˌwɔɹk,busywork
biuniqe,baɪˈniːkə,biunique
biuniqeness,baɪˈniːkwənsəz,biuniqueness
bivalvd,ˈbaɪvɑld,bivalved
bivariat,baɪˈvɑɹiːət,bivariate
bivuacking,ˈbaɪvˌwɑkɪŋ,bivouacking
blackgard,ˈblækɡəɹd,blackguard
blackgarded,ˈblækˌɡɑɹdɪd,blackguarded
blackgarding,ˈblækɡəɹdɪŋ,blackguarding
blackgardism,ˈblækɡəɹˌdaɪmz,blackguardism
blackgardly,ˈblækɡəɹd,blackguardly
blackhart,ˈblækˌhɔɹt,blackheart
blackharts,ˈblækˌhɔɹts,blackhearts
blackhedd,ˈblækˌhɛd,blackhead
blackhedds,ˈblækˌhɛdz,blackheads
blackiyed,ˈblækiːt,blackeyed
blackledd,ˈblækləd,blacklead
blackledded,ˈblæˌkliːdəd,blackleadded
blackledding,ˈblækliːdɪŋ,blackleading
blagh,bleɪɡ,blague
blaghd,bleɪɡ,blagued
blagher,ˈbleɪɡəɹ,blaguer
blaghers,ˈbleɪɡəɹz,blaguers
blaghing,ˈbleɪɡɪŋ,blaguing
blanketfluwer,ˈblæŋkətfɔɹl,blanketflower
blanketfluwers,ˈblæŋkətˌfoʊləɹz,blanketflowers
blanqett,ˈblænˌkwɛt,blanquette
blanqetts,ˈblænˌkwɛts,blanquettes
blanqher,ˈblæntʃəɹ,blancher
blanqhers,ˈblæntʃəɹz,blanchers
blanqhing,ˈblæntʃɪŋ,blanching
bleaqhable,ˈbliːtʃəbəl,bleachable
bleaqherite,ˈbliːtʃəɹˌaɪt,bleacherite
bleaqherites,ˈbliːtʃəɹˌaɪts,bleacherites
blenqh,blɛntʃ,blench
blenqher,ˈblɛntʃəɹ,blencher
blenqhers,ˈblɛntʃəɹz,blenchers
blenqhing,ˈblɛntʃɪŋ,blenching
blihter,ˈblaɪtəɹ,blighter
blihters,ˈblaɪtəɹz,blighters
blihties,ˈblaɪtiːz,blighties
blihting,ˈblaɪtɪŋ,blighting
blihty,ˈblaɪtiː,blighty
blithesom,ˈblaɪtsˌhoʊs,blithesome
blithesomly,ˈblaɪtsəlˌhaʊsiː,blithesomely
blockqhain,ˈblɑkˌheɪn,blockchain
blockqhains,ˈblɑkəˌnaɪz,blockchains
blowduwn,ˈbloʊˌdaʊn,blowdown
blowduwns,ˈbloʊˌdaʊnz,blowdowns
bluddbaths,ˈblʌdˌbætʃ,bloodbaths
bluddcurdling,ˈblʌdkləɹʃt,bloodcurdling
bluddfin,ˈblʌdfɪn,bloodfin
bluddfins,ˈblʌdfɪnz,bloodfins
bluddfluwer,ˈblʌdˌflaʊəɹ,bloodflower
bluddghilt,ˈblʌdɡiːlt,bloodguilt
bluddghiltiness,ˈblʌdɡiːˌlaɪtsɪz,bloodguiltiness
bluddghilty,ˈblʌdʒəlɪtiː,bloodguilty
bluddily,ˈbluːdəliː,bloodily
bluddiness,ˈblʌdiːnəs,bloodiness
bludding,ˈblʌdɪŋ,blooding
bluddings,ˈblʌdɪŋz,bloodings
bluddlessly,ˈblʌdləsliː,bloodlessly
bluddlessness,ˈblʌdləsnəs,bloodlessness
bluddlettings,ˈblʌdˌlɛtsɪŋ,bloodlettings
bluddlust,ˈblʌdləst,bloodlust
bluddmobile,ˈblʌdmˌboʊd,bloodmobile
bluddmobiles,ˈblʌdmˌboʊɪz,bloodmobiles
bluddred,ˈblʌdɹɪd,bloodred
bluddroot,ˈblʌˌdɹuːt,bloodroot
bluddroots,ˈblʌˌdɹɔts,bloodroots
bluddsheds,ˈblʌdˌʃɛz,bloodsheds
bluddshot,ˈblʌdˌʃɑt,bloodshot
bluddstock,ˈblʌdˌstɑk,bloodstock
bluddstocks,ˈblʌdˌstɑks,bloodstocks
bluddstones,ˈblʌdˌstoʊnz,bloodstones
bluddstreams,ˈblʌdˌstɹiːmz,bloodstreams
bluddthirstily,ˈblʌdθəɹˌɪstliː,bloodthirstily
bluddthirstiness,ˈblʌdθəɹˌaɪtsənz,bloodthirstiness
bluddworm,ˈblʌˌdwɜɹm,bloodworm
bluddworms,ˈblʌˌdwɜɹmz,bloodworms
bluddying,ˈbluːˌdaɪɪŋ,bloodying
bluehedd,ˈbluːˌhɛd,bluehead
bluehedds,ˈbluːˌhɛdz,blueheads
bluetung,ˈbluːtəŋˌwɑ,bluetongue
bluetungs,ˈbluːtəŋˌɡwɑ,bluetongues
blujjener,ˈblʌdʒənəɹ,bludgeoner
blujjeners,ˈblʌdʒənəɹz,bludgeoners
bluwsier,ˈbloʊsiːəɹ,blowsier
bluwsiest,ˈbloʊsiːəst,blowsiest
bluwsily,ˈbloʊzəliː,blowsily
bluwsy,ˈbloʊziː,blowsy
bluwzier,ˈbloʊziːəɹ,blowzier
bluwziest,ˈbloʊziːəst,blowziest
bluwzily,ˈbloʊzˌwɪliː,blowzily
bluwzy,ˈbloʊziː,blowzy
blyndage,ˈblaɪndɪdʒ,blindage
blyndages,ˈblaɪndɪdʒɪz,blindages
blyndest,ˈblaɪndəst,blindest
blyndfish,ˈblaɪndˌfɪʃ,blindfish
blyndfishes,ˈblaɪndˌfaɪzɪz,blindfishes
blyndfolding,ˈblaɪndˌfoʊldɪŋ,blindfolding
blyndingly,ˈblaɪndɪŋliː,blindingly
blyndsiding,ˈblɪndˌsaɪnd,blindsiding
blyndworm,ˈblaɪndwəɹm,blindworm
blyndworms,ˈblaɪndwəɹmz,blindworms
boatbilder,ˈboʊtbˌwɪldəɹ,boatbuilder
boatbilders,ˈboʊtˌbʌdliːz,boatbuilders
boatbilding,ˈboʊtˌbʌɡʃən,boatbuilding
boatbildings,ˈboʊtˌbʌldɪŋz,boatbuildings
boatsans,ˈboʊtˌsweɪnz,boatswains
bobsleih,ˈbɑbslə,bobsleigh
bobsleihs,ˈbɑbslɪfs,bobsleighs
bodybilder,ˈbɑdiːˌbaʊlɪd,bodybuilder
bodybilders,ˈbɑdiːˌbaʊləɹz,bodybuilders
bodybilding,ˈbɑdiːˌbʌdəs,bodybuilding
bodyqheck,ˈbɑdɪkɪk,bodycheck
bodyqhecking,ˈbɑdɪkɪkɪŋ,bodychecking
bodysuht,ˈboʊdiːˌsuːt,bodysuit
bodysuhts,ˈbɑdiːˌsuːts,bodysuits
boilersuht,ˈbɔɪləɹˌsuːt,boilersuit
boilersuhts,ˈbɔɪləɹˌsuːts,boilersuits
bolthedd,ˈboʊltəf,bolthead
bolthedds,ˈboʊltəfts,boltheads
bombsiht,ˈbɑmbˌsaɪt,bombsight
bombsihts,ˈbɑmˌbɪsts,bombsights
bondwimen,ˈbɑnˌdwɑmən,bondwomen
bonehedd,ˈboʊnˌhɛd,bonehead
bonehedded,ˈboʊnɪˌhɛdɪd,boneheaded
boneheddedly,ˈboʊniːˌhɛdɪdiː,boneheadedly
boneheddedness,ˈboʊniːˌhɛdəndz,boneheadedness
bonehedds,ˈboʊnˌhɛdz,boneheads
bongd,bɑndʒd,bonged
bonnethedd,ˈbɑnɪˌθɛd,bonnethead
bonnethedds,ˈbɑnɪˌθɛdz,bonnetheads
bookbynderies,ˈbʊkˌbɪniːɹˌdiːnz,bookbinderies
bookbyndery,ˈbʊkˌbɪndəɹiː,bookbindery
bookbynding,ˈbʊkˌbaɪndɪŋ,bookbinding
bookbyndings,ˈbʊkˌbaɪndɪŋz,bookbindings
bool,buːlz,boules
boomtuwns,ˈbuːmˌtaʊnz,boomtowns
boortree,ˈbɔɹˌtɹiː,bourtree
booyage,ˈbjuːɪdʒ,buoyage
booyages,ˈbjuːɪdʒɪz,buoyages
booyance,ˈbɔɪəns,buoyance
booyances,ˈbɔɪənsɪz,buoyances
booyancies,ˈbjuːəniːzɪz,buoyancies
booyantly,ˈbɔɪəntliː,buoyantly
boresom,ˈbɔɹəˌsoʊm,boresome
bothersomly,ˈbɑðəɹsəmliː,bothersomely
bottommoste,ˈbɑtoʊˌmɑst,bottommost
bouhd,baʊd,boughed
bouhpot,ˈboʊpɔt,boughpot
bouhpots,ˈboʊˌpɔɡz,boughpots
bowhedd,ˈboʊˌhiːd,bowhead
bowhedds,ˈboʊˌwiːdz,bowheads
boyqhik,ˈbɔɪtʃɪk,boychik
boyqhiks,ˈbɔɪtʃɪks,boychiks
braekables,ˈbɹeɪkəbəlz,breakables
braekages,ˈbɹeɪkɪdʒɪz,breakages
braekaways,ˈbɹeɪkəˌweɪz,breakaways
braekevens,ˈbɹeɪkəvənz,breakevens
braekfasted,ˈbɹeɪksˌfeɪtɪd,breakfasted
braekfaster,ˈbɹeɪkˌfæstəɹ,breakfaster
braekfasters,ˈbɹeɪkˌfæstəɹz,breakfasters
braekfasting,ˈbɹɛkfəstɪŋ,breakfasting
braekfront,ˈbɹiːkfɹənt,breakfront
braekfronts,ˈbɹeɪkfɹənts,breakfronts
braekings,ˈbɹeɪkɪŋz,breakings
braekle,ˈbɹeɪkəl,breakle
braekpoint,ˈbɹeɪkˌpɔɪnt,breakpoint
braekpoints,ˈbɹeɪkˌpɔɪnts,breakpoints
braekwaters,ˈbɹeɪˌkwɔtəɹz,breakwaters
brainqhildren,ˈbɹeɪnˌtʃɪldɹən,brainchildren
branqhier,ˈbɹæntʃiːəɹ,branchier
branqhiest,ˈbɹæntʃiːəst,branchiest
branqhless,ˈbɹæntʃləs,branchless
branqhline,ˈbɹæntʃˌlaɪn,branchline
branqhlines,ˈbɹæntʃˌlaɪnz,branchlines
branqhy,ˈbɹæntʃiː,branchy
braqhes,bɹeɪks,braches
braqhet,ˈbɹækət,brachet
braqhets,ˈbɹækəts,brachets
breaqher,ˈbɹeɪkəɹ,breacher
breaqhers,ˈbɹeɪkəɹz,breachers
breddbaskets,ˈbɹɛdˌbæksənts,breadbaskets
breddboard,ˈbɹɛdˌbɔɹd,breadboard
breddboarded,ˈbɹɛdˌbɹaʊd,breadboarded
breddboarding,ˈbɹɛdˌbɹeɪɪŋ,breadboarding
breddboxes,ˈbɹɛdˌbæksɪz,breadboxes
breddcrumb,ˈbɹɛdˌkɹʌm,breadcrumb
breddcrumbs,ˈbɹeɪdkɹəmz,breadcrumbs
breddfruhts,ˈbɹɛdˌfɹʌts,breadfruits
breddline,ˈbɹɛdˌlaɪn,breadline
breddlines,ˈbɹɛdˌlaɪnz,breadlines
breddnut,ˈbɹɛdnət,breadnut
breddnuts,ˈbɹɛdnəts,breadnuts
breddstick,ˈbɹɛdˌstɪk,breadstick
breddsticks,ˈbɹɛdstɪks,breadsticks
breddstuff,ˈbɹɛdˌstʌf,breadstuff
breddwinning,ˈbɹɛdwɪnɪŋ,breadwinning
bredths,bɹɛdθs,breadths
bredthwise,ˈbɹɛˌθwaɪz,breadthwise
breeqhblock,ˈbɹiːtʃblək,breechblock
breeqhblocks,ˈbɹiːtʃbləks,breechblocks
breeqhcloth,ˈbɹiːtʃkləθ,breechcloth
breeqhcloths,ˈbɹiːtʃkəlθs,breechcloths
breeqhclout,ˈbɹiːtʃkəlt,breechclout
breeqhclouts,ˈbɹiːtʃkəlts,breechclouts
breeqhings,ˈbɹiːtʃɪŋz,breechings
breeqhloader,ˈbɹiːˌkloʊdəɹ,breechloader
breeqhloaders,ˈbɹiːˌkloʊdəɹz,breechloaders
brestbone,ˈbɹiːstˌboʊn,breastbone
brestbones,ˈbɹiːstˌboʊnz,breastbones
brestfeedings,ˈbɹɛstfiːdɪŋz,breastfeedings
brestless,ˈbɹeɪsləs,breastless
brestplates,ˈbɹɛstˌpleɪts,breastplates
breststroke,ˈbɹeɪˌstɹʌkəp,breaststroke
breststroker,ˈbɹɛstˌstɹoʊkəɹ,breaststroker
breststrokers,ˈbɹɛstɹəˌstɔɹfs,breaststrokers
breststrokes,ˈbɹeɪstɹəksəz,breaststrokes
brestwork,ˈbɹeɪsˌtwɜɹk,breastwork
brestworks,ˈbɹeɪsˌtwɜɹks,breastworks
brethalyze,ˈbɹeɪθəˌlaɪz,breathalyse
brethalyzed,ˈbɹeɪθəlˌsaɪzd,breathalysed
brethalyzer,ˈbɹɛθəlzɪɹ,breathalyser
brethalyzers,ˈbɹeɪθəlsəɹz,breathalysers
brethalyzing,ˈbɹɛθəlɪsɪŋz,breathalysing
brethier,ˈbɹiːθiːəɹ,breathier
brethiest,ˈbɹiːθiːəst,breathiest
brethily,ˈbɹɛθɪliː,breathily
brethiness,ˈbɹiːθiːnəs,breathiness
brethlessness,ˈbɹɛθləsnəs,breathlessness
bridgehedds,ˈbɹɪdʒˌhɛdz,bridgeheads
brihtener,ˈbɹaɪtənəɹ,brightener
brihteners,ˈbɹaɪtənəɹz,brighteners
brihts,bɹaɪts,brights
brihtwork,ˈbɹaɪˌtwɜɹk,brightwork
brihtworks,ˈbɹaɪˌtwɜɹks,brightworks
bringduwn,ˈbɹɪŋˌdaʊn,bringdown
bringduwns,ˈbɹɪŋˌdaʊnz,bringdowns
briqett,ˈbɹɪkət,briquet
briqetting,ˈbɹɪkətɪŋ,briquetting
broaqher,ˈbɹoʊtʃəɹ,broacher
broaqhers,ˈbɹoʊtʃəɹz,broachers
broddax,ˈbɹɔdæks,broadax
broddaxes,ˈbɹɔˌdæksɪz,broadaxes
broddbill,ˈbɹɔdˌbɪl,broadbill
broddbills,ˈbɹɔdˌbɪlz,broadbills
broddcasted,ˈbɹɔdˌkæstɪd,broadcasted
broddcloth,ˈbɹɔdˌklɔθ,broadcloth
broddcloths,ˈbɹɔdˌklɔθs,broadcloths
broddish,ˈbɹɔdɪʃ,broadish
broddleaf,ˈbɹɔdˌliːf,broadleaf
broddloom,ˈbɹɔdˌlɔm,broadloom
broddlooms,ˈbɹɔdˌlɔmz,broadlooms
broddness,ˈbɹɔdnəs,broadness
brodds,bɹɔdz,broads
broddscale,ˈbɹɔdˌskeɪl,broadscale
broddsheet,ˈbɹɔdˌʃiːt,broadsheet
broddsheets,ˈbɹɔdˌʃiːts,broadsheets
broddsiding,ˈbɹɔdˌsaɪzɪŋ,broadsiding
broddsords,ˈbɹɔdswəɹdz,broadswords
broddtail,ˈbɹɔtəd,broadtail
broddtails,ˈbɹɔtəlɪs,broadtails
broddways,ˈbɹɔˌdweɪz,broadways
broghe,bɹoʊɡ,brogue
broghery,bɹoʊˈɡɛɹiː,broguery
broghes,bɹoʊɡz,brogues
broghish,ˈbɹɑɡwɪʃ,broguish
brokenharted,ˈbɹoʊkənˌhɑðəɹd,brokenhearted
brokenhartedly,ˌbɹoʊkɪnˈhɛɹtɪtɪd,brokenheartedly
brokenhartedness,ˈbɹoʊkənˌhɛɹtɪnts,brokenheartedness
brooqhes,ˈbɹuːtʃɪz,brooches
bruhahas,ˈbɹuːhəʃəs,brouhahas
bruhams,ˈbɹaʊəmz,broughams
bruhs,bɹʌɡz,brughs
bruht,bɹuːt,bruit
bruhted,ˈbɹuːtəd,bruited
bruhter,ˈbɹuːtəɹ,bruiter
bruhters,ˈbɹuːtəɹz,bruiters
bruhting,ˈbɹuːtɪŋ,bruiting
brunqhing,ˈbɹʌntʃɪŋ,brunching
bruser,ˈbɹuːzəɹ,bruiser
brusers,ˈbɹuːzəɹz,bruisers
bruwband,ˈbɹaʊˌbænd,browband
bruwbands,ˈbɹaʊˌbændz,browbands
bruwbeaten,ˈbɹaʊˌbiːtn,browbeaten
bruwbeating,ˈbɹaʊˌbiːtɪŋ,browbeating
bruwless,ˈbɹaʊləs,browless
bruwnier,ˈbɹaʊniːəɹ,brownier
bruwniest,ˈbɹaʊniːəst,browniest
bruwnness,ˈbɹaʊnəs,brownness
bruwnnose,ˈbɹaʊˌnoʊz,brownnose
bruwnnosed,ˈbɹaʊnəst,brownnosed
bruwnnoser,ˈbɹaʊˌnoʊsəɹ,brownnoser
bruwnnosers,ˈbɹaʊˌnoʊsəɹz,brownnosers
bruwnnosing,ˈbɹaʊnəsɪŋ,brownnosing
bruwnshirt,ˈbɹaʊnhɪɹt,brownshirt
bruwnshirts,ˈbɹaʊnhəɹst,brownshirts
bruwnstones,ˈbɹaʊnˌstoʊnz,brownstones
bruwny,ˈbɹaʊniː,browny
bruwridge,ˈbɹaʊɹɪdʒ,browridge
bruwridges,ˈbɹaʊɹɪdʒɪz,browridges
bubblehedd,ˈbʌbəlˌhɛd,bubblehead
bubblehedded,ˈbʌbəlˌhɛdəd,bubbleheaded
bubbleheddedness,ˈbʌbəlˌhɛdnəs,bubbleheadedness
bubblehedds,ˈbʌbələdz,bubbleheads
bufflehedd,ˈbʌfliːˌhɛd,bufflehead
bufflehedds,ˈbʌfliːhəds,buffleheads
bugbaer,ˈbʌɡbɹə,bugbear
bugbaers,ˈbʌɡbɹəs,bugbears
bugiyes,ˈbʌˌɡaɪz,bugeyes
bulevardier,ˌbuːləˈɡɛɹdəɹviː,boulevardier
bulevardiers,ˌbuːˌlɛvəɹˈdiːɹz,boulevardiers
bullfihters,ˈbʊlˌfaɪtəɹz,bullfighters
bullfihtings,ˈbʊlˌfaɪtɪŋz,bullfightings
bullfinqh,ˈbʊlˌfɪntʃ,bullfinch
bullfinqhes,ˈbʊlfənsɪz,bullfinches
bullhedded,ˈbʊlˌhɛdəd,bullheaded
bullheddedly,ˈbʊlˌhɛdɪdliː,bullheadedly
bullheddedness,ˈbʊlˌhɛdəndz,bullheadedness
bunglesom,ˈbʌŋɡləˌsoʊz,bunglesome
bunqhberries,ˈbʌŋkˌbɛɹiːz,bunchberries
bunqhberry,ˈbʌŋkˌbɛɹiː,bunchberry
bunqhgrass,ˈbʌŋˌɡɹæks,bunchgrass
bunqhgrasses,ˈbʌŋɡˌʃɑɹzɪz,bunchgrasses
bunqhier,ˈbʌntʃiːəɹ,bunchier
bunqhiest,ˈbʌntʃiːəst,bunchiest
bunqhily,ˈbʌntʃəliː,bunchily
bunyanesq,ˌbaɪnəˈwɛskiːən,bunyanesque
burdensomly,ˈbɜɹdənsəmiː,burdensomely
burdensomness,ˈbɜɹdənsənəs,burdensomeness
burjen,ˈbɜɹdʒən,bourgeon
burjening,ˈbɜɹdʒiːənɪŋ,bourgeoning
burlesqer,ˈbɜɹlɪskəɹ,burlesquer
burlesqers,ˈbɜɹlɪskəɹz,burlesquers
burlesqly,ˈbɜɹləˌskiːl,burlesquely
burrier,ˈbɛɹiːəɹ,burier
burriers,ˈbɛɹiːəɹz,buriers
buttonduwn,ˈbʌtənˌdaʊn,buttondown
buweling,ˈbaʊəlɪŋ,boweling
buwelless,ˈbaʊəlzɪz,bowelless
buwerbird,ˈbaʊəɹˌbɜɹd,bowerbird
buwerbirds,ˈboʊˌbɹɜɹdz,bowerbirds
buweries,boʊˈɛɹiːz,boweries
buwpot,ˈboʊˌpɑt,bowpot
buwpots,ˈboʊˌpɔts,bowpots
buwsprit,ˈboʊspɹɪt,bowsprit
buwsprits,ˈboʊspɹəts,bowsprits
buwwuw,ˈbaʊˌwaʊ,bowwow
buwwuwd,ˈbaʊˌwʊd,bowwowed
buwwuwing,ˈbaʊˌwɔfɪŋ,bowwowing
byndable,ˈbaɪndəbəl,bindable
bynderies,ˈbɪndəɹiːz,binderies
byndery,ˈbɪndəɹiː,bindery
byndingly,ˈbɪndɪŋliː,bindingly
byndingness,ˈbɪndɪŋɡənz,bindingness
byndings,ˈbaɪndɪŋz,bindings
byndweed,ˈbɪnˌdweɪd,bindweed
byndweeds,ˈbɪnˌdwiːdz,bindweeds
bytahk,ˈbaɪˌtɔk,bytalk
caciqes,kəˈsiːks,caciques
caciqism,ˈkækɪˌswɪzəm,caciquism
caducibranchiat,kəˌdjuːsəˈbɹeɪʃəˌneɪ,caducibranchiate
caducibranchiats,ˌkædʒəstɹəˈbaɪənsiːz,caducibranchiates
cafflike,ˈkælˌflaɪk,calflike
caffs,kɔlfs,calfs
caffskin,ˈkælfskɪn,calfskin
caffskins,ˈkælfskɪnz,calfskins
cahker,ˈkækəɹ,calker
cahkers,ˈkɔkəɹz,calkers
cahking,ˈkɔkɪŋ,calking
cahmativ,ˈkælmətɪv,calmative
cahmativs,ˈkælmətɪvz,calmatives
cahmy,ˈkæmiː,calmy
cahuw,ˈkɑˌhoʊ,cahow
cahuws,ˈkæhoʊz,cahows
cakewahk,ˈkeɪˌkwɔk,cakewalk
cakewahker,ˈkeɪˌkwɔkəɹ,cakewalker
cakewahkers,ˈkeɪˌkwɔltəɹz,cakewalkers
cakewahking,ˈkeɪˌkweɪkəlf,cakewalking
calamboor,ˈkæləmbʊɹ,calambour
calculativ,ˈkælkjəˌleɪtɪv,calculative
calefactiv,ˈkæləˌfæktɪv,calefactive
calemboor,ˈkeɪlˌmɛbəɹ,calembour
calemboors,ˈkeɪlˌmɛbəɹz,calembours
caliculat,kəˈlɪkjəˌleɪt,caliculate
caliqhe,ˈkælɪtʃ,caliche
caliqhes,ˈkælɪtʃəz,caliches
calq,ˈkælkwə,calque
calqing,ˈkæklwɪŋ,calquing
camerawimen,ˈkæməɹəˌwɑmd,camerawomen
campanulat,ˈkæmpənətəl,campanulate
candlelihted,ˈkændələˌtaɪd,candlelighted
candlelihter,ˈkændəˌlaɪtəɹ,candlelighter
candlelihters,ˈkændəˌlaɪtəɹz,candlelighters
candlelihts,ˈkændəˌlaɪts,candlelights
candlepuwer,ˈkændəˌluːpəɹ,candlepower
candlepuwers,ˈkændəˌluːpəɹz,candlepowers
cang,kæŋɡ,cangue
cangs,ˈkæŋɡjuːz,cangues
canqha,ˈkæntʃə,cancha
canqhas,ˈkæntʃəz,canchas
canuable,ˈkænəbəl,canoeable
canuists,kəˈnuːəsts,canoeists
capacitiv,kəˈpæsətɪpt,capacitive
capacitivly,kəˈpæsɪtəlɪtiː,capacitively
caqholong,ˈkætʃəlɔŋ,cacholong
caqholongs,ˈkækəlɔŋz,cacholongs
caqhuqha,kəˈhjuːtʃə,cachucha
caqhuqhas,ˈkætʃəkəs,cachuchas
carcaju,ˌkɑɹˈkɑdʒuː,carcajou
carcajus,ˈkɑɹkədʒuːz,carcajous
caressiv,kəɹˈɛsɪv,caressive
caressivly,kəɹˈɛsɪvliː,caressively
caribus,ˈkɛɹəbəs,caribous
carminativ,ˈkɑɹmənətɪv,carminative
carminativs,ˈkɑɹmənətɪs,carminatives
caroqhe,ˈkɛɹoʊtʃ,caroach
caroqhes,ˌkɛɹoʊˈhiːtʃəz,caroaches
carrefoor,ˈkɛɹfaʊɹ,carrefour
carrefoors,ˈkɛɹˌfɔɹz,carrefours
cartwrihts,ˈkɑɹˌtɹaɪts,cartwrights
casebaerer,ˈkæsɪˌbɛɹəɹ,casebearer
casebaerers,ˈkæsɪˌbɛɹəɹz,casebearers
casq,kæsk,casque
casqd,kæskt,casqued
casqs,kæsks,casques
catafalq,kɑtɑˈfɑkəliː,catafalque
catafalqs,ˈkætəˌfɑkəlz,catafalques
catchweiht,ˈkæˌtwɛt,catchweight
catechumenat,ˌkætəkəˈmɛtən,catechumenate
catechumenats,ˌkætəkəˈmɛtənz,catechumenates
cateqhu,kəˈtɛkjuː,catechu
cateqhus,kəˈtɛkəs,catechus
catfiht,ˈkætˌfaɪt,catfight
catfihts,ˈkætˌfaɪts,catfights
cathedd,ˈkæθəd,cathead
cathedds,ˈkæθədz,catheads
catwahks,ˈkæˌtwɑks,catwalks
cauhker,ˈkɔkəɹ,caulker
cauhkers,ˈkɔkəɹz,caulkers
causativly,ˈkɑsətɪvliː,causatively
cavv,kæv,calve
caziqe,kɑˈziːk,cazique
caziqes,ˌkæzˈkiːz,caziques
ceel,siːl,ceil
ceeler,ˈsaɪləɹ,ceiler
ceelers,ˈsaɪləɹz,ceilers
ceelometer,ˈsiːləˌmeɪtəɹ,ceilometer
ceelometers,ˌsiːəˈlɑmətəɹz,ceilometers
celacanthidae,ˌkoʊəˈlæknəˌtaɪdən,coelacanthidae
celacanthiformes,ˌkoʊˈɛləˌkɑmθənəɹz,coelacanthiformes
celacanths,ˈkoʊləˌkɑnθs,coelacanths
celentera,koʊleɪˈtɛnɹəl,coelentera
celenterat,ˌkoʊəˈlɛntəɹˌeɪt,coelenterate
celenterata,ˌkoʊɑlɛnˈtɑɹətə,coelenterata
celenterats,ˌkoʊˈlɛtəɹˌneɪts,coelenterates
celenteron,ˌkoʊəˈlɛntəɹɑn,coelenteron
celiac,ˌkoʊəˈlɪk,coeliac
celiades,ˌkoʊˈliːəˌdaɪz,coeliades
celibats,ˈsɛləˌbeɪts,celibates
celigena,ˌkoʊlɪˈɡiːdə,coeligena
celom,ˈkoʊləm,coelom
celomata,ˌkoʊloʊˈmɑtə,coelomata
celomate,ˌkoʊəˈlɑmeɪt,coelomate
celomates,ˈkoʊləˌmeɪts,coelomates
celomatic,ˌkoʊəˈlætɪkəm,coelomatic
celome,ˌkoʊəˈleɪm,coelome
celomes,ˌkoʊəˈleɪmz,coelomes
celomic,ˌkoʊˈɑləmɪk,coelomic
celoms,ˈkoʊləmz,coeloms
cenobite,ˌkoʊˈɑnəˌbaɪt,coenobite
cenobites,ˌkoʊˈɑnəˌbaɪts,coenobites
cenocorypha,ˌkoʊənəˈfɔkɹiːə,coenocorypha
cenocyte,ˌkoʊəˈnɑˌsaɪt,coenocyte
cenocytes,ˌkoʊˈjɑnəˌsaɪts,coenocytes
cenocytic,ˌkoʊənəˈsɪtɪk,coenocytic
centerdness,ˈsɛntəɹˌdiːnz,centeredness
cenuri,koʊˈjuːnɹiː,coenuri
cenurus,ˌkoʊəˈnɜɹəs,coenurus
cerebidae,ˌkoʊəɹˈiːbˌdaɪən,coerebidae
certaner,ˈsɜɹtənəɹ,certainer
certanest,ˈsɜɹtənəst,certainest
chemoreceptiv,ˌkiːmoʊsəɹˈɛpəts,chemoreceptive
choireboy,ˈkwɔɹˌbɔɪ,choirboy
choireboys,ˈkwɔɹbiːz,choirboys
choiremaster,ˈkwɔɹˌmæstəɹ,choirmaster
choiremasters,ˈkwɔɹˌmæstəɹz,choirmasters
chroniqe,ˈkɹɑnɪkə,chronique
chroniqes,ˈkɹɑnɪkəs,chroniques
ciliat,ˈsɪliːət,ciliate
cinemateq,ˌsaɪnəˈmjuːtɪk,cinematheque
cinemateqs,ˌsaɪnəˈmjuːtɪks,cinematheques
cingulat,ˈsɪŋɡəˌleɪt,cingulate
cingulats,ˈsɪŋɡəˌleɪts,cingulates
cinqfoil,ˈsɪŋkwɪˌfoʊl,cinquefoil
cinqfoils,ˈsɪŋˌkwɛˌfoʊlz,cinquefoils
cinqhing,ˈsɪntʃɪŋ,cinching
circulativ,ˈsɜɹkjəˌleɪtɪv,circulative
circumfuze,ˈsɜɹkməfs,circumfuse
circumfuzed,ˈsɜɹkəmfˌswɛd,circumfused
circumfuzing,ˈsɜɹkəmfsɪŋ,circumfusing
cirqs,sɜɹks,cirques
clampduwns,ˈklæmpˌdaʊnz,clampdowns
clandestinness,klænˈdɛstəˌnɪzən,clandestineness
claq,klæk,claque
claqer,ˈklækəɹ,claquer
claqers,ˈklækəɹz,claquers
claqeur,ˈklækwəɹ,claqueur
claqeurs,ˈklækwəɹz,claqueurs
claqs,klæks,claques
clauht,klɔt,claught
clauhts,klɔts,claughts
clavat,ˈklævət,clavate
clearhedded,ˈklɪɹˌhɛdɪd,clearheaded
clearheddedly,ˈklɪɹˌhɛdɪdiː,clearheadedly
clearheddedness,ˈklɪɹˌhɛdənz,clearheadedness
cleariyed,ˈklaɪəɹd,cleareyed
clenlier,ˈklɛnliːəɹ,cleanlier
clenliest,ˈkliːnliːəst,cleanliest
clenqhers,ˈklɛntʃəɹz,clenchers
clenqhing,ˈklɛntʃɪŋ,clenching
clergywimen,ˈklɜɹdʒwiːmən,clergywomen
clickthruh,ˈklɪkˌtɔɹf,clickthrough
clickthruhs,ˈklɪkˌtɔɹfs,clickthroughs
clinqhers,ˈklɪntʃəɹz,clinchers
clinqhingly,ˈklɪntʃɪŋliː,clinchingly
cliqed,klaɪkt,cliqued
cliqier,ˈklɪkwiːəɹ,cliquier
cliqiest,ˈklɪkwəst,cliquiest
cliqing,ˈklɪkɪŋ,cliquing
cliqish,ˈklɪkwɪʃ,cliquish
cliqishly,ˈklɪkwəsliː,cliquishly
cliqishness,ˈklɪkwəsnɪs,cliquishness
cliqy,ˈklɪkiː,cliquy
cloor,klaʊɹ,clour
clooring,ˈklaʊɹɪŋ,clouring
cloqe,klɑk,cloque
cloqes,ˈklɑkwəs,cloques
cloverleavs,ˈklɑvəɹˌliːs,cloverleaves
clozable,ˈkloʊzəbəl,closable
clozeout,ˈkloʊziːət,closeout
clozeouts,ˈkloʊziːəts,closeouts
clozers,ˈkloʊzəɹz,closers
clubhedd,ˈklʌbˌhɛd,clubhead
clubhedds,ˈklʌbˌhɛdz,clubheads
cluwder,ˈklaʊdəɹ,clowder
cluwders,ˈklaʊdəɹz,clowders
cluwneries,ˈklaʊniːˌɛɹiːz,clowneries
cluwnery,ˈklaʊnəɹiː,clownery
cluwnish,ˈklaʊnɪʃ,clownish
cluwnishly,ˈklaʊnɪʃliː,clownishly
cluwnishness,ˈklaʊnɪnsɪnz,clownishness
clymable,ˈklɪmbəbəl,climbable
clypeat,ˈklaɪˌpiːt,clypeate
coacervat,ˈkoʊsəɹˌveɪt,coacervate
coacervats,ˈkoʊəɹˌseɪvtəts,coacervates
coagulativ,koʊˈkeɪvələt,coagulative
coaqhable,ˈkoʊʃəbəl,coachable
coaqher,ˈkoʊtʃəɹ,coacher
coaqhers,ˈkoʊtʃəɹz,coachers
coaqhmen,koʊˈkeɪmən,coachmen
coaqhwork,ˈkoʊtʃˌwɜɹk,coachwork
coaqhworks,ˈkoʊtʃˌwɜɹks,coachworks
coastgard,ˈkoʊstˌɡɔɹd,coastguard
coastgardman,koʊstˈɡɛɹdɡɑm,coastguardman
coastgardmen,ˈkoʊstˌɡwɜɹdən,coastguardmen
coastgards,ˈkoʊstˌɡɔɹdz,coastguards
coastgardsman,koʊstˈɡɛɹzˌdænz,coastguardsman
coastgardsmen,ˈkoʊstˌɡɜɹsədəɹn,coastguardsmen
cockfiht,ˈkɑkˌfaɪt,cockfight
cockfihting,ˈkɑkˌfaɪktɪŋ,cockfighting
cockfihtings,ˈkɑkˌfaɪtɪŋz,cockfightings
cockfihts,ˈkɑkˌfaɪts,cockfights
cockiye,ˈkɑkiːˌeɪ,cockeye
cockiyedly,ˈkɑkiːˌdɛliː,cockeyedly
cockiyedness,ˈkɑkiːˌdiːnts,cockeyedness
cockiyes,ˈkɑkiːz,cockeyes
cockqhafer,ˈkɑkəfəɹd,cockchafer
cockqhafers,ˈkɑkəfəɹz,cockchafers
cockscohm,ˈkɑkˌskɑmb,cockscomb
cockscohms,ˈkɑkˌskɑmz,cockscombs
codebraeking,ˈkoʊdˌbɹeɪkɪŋ,codebreaking
codettor,kəˈdɛbtəɹ,codebtor
codettors,kəˈdɛbəɹts,codebtors
coercivly,koʊˈɜɹsɪvliː,coercively
coercivness,koʊˈɜɹsəvənzɪz,coerciveness
coevolv,ˌkoʊˈvɑlv,coevolve
coextensiv,ˌkoʊˈsɛktɪnsɪv,coextensive
coextensivly,ˌkoʊkəˈstɛnsɪvliː,coextensively
cofavorit,koʊˈfævəɹɪt,cofavorite
cofavorits,koʊˈfævəɹɪts,cofavorites
cogitativ,ˌkɑdʒɪˈtætɪv,cogitative
cogitativly,koʊˈdʒɪtətɪvl,cogitativele
cognitivly,ˌkɑɡˈnɪtɪvliː,cognitively
cohedd,ˈkoʊˌhɛd,cohead
cohedded,ˈkoʊˌhiːdɪd,coheaded
cohedding,ˈkoʊˌheɪdɪŋ,coheading
cohmers,ˈkoʊməɹz,combers
cohmings,ˈkoʊmˌbɪŋz,combings
cohmlike,ˈkʌmˌblaɪk,comblike
coigns,ˈkɔɪɡnəs,coignes
cokehedd,ˈkoʊkˌhɛd,cokehead
cokehedds,ˈkoʊkˌhɛdɪz,cokeheads
coldbludded,ˈkoʊldˌblʌd,coldblooded
coldbluddedly,ˈkoʊldbəlˌdɔld,coldbloodedly
coldbluddedness,ˈkoʊldˌblʌdənz,coldbloodedness
coldharted,ˈkoʊldˌhɑɹtəd,coldhearted
coldhartedly,ˈkoʊldˌhɑɹtədliː,coldheartedly
coldhartedness,ˈkoʊldˌhɑɹtədənts,coldheartedness
collaborativly,kəˈlæbəɹˌeɪtɪv,collaboratively
collaborativs,kəˈlæbəɹˌeɪts,collaboratives
colleagship,kəˈlɛɡəˌswɪŋ,colleagueship
colleagships,ˈkɑləɡwəsɪz,colleagueships
collegiatly,kəˈlɛdʒətəliː,collegiately
colligativ,kəˈlɪdʒətɪv,colligative
collog,ˈkɑləɡ,collogue
collogd,ˈkɑləˌɡɑd,collogued
colloging,ˈkɑləɡɪŋ,colloguing
collusivly,kəˈluːsəvɪsliː,collusively
colorblynd,ˈkʌlbəɹʃənd,colourblind
colorblyndness,ˈkʌlbəɹˌlaɪdnəs,colorblindness
combativly,kəmˈbætɪvliː,combatively
combinativ,kəmˈbænətɪv,combinative
combustiv,kəmˈpʌnstɪv,combustive
comduwns,ˈkʌmˌdaʊnz,comedowns
comlier,ˈkoʊmləɹiː,comelier
comliest,kəˈmɛləsts,comeliest
comliness,ˈkʌmələnəs,comeliness
commemorativly,kəˈmɛməɹtəˌvɪtliː,commemoratively
commemorativs,kəˈmɛməɹˌteɪfs,commemoratives
commiserativ,kəˈmɪsəɹətɪv,commiserative
committeewimen,kəˈmɪtəwəmt,committeewomen
commonwelths,ˈkɑmənˌwɛlts,commonwealths
commoov,ˈkɑmvəp,commove
commooving,ˈkɑməvɪŋ,commoving
communicativly,kəˈmjuːnəkətɪvliː,communicatively
communicativness,kəˌmjuːnəkəˈtɛnɪks,communicativeness
commutativ,kəˈmjuːtətɪv,commutative
commutativly,kəˈmjuːtətɪvliː,commutatively
companionat,kəmˈpænjəˌneɪt,companionate
comparativness,kəmˈpæɹətəvənts,comparativeness
compassionatness,kəmˌpæʃəˈneɪʃənts,compassionateness
compensativ,kəmˈpɛnsətɪv,compensative
completiv,kəmˈpliːtɪv,completive
completivs,kəmˈpliːtɪvz,completives
compositly,kəmˈpɑsətliː,compositely
comprehensivness,ˌkɑmpɹiːˌhɛnsˈvɪɹənsəz,comprehensiveness
compressiv,kəmˈpɹɛsɪv,compressive
compressivly,kəmˈpɹɛsɪvliː,compressively
compulsivness,kəmˈpʌlsəvənsəz,compulsiveness
comradliness,ˈkɑmɹəˌdɛlənsɪz,comradeliness
comradly,ˈkɑmɹəˌdɛliː,comradely
comradship,ˌkɑmɹəˈdɛʃɪp,comradeship
comradships,ˌkɑmɹəˈdɛʃɪps,comradeships
comuppances,ˈkʌmpənwənsɪz,comeuppances
conativ,ˈkɑnətɪv,conative
conativs,ˈkɑnətɪvz,conatives
conceetedly,kənˈsiːtɪdliː,conceitedly
conceetedness,kənˈsiːtəndz,conceitedness
conceevabilities,kənˌsiːəvəbəˈlɪtiːz,conceivabilities
conceevability,kənˌsiːəvəˈbɪlɪtiː,conceivability
conceevableness,kənˈsiːvəbənəlz,conceivableness
conceever,kənˈsiːvəɹ,conceiver
conceevers,kənˈsiːvəɹz,conceivers
concentrativ,kənˈsɛntɹətɪv,concentrative
concentrativly,kənˈsɛntɹətɪvliː,concentratively
concentrativness,kənˈstɛɹətənsɪz,concentrativeness
conceptiv,kənˈsɛptɪv,conceptive
conceptivly,kənˈsɛptɪvliː,conceptively
concessiv,kənˈsɛsɪv,concessive
concessivly,kənˈsɛsɪvliː,concessively
conciliativ,kənˈsɪlətɪvliː,conciliative
conclusivness,kənˈkluːsɪvnɪs,conclusiveness
concussiv,kənˈkʌsɪv,concussive
concussivly,kənˈkʌsvɪtʃiː,concussively
conducivness,kənˈdʌvəsəns,conduciveness
conduplicat,kənˈdʌpləˌkeɪt,conduplicate
conefluwers,ˈkoʊnˌflaʊəɹz,coneflowers
confederativ,kənˈfɛdəɹətɪv,confederative
configurativ,kənˈfɪɡjəwɪtəɹ,configurative
confirmativ,kənˈfɜɹmətɪvt,confirmative
confirmativly,kənˈfɜɹəmətɪvliː,confirmatively
conflictiv,kənˈflɪktɪv,conflictive
confutativ,kənˈfjuːtətɪv,confutative
confuzedly,kənˈfjuːzdɪld,confusedly
confuzedness,kənˈfʌsədnəs,confusedness
conglomerativ,kənˈɡlɑmətɹɪvəɹ,conglomerative
congu,ˈkɑŋɡoʊ,congou
congus,ˈkɑnɡəs,congous
conjugatly,ˌkɑndʒəˈɡeɪʃəltiː,conjugately
conjugatness,ˌkɑndʒəˈɡeɪʃənts,conjugateness
conjunctiv,ˈkɑndʒkənˌsteɪv,conjunctive
conjunctivly,ˌkɑŋŋˈkwɛntʃəpɪtliː,conjunctively
conjunctivs,ˈkɑŋknjuːtɪvs,conjunctives
connectivly,kəˈnɛktɪvliː,connectively
connectivs,kəˈnɛktɪvz,connectives
connotativ,kəˈnɑtətɪv,connotative
connotativly,kəˈnɑtətɪvliː,connotatively
conqerable,ˈkɑŋkɹəwəbəl,conquerable
conqhes,ˈkɑntʃɪz,conches
conqhie,ˈkɑntʃiː,conchie
conqhies,ˈkɑntʃiːz,conchies
conqho,ˈkɑntʃoʊ,concho
conqhy,ˈkɑntʃiː,conchy
conqian,ˈkɑnkwiːən,conquian
conqistador,ˈkɑnkwəˌstɑɹfəɹ,conquistador
conqistadores,ˌkɑŋkwəˈstɑɹˌfiːz,conquistadores
conqistadors,ˈkɑnkwəˌstɑɹfəɹz,conquistadors
consanguin,kənˈseɪɡnɪŋ,consanguine
consecrativ,kənˈsɛkɹətɪv,consecrative
consecutivness,kənˈsɛksətəvɪnst,consecutiveness
conservativness,kənˈsɜɹvətəsts,conservativeness
consideratly,kənˈsɪdəɹətliː,considerately
consideratness,kənˈsɪdəɹətsənz,considerateness
constativ,kənˈsteɪtɪv,constative
constativs,ˈkɑnstətɪvz,constatives
constitutiv,kənˈstɪtətɪv,constitutive
constitutivly,kənˈstɪtjətətɪviː,constitutively
constrictiv,kənˈstɹɪktɪv,constrictive
constructivness,kənstɹˈkʌstənvz,constructiveness
consultiv,kənˈsʌltɪv,consultive
consummativ,kənˈsuːmpətɪv,consummative
consummatly,ˈkɑnsəmətɪtliː,consummately
consumptiv,kənˈsʌptəm,consumptive
consumptivly,kənˈsʌptəmɪtliː,consumptively
consumptivs,kənˈsʌptəmɪs,consumptives
contaminativ,kənˈtæməˌneɪtɪv,contaminative
contemplativly,kənˈtɛptəməltiː,contemplatively
contemplativness,kənˈtɛptəlˌmeɪts,contemplativeness
contemplativs,kənˈtɛptəˌleɪts,contemplatives
continuativ,kənˈtɪnjuːətɪv,continuative
continuativly,kənˈtɪnjuːtəvɪtiː,continuatively
contooring,ˈkɑntəɹɪŋ,contouring
contortiv,kənˈtɔɹtɪv,contortive
contortuplicat,kənˈtɔtəɹsəkəl,contortuplicate
contrabasse,ˈkɑntɹəˌbæs,contrabass
contractiv,ˈkɑnˌtɹæktɪv,contractive
contractivly,kənˈtɹæktɪvliː,contractively
contractivness,kənˈtɹæktɪvnəs,contractiveness
contradistinctiv,kəntɹəˈdɪstəktɪv,contradistinctive
contradistinctivly,ˌkɑntɹəˈdɪstətəvɪtliː,contradistinctively
contrapositiv,kənˈtɹɑpəsətɪv,contrapositive
contrapositivs,ˌkɑntɹəˈpɑtəsəts,contrapositives
contrastiv,kənˈtɹæstɪv,contrastive
contrastivly,kənˈtɹæstɪvliː,contrastively
contributiv,kənˈtɹɪbjətɪt,contributive
contributivly,kənˈtɹɪbjətəvɪtiː,contributively
contrified,ˈkʌntɹəˌfaɪd,countrified
contrify,ˈkʌntɹɪˌfaɪ,countrify
contryish,ˈkaʊntɹɪʃɪz,countryish
contryseat,ˈkaʊntɹiːˌseɪt,countryseat
contryseats,ˈkʌntɹiːˌæst,countryseats
contrysides,ˈkʌntɹiːˌsaɪdz,countrysides
contrywimen,ˈkaʊntəɹˌwiːmn,countrywomen
contrywoman,ˈkaʊntəɹwiːmən,countrywoman
convectivly,kənˈvɛktɪvliː,convectively
conversiv,kənˈvɜɹsɪv,conversive
convolv,kənˈvoʊlv,convolve
convolvd,kənˈvɑlvd,convolved
convulsivly,kənˈvʌlsɪvliː,convulsively
convulsivness,kənˈvʌlsəvənsəz,convulsiveness
cooddest,ˈkʊdəlts,couldest
cooddst,ˈkʊdəst,couldst
coolduwn,ˈkuːlˌdaʊn,cooldown
coolduwns,ˈkuːlˌdaʊnz,cooldowns
coolhedded,ˈkuːlˌheɪdəd,coolheaded
coolheddedly,ˈkuːlˌhɛdiːdɪl,coolheadedly
coolheddedness,ˈkʊlˌhiːdəndz,coolheadedness
cooperativness,ˈkuːpəɹˌeɪtɪvnəst,cooperativeness
cooqh,kuːtʃ,cooch
cooqhes,ˈkuːtʃəz,cooches
cooqhies,ˈkuːtʃiːz,coochies
coorante,kaʊˈɹænt,courante
coorantes,kəɹˈænts,courantes
coorants,ˈkɔɹənts,courants
coordinativ,koʊˈɔɹdənətɪv,coordinative
coordinatly,koʊˈɔɹdənətliː,coordinately
coordinatness,koʊˈɔɹdəˌneɪtənds,coordinateness
coorgette,kʊɹˈʒɛt,courgette
coorgettes,ˈkɜɹdʒɪts,courgettes
coorlan,ˈkɔɹlən,courlan
coorlans,ˈkɔɹlənz,courlans
copulativ,ˈkɑpjəˌleɪtɪv,copulative
copulativs,ˈkɑpjəˌleɪtɪvz,copulatives
copyrihting,ˈkɑpiːˌɹaɪtɪŋ,copyrighting
coqet,koʊˈkeɪ,coquet
coqetries,koʊˈkɛtɹiːz,coquetries
coqetry,koʊˈkɛɹtiː,coquetry
coqett,koʊˈkɛt,coquette
coqetted,koʊˈkɛtɪd,coquetted
coqetting,ˈkɑkətɪŋ,coquetting
coqettish,ˈkoʊkəθɪs,coquettish
coqettishly,ˈkoʊkətˌʃɪliː,coquettishly
coqettishness,ˈkɑkəθˌsɪnz,coquettishness
coqhair,koʊˈhæɹ,cochair
coqhairing,koʊˈtʃɛɹɪŋ,cochairing
coqhairmen,ˈkoʊkəɹmɪn,cochairmen
coqhairperson,ˌkoʊkəɹˈeɪpsəɹən,cochairperson
coqhairpersons,ˌkoʊkəɹˈeɪpsəɹənz,cochairpersons
coqhairwimen,ˌkoʊkəwəɹˈmɛns,cochairwomen
coqhairwoman,ˌkoʊkəwəɹˈmɑnz,cochairwoman
coqhampion,koʊˈʃæmpiːən,cochampion
coqhampions,koʊˈʃæmˌpoʊnz,cochampions
coqhins,ˈkoʊtʃɪnz,cochins
coqill,koʊˈkaɪv,coquille
coqills,ˈkoʊˌkwɪlz,coquilles
coqina,koʊˈkiːnə,coquina
coqinas,koʊˈkwiːnəz,coquinas
coqito,koʊˈkiːtoʊ,coquito
coqitos,koʊˈkiːtoʊz,coquitos
corequisit,kəɹˈɛkwəˌsaɪt,corequisite
corequisits,kəɹˈkwiːstɪkts,corequisites
coreserqher,ˌkɔˈɹɛstʃəɹəɹ,coresearcher
coreserqhers,ˌkɔˈɹɛsəɹˌhɪzəɹ,coresearchers
cormen,ˈkɔɹmsən,corpsmen
cornbredds,ˈkɔɹnˌbɹɛdz,cornbreads
cornstarqhes,ˈkɔɹnˌstɑɹtʃəz,cornstarches
corollat,ˈkɔɹəˌleɪt,corollate
corporativ,ˈkɔɹpəɹətɪv,corporative
corporatly,ˈkɔɹpəɹətliː,corporately
correctivly,kəɹˈɛktɪvliː,correctively
correctivs,kəɹˈɛktɪvz,correctives
correlativ,kəɹˈɹælətɪv,correlative
correlativly,ˌkɔˈɹælətɪviː,correlatively
correlativs,kəɹˈɹælətɪvz,correlatives
corresponsiv,ˌkɔɹəˈspɑnsəv,corresponsive
corresponsivly,ˌkɔɹəˈspɑnsəniː,corresponsively
corroborativly,kəɹˈɑbɹətɪvliː,corroboratively
corrosivly,kəɹˈɑsɪvliː,corrosively
corrosivness,kəɹˈɑsəvənsəz,corrosiveness
corrosivs,kəɹˈɑvɪsɪz,corrosives
corruptivly,kəɹˈʌptɪvliː,corruptively
corsed,kɔɹst,coursed
corsers,ˈkɔɹsəɹz,coursers
corseware,ˈkaʊswəɹˌeɪ,courseware
corsewares,ˈkɜɹswəɹəz,coursewares
corsework,ˈkɔɹˌswɜɹk,coursework
corsings,ˈkɜɹɪsnɪs,coursings
corters,ˈkɔɹtəɹz,courters
cortesan,ˈkɔɹtˌseɪn,courtesan
cortesans,ˈkɜɹtəsənz,courtesans
cortlier,ˈkɔɹtliːəɹ,courtlier
cortliest,ˈkɔɹtliːəst,courtliest
cortliness,ˈkɔɹtˌlaɪnz,courtliness
cortmartial,kaʊtɹˈmɔɹtiːəl,courtmartial
cortmartialing,ˈkɜɹtməɹˌteɪlɪŋ,courtmartialing
cortships,ˈkɔɹtsˌhɪps,courtships
cortside,ˈkɔɹtˌsaɪd,courtside
corv,kɔɹv,corve
corvs,kɔɹvz,corves
cosinhood,ˈkaʊsɪˌhoʊnd,cousinhood
cosinhoods,ˈkaʊsɪˌhaʊndz,cousinhoods
cosinly,ˈkaʊsənəliː,cousinly
cosinries,ˈkuːsəniːəɹz,cousinries
cosinry,ˈkuːsənɹiː,cousinry
cosinship,ˈkaʊzɪnˌʃɪp,cousinship
cosinships,ˈkaʊzɪnʃɪps,cousinships
costiv,ˈkɔstɪv,costive
costivly,ˈkɔstɪvliː,costively
costivness,ˈkɔstɪvnəs,costiveness
counteractiv,ˈkaʊntəɹəˌkeɪtɪv,counteractive
countercountermesure,ˈkaʊntˌkɹoʊˌmɛkstəɹn,countercountermeasure
countercountermesures,ˈkaʊntəɹˌkaʊmˌbɛɹnts,countercountermeasures
countergherrilla,ˌkaʊntəɹˈɡɛɹəl,counterguerrilla
countergherrillas,ˌkaʊntəɹˈɡɛɹələs,counterguerrillas
counterincentiv,ˌkaʊntəɹɪnˈstænɪkən,counterincentive
counterincentivs,ˌkaʊntəɹɪnˈstænɪksɪz,counterincentives
counterintuitiv,ˌkaʊntəɹɪˈtʌntʃɪtəɹ,counterintuitive
counterintuitivly,ˌkaʊntəɹɪnˈtɛsɪtɪntiː,counterintuitively
countermarqh,ˈkaʊntəɹˌmɑɹtʃ,countermarch
countermarqhing,ˈkaʊntəɹˌmɑɹtʃɪŋ,countermarching
countermooovment,ˈkaʊntəɹməvənt,countermovement
countermooving,ˈkaʊntəɹˌmɑvɪŋ,countermoving
countermoovments,ˈkaʊntəɹməvənts,countermovements
counterpunqher,ˈkaʊntəɹˌpʌntʃəɹ,counterpuncher
counterpunqhers,ˈkaʊntəɹˌkʌpnəɹz,counterpunchers
counterpunqhing,ˈkaʊntəɹˌpʌknɪŋ,counterpunching
counterpuwer,ˈkaʊntəɹˌpaʊəɹ,counterpower
counterpuwers,ˈkaʊntəɹˌpoʊəɹz,counterpowers
counterqhange,ˈkaʊntəɹˌtʃæŋ,counterchange
counterqhanged,ˈkaʊntəɹˌtʃæŋd,counterchanged
counterqhanging,ˈkaʊntəɹˌtʃæŋɪŋ,counterchanging
counterqharging,ˈkaʊntəɹˌtʃɑɹdʒɪŋ,countercharging
counterqheck,ˈkaʊntəɹˌtʃɛk,countercheck
counterqhecking,ˈkaʊntəɹˌkɛkɪŋ,counterchecking
countersuhts,ˈkaʊntəɹˌsuːts,countersuits
counterthrett,ˈkaʊntəɹˌθɹeɪt,counterthreat
counterthretts,ˈkaʊntəɹˌθɹeɪts,counterthreats
counterweihted,ˈkaʊntəɹˌweɪtɪd,counterweighted
counterweihting,ˈkaʊntəɹˌweɪtɪŋ,counterweighting
couqhant,kuːˈhætʃænt,couchant
couqher,ˈkaʊkəɹ,coucher
couqhers,ˈkaʊkəɹz,couchers
couqhings,ˈkuːtʃɪŋz,couchings
coutrifying,ˈkʌntɹəˌfaɪɪŋ,countrifying
coxcohm,ˈkɑkskəm,coxcomb
coxcohmical,ˌkɑkskəmˈbækəl,coxcombical
coxcohmries,ˈkɑkˌskɑɹfiːz,coxcombries
coxcohmry,ˈkɑkskəmbɹiː,coxcombry
coxcohms,ˈkɑkskəmz,coxcombs
coxsan,ˈkɑkˌswɑn,coxswain
coxsaning,ˈkɑkˌswɑʒɪŋ,coxswaining
crackhedd,ˈkɹækˌhɛd,crackhead
crackhedds,ˈkɹækˌhɛdz,crackheads
craftswimen,ˈkɹæftswəmn,craftswomen
craniat,ˈkɹeɪniːˌeɪt,craniate
craniats,ˈkɹeɪniːˌeɪts,craniates
cranqh,kɹæntʃ,cranch
cranqhing,ˈkɹæntʃɪŋ,cranching
craunqh,kɹɔntʃ,craunch
craunqhing,ˈkɹaʊnɪŋ,craunching
crispat,ˈkɹɪˌspeɪt,crispate
crispbredd,ˈkɹɪsbɹəd,crispbread
crispbredds,ˈkɹɪsbɹɪpdz,crispbreads
croqett,kɹoʊˈkɛt,croquette
croqetts,kɹoʊˈkɛts,croquettes
crossbaerer,ˈkɹɑsˌbiːɹ,crossbearer
crossbaerers,ˈkɹɑsbəɹˌiːz,crossbearers
crosscontry,ˈkɹɑskəntɹiː,crosscountry
crosscort,ˈkɹɔˌskɔɹt,crosscourt
crosshedd,ˈkɹɑʃiːd,crosshead
crosshedds,ˈkɹɑʃədz,crossheads
crosstahks,ˈkɹɔˌstɔks,crosstalks
cruciat,ˈkɹuːʃiːˌeɪt,cruciate
crunqhable,ˈkɹʌntʃəbəl,crunchable
crunqhier,ˈkɹʌntʃəɹ,crunchier
crunqhiest,ˈkɹʌntʃiːəst,crunchiest
crunqhily,ˈkɹʌntʃəliː,crunchily
crunqhiness,ˈkɹʌntʃˌnaɪnz,crunchiness
cruserweiht,ˈkɹuːsəɹˌweɪt,cruiserweight
cruserweihts,ˈkɹuːzəɹˌweɪts,cruiserweights
crusings,ˈkɹuːzɪŋz,cruisings
cruwdedness,ˈkɹaʊdədnəs,crowdedness
cruwders,ˈkɹaʊdəɹz,crowders
cruwdfund,ˈkɹaʊdfənd,crowdfund
cruwdfunded,ˈkɹaʊdfəndɪd,crowdfunded
cruwdfunder,ˈkɹaʊdˌfʌndəɹ,crowdfunder
cruwdfunders,ˈkɹaʊdˌfʌndəɹz,crowdfunders
cruwdfunding,ˈkɹaʊdfəndɪŋ,crowdfunding
cruwdie,ˈkɹaʊdiː,crowdie
cruwdies,ˈkɹaʊdiːz,crowdies
cruwdy,ˈkɹaʊdiː,crowdy
cruwners,ˈkɹaʊnəɹz,crowners
cruwnet,ˈkɹaʊnɪt,crownet
cruwnets,ˈkɹaʊnəts,crownets
cruwnless,ˈkɹaʊnləs,crownless
cryopreserv,ˈkɹaɪpəɹˌsɛs,cryopreserve
cryoprotectiv,ˌkɹaɪpoʊˈstɹæptɪk,cryoprotective
cryosurjen,ˈkɹaɪəˌswɜɹdʒn,cryosurgeon
cryosurjens,ˈkɹaɪəˌswɜɹdʒnəs,cryosurgeons
crystallizable,ˈkɹɪstəˌlaɪzət,crystalizable
cuckoopynt,ˈkʌkoʊˌpɔɪntɪd,cuckoopint
cuckoopynts,ˈkʌkoʊˌpeɪntɪdz,cuckoopints
cucullat,ˈkjuːkəˌleɪt,cucullate
cudbaer,ˈkʌdˌbɪɹ,cudbear
cudbaers,ˈkʌdbəɹz,cudbears
cuddlesom,ˈkʌdəlsəm,cuddlesome
cuing,ˈkjuːɪŋ,cueing
culqh,kʌltʃ,culch
culqhes,ˈkʌltʃɪz,culches
cumbersomly,ˈkʌmbəɹsəmiː,cumbersomely
cumbersomness,ˈkʌmbəɹsəmz,cumbersomeness
cumulativness,kjuːmjəˈlætəvənts,cumulativeness
cuneat,ˈkjuːnət,cuneate
cupbaerer,ˈkʌbəɹˌiːəɹ,cupbearer
cupbaerers,ˈkʌbəɹɪɹz,cupbearers
cupplement,ˈkʌpləmənt,couplement
cupplements,ˈkʌpləmənts,couplements
cupplet,ˈkʌplət,couplet
cupplets,ˈkʌpləts,couplets
cupulat,ˈkʌpjəˌleɪt,cupulate
curativly,ˈkjuːɹətɪvliː,curatively
curativs,ˈkjuːɹətɪvz,curatives
curmujjenliness,ˈkɜɹmjuːdʒənələsn,curmudgeonliness
curmujjenly,ˈkɜɹmjuːdʒənliː,curmudgeonly
curqh,kɜɹtʃ,curch
curqhes,ˈkɜɹtʃɪz,curches
currageousness,ˌkʊˈɹeɪdʒəsnəs,courageousness
currycohm,ˈkɜɹˌkjoʊɪk,currycomb
currycohming,ˈkɜɹkjəkəmɪŋ,currycombing
cursiv,ˈkɜɹsɪv,cursive
cursivly,ˈkɜɹsɪvliː,cursively
cursivness,ˈkɜɹsɪvɪnzɪz,cursiveness
cursivs,ˈkɜɹsɪvz,cursives
curteously,ˈkɜɹtəˌswɛlz,courteously
curteousness,ˈkɔɹtiːəsnəs,courteousness
curtesied,ˈkɜɹtəˌsaɪd,courtesied
curtesying,ˈkɔɹtɪˌsaɪn,courtesying
curtining,kəɹˈteɪnɪŋ,curtaining
curtinless,ˈkɜɹtənəlz,curtainless
curvball,ˈkɜɹvˌbɔl,curveball
curvballs,ˈkɜɹvˌbæɡəlz,curveballs
cushonless,ˈkʊʃənəlz,cushionless
cushony,ˈkʊʃəniː,cushiony
cuspat,ˈkʌˌspeɪt,cuspate
cutduwn,ˈkʌtˌdaʊn,cutdown
cutduwns,ˈkʌtˌdaʊnz,cutdowns
cuth,kuːθ,couth
cuther,ˈkʌðəɹ,couther
cuthest,ˈkaʊðəst,couthest
cuthie,ˈkaʊθiː,couthie
cuthier,ˈkaʊθiːəɹ,couthier
cuthiest,ˈkaʊθiːəst,couthiest
cuths,kaʊðz,couths
cuwage,ˈkaʊədʒ,cowage
cuwages,ˈkaʊədʒɪz,cowages
cuwardices,ˈkaʊəɹdəsɪs,cowardices
cuwardliness,ˈkaʊəɹdlənz,cowardliness
cuwbane,ˈkaʊbən,cowbane
cuwbanes,ˈkaʊˌbeɪnz,cowbanes
cuwberries,ˈkaʊˌbiːɹiːz,cowberries
cuwberry,ˈkaʊˌbɛɹiː,cowberry
cuwbird,ˈkaʊˌbɜɹd,cowbird
cuwbirds,ˈkaʊˌbɹɪdz,cowbirds
cuwbynd,ˈkaʊbɪnd,cowbind
cuwbynds,ˈkaʊˌbɪndz,cowbinds
cuwcatcher,ˈkaʊkˌtʃɑɹ,cowcatcher
cuwcatchers,ˈkaʊkˌtʃɑɹz,cowcatchers
cuwedly,ˈkaʊdəldiː,cowedly
cuwfish,ˈkaʊˌfɪʃ,cowfish
cuwfishes,ˈkaʊˌfaɪʃɪz,cowfishes
cuwflap,ˈkaʊˌflæf,cowflap
cuwflaps,ˈkaʊˌflæfs,cowflaps
cuwflop,ˈkaʊˌflɔf,cowflop
cuwflops,ˈkaʊˌflɔps,cowflops
cuwhage,ˈkaʊhɪdʒ,cowhage
cuwhages,ˈkaʊhɪdʒɪz,cowhages
cuwhand,ˈkaʊhənd,cowhand
cuwhands,ˈkaʊhəndz,cowhands
cuwherb,ˈkaʊhəɹbəɹ,cowherb
cuwherbs,ˈkaʊˌhɜɹbz,cowherbs
cuwherds,ˈkaʊˌhɜɹdz,cowherds
cuwhide,ˈkaʊˌhaɪd,cowhide
cuwhided,ˈkaʊˌhaɪdɪd,cowhided
cuwhiding,ˈkaʊˌhaɪdɪŋ,cowhiding
cuwier,ˈkaʊiːwəɹ,cowier
cuwiest,ˈkaʊiːˌaɪst,cowiest
cuwlstaff,ˈkaʊlˌstæf,cowlstaff
cuwlstaffs,ˈkaʊlˌstæfs,cowlstaffs
cuwlstavvs,ˈkaʊltˌseɪvz,cowlstaves
cuwmen,ˈkaʊmən,cowmen
cuwpat,ˈkoʊˌpæt,cowpat
cuwpats,ˈkoʊˌpæts,cowpats
cuwpea,ˈkoʊpjə,cowpea
cuwpeas,ˈkoʊpiːəs,cowpeas
cuwpie,ˈkaʊpiː,cowpie
cuwpies,ˈkaʊpiːz,cowpies
cuwplop,ˈkoʊˌplɔp,cowplop
cuwplops,ˈkoʊˌplɔps,cowplops
cuwpoke,ˈkoʊˌpoʊk,cowpoke
cuwpokes,ˈkoʊˌpoʊks,cowpokes
cuwpox,ˈkoʊˌpɔks,cowpox
cuwpoxes,ˈkoʊˌpɔksɪz,cowpoxes
cuwpunqher,ˈkaʊˌpʌntʃəɹ,cowpuncher
cuwpunqhers,ˈkaʊˌpʌntʃəɹz,cowpunchers
cuwrie,ˈkɔɹiː,cowrie
cuwry,ˈkaʊɹiː,cowry
cuwshed,kaʊʃt,cowshed
cuwsheds,ˈkaʊˌʃɛdz,cowsheds
cuwskin,ˈkaʊskɪn,cowskin
cuwskins,ˈkaʊskɪnz,cowskins
cuwslips,ˈkaʊslɪs,cowslips
cuwtuwn,ˈkaʊˌtwɑn,cowtown
cuwtuwns,ˈkaʊˌtwɑnz,cowtowns
cuwy,ˈkaʊiː,cowy
dabqhicks,ˈdæbkɪks,dabchicks
damnder,ˈdæməndəɹ,damneder
damndest,ˈdæmdənəst,damnedest
dantesq,ˈdæntɪks,dantesque
daqhas,ˈdɑtʃəz,dachas
daqiris,ˈdeɪˌkwɪɹz,daiquiris
darksom,ˈdɑɹksəm,darksome
darnder,ˈdɑɹnˌdɛɹ,darneder
dativ,ˈdeɪtɪv,dative
dativly,ˈdeɪtɪvliː,datively
dativs,ˈdeɪtɪvz,datives
dauhterless,ˈdɔtəɹləs,daughterless
dauhterly,ˈdɔtəɹliː,daughterly
daybraeks,ˈdeɪˌbɹeɪks,daybreaks
daydremt,ˈdeɪdɹiːəm,daydreamt
dayfluwer,ˈdeɪˌflaʊəɹ,dayflower
dayfluwers,ˈdeɪˌflaʊzəɹ,dayflowers
daylihted,ˈdeɪliːˌtɛd,daylighted
daylihting,ˈdeɪˌlaɪtɪŋ,daylighting
daylihtings,ˈdeɪˌlaɪtɪŋz,daylightings
dealat,ˈdiːˌleɪt,dealate
dealats,dəˈleɪts,dealates
deav,diːv,deave
debauqh,ˈdɛbɑk,debauch
debauqhee,dəˈbɑtʃiː,debauchee
debauqhees,dəˈbɑtʃiːz,debauchees
debauqher,dəˈbɑtʃəɹ,debaucher
debauqheries,dəˈbɑtʃəɹiːz,debaucheries
debauqhers,dəˈbɑtʃəɹz,debauchers
debauqhing,dəˈbɑtʃɪŋ,debauching
debilitativ,dəˈbɪlətəˌvɪtəm,debilitative
debouqh,ˈdɛbək,debouch
debouqhing,dəˈbaʊtʃɪŋ,debouching
debouqhment,ˈdɛboʊmənts,debouchment
debouqhments,ˈdɛboʊˌmɛnts,debouchments
debruse,ˈdɛbɹuːs,debruise
debrusing,ˈdɛbɹəzɪŋ,debruising
deceetfully,dɪˈsiːtəfliː,deceitfully
deceetfulness,dɪˈsaɪtfənəlz,deceitfulness
deceevable,dɪˈseɪvəbəl,deceivable
deceever,dɪˈsiːvəɹ,deceiver
deceevers,dɪˈsiːvəɹz,deceivers
deceevingly,dɪˈsiːdʒɪvliː,deceivingly
deceptivness,dɪˈsɛptɪvnəs,deceptiveness
deciduat,dɪˈsɪdʒəwət,deciduate
declarativ,dɪˈklɛɹətɪv,declarative
declarativly,dɪˈklɑɹətɪvliː,declaratively
decomposit,ˌdiːkəmˈpoʊʃəts,decomposite
decomposits,diːˈkɑmpəzəts,decomposites
decongestiv,ˌdiːkənˈdʒɛstɪv,decongestive
deconstructiv,diːkənˈstɹʌktɪk,deconstructive
decorativly,ˈdɛkəɹətɪvliː,decoratively
decorativness,ˈdɛkəɹətɪvnəs,decorativeness
decretiv,dəˈkɹiːtɪv,decretive
decruwn,dɪˈkɹaʊn,decrown
decruwning,dɪˈkɹaʊnɪŋ,decrowning
decuppled,dɪˈkʌpləd,decoupled
decurv,dɪˈkɜɹv,decurve
deddbolted,ˈdɛdəblˌtuːd,deadbolted
deddbolting,ˈdɛdəˌbleɪtɪŋ,deadbolting
deddboy,ˈdɛdˌbɔɪ,deadboy
deddboys,ˈdɛdˌbɔɪz,deadboys
deddener,ˈdɛdənəɹ,deadener
deddeners,ˈdɛdənəɹz,deadeners
deddeningly,ˈdɛdənɪŋliː,deadeningly
deddenings,ˈdɛdənɪŋz,deadenings
deddest,ˈdɛdəst,deadest
deddfall,ˈdɛdˌfɔl,deadfall
deddfalls,ˈdɛdˌfɔlz,deadfalls
deddhedded,ˈdɛdˌhiːdɪd,deadheaded
deddhedding,ˈdɛdˌhiːdɪŋ,deadheading
deddhouse,ˈdɛdˌhaʊs,deadhouse
deddhouses,ˈdɛdˌhaʊsɪz,deadhouses
deddiye,ˈdɛdiː,deadeye
deddiyes,ˈdɛdiːz,deadeyes
deddlift,ˈdɛdlɪft,deadlift
deddlifted,ˈdɛdləftɪd,deadlifted
deddlifting,ˈdɛdləftɪŋ,deadlifting
deddliht,ˈdɛdˌlaɪt,deadlight
deddlihts,ˈdɛdləts,deadlights
deddlined,ˈdɛdˌlaɪnd,deadlined
deddlining,ˈdɛdəlɪnɪŋ,deadlining
deddlocking,ˈdɛdˌlɑkɪŋ,deadlocking
deddman,ˈdɛdmən,deadman
deddmen,ˈdɛdmən,deadmen
deddness,ˈdɛdnəs,deadness
deddpanner,ˈdɛdˌpænəɹ,deadpanner
deddpanners,ˈdɛdˌpænəɹz,deadpanners
deddpanning,ˈdɛdˌpænɪŋ,deadpanning
deddrise,ˈdɛˌdɹaɪs,deadrise
deddrises,ˈdɛdɹəsəs,deadrises
deddstock,ˈdɛdˌstɑk,deadstock
deddweihts,ˈdɛˌdweɪts,deadweights
deddwoods,ˈdɛˌdwʊdz,deadwoods
deddwork,ˈdɛˌdwɜɹk,deadwork
deerstahker,ˈdɪɹˌsteɪkəɹ,deerstalker
deerstahkers,ˈdɪɹˌsteɪkəɹz,deerstalkers
defectivly,dɪˈfɛktɪvliː,defectively
defectivness,dɪˈfɛktɪvnəs,defectiveness
defectivs,dɪˈfɛktɪvz,defectives
defensivs,dɪˈfɛnsɪvz,defensives
deffeningly,ˈdɛfənɪdʒliː,deafeningly
deffer,ˈdɛfəɹ,deafer
deffest,ˈdɛfəst,deafest
deffish,ˈdɛfəʃ,deafish
deffly,ˈdiːfliː,deafly
definitivness,dɪˈfɪnɪtɪnsɪz,definitiveness
definitivs,dɪˈfɪnɪtɪvz,definitives
definitness,ˈdɛfənənts,definiteness
deflectiv,dɪˈflɛktɪv,deflective
defluwer,dɪˈflaʊəɹ,deflower
defluwerer,dɪˈfluːəɹ,deflowerer
defluwerers,dɪˈflaʊəɹz,deflowerers
defluwering,dɪˈfluːəɹɪŋ,deflowering
deformativ,dɪˈfɔɹmətɪst,deformative
degeneratly,dɪˈdʒɛnəɹətliː,degenerately
degeneratness,dɪˈdʒɛnəɹətənst,degenerateness
degradativz,ˈdɛɡɹəˌdeɪtɪv,degradative
degressiv,dɪˈɡɹɛsɪv,degressive
degressivly,dɪˈɡɹɛsɪvliː,degressively
deleav,dɪˈlɛv,deleave
deledd,dɪˈliːd,delead
deledded,dɪˈliːdɪd,deleaded
deledding,dɪˈliːdɪŋ,deleading
deliberativly,dɪˈlɪbəɹətɪvliː,deliberatively
deliberativness,dɪˈlɪbəɹəˌtɛvnɪst,deliberativeness
deliberatness,dɪˈlɪbəɹətənz,deliberateness
delicatness,ˈdɛləkətənz,delicateness
delicats,ˈdɛləˌkeɪts,delicates
delihtedly,dɪˈlaɪtədliː,delightedly
delihtedness,dɪˈlaɪtədənz,delightedness
delihter,ˈdɛlaɪtəɹ,delighter
delihters,ˈdɛlaɪtəɹz,delighters
delihtfulness,dɪˈlaɪtfənsəlz,delightfulness
delihtsom,ˈdɛlədʒətˌswɑ,delightsome
delineativ,dɪˈlɪnətɪv,delineative
delusiv,dɪˈluːsɪv,delusive
delusivly,dɪˈluːsəvɪsliː,delusively
delusivness,dɪˈluːsəvɪnsɪz,delusiveness
demagogd,ˈdɛməˌɡɑɡd,demagogued
demehne,ˈdɛmzən,demesne
demehnes,ˈdɛmzənz,demesnes
demonstrativly,ˌdɛmənˈstɹætɪtliː,demonstratively
demonstrativness,ˌdɛmənˈstɹætɪsts,demonstrativeness
demonstrativs,ˌdɛmənˈstɹætəst,demonstratives
denigrativ,dɪˈnɪɹətədʒɪv,denigrative
denominativ,dɪˈnɑmənətɪv,denominative
denominativs,dɪˈnɑmənətɪvz,denominatives
denotativ,ˈdɛnətətɪv,denotative
denotativly,dɪˈnɑtətɪvliː,denotatively
denotiv,ˈdɛnətɪv,denotive
denticulat,ˈdɛntəˌkjuːtəl,denticulate
denticulatly,ˌdɛntəˈkjuːtələ,denticulately
denunciativ,dɪˌnʌnsiːəˈtɪviː,denunciative
depletiv,dɪˈpliːtɪv,depletive
depreciativ,dɪˈpɹiːʃiːˌeɪvɪt,depreciative
depressivly,dɪˈpɹɛsɪvliː,depressively
depressivness,dɪˈpɹɛsɪˌvɪnzɪz,depressiveness
depressivs,dɪˈpɹɛsɪvz,depressives
dereqho,ˈdɛɹkoʊ,derecho
dereqhos,ˈdɛɹɪkoʊz,derechos
derisivness,dəɹˈɪsəvɪnsɪz,derisiveness
derivativly,dəɹˈɪvətɪvliː,derivatively
derivativness,dəɹˈaɪvətəsts,derivativeness
derogativ,dəɹˈɑɡətɪv,derogative
derogativly,ˌdɛɹəˈɡeɪtɪvliː,derogatively
derths,dɜɹθs,dearths
descriptivly,dɪˈskɹɪptɪvliː,descriptively
descriptivness,dɪˈskɹɪptɪvnəs,descriptiveness
desiccativ,dɪˈsɛkətɪv,desiccative
desiderativ,dɪˈzɪdəɹətɪv,desiderative
designativ,dɪsˈɡɪnətɪv,designative
desolatly,ˈdɛsələtliː,desolately
desolatness,ˈdɛsələtnəs,desolateness
desperatness,ˈdɛspəɹətənts,desperateness
destin,ˈdɛstaɪn,destine
destructivly,dɪˈstɹʌktɪvliː,destructively
detaqhability,dɪˌtætʃəˈbɪlətiː,detachability
detaqhably,dɪˈtætʃəbliː,detachably
detaqhedly,dɪˈtætʃɪdliː,detachedly
detaqhedness,dɪˈtækədnəst,detachedness
detaqher,dɪˈtætʃəɹ,detacher
detaqhers,dɪˈtætʃəɹz,detachers
detaqhing,dɪˈtætʃɪŋ,detaching
detaqhments,dɪˈtækmənts,detachments
detectivlike,dɪˈtɛktɪvliː,detectivelike
deteriorativ,dɪtəɹˈɪvəɹət,deteriorative
determinativly,dɪˈtɜɹmənətɪvliː,determinatively
determinativness,dɪˌtɜɹməˈnætɪvnəs,determinativeness
determinativs,dɪˈtɜɹməˌneɪtɪvz,determinatives
determinatly,dɪˈtɜɹmənətliː,determinately
determinatness,dɪˈtɜɹmənənts,determinateness
detersiv,dɪˈtɜɹsɪv,detersive
detersivs,dɪˈtɜɹsɪvz,detersives
dethbeds,ˈdɛθˌbɛdz,deathbeds
dethblow,ˈdɛθboʊl,deathblow
dethblows,ˈdɛθˌbɔlz,deathblows
dethcup,ˈdɛθˌkʌp,deathcup
dethcups,ˈdɛθkəps,deathcups
dethday,ˈdɛθˌdeɪ,deathday
dethdays,ˈdɛˌθeɪdz,deathdays
dethful,ˈdɛθfəl,deathful
dethless,ˈdɛθləs,deathless
dethlessly,ˈdɛθləsliː,deathlessly
dethlessness,ˈdɛθləsnəs,deathlessness
dethplace,ˈdɛθpəls,deathplace
dethplaces,ˈdɛθəˌplæsɪz,deathplaces
dethsman,ˈdiːθsmən,deathsman
dethsmen,ˈdɛðzmɪn,deathsmen
dethtrap,ˈdɛθəɹˌtæp,deathtrap
dethtraps,ˈdɛtəɹˌæps,deathtraps
dethward,ˈdɛθwəɹd,deathward
dethwatches,ˈdɛθwətʃɪz,deathwatches
dethy,ˈdɛθiː,deathy
detonativ,dɪˈtɑnətɪv,detonative
detooring,ˈdɛtʊɹɪŋ,detouring
detractiv,dɪˈtɹæktɪv,detractive
detractivly,dɪˈtɹæktɪvliː,detractively
dettless,ˈdɛtəlz,debtless
devastativ,dɪˈvæstətɪv,devastative
deverbativ,ˈdɛvəɹətəˌbeɪt,deverbative
deverbativs,ˈdɛvəɹətəˌbɪs,deverbatives
deviativ,dɪˈvaɪətət,deviative
dextrogyrat,ˌdɛkstɹəˈɡɑtɹiːədʒ,dextrogyrate
dhuw,daʊ,dhow
dialysat,ˈdaɪələˌseɪt,dialysate
dialysats,ˈdaɪələˌsaɪts,dialysates
diapositiv,ˌdaɪəˈpɑstəpəts,diapositive
diapositivs,ˌdaɪpəˈsɑtəsəts,diapositives
dibranchiat,daɪˈbɹænˌtʃaɪət,dibranchiate
dibranchiats,daɪˈbɹæntʃiːˌeɪts,dibranchiates
dickhedd,ˈdɪkˌhɛd,dickhead
dickhedds,ˈdɪkˌhɛdz,dickheads
diffusiv,dɪˈfjuːsɪv,diffusive
diffusivly,dɪˈfjuːsɪvliː,diffusively
diffusivness,dɪˈfjuːzənsɪvz,diffusiveness
diffuzely,ˈdɪfəˌsɛliː,diffusely
diffuzeness,ˈdɪfəsənsəz,diffuseness
diffuzer,ˈdɪfəsəɹ,diffuser
diffuzers,ˈdɪfəsəɹz,diffusers
diffuzible,dɪˈfjuːzəbəl,diffusible
diffuzor,ˈdɪfjuːsəɹ,diffusor
diffuzors,ˈdɪfəsəɹz,diffusors
digestivly,daɪˈdʒɛstɪvliː,digestively
digestivs,daɪˈɡɛstɪvz,digestives
digressiv,daɪˈɡɹɛsɪv,digressive
digressivly,daɪˈɡɹɛsɪvliː,digressively
digressivness,daɪˈɡɹɛsəpənsɪz,digressiveness
diht,daɪt,dight
dihted,ˈdaɪtəd,dighted
dihting,ˈdaɪtɪŋ,dighting
dilativ,daɪˈleɪtɪv,dilative
diminutivly,dɪˈmɪnjətətliː,diminutively
diminutivness,ˌdɪməˈnjuːtənsɪvz,diminutiveness
diminutivs,dɪˈmɪnjətɪvz,diminutives
directorats,dəɹˈɛktəɹˌeɪts,directorates
disabuzal,dɪsəsˈbjuːsə,disabusal
disabuzing,dɪsəsˈbaɪɪŋz,disabusing
disacknoledge,ˌdɪsəkˈnɔlds,disacknowledge
disacknoledged,ˌdɪsəkˈnɔldəst,disacknowledged
disacknoledging,dɪsəkˈnɔlhədɪŋ,disacknowledging
disacknoledgment,ˌdɪsəkənˌdɔləˈsteɪthəm,disacknowledgement
disaffectionat,ˌdɪsəfəˈkeɪʃənt,disaffectionate
disaggregativ,dɪsəˈɡɹævɪtɪŋ,disaggregative
disalluwable,ˌdɪsəˈlaʊəbəl,disallowable
disapproovals,dɪsəˈpɹɔvəlz,disapprovals
disapproover,dɪsəˈpɹuːvəɹ,disapprover
disapproovers,dɪsəˈpɹuːvəɹz,disapprovers
disapproovingly,dɪsəˈpɹɔvɪŋliː,disapprovingly
disavuwable,ˌdɪsəˈvɑzəbəl,disavowable
disavuwal,dɪˈsɑvˌwɑlə,disavowal
disavuwals,dɪˈsɑvˌwɑləs,disavowals
disbranqh,dˈsɪɹˌbæntʃ,disbranch
disbranqhing,dˈsɪɹˌbæntʃɪŋ,disbranching
disbuwel,ˈdɪsboʊlə,disbowel
disbuweling,dɪsˈboʊlɪŋ,disboweling
discarnat,dɪˈskɑɹnət,discarnate
discking,ˈdɪsɪŋ,discing
disclozer,dɪˈskloʊzəɹ,discloser
disclozers,dɪˈskloʊzəɹz,disclosers
disconnectiv,ˌdɪskəˈnɛktɪv,disconnective
disconnectivness,ˌdɪskəˈnɛktɪvnəst,disconnectiveness
disconsolat,ˌdɪskənˈsɑlət,disconsolate
disconsolatly,ˌdɪskənˈsɑlətiː,disconsolately
disconsolatness,ˌdɪskənsəˈleɪtnəst,disconsolateness
discorsed,dɪˈskɔɹst,discoursed
discorser,dɪˈskɔɹsəɹ,discourser
discorsers,dɪˈskɔɹsəɹz,discoursers
discorsing,dɪˈskɔɹsɪŋ,discoursing
discotheqs,ˌdɪskəˈθɛks,discotheques
discriminativly,dɪˈskɹɪmənətɪvliː,discriminatively
discruwn,dɪˈskɹoʊn,discrown
discruwning,dɪˈskɹoʊnɪŋ,discrowning
discurrageable,ˌdɪskəɹˈeɪbəɡəld,discourageable
discurragements,ˌdɪskəɹˈeɪdʒmənts,discouragements
discurrager,ˈdɪskəɹˌeɪdʒəɹ,discourager
discurragers,ˈdɪskəɹˌeɪdʒəɹz,discouragers
discurragingly,dɪˈskɔɹdʒəbliːɪŋ,discouragingly
discursivly,dɪˈskɜɹsvɪsliː,discursively
discursivness,dɪˈskɜɹsɪvnəs,discursiveness
discurteous,dɪˈskɔɹtəs,discourteous
discurteously,daɪˈskɔɹtəswiːz,discourteously
discurteousness,ˌdɪˈskɔɹtəsˌbeɪnz,discourteousness
discurtesies,dɪˈskɔɹtəstiːz,discourtesies
discurtesy,dɪˈskɔɹtəsiː,discourtesy
disemboghe,dɪsəmˈbjuːɡ,disembogue
disemboghed,dɪsəmˈbɑɡuːd,disembogued
disemboghing,dɪsɪmˈbɔɡɪŋ,disemboguing
disembuwel,dɪsəmˈboʊliː,disembowel
disembuweling,dɪsiːˈʌbməwɪŋ,disemboweling
disembuwelment,dɪsəˈmoʊzənˌtɔl,disembowelment
disembuwelments,dɪsəˈmoʊlʃənd,disembowelments
disempuwer,dɪˈsmuːpəɹ,disempower
disempuwering,dɪsɪmˈpɔɪəɹɪŋ,disempowering
disempuwerment,dɪsɪmˈpoʊʃəɹmənt,disempowerment
disenduw,dɪsɪnˈduː,disendow
disenduwer,dɪsɪnˈdwɑɹ,disendower
disenduwers,dɪsɪnˈdwɑɹz,disendowers
disenduwing,dɪsɪnˈdwɔɪŋ,disendowing
disenduwment,dɪsɪnˈduːmənt,disendowment
disenduwments,dɪsɪnˈduːmənts,disendowments
disenfranqhisements,ˌdɪsɪnˈfɹændəsmənts,disenfranchisements
disenfranqhising,dɪsɪnˈfɹænˌsaɪkɪŋz,disenfranchising
disenqhain,dɪsɪnˈtʃeɪn,disenchain
disenqhaining,dɪsɪnˈtʃeɪnɪŋ,disenchaining
disenqhant,dɪsənˈkænt,disenchant
disenqhanter,dɪsənˈkæntəɹ,disenchanter
disenqhanters,dɪsənˈkæntəɹz,disenchanters
disenqhanting,dɪˈsɛntʃəntɪŋ,disenchanting
disenqhantingly,dɪˈsɛntʃəntliː,disenchantingly
disenqhantments,dɪsɪnˈkæntmənts,disenchantments
disentoom,dɪˈsɛntət,disentomb
disentooming,dɪˈsɪntəmbˌtɔ,disentombing
disfranqhise,dɪsˈfɹænˌtʃaɪzɪz,disfranchise
disfranqhised,dɪsˈfɹænˌtʃaɪzd,disfranchised
disfranqhisement,dɪsˈfɹʌnsmɪkənts,disfranchisement
disfranqhisements,dɪsˈfɹʌnsmətənsɪz,disfranchisements
disfranqhising,dɪsˈfɹænsɪŋks,disfranchising
disghisedly,dɪsˈɡaɪzədliː,disguisedly
disghisement,dɪsˈɡɪsmənt,disguisement
disghisements,dɪsˈɡaɪsmənts,disguisements
disghiser,dɪsˈɡaɪzwəɹ,disguiser
disghisers,dɪsˈɡaɪzwəɹz,disguisers
disguwn,ˈdɪsɡoʊn,disgown
disguwning,dɪsˈɡɑnɪŋ,disgowning
disharten,dɪsˈhɑɹtən,dishearten
disharteningly,dɪsˈhɑɹtɪŋtliː,dishearteningly
dishartenment,dɪsˈhɑɹtəntənt,disheartenment
dishartenments,ˌdɪsˈhɑɹtəntənts,disheartenments
dishtuwel,ˈdɪʃtoʊt,dishtowel
dishtuwels,ˈdɪʃtoʊsəl,dishtowels
disillusiv,dɪˈsɪləsv,disillusive
disimagin,ˌdɪsɪˈmɪdʒən,disimagine
disinfectiv,dɪsɪnˈfɛktɪv,disinfective
disintegrativ,dɪsɪnˈtɛɹətɪdʒɪv,disintegrative
disinvolv,dɪsɪnˈvɔlv,disinvolve
disinvolvment,ˌdɪsɪnˈvɔləntəm,disinvolvement
disjunctiv,dɪsˈdʒʌkstɪŋ,disjunctive
disjunctivly,dɪsˈɡʌŋtsɪvliː,disjunctively
disjunctivs,dɪsˈdʒʌktɪŋs,disjunctives
dislodgment,ˌdɪsləˈdʒɛmənt,dislodgement
dislodgments,ˌdɪsləˈdʒɛmənts,dislodgements
dismissivly,dɪˈsmɪsɪvliː,dismissively
dismissivness,dɪˈsmɪsɪvnəs,dismissiveness
disorderdly,dɪˈsɔɹdəɹdliː,disorderedly
disorderdness,ˌdɪsəɹˈdɛɹənzɪz,disorderedness
disparatly,dɪˈspɛɹətəliː,disparately
disparatness,ˌdɪspəɹˈeɪtənz,disparateness
dispassionatness,ˌdɪspəˈʃeɪnənts,dispassionateness
dispeeple,dɪˈspiːpəl,dispeople
dispeepled,dɪˈspjuːəld,dispeopled
dispeepling,dɪˈspiːlɪŋ,dispeopling
dispersivly,dɪˈspɜɹsɪvliː,dispersively
dispersivness,dɪˈspɜɹsɪvnəs,dispersiveness
displesures,dɪspˈljuːzəɹz,displeasures
dispredd,dɪˈspɹiːd,dispread
dispredding,dɪˈspɹiːdɪŋ,dispreading
disproovable,dɪˈspɹuːvəbəl,disprovable
disprooving,dɪˈspɹuːvɪŋ,disproving
disqhargeable,dɪsˈtʃɑɹdʒəbəl,dischargeable
disqhargee,dɪˈskɑɹdʒiː,dischargee
disqhargees,dɪsˈtʃɑɹdʒəs,dischargees
disqharger,dɪsˈtʃɑɹdʒəɹ,discharger
disqhargers,dɪsˈtʃɑɹdʒəɹz,dischargers
disruptivly,dɪsˈɹʌptɪvliː,disruptively
disruptivness,dɪsˈɹʌptɪvnəs,disruptiveness
disseeze,dɪˈsaɪz,disseise
disseezed,dɪˈsaɪzd,disseised
disseezin,ˌdɪsɪˈziːn,disseisin
disseezing,dɪˈsaɪzɪŋ,disseizing
disseezins,ˌdɪsɪˈziːnz,disseisins
disseezor,dɪˈsaɪzəɹ,disseisor
disseezors,dɪˈsaɪzəɹz,disseisors
disserv,dɪˈzɜɹv,disserve
dissimulativ,ˌdɪsɪˈmjuːlətɪv,dissimulative
dissociativ,ˌdɪsəˈsaɪətɪv,dissociative
dissuasiv,ˌdɪswəˈsɑv,dissuasive
dissuasivly,dɪˈsweɪsəvliː,dissuasively
dissuasivness,ˌdɪswəˈseɪvənsɪz,dissuasiveness
distavvs,dɪˈsteɪvz,distaves
distortiv,dɪˈstɔɹtɪv,distortive
distractiv,dɪˈstɹæktɪv,distractive
distractivly,dɪˈstɹæktɪvliː,distractively
distrauhtly,ˈdɪstɹətliː,distraughtly
distributivly,dɪˈstɹɪbjətətɪvliː,distributively
disuzed,dɪˈsjuːzd,disused
disuzing,dɪˈsjuːzɪŋ,disusing
ditransitiv,daɪˈtɹænsətɪv,ditransitive
divisivly,dɪˈvɪsɪvliː,divisively
dogfihting,ˈdɔɡˌfaɪtɪŋ,dogfighting
dogfoht,ˈdɔɡˌfaʊt,dogfought
doggond,ˈdɑɡənd,doggoned
doggonder,ˈdɑɡənˌdiːn,doggoneder
doggondest,ˈdɑɡənˌdaɪts,doggonedest
dogwahk,ˈdɔˌɡwɑlk,dogwalk
dogwahking,ˈdɔˌɡwɔkfɪŋ,dogwalking
dohboys,ˈdʌbɔɪz,doughboys
dohface,ˈduːfəs,doughface
dohfaces,ˈdʌfəsəz,doughfaces
dohier,ˈdaʊɡiːəɹ,doughier
dohiest,ˈdaʊfiːəst,doughiest
dohlike,ˈdʌˌflaɪk,doughlike
dohnutlike,ˈdʌŋɡətˌlaɪk,doughnutlike
dohs,dʌfs,doughs
dolesom,ˈdɑləˌsoʊm,dolesome
dominativ,doʊmiːˈnætɪv,dominative
donativ,ˈdɑnətɪv,donative
donativs,ˈdɑnətɪvz,donatives
doocely,ˈdoʊsəliː,doucely
dopehedd,ˈdoʊpəˌhɛd,dopehead
dopehedds,dəˈpiːˌhɛdz,dopeheads
dorine,ˈdʊɹaɪn,dourine
dorrbells,ˈdɔɹˌbɛlz,doorbells
dorrframe,ˈdɔɹˌfɹeɪm,doorframe
dorrframes,ˈdɔɹˌfɹeɪmz,doorframes
dorrjamm,ˈdɔɹʃədən,doorjamb
dorrjamms,ˈdɔɹʃədənz,doorjambs
dorrkeepers,ˈdɔɹˌkiːpəɹz,doorkeepers
dorrknocker,ˈdɔɹkˌnɑkəɹ,doorknocker
dorrknockers,ˈdɔɹkˌnɔkəɹz,doorknockers
dorrless,ˈdɔɹlɪs,doorless
dorrmen,ˈdɔɹˌmɛn,doormen
dorrnails,ˈdɔɹnəlz,doornails
dorrplate,ˈdɔɹˌpleɪt,doorplate
dorrplates,ˈdɔɹˌpleɪts,doorplates
dorrposte,ˈdɔɹˌpoʊst,doorpost
dorrpostes,ˈdɔɹˌpoʊsts,doorposts
dorrsills,ˈdɔɹsəlz,doorsills
dorrstop,ˈdɔɹˌstɑp,doorstop
dorrstops,ˈdɔɹˌstɑps,doorstops
dorryard,ˈduːɹˌjɑɹd,dooryard
douht,daʊt,dought
douhtier,ˈdaʊtiːəɹ,doughtier
douhtiest,ˈdaʊtiːəst,doughtiest
douhtily,ˈdaʊtɪtliː,doughtily
douhtiness,ˈdaʊtiːnəs,doughtiness
doutable,ˈdaʊtbəl,doubtable
doutfully,ˈdaʊtfəliː,doubtfully
doutfulness,ˈdaʊtfənsəlz,doubtfulness
doutingly,ˈdaʊtɪŋliː,doubtingly
doutlessly,ˈdaʊtəlsliː,doubtlessly
doutlessness,ˈdaʊtəlsənz,doubtlessness
dovcot,ˈdoʊvɪkt,dovecot
dovcote,ˈdʌvəˌkoʊt,dovecote
dovcotes,ˈdʌvəˌkeɪts,dovecotes
dovcots,ˈdoʊvɛkˌtoʊz,dovecots
dovish,ˈdʌvɪʃ,doveish
dovishness,ˈdʌvəʃnəs,doveishness
dovkey,ˈdʌvɪkiː,dovekey
dovkeys,ˈdʌvɪkiːz,dovekeys
dovkie,ˈdʌvkiːˌeɪ,dovekie
dovkies,ˈdʌvkiːˌeɪz,dovekies
dovlet,ˈdʌvələt,dovelet
dovlets,ˈdʌvləts,dovelets
dovlike,ˈdʌvˌlaɪk,dovelike
dovtailing,ˈdʌvˌteɪlɪŋ,dovetailing
dracena,dɹeɪˈkeɪnə,dracaena
dracenas,ˈdɹeɪkənəz,dracaenas
dragonhedds,ˈdɹæɡənhaɪdz,dragonheads
drapability,ˌdɹiːpəˈbɪlətiː,drapeability
dreddfulness,ˈdɹɛdfəlnəs,dreadfulness
dreddfuls,ˈdɹɛdfəlz,dreadfuls
dreddlock,ˈdɹɛdˌlɑk,dreadlock
dreddlocks,ˈdɹɛdˌlɑks,dreadlocks
dreddnauht,ˈdɹɛdˌnɔθ,dreadnaught
dreddnauhts,ˈdɹɛdˌnɔts,dreadnaughts
dreddnohts,ˈdɹɛdənts,dreadnoughts
drenqher,ˈdɹɛntʃəɹ,drencher
drenqhers,ˈdɹɛntʃəɹz,drenchers
droghes,dɹoʊɡz,drogues
drophedd,ˈdɹɑfəd,drophead
drophedds,ˈdɹɑfədz,dropheads
dropliht,ˈdɹɑˌplaɪt,droplight
droplihts,ˈdɹɑˌplaɪts,droplights
drouhtier,ˈdɹaʊtiːəɹ,droughtier
drouhtiest,ˈdɹaʊtiːəst,droughtiest
drouhtiness,ˈdɹaʊtiːnəs,droughtiness
drouhty,ˈdɹaʊtiː,droughty
drumhedds,ˈdɹʌmˌhɛdz,drumheads
druw,dɹaʊ,drow
druwnd,dɹaʊnd,drownd
druwnding,ˈdɹaʊndɪŋ,drownding
druwner,ˈdɹaʊnəɹ,drowner
druwners,ˈdɹaʊnəɹz,drowners
druwse,dɹaʊs,drowse
druwsed,dɹaʊzd,drowsed
druwsier,ˈdɹaʊsiːəɹ,drowsier
druwsiest,ˈdɹoʊziːəst,drowsiest
druwsily,dɹoʊˈzaɪliː,drowsily
druwsing,ˈdɹaʊsɪŋ,drowsing
dubblebrested,ˈdʌbəlɹəʃəst,doublebreasted
dubblecross,ˈdʌbləkəɹz,doublecross
dubblehedder,ˈdʌbəlˌhɛdəɹ,doubleheader
dubblehedders,ˈdʌbəlˌhɛdəɹz,doubleheaders
dubbleness,ˈdʌbəlnəs,doubleness
dubbler,ˈdʌbələɹ,doubler
dubblers,ˈdʌbələɹz,doublers
dubblespeaker,ˈdaʊbˌsleɪpskəɹ,doublespeaker
dubblespeakers,ˈdaʊbəlˌspiːkəɹz,doublespeakers
dubblet,ˈdʌbəlt,doublet
dubblethinks,ˈdʌbəlˌθɛknɪz,doublethinks
dubbleton,ˈdʌbəltən,doubleton
dubbletons,ˈdʌbəltənz,doubletons
dubblets,ˈdʌbəlts,doublets
dubbloon,ˈdʌˌblaʊn,doubloon
dubbloons,ˈdʌˌblaʊnz,doubloons
dubblure,ˈdʌblaʊɹ,doublure
dubblures,ˈdʌbləɹz,doublures
duckwahk,ˈdʌkwək,duckwalk
duckwahking,ˈdʌˌkwɔkɪŋ,duckwalking
dujjens,ˈdʌdʒənz,dudgeons
dula,ˈduːlə,doula
dumas,ˈduːməs,doumas
dummass,ˈdʌmˌbæs,dumbass
dummasses,ˈdʌməsbz,dumbasses
dummcane,ˈdʌmkˌbeɪn,dumbcane
dummcanes,ˈdʌmkənz,dumbcanes
dummfound,ˈdʌmˌfaʊnd,dumfound
dummfounded,ˈdʌmfaʊndɪd,dumfounded
dummfounder,ˈdʌmfaʊndəɹ,dumbfounder
dummfoundering,ˈdʌmfaʊnˌdaɪəɹ,dumbfoundering
dummfounding,ˈdʌmfaʊndɪŋ,dumfounding
dummhedd,ˈdʌmˌbɛd,dumbhead
dummhedds,ˈdʌmˌbɛdz,dumbheads
dummly,ˈdʌmbliː,dumbly
dummness,ˈdʌmnəs,dumbness
dummwaiter,ˈdʌmˌweɪtəɹ,dumbwaiter
dummwaiters,ˈdʌmˌweɪtəɹz,dumbwaiters
dunderhedd,ˈdʌndəɹˌhɛd,dunderhead
dunderhedded,ˈdʌndəɹˌhɛdəd,dunderheaded
dunderheddedness,ˈdʌndəɹˌhɛdɹənz,dunderheadedness
dunderhedds,ˈdʌndəɹˌhɛdz,dunderheads
dunjening,ˈdʌndʒənɪŋ,dungeoning
dunness,ˈdoʊnənsəz,doneness
dunqh,dʌntʃ,dunch
dunqhing,ˈdʌŋkɪŋ,dunching
dupioni,ˌduːpiːˈoʊniː,doupioni
duqhesses,duːˈʃɛsɪz,duchesses
duqhies,ˈdʌtʃiːz,duchies
durativ,ˈdʊɹətɪv,durative
durativs,ˈdʊɹətɪvz,duratives
duruculi,daʊɹuːˈkoʊliː,douroucouli
duumvirat,duːmˈveɪɹiːˌeɪt,duumvirate
duumvirats,duːmˈveɪɹiːˌeɪts,duumvirates
duwable,ˈdaʊəbəl,dowable
duwagers,ˈdaʊədʒəɹz,dowagers
duwdier,ˈdaʊdiːəɹ,dowdier
duwdies,ˈdaʊdiːz,dowdies
duwdiest,ˈdaʊdiːəst,dowdiest
duwdily,ˈdaʊdəliː,dowdily
duwdiness,ˈdaʊdiːnəs,dowdiness
duwdyish,ˈdaʊˌdaɪɪʃ,dowdyish
duweling,ˈdaʊəlɪŋ,doweling
duweries,ˈdaʊəɹiːz,doweries
duwering,ˈdaʊəɹɪŋ,dowering
duwery,ˈdaʊəɹiː,dowery
duwing,ˈdaʊɪŋ,dowing
duwitcher,ˈdaʊˌtʃaɪɹ,dowitcher
duwitchers,ˈdaʊˌtʃaɪɹz,dowitchers
duwlas,ˈdaʊləz,dowlas
duwnbeats,ˈdaʊnˌbiːts,downbeats
duwnburst,ˈdaʊnˌbɜɹst,downburst
duwnbursts,ˈdaʊnˌbɜɹsts,downbursts
duwncasts,ˈdaʊnˌkæsts,downcasts
duwncom,ˈdaʊnˌkʌm,downcome
duwncoms,ˈdaʊnˌkʌmz,downcomes
duwncort,ˈdaʊnˌkwʌɹt,downcourt
duwndrafts,ˈdaʊnˌdɹæfts,downdrafts
duwnfallen,ˈdaʊnfələn,downfallen
duwnfalls,ˈdaʊnˌfɔlz,downfalls
duwnfield,ˈdaʊnˌfiːld,downfield
duwnharted,ˈdaʊnˌhɛɹtəd,downhearted
duwnhartedly,ˈdaʊnˌhɛɹtɪtliːd,downheartedly
duwnhartedness,ˈdaʊnhɪˌdɹeɪʃənts,downheartedness
duwnhaul,ˈdaʊnˌhaʊ,downhaul
duwnhauls,ˈdaʊnˌhaʊs,downhauls
duwnhiller,ˈdaʊnˌhɪləɹ,downhiller
duwnhillers,ˈdaʊnˌhaɪləɹz,downhillers
duwnhills,ˈdaʊnˌhɪlz,downhills
duwnier,ˈdaʊnjəɹ,downier
duwniest,ˈdaʊniːəst,downiest
duwnland,ˈdaʊnlənd,downland
duwnlands,ˈdaʊnləndz,downlands
duwnlink,ˈdaʊnlɪŋk,downlink
duwnlinks,ˈdaʊnlɪŋks,downlinks
duwnloadable,ˈdaʊnləˌdʒoʊbəl,downloadable
duwnpipe,ˈdaʊnˌpaɪp,downpipe
duwnpipes,ˈdaʊnˌpaɪps,downpipes
duwnrihtness,ˈdaʊɹˌnaɪtənz,downrightness
duwnscaled,ˈdaʊnˌseɪkt,downscaled
duwnscaling,ˈdaʊnˌseɪkəlɪŋ,downscaling
duwnshift,ˈdaʊnˌʃɪft,downshift
duwnshifted,ˈdaʊnˌʃɪftəd,downshifted
duwnshifting,ˈdaʊnˌʃɪft,downshifting
duwnslide,ˈdaʊnˌslaɪd,downslide
duwnslides,ˈdaʊnsəlˌdaɪz,downslides
duwnslope,ˈdaʊnˌsloʊp,downslope
duwnspout,ˈdaʊnˌspaʊt,downspout
duwnspouts,ˈdaʊnˌspaʊs,downspouts
duwnstages,ˈdaʊnˌsteɪdʒɪz,downstages
duwnstater,ˈdaʊnˌsteɪtəɹ,downstater
duwnstaters,ˈdaʊnˌsteɪtəɹz,downstaters
duwnstroke,ˈdaʊnˌstɹoʊk,downstroke
duwnstrokes,ˈdaʊnˌstɹoʊks,downstrokes
duwnswings,ˈdaʊnˌswɪŋz,downswings
duwntick,ˈdaʊntɪk,downtick
duwnticks,ˈdaʊntɪks,downticks
duwntimes,ˈdaʊnˌtaɪmz,downtimes
duwntrends,ˈdaʊnˌtɹɛndz,downtrends
duwntrod,ˈdaʊntɹəd,downtrod
duwntrodding,ˈdaʊnˌtɹoʊdɪŋ,downtrodding
duwntuwner,ˈdaʊnˌtaʊnəɹ,downtowner
duwntuwners,ˈdaʊnˌtaʊnəɹz,downtowners
duwnwardness,ˈdaʊnwəɹdnəs,downwardness
duwnwash,ˈdaʊnˌwɑʃ,downwash
duwnwashes,ˈdaʊnˌwɑʃɪz,downwashes
duwries,ˈdaʊɹiːz,dowries
duwsabel,ˈdaʊsəbəl,dowsabel
duwsabels,ˈdaʊsəbəlz,dowsabels
duwser,ˈdaʊsəɹ,dowser
duwsers,ˈdaʊzəɹz,dowsers
dyvor,dɪˈvɔɹ,dyvour
dyvors,dɪˈvɔɹz,dyvours
dyvory,dɪˈvɔɹiː,dyvoury
eaqhwhere,ˈiːˌkwɛɹ,eachwhere
earreaqh,ˈɪɹətʃ,earreach
easternmoste,ˈiːstəɹnˌmoʊst,easternmost
eavdrop,ˈiːvˌdɹɑp,eavedrop
eavdrops,ˈiːvˌdɹɑps,eavedrops
eavsdropper,ˈiːvzˌdɹʌpəɹ,eavesdropper
eavsdroppers,ˈiːvzˌdɹɑpəɹz,eavesdroppers
ebracteat,ɪˈbɹɛktək,ebracteate
ebracteolat,ɪbɹəktəˈtɑlək,ebracteolate
echinat,ˈɛkəˌneɪt,echinate
echinats,ˈɛkəˌneɪts,echinates
ecia,ˈɛsiːə,aecia
ecial,ˈiːsiːəl,aecial
ecidia,əˈsɪdiːə,aecidia
ecidial,əˈsɪdiːəl,aecidial
ecidium,əˈsɪdiːəm,aecidium
eciospore,ˌiːsiːˈpoʊsɪɹ,aeciospore
eciospores,ˌiːsiːˈpoʊsəɹz,aeciospores
ecium,ˈeɪsiːəm,aecium
eclog,ɪˈklɔɡ,eclogue
eclogs,ɪˈklɔɡz,eclogues
ecotoorism,ɪˈkuːtəɹˌɪzəm,ecotourism
ecotoorist,ɪˈkɑtəɹɪst,ecotourist
ecotoorists,ɪˈkʌtəɹɪsts,ecotourists
educativ,ɪˈdʌkətɪv,educative
eductiv,ɪˈdʌktəv,eductive
eeqh,ɛʃ,eche
eeqhd,ˈɛkəd,eched
eeqhing,ˈɛkɪŋ,eching
effectivs,ɪˈfɛktɪvz,effectives
effeminatly,ˌɛfəˈmɪnətiː,effeminately
effusivness,ɪˈfjuːzɪvnəs,effusiveness
effuzed,ɪˈfjuːzd,effused
effuzing,ˈɛfjuːsɪŋ,effusing
egestiv,ˈɛɡɪstɪv,egestive
egghedded,ˈɛɡˌhɛdɪd,eggheaded
eggheddedness,ˈɛɡˌhɛˌdiːndz,eggheadedness
egilops,ˈɛɡɪˌlɑps,aegilops
egilopses,ˈɛɡɪˌloʊpsɪz,aegilopses
egophony,ˌɛɡəˈfoʊniː,aegophony
eiderduwn,ˈaɪdəɹˌdaʊn,eiderdown
eiderduwns,ˈaɪdəɹˌdaʊnz,eiderdowns
eihteenths,ˈeɪtiːnθs,eighteenths
eihthly,ˈeɪtlhiː,eighthly
eihtieths,ˈeɪtiːtənz,eightieths
eihtvo,ˈeɪtvoʊ,eightvo
eihtvos,ˈeɪtvoʊs,eightvos
eihtyish,ˈaɪtiːˌwɪʃ,eightyish
ejectiv,ɪˈdʒɛktɪv,ejective
ejectivs,ɪˈdʒɛktɪvz,ejectives
elaborativ,ɪˈlæbɹətɪvəɹ,elaborative
elaboratness,ɪˈlæbəɹˌeɪts,elaborateness
elativ,ˈɛlətɪv,elative
elativs,ˈɛlətɪvz,elatives
electivly,ɪˈlɛktɪvliː,electively
electivness,ɪˈlɛktɪvnəs,electiveness
electroconvulsiv,ɪˌlɛktɹəˈvʌkntʊs,electroconvulsive
electronegativ,ɪˌlɛktɹoʊˈæntɪɡət,electronegative
electropositiv,ɪˌlɛktɹoʊˈpɑtəskəpt,electropositive
eliminativ,ɪˈlɪmənətɪp,eliminative
elusivly,ɪˈluːsɪvliː,elusively
emanativ,ˌɛməˈnætɪv,emanative
embahmer,ˈɛmbələɹm,embalmer
embahmers,ɛmˈbæməɹlz,embalmers
embahmment,ɛmˈbɑmlənt,embalmment
embahmments,ɛmˈbɑmlənts,embalmments
embruwn,ˈɛmˌbɹaʊn,embrown
embruwning,ɪmˈbɹuːnɪŋ,embrowning
embuwel,ɛmˈboʊəl,embowel
embuweling,ɛmˈboʊhəlɪŋ,emboweling
embuwer,ɛmˈbuːəɹ,embower
embuwering,ɛmˈbaʊəɹɪŋ,embowering
emissiv,ɪˈmɪsɪv,emissive
emmenagog,ˌɛmənˈɡeɪəɡ,emmenagogue
emmenagogs,ˌɛmənˈɡeɪədʒəs,emmenagogues
emotivly,ɪˈmɑtɪvɪliː,emotively
empuwerments,ɪmˈpuːəɹmənts,empowerments
emulativ,ˈɛmjələtɪv,emulative
emulativly,ˌɛmjuːˈleɪtɪvliː,emulatively
emulsiv,ɪˈmʌlsɪv,emulsive
enactiv,ɪˈnæktɪv,enactive
encroaqher,ɪnˈkɹoʊtʃəɹ,encroacher
encroaqhers,ɪnˈkɹoʊtʃəɹz,encroachers
encurragements,ɛnˈkjʊɹədʒmənts,encouragements
encurrager,ɛnˈkjuːɹɪdʒ,encourager
encurragers,ɛnˈkjʊɹɪdʒəɹz,encouragers
encurragingly,ɛnˈkɔɹdʒɪŋliː,encouragingly
encyclopedias,ɪnˌsaɪkləˈpeɪdiːəz,encyclopaedias
encyclopedic,ɪnˌsaɪkləˈpeɪdiː,encyclopaedic
endameba,ɛndɑmˈbɑjə,endamoeba
endamebae,ɛndəˈmjɑbə,endamoebae
endamebas,ɛndɑmˈbɑjəz,endamoebas
endevoring,ɪnˈdɛvəɹɪŋ,endeavouring
endleavs,ɛndˈleɪvz,endleaves
endmoste,ˈɛndˌmoʊst,endmost
enduwer,ɛnˈdaʊəɹ,endower
enduwers,ˈɛnˌdaʊəɹz,endowers
eneolithic,ˌɛniːəˈlɑθɪk,aeneolithic
enfeeff,ˈɛnˌfjuːf,enfeoff
enfeeffing,ɛnˈfjuːɪŋ,enfeoffing
enfeeffment,ɪnˈfjuːdəmənt,enfeoffment
enfeeffments,ɪnˈfjuːmpənts,enfeoffments
enfranqhisement,ɪnˈfɹænʃəmɪstɪn,enfranchisement
enfranqhisements,ɪnˈfɹæntʃəsmənts,enfranchisements
enfranqhising,ɪnˈfɹænˌtʃaɪzɪŋ,enfranchising
englishwimen,ɪŋˈɡlɪʃmən,englishwomen
enihle,ˈɛnɪs,enisle
enihled,ˈɛnɪstəld,enisled
enihling,ɛˈnɪsəlɪŋ,enisling
enlihtenments,ɛnˈlaɪtənəmz,enlightenments
enqhain,ɛˈneɪtʃn,enchain
enqhaining,ɛˈneɪˌnjeɪtɪŋ,enchaining
enqhainment,ɛnˈtʃaɪnmənt,enchainment
enqhainments,ɛnˈtʃaɪnmənts,enchainments
enqhantingly,ɛnˈtʃæntɪŋliː,enchantingly
enqhantments,ɛnˈtʃæntmənts,enchantments
enqhantress,ɪnˈkænʃəɹz,enchantress
enqhantresses,ɪnˈkænstɹəs,enchantresses
enqhase,ɛnˈtʃeɪzə,enchase
enqhased,ɛnˈtʃeɪst,enchased
enqhaser,ɛnˈtʃeɪsəɹ,enchaser
enqhasers,ɛnˈtʃeɪzəɹz,enchasers
enqhasing,ɛnˈtʃeɪzɪŋ,enchasing
enqhiladas,ɛntʃiːˈleɪdəz,enchiladas
enriqher,ɛnˈɹaɪkəɹ,enricher
enriqhers,ɛnˈɹaɪkəɹz,enrichers
enriqhments,ɪnˈɹɪkmənts,enrichments
ensanguin,ɛnˈseɪndʒwən,ensanguine
ensincies,ɪnˈsaɪnsiːz,ensigncies
ensincy,ˈɛnsəbənsiː,ensigncy
ensins,ˈɛnsɪnz,ensigns
ensohl,ˈɛnsəl,ensoul
ensohling,ɛnˈsuːlɪŋ,ensouling
entitativ,ɛnˈtaɪtətɪv,entitative
entitativly,ɛnˈtaɪtətətliː,entitatively
entooming,ɛnˈtoʊmɪŋ,entombing
entoomments,ɛnˈtoʊmmənts,entombments
entrenqhments,ɪnˈtɹɛntʃmənts,entrenchments
enuffs,ɪˈnaʊz,enoughs
enumerativ,ɪˈnjuːməɹətɪv,enumerative
enwoom,ˈɛnˌwʌm,enwomb
enwooming,ɪnˈwʌmbɪŋ,enwombing
enwynd,ˈɛnwɪnd,enwind
enwynding,ɪnˈwaɪndɪŋ,enwinding
eon,ˈeɪoʊən,aeon
eonian,eɪˈoʊniːən,aeonian
eonic,eɪˈoʊnɪk,aeonic
eons,ˈiːənz,aeons
eqheveria,ˌɛtʃəˈvɪɹiːə,echeveria
eqheverias,ˌɛtʃəˈvɪɹiːəs,echeverias
equivoqe,ɪˈkwɪvəˌkɔ,equivoque
equivoqes,ɪˈkwɪvɪks,equivoques
equorin,ˈeɪkwəɹɪn,aequorin
erectiv,ɪˈɹæktɪv,erective
erenuw,ˈɛɹəˌnoʊ,erenow
ergativ,ˈɜɹɡətɪv,ergative
ergativly,ˈɜɹɡətɪvliː,ergatively
ergativs,ˈɜɹɡətɪvz,ergatives
erldoms,ˈɜɹldəmz,earldoms
erldorman,ˈɜɹldəɹmən,earldorman
erldormen,ˈɜɹldəɹmən,earldormen
erliness,ˈɜɹliːnəs,earliness
erlship,ˈɜɹlˌʃɪp,earlship
erlships,ˈɜɹlˌʃɪps,earlships
erlywood,ˈɜɹliːˌwʊd,earlywood
erlywoods,ˈɜɹliːˌwʊdz,earlywoods
ermins,ˈɜɹmənəs,ermines
ernestful,ˈɜɹnɪstfəl,earnestful
ernests,ˈɜɹnəsts,earnests
ernful,ˈɪnfɹəl,earnful
erosivly,ɪˈɹoʊsɪvliː,erosively
erosivness,ɪˈɹoʊsɪˌvɛnsɪz,erosiveness
erthbag,ˈɜɹθˌbæɡ,earthbag
erthbags,ˈɜɹθˌbæɡz,earthbags
erthbank,ˈɜɹθˌbæŋk,earthbank
erthbanks,ˈɜɹθˌbæŋks,earthbanks
erthboard,ˈɜɹθˌbɔɹd,earthboard
erthboards,ˈɜɹθˌbɔɹdz,earthboards
erthborn,ˈɜɹθbəɹn,earthborn
erthdin,ˈɜɹθdɪn,earthdin
erthdins,ˈɜɹθdənz,earthdins
erthdrake,ˈɜɹθˌdɹeɪk,earthdrake
erthdrakes,ˈɜɹθˌdɹeɪks,earthdrakes
erthenwares,ˈɜɹθənˌwɛɹz,earthenwares
erthier,ˈɪɹθiːəɹ,earthier
erthiest,ˈɜɹθiːəst,earthiest
erthily,ˈɜɹθəliː,earthily
erthiness,ˈɜɹθiːnəs,earthiness
erthing,ˈɜɹθɪŋ,earthing
erthlier,ˈɜɹθliːəɹ,earthlier
erthliest,ˈɜɹθliːəst,earthliest
erthliht,ˈɜɹθˌlaɪt,earthlight
erthlihts,ˈɜɹθˌlaɪts,earthlights
erthlike,ˈɜɹθˌlaɪk,earthlike
erthliness,ˈɜɹθˌlaɪnz,earthliness
erthmad,ˈɜɹθməd,earthmad
erthman,ˈɜɹθmən,earthman
erthmen,ˈɜɹθmən,earthmen
erthmoover,ˈɜɹθmɔɹp,earthmover
erthmoovers,ˈɜɹθmɔɹps,earthmovers
erthmoovings,ˈɜɹθmɔvɪŋz,earthmovings
erthnut,ˈɜɹθnət,earthnut
erthnuts,ˈɜɹθnəts,earthnuts
erthpea,ˈɜɹθˌpiːə,earthpea
erthpeas,ˈɜɹθˌpiːz,earthpeas
erthrise,ˈɜɹθˌsaɪ,earthrise
erthrises,ˈɜɹˌθɹaɪzɪz,earthrises
erthset,ˈɜɹθˌsɛt,earthset
erthsets,ˈɜɹθsəts,earthsets
erthshaker,ˈɜɹθəkˌseɪəɹ,earthshaker
erthshakers,ˈɜɹθəˌkeɪsəɹz,earthshakers
erthshakingly,ˈɜɹθʃəŋkliː,earthshakingly
erthshock,ˈɜɹθˌʃɑk,earthshock
erthshocks,ˈɜɹθˌʃɑks,earthshocks
erthstars,ˈɜɹθˌstɑɹz,earthstars
erthward,ˈɜɹθwəɹd,earthward
erthwards,ˈɜɹθwəɹdz,earthwards
erthworks,ˈɜɹˌθwɜɹks,earthworks
eruptivly,ɪˈɹʌptɪvliː,eruptively
eruptivs,ɪˈɹʌptɪvz,eruptives
esculin,ˈɛskjələn,aesculin
escutchon,ɪˈskʌtʃəwən,escutcheon
escutchons,ˌɛˈskwʌʃənz,escutcheons
esqheat,ˈɛʃiːeɪt,escheat
esqheatable,ɛˈʃiːtəbəl,escheatable
esqheated,ˈɛʃiːˌeɪtəd,escheated
esqheating,ˈɛʃiːˌeɪtɪŋ,escheating
esqhewal,ˈɛʃuːəl,eschewal
esqhewals,ˈɛʃuːəlz,eschewals
esqs,ɛsks,esques
estimativ,ɛˈstɪmətɪv,estimative
etiqets,ˈɛtɪkəts,etiquettes
evacuativ,ɪˈvækjəwətɪv,evacuative
evaluativ,ɪˈvæljuːveɪtɪd,evaluative
evaporativ,ɪˈvæpəɹətɪv,evaporative
evasivly,ɪˈvɛsɪvliː,evasively
evasivness,ɪˈveɪsəvənzɪz,evasiveness
eveningwaer,ˈiːvɪnhɪɡwəɹn,eveningwear
evilduing,ˈɛvəlˌdaʊɪŋ,evildoing
evilduings,ˈɛvəlˌdoʊsɪŋ,evildoings
evinciv,ɪˈvɪnsɪv,evincive
evocativly,ɪˈvɑkətɪvliː,evocatively
evocativness,ɪˈvɑkətəvnəs,evocativeness
evolvment,ɪˈvɑlvmənt,evolvement
evolvments,ɪˈvɑlvmənts,evolvements
evrydayness,ˈɛvɹiːˌdaɪnz,everydayness
evrymen,ˈɛvɹiːmən,everymen
evryway,ˈɛvəɹiːˌweɪ,everyway
evrywhen,ˈɛvɹiːˌwɛn,everywhen
evrywimen,ˈɛvəɹwiːmən,everywomen
evrywoman,ˈɛvəɹwiːmən,everywoman
exaggerativ,ɪɡˈzædʒəɹˌteɪv,exaggerative
exanimat,ɪɡˈzænəˌmeɪt,exanimate
exceptiv,ɪkˈsɛptɪv,exceptive
excessivness,ˌɛkˈsɛsɪvnəs,excessiveness
excitativ,ɪkˈstaɪətɪts,excitative
exclusivness,ɪkˈskluːsəvənsəz,exclusiveness
excogitativ,ˌɛkskəˈdʒɪtɪvɪtɪŋ,excogitative
excommunicativ,ˌɛkskəˌmjuːnəkəˈtɪvɪt,excommunicative
excursiv,ɪkˈskɜɹsɪv,excursive
excursivly,ɪkˈskɜɹsvɪtʃliː,excursively
excursivness,ɪkˈskɜɹsəvənsəz,excursiveness
execrativ,ɪɡˈzɛkɹətɪvɪk,execrative
exerg,ˈɛksəɹɡ,exergue
exergs,ˈɛksəɹɡiːz,exergues
exertiv,ɪɡˈzɜɹtɪv,exertive
exfoliativ,ˌɛksˈfoʊliːˌeɪtɪv,exfoliative
exhaustivness,ɪɡˈzɔstɪvnəs,exhaustiveness
exhibitiv,ɪɡˈzɪbɪtɪv,exhibitive
exhilarativ,ˌɛksɪˈlævəɹtɪv,exhilarative
exhortativ,ɪɡˈzɔɹtɪtɪv,exhortative
exonerativ,ˌɛksəˈnɑɹɪtɪv,exonerative
expansivly,ɪkˈspænsɪvliː,expansively
expansivness,ɪkˈspænsɪnvɪnz,expansiveness
expectativ,ɪkˈspɛktətɪv,expectative
expensivness,ɪkˈspɛnsɪnvɪnz,expensiveness
explanativ,ɪkˈsplænətɪv,explanative
explanativly,ɪkˈsplænətɪvliː,explanatively
explicativ,ɪkˈsplɪstəkt,explicative
explicativly,ɪkˈsplɪstəˌkeɪtɪv,explicatively
exploitativly,ˌɛkspləˈtɔɪətɪvliː,exploitatively
exploitivly,ɪkˈsplɔɪtətɪvliː,exploitively
explorativ,ɪkˈsplɔɹətɪv,explorative
explorativly,ɪkˈsplɔɹətɪvliː,exploratively
explosivness,ɪkˈsplɛsəvənzɪz,explosiveness
expositiv,ˌɛkspəˈsɪtətɪv,expositive
expressivly,ɪkˈspɹɛsɪvliː,expressively
expressivness,ɪkˈspɹɛsəpənsɪz,expressiveness
expulsiv,ɪkˈspʌlsɪv,expulsive
exqhangeability,ˌɛkskənˈdʒæbliːˌdɪts,exchangeability
exqheckers,ˈɛksˌtʃɛkəɹz,exchequers
exquisitness,ˌɛkˈskwɪsətənst,exquisiteness
exquisits,ˈɛkskwəzəts,exquisites
exsolv,ɪkˈsɑlv,exsolve
extensivness,ɪkˈstɛnsɪvnəs,extensiveness
exteroceptiv,ˌɛkstəɹsəˈpætɪv,exteroceptive
extinctiv,ɪkˈstɪŋtsɪv,extinctive
extortionatly,ɪkˌstɔɹʃəˈnætɪtiː,extortionately
extortiv,ɪkˈstɔɹtɪv,extortive
extractiv,ɪkˈstɹæktɪv,extractive
extractivly,ɪkˈstɹæktɪvliː,extractively
extrapolativ,ɪkˈstɹæpətəˌleɪv,extrapolative
extrusiv,ɪkˈstɹuːsɪv,extrusive
extrusivly,ɪkˈstɹuːsɪvliː,extrusively
exudat,ɪɡˈzuːdət,exudate
exudativ,ˌɛksuːˈdʒeɪtɪvd,exudative
exudats,ˈɛksəˌweɪtədz,exudates
faceduwns,ˈfeɪsˌdaʊnz,facedowns
facilitativ,fəˈsɪlətətɪv,facilitative
factitiv,ˈfæktɪtɪv,factitive
factitivly,ˈfæktɪtɪvliː,factitively
factiv,ˈfæktɪv,factive
factivly,ˈfæktɪvliː,factively
facultativly,fəˈkʌltətɪvliː,facultatively
fainthartedly,ˈfeɪnˌθɹeɪtɪdliː,faintheartedly
fainthartedness,ˈfeɪnˌθɹeɪtənts,faintheartedness
falqhon,ˈfælkən,falchion
falqhons,ˈfæltʃənz,falchions
fanliht,ˈfænˌlaɪt,fanlight
fanlihts,ˈfænˌlaɪts,fanlights
farmoste,ˈfɑɹməst,farmost
farmstedding,ˈfɑɹmˌstɛdɪŋ,farmsteading
farmsteddings,ˈfɑɹmˌstɛdɪŋz,farmsteadings
farmstedds,ˈfɑɹmˌstɛdz,farmsteads
farsihtedly,ˈfɑɹsɪtɪdliː,farsightedly
farthermoste,ˈfɑɹðəɹˌmoʊst,farthermost
fasciculat,ˌfæstʃɪˈkjuːlˌteɪ,fasciculate
fashonability,ˌfæʃənəˈbɪlətiː,fashionability
fashonableness,ˌfæʃənəˈbɛlənz,fashionableness
fashonables,ˈfæʃənəbəlz,fashionables
fashoner,ˈfæʃənəɹ,fashioner
fashoners,ˈfæʃənəɹz,fashioners
fashonist,ˈfæʃənəst,fashionist
fashonista,ˌfæʃəˈnoʊsə,fashionista
fashonistas,ˌfæʃəˈnɑʃəz,fashionistas
fashonists,ˈfæʃənəsts,fashionists
fashonless,ˈfæʃənləs,fashionless
fashonmonger,ˈfæʃənˌwɑmpəɹ,fashionmonger
fashonmongers,ˈfæʃənˌwɑmpəɹz,fashionmongers
fastbraek,ˈfæsbɹiːk,fastbreak
fastbraeks,ˈfæsbɹiːkəz,fastbreaks
fastigiat,fəˈstɪdʒəˌteɪ,fastigiate
fathedd,ˈfæθiːd,fathead
fathedded,ˈfæθiːdɪd,fatheaded
fatheddedly,ˈfæθɪˌdɛdɪliː,fatheadedly
fatheddedness,ˌfæθiːˈdiːnz,fatheadedness
fathedds,ˈfæθiːdz,fatheads
fatighingly,ˈfætɪɡəndʒiː,fatiguingly
fauburg,ˈfaʊbəɹɡ,faubourg
fauburgs,ˈfaʊbəɹɡz,faubourgs
fauh,fɔ,faugh
faulqhon,ˈfɔltʃən,faulchion
faulqhons,ˈfɔltʃənz,faulchions
faultfynder,ˈfɔltˌfʌndəɹ,faultfinder
faultfynders,ˈfɔltˌfʌndəɹz,faultfinders
faultfynding,ˈfɔltˌfɪndɪŋ,faultfinding
faultfyndings,ˈfɔltˌfɪndɪz,faultfindings
faveolat,ˈfeɪvəˌleɪt,faveolate
favorit,ˈfævjuːˌɹaɪt,favourite
favorits,ˈfeɪvəɹɪts,favourites
feaghe,fiːɡ,feague
feaghed,fiːɡd,feagued
feaghing,ˈfiːɡwɪŋ,feaguing
fearnauht,ˈfɜɹnoʊt,fearnaught
fearnauhts,ˈfɜɹnoʊts,fearnaughts
fearsomly,ˈfɜɹsəmliː,fearsomely
fearsomness,ˈfɪɹsəmənzəm,fearsomeness
federativly,ˈfɛdəɹətɪvliː,federatively
feeblemynded,ˈfiːbəlmənd,feebleminded
feeblemyndedly,ˌfiːbəlˈmɛdniːəl,feeblemindedly
feeblemyndedness,ˈfiːbəlmənˌdaɪnz,feeblemindedness
feeff,fiːf,feoff
feeffee,fiːˈɛfiː,feoffee
feeffees,fiːˈɛfiːz,feoffees
feeffer,ˈfiːfəɹ,feoffer
feeffers,ˈfiːfəɹz,feoffers
feeffing,ˈfiːfɪŋ,feoffing
feeffment,ˈfiːfmənt,feoffment
feeffments,ˈfiːfmənts,feoffments
feeffor,ˈfiːfəɹ,feoffor
feeffors,ˈfiːfəɹz,feoffors
feehn,foʊn,foehn
feehns,foʊnz,foehns
feeze,fiːz,feize
feezed,faɪzd,feized
feezing,ˈfaɪzɪŋ,feizing
fefor,ˈfiːfɔɹ,feofor
fefors,ˈfiːfəɹz,feofors
femininly,ˈfɛmɪnəniː,femininely
femininness,ˈfɛmənənəs,feminineness
feminins,ˈfɛmənənz,feminines
fermentativ,fəɹˈmɛntətɪt,fermentative
festinatly,ˈfɛstənətliː,festinately
festivly,ˈfɛstɪvliː,festively
festivness,ˈfɛstəvənz,festiveness
festiye,ˈfɛstiː,festeye
festiying,ˈfɛstaɪdʒ,festeying
fetherbedded,ˈfɛðəɹˌbɛdəd,featherbedded
fetherbrain,ˈfɛθəɹˌbɹeɪn,featherbrain
fetherbrains,ˈfɛðəɹˌbeɪnz,featherbrains
fetheredge,ˈfɛðəɹˌdʒɛd,featheredge
fetheredged,ˈfɛðəɹˌɛdɪŋ,featheredged
fetheredging,ˈfɛðəɹɪdʒɪŋ,featheredging
fetherhedd,ˈfɛðəɹˌhɛd,featherhead
fetherhedded,ˈfɛðəɹˌheɪdəm,featherheaded
fetherhedds,ˈfɛðəɹˌhɛdz,featherheads
fetherier,ˈfɛðəɹiːəɹ,featherier
fetheriest,ˈfɛðəɹəst,featheriest
fetherings,ˈfɛðəɹɪŋz,featherings
fetherliht,ˈfɛðəɹˌlaɪt,featherlight
fetherlike,ˈfɛðəɹˌlaɪk,featherlike
fetherstitch,ˈfɛðəɹstɪk,featherstitch
fetherstitching,ˈfɛðəɹstɪkɪŋ,featherstitching
fetherweihts,ˈfɛðəɹˌweɪts,featherweights
fictiv,ˈfɪktɪv,fictive
fictivly,ˈfɪktɪvliː,fictively
fictivness,ˈfɪktɪvnəsts,fictiveness
fiddlehedd,ˈfɪdəlˌhɛd,fiddlehead
fiddlehedds,ˈfɪdləˌhɛdz,fiddleheads
figurativness,ˌfɪɡjəɹtəˈpɛɹtɪnz,figurativeness
figuratly,ˈfɪɡjəɹətliː,figurately
figurehedds,ˈfɪɡjəɹˌhɛdz,figureheads
fihtingly,ˈfaɪtɪŋliː,fightingly
fihtwite,ˈfaɪˌtwaɪt,fightwite
filqher,ˈfɪltʃəɹ,filcher
filqhers,ˈfɪltʃəɹz,filchers
filqhing,ˈfɪlkɪŋ,filching
filqhingly,ˈfɪlkɪŋliː,filchingly
finativ,ˈfaɪnətɪv,finative
fingerposte,ˈfɪŋɡəɹˌpoʊst,fingerpost
fingerpostes,ˈfɪŋɡəɹˌpoʊsts,fingerposts
finqhing,ˈfɪŋkɪŋ,finching
fiqe,fiːk,fique
firebraek,ˈfaɪɹˌbɹeɪk,firebreak
firebraeks,ˈfaɪəɹˌbɹeɪks,firebreaks
firegard,ˈfaɪɹˌɡwɑɹd,fireguard
firegards,ˈfaɪɹˌɡwɑɹdz,fireguards
fireliht,ˈfaɪɹˌlaɪt,firelight
firelihts,ˈfaɪɹˌlaɪts,firelights
firepuwers,ˈfaɪɹˌpaʊəɹz,firepowers
firier,ˈfiːɹiːəɹ,fierier
firiest,ˈfiːɹiːəst,fieriest
firily,ˈfiːɹəliː,fierily
firiness,ˈfɪɹiːnəs,fieriness
fisherwimen,ˈfɪʃəɹˌwɑmən,fisherwomen
fishiye,ˈfɪʃiː,fisheye
fishiyes,ˈfɪʃiːz,fisheyes
fistfiht,ˈfɪstˌfaɪt,fistfight
fistfihts,ˈfɪstˌfaɪts,fistfights
fivesom,ˈfɪvsəˌmoʊ,fivesome
fivesoms,ˈfaɪvsəmz,fivesomes
flabellat,ˈflæbəˌleɪt,flabellate
flagstavvs,ˈflæɡˌsteɪvz,flagstaves
flanqh,flæntʃ,flanch
flanqhes,ˈflæntʃɪz,flanches
flashfludd,ˈflæʃˌfoʊld,flashflood
flashfludds,ˈflæʃˌfloʊmd,flashfloods
flatbredd,ˈflætˌbɹɛd,flatbread
flatbredds,ˈflætbɹədz,flatbreads
flauhter,ˈflɔtəɹ,flaughter
flauhtering,ˈflɔtəɹɪŋ,flaughtering
flaunqh,flɔntʃ,flaunch
flaunqhing,ˈflɔntʃɪŋ,flaunching
flaunqhings,ˈflɔntʃɪŋz,flaunchings
flavorsom,ˈfleɪvəɹsəm,flavorsome
fleeqh,fliːtʃ,fleech
fleeqhing,ˈfliːtʃɪŋ,fleeching
flenqh,flɛntʃ,flench
flenqher,ˈflɛntʃəɹ,flencher
flenqhers,ˈflɛntʃəɹz,flenchers
flenqhing,ˈflɛntʃɪŋ,flenching
flihted,ˈflaɪtəd,flighted
flihter,ˈflaɪtəɹ,flighter
flihters,ˈflaɪtəɹz,flighters
flihtily,ˈflaɪtəliː,flightily
flihtiness,ˈflaɪˌtaɪnz,flightiness
flihting,ˈflaɪtɪŋ,flighting
flinqher,ˈflɪntʃəɹ,flincher
flinqhers,ˈflɪntʃəɹz,flinchers
flinqhingly,ˈflɪntʃɪŋliː,flinchingly
flipqhart,ˈflɪfˌkɑɹt,flipchart
flipqharts,ˈflɪfˌkɑɹts,flipcharts
florrage,ˈlɔɹdʒɪ,floorage
florrcloth,ˈflɜɹkləθ,floorcloth
florrcloths,ˈflɜɹklənts,floorcloths
florrer,ˈflɔɹəɹ,floorer
florrers,ˈflɔɹəɹz,floorers
florrhedd,ˈflɔɹˌhɛd,floorhead
florrhedds,ˈflɔɹˌhɛdz,floorheads
florrings,ˈflɜɹɪŋz,floorings
florrless,ˈflɔɹlɪs,floorless
florrshow,ˈflɔɹˌʃaʊ,floorshow
florrshows,ˈflɔɹˌʃaʊz,floorshows
florrwahker,ˈflɔɹˌwɔkəɹ,floorwalker
florrwahkers,ˈflɔɹwəkəɹz,floorwalkers
flowqharting,ˈfloʊtʃəɹtɪŋ,flowcharting
fluddage,ˈflʌdədʒ,floodage
fludder,ˈflʌdəɹ,flooder
fludders,ˈflʌdəɹz,flooders
fluddlihted,ˈflʌdˌlaɪtɪd,floodlighted
fluddlihting,ˈflʌdˌlaɪtɪŋ,floodlighting
fluddlit,ˈflʌdlɪt,floodlit
fluddplains,ˈflʌdˌpleɪnz,floodplains
fluddwall,ˈflʌˌdwɔl,floodwall
fluddwalls,ˈflʌˌdwɔlz,floodwalls
fluddway,ˈflʌˌdweɪ,floodway
fluddways,ˈflʌˌdweɪz,floodways
flurrisher,ˈflɜɹɪʃəɹ,flourisher
flurrishers,ˈflɜɹɪʃəɹz,flourishers
flurrishingly,ˈflɜɹɪʃlɪŋiː,flourishingly
fluwerage,ˈflɔɹədʒ,flowerage
fluwerages,ˈflɔɹədʒɪz,flowerages
fluwerbed,ˈflaʊəɹbd,flowerbed
fluwerbeds,ˈflaʊəɹbd,flowerbeds
fluwerer,ˈflaʊəɹəɹ,flowerer
fluwerers,ˈflaʊəɹəɹz,flowerers
fluweret,ˈflaʊəɹɪt,floweret
fluwerets,ˈflaʊəɹəts,flowerets
fluwerette,ˈflaʊəɹɪt,flowerette
fluwerettes,ˈflaʊəɹɪts,flowerettes
fluwerful,ˈflaʊəɹfəl,flowerful
fluwerier,ˈflaʊiːɹaɪəɹ,flowerier
fluweriest,ˈflaʊiːˌɹiːst,floweriest
fluwerily,ˈflaʊəɹliː,flowerily
fluweriness,ˈflaʊəɹˌaɪnz,floweriness
fluwerless,ˈflaʊəɹləs,flowerless
fluwerlessness,ˈflaʊəɹləsnəs,flowerlessness
fluwerlike,ˈflaʊəɹˌlaɪk,flowerlike
fluwerpots,ˈfloʊəɹˌpɑts,flowerpots
flyleavs,ˈflaɪˌleɪvz,flyleaves
flyweiht,ˈflaɪˌweɪt,flyweight
flyweihts,ˈflaɪˌwaɪts,flyweights
foamfluwer,ˈfoʊmˌflaʊəɹ,foamflower
foamfluwers,ˈfoʊmˌflaʊzəɹ,foamflowers
fogfruht,ˈfɔɡˌfɹuːt,fogfruit
fogfruhts,ˈfɔɡˌfɹuːts,fogfruits
followthruh,ˈfɑləˌwɜɹθ,followthrough
followthruhs,ˈfɑləˌθɹuːz,followthroughs
footbredth,ˈfʊtˌbɹiːθs,footbreadth
footbredths,ˈfʊtˌbɹiːθs,footbreadths
footfiht,ˈfʊtˌfaɪt,footfight
footfihts,ˈfʊtˌfaɪts,footfights
footstahk,ˈfʊtˌstæk,footstalk
footstahks,ˈfʊtˌstækəl,footstalks
forasmuqh,ˈfɔɹəsmək,forasmuch
forbaer,fəɹˈbɛɹ,forbear
forbaerances,fəɹˈbɛɹənsəz,forbearances
forbaerant,fəɹˈbɛɹənt,forbearant
forbaerer,fəɹˈbɛɹəɹ,forbearer
forbaerers,fəɹˈbɛɹəɹz,forbearers
forbaering,fəɹˈbɪɹɪŋ,forbearing
fordu,ˈfɔɹdoʊ,fordo
forduing,fəɹˈdɔɪɪŋ,fordoing
fordun,fɔɹˈdoʊn,fordone
forebaerer,ˈfɔɹbiːəɹ,forebearer
forebaerers,ˌfɔɹˈbiːəɹz,forebearers
foreconceev,fɔɹkənˈsiːv,foreconceive
foreconceeving,fɔɹˈkɛnsɪvɪŋ,foreconceiving
forecort,ˈfɔɹˌkɔɹt,forecourt
forecorts,ˈfɔɹˌkɔɹts,forecourts
foredetermin,fɔɹˈtɛməɹʃn,foredetermine
foredetermind,fɔɹˈtɛmdɹiːntɪd,foredetermined
foredu,fɔɹˈdoʊ,foredo
foreduing,ˈfɔɹˌduːɪŋ,foredoing
foredun,fɔɹˈdoʊn,foredone
foreghess,fɔɹˈɡeɪs,foreguess
foreghessing,fɔɹˈɡɛsɪŋ,foreguessing
foreharth,ˈfɔɹˌhɔɹθ,forehearth
foreharths,ˈfɔɹˌhɔɹts,forehearths
foreherdd,ˈfɔɹˌhɛɹdəɹ,foreheard
forehoovs,fɔɹˈhuːvz,forehooves
foreknoledge,fɔɹkənˈwɑld,foreknowledge
foremostely,ˈfɔɹməstliː,foremostly
foren,fɔˈɹiːn,forein
forenism,ˈfɔɹˌɡɪnzəm,foreignism
forenisms,ˈfɔɹˌɡɪnzəmz,foreignisms
forenness,ˈfɔɹənsəz,foreignness
forepeeple,ˈfɔɹˌpiːpəl,forepeople
foreqheck,ˈfɔɹəkɪk,forecheck
foreqhecker,ˈfɔɹˌkɛkəɹ,forechecker
foreqheckers,ˈfɔɹˌkɛkəɹz,forecheckers
foreqhecking,ˈfɔɹəkɪŋk,forechecking
foreqhosen,ˈfɔɹkəsən,forechosen
forereaqh,ˈfɔɹiːˌɹætʃ,forereach
forereaqhing,fɔˈɹiːkəɹɪŋ,forereaching
foreseeze,ˈfɔɹəˌsaɪz,foreseize
foreseezing,ˈfɔɹəˌsaɪzɪŋ,foreseizing
foresihted,fɔɹˈsiːtɪd,foresighted
foresihtedly,fɔˈɹɛstəfleɪt,foresightedly
foresihtedness,ˌfɔɹˈfɛzətəndz,foresightedness
foresihtful,fɔɹˈfiːstəl,foresightful
foresihts,ˈfɔɹəsts,foresights
foresleev,ˈfɔɹˌsliːv,foresleeve
foresleevs,ˈfɔɹˌsliːvz,foresleeves
forespeeqh,fɔɹˈspiːk,forespeech
forespeeqhes,fɔɹˈspiːkiːz,forespeeches
forestall,ˈfɔɹstəl,forestal
forestavvs,ˈfɔɹˌsteɪsts,forestaves
foreswaer,ˈfɔɹˌswɛɹ,foreswear
foreswaering,fɔɹˈswɛɹɪŋ,foreswearing
foretauht,ˈfɔɹˌteɪt,foretaught
foreteaqh,fɔɹˈtiːtʃ,foreteach
foreteaqhing,fɔɹˈtiːhɪŋ,foreteaching
forethohtful,ˈfɔɹtˌθɔft,forethoughtful
forethohtfully,ˈfɔɹtθəfəliː,forethoughtfully
forethohtfulness,ˈfɔɹθətfənsəlz,forethoughtfulness
forethohts,ˈfɔɹtˌhaʊs,forethoughts
forfeter,ˈfɔɹˌfaɪtəɹ,forfeiter
forfeters,ˈfɔɹˌfaɪtəɹz,forfeiters
forficat,ˈfɔɹfɪˌkeɪt,forficate
forleav,fɔɹˈleɪv,forleave
formalwaer,ˈfɔɹməlˌwɛɹ,formalwear
formativly,ˈfɔɹmətɪvliː,formatively
formativs,ˈfɔɹmətɪvz,formatives
forrb,faʊɹb,fourb
forrbs,fʊɹbz,fourbes
forrfooted,fʊɹˈfɔɪtəd,fourfooted
forrhanded,fʊɹˈhændəd,fourhanded
forrling,ˈfɔɹlɪŋ,fourling
forrlings,ˈfɔɹlɪŋz,fourlings
forrpence,ˈfɔɹpəns,fourpence
forrpences,ˈfɔɹpənsəz,fourpences
forrplex,ˈfɜɹˌplɛks,fourplex
forrplexes,ˈfɔɹpəlksɪz,fourplexes
forrscore,ˈfɔɹˌskɔɹ,fourscore
forrsoms,ˈfɔɹsəmz,foursomes
forrteener,ˈfɔɹˌtiːnəɹ,fourteener
forrteeners,ˈfɔɹˌtiːnəɹz,fourteeners
forrteenths,ˈfɔɹˌtiːnθs,fourteenths
forrway,ˈfʊɹˌweɪ,fourway
forswaerer,ˈfɔɹswəɹəɹ,forswearer
forswaering,ˈfɔɹswəɹɪŋ,forswearing
forthoht,ˈfɔɹtˌhaʊt,forthought
forthrihts,ˈfɔɹˌθɹaɪts,forthrights
fortnihtlies,ˈfɔɹtˌnɪltiːz,fortnightlies
fortredd,ˈfɔɹˌtɹɛd,fortread
fortredding,ˈfɔɹtɹɪdɪŋ,fortreading
fortunatness,ˌfɔɹtəˈneɪʃənts,fortunateness
fossulat,ˈfɑsəˌleɪt,fossulate
fountanhedd,ˈfaʊntənˌhɛd,fountainhead
fountanhedds,ˈfaʊntənˌhɛdz,fountainheads
fountaning,ˈfaʊntənɪŋ,fountaining
fountanless,ˈfaʊntənləs,fountainless
foveolat,ˈfuːviːˌoʊlˌteɪ,foveolate
foxerth,ˈfɑksfəɹθ,foxearth
foxerths,ˈfɑksfəɹts,foxearths
foxglovs,ˈfɑksɡəlˌvɑz,foxgloves
franqhisement,ˈfɹæntʃiːəsmənt,franchisement
franqhisor,ˈfɹænˌtʃaɪzəɹ,franchisor
franqhisors,ˈfɹæntʃəsəɹz,franchisors
frauht,fɹeɪt,fraight
frauhtage,ˈfɔɹtədʒ,fraughtage
frauhted,ˈfɹɔtɪd,fraughted
frauhting,ˈfɹɔtɪŋ,fraughting
freedwimen,ˈfɹiːdwəmən,freedwomen
freeharted,ˈfɹiːhəɹtɪt,freehearted
freehartedly,ˈfɹiːhəɹˌtɛldiː,freeheartedly
freehartedness,ˈfɹiːˌhɛtɹəˌdiːnts,freeheartedness
freihtage,ˈfɹaɪtɪdʒ,freightage
freihtages,ˈfɹaɪtɪdʒɪz,freightages
freihted,ˈfɹaɪtəd,freighted
freihting,ˈfɹaɪtɪŋ,freighting
freihtless,ˈfɹaɪtləs,freightless
frended,ˈfɹɛndəd,friended
frending,ˈfɹiːndɪŋ,friending
frendless,ˈfɹɛndləs,friendless
frendlessness,ˈfɹɛndləsnəs,friendlessness
frendlies,ˈfɹɛndliːz,friendlies
frendlily,ˈfɹɛndliː,friendlily
frenqhies,ˈfɹɛntʃiːz,frenchies
frenqhification,ˌfɹɛnəkəfəˈkeɪʃən,frenchification
frenqhifications,ˌfɹɛnfəkəˈdʒɛʃəns,frenchifications
frenqhified,ˈfɹɛntʃəˌfaɪd,frenchified
frenqhify,ˈfɹɛntʃəfiː,frenchify
frenqhifying,ˈfɹɛntʃəˌfaɪɪŋ,frenchifying
frenqhing,ˈfɹɛntʃɪŋ,frenching
frenqhism,ˈfɹɛntʃɪzəm,frenchism
frenqhwimen,ˈfɹɛntʃwəmən,frenchwomen
frenqhwoman,ˈfɹɛntʃwəˌmoʊn,frenchwoman
frenqhy,ˈfɹɛntʃiː,frenchy
frequentativ,ˌfɹɛkwənˈtɛtɪt,frequentative
frequentativs,ˌfɹɛkwənˈtɛtɪkts,frequentatives
fretsom,ˈfɹɛtsuːm,fretsome
fricativ,ˈfɹaɪkətɪv,fricative
fricativs,ˈfɹɪkətɪvz,fricatives
frihtfulness,ˈfɹaɪtfənjəlzɪnz,frightfulness
frihting,ˈfɹaɪtɪŋ,frighting
frihtless,ˈfɹaɪtləs,frightless
frihtment,ˈfɹaɪtmənt,frightment
frogiye,ˈfɹoʊˌʒeɪ,frogeye
frogiyed,ˈfɹoʊdʒiːd,frogeyed
frogiyes,ˈfɹoʊdʒiːz,frogeyes
frolicsom,ˈfɹɑlɪskəm,frolicsome
frontcort,ˈfɹʌntˌkɔɹt,frontcourt
frontcorts,ˈfɹʌntˌkɔɹts,frontcourts
fruhtage,ˈfɹuːtədʒ,fruitage
fruhtages,ˈfɹuːtədʒəz,fruitages
fruhtarian,fɹuːˈtɛɹiːən,fruitarian
fruhtarians,fɹuːˈtɪɹiːənz,fruitarians
fruhted,ˈfɹuːtɪd,fruited
fruhter,ˈfɹuːtəɹ,fruiter
fruhterer,ˈfɹuːtəɹəɹ,fruiterer
fruhterers,ˈfɹuːtəɹəɹz,fruiterers
fruhteress,ˈfɹuːtəɹɪs,fruiteress
fruhteresses,ˈfɹuːtəɹˌsiːz,fruiteresses
fruhteries,ˈfɹuːtəɹiːz,fruiteries
fruhters,ˈfɹuːtəɹz,fruiters
fruhtery,ˈfɹuːtəɹiː,fruitery
fruhtestere,ˈfɹuːtɪstəɹ,fruitestere
fruhtfuller,ˈfɹuːtˌfɔləɹ,fruitfuller
fruhtfullest,ˈfɹuːtfələst,fruitfullest
fruhtfully,ˈfɹuːtfəliː,fruitfully
fruhtfulness,ˈfɹuːtfəlnəs,fruitfulness
fruhtier,ˈfɹuːtiːəɹ,fruitier
fruhtiest,ˈfɹuːtiːəst,fruitiest
fruhtily,ˈfɹuːtəliː,fruitily
fruhtiness,ˈfɹuːˌtaɪnz,fruitiness
fruhtlessness,ˈfɹuːtləsnəs,fruitlessness
fruhtlet,ˈfɹuːtˌlɛt,fruitlet
fruhtlets,ˈfɹuːtləs,fruitlets
fruhtwood,ˈfɹuːˌtwʊd,fruitwood
fruhtwoods,ˈfɹuːˌtwʊdz,fruitwoods
fruitiv,ˈfɹuːtɪv,fruitive
frustrativ,ˈfɹʌˌstɹeɪtɪv,frustrative
fruwner,ˈfɹaʊnəɹ,frowner
fruwners,ˈfɹaʊnəɹz,frowners
fruwny,ˈfɹaʊniː,frowny
fruwsier,ˈfaʊɹiːz,frowsier
fruwsiest,ˈfɹaʊziːəst,frowsiest
fruwst,fɹaʊst,frowst
fruwsted,ˈfɹaʊstəd,frowsted
fruwstier,ˈfɹaʊstiːəɹ,frowstier
fruwstiest,ˈfɹaʊstiːəst,frowstiest
fruwsting,ˈfɹaʊstɪŋ,frowsting
fruwsty,ˈfɹaʊstiː,frowsty
fruwsy,ˈfɹaʊziː,frowsy
fruwy,ˈfɹaʊiː,frowy
fruwzier,ˈfɹaʊziːəɹ,frowzier
fruwziest,ˈfɹaʊziːəst,frowziest
fruwzily,ˈfɹaʊzɪliː,frowzily
fruwzy,ˈfaʊɹiːz,frowzy
fuckhedd,ˈfʌkˌhɛd,fuckhead
fuckhedds,ˈfʌkˌhɛdz,fuckheads
fughist,ˈfjuːɡɪst,fuguist
fughists,ˈfjuːɡɪsts,fuguists
fugitivly,ˈfjuːdʒətɪvliː,fugitively
fugitivness,fjuːˈdʒɪtɪvɪnsɪz,fugitiveness
fullmouthd,ˈfʊlˌdaʊmt,fullmouthed
fulmin,fʊlˈmiːn,fulmine
fulsomly,fʊlsəˈmɛliː,fulsomely
fulsomness,ˈfʌlsəmənzɪz,fulsomeness
fumart,ˈfaʊˌmɑɹt,foumart
fumarts,ˈfaʊˌmɑɹts,foumarts
funiculat,ˈfjuːnɪˌkjuːˌleɪt,funiculate
furbaerer,ˈfɜɹbəɹɪɹ,furbearer
furbaerers,ˈfɜɹbəɹɪɹz,furbearers
furlohing,ˈfɜɹloʊɪŋ,furloughing
furthermoste,ˈfɜɹðəɹˌmoʊst,furthermost
furtivness,ˈfɜɹtɪˌvɛnsɪz,furtiveness
fuwlerite,ˈfaʊləɹˌaɪt,fowlerite
fuwlerites,ˈfaʊləɹˌɪts,fowlerites
fuwlers,ˈfaʊləɹz,fowlers
fuwling,ˈfaʊlɪŋ,fowling
fuwlpox,ˈfoʊlˌpɑks,fowlpox
fuzeless,ˈfjuːsləs,fuseless
fyndable,ˈfɪndəbəl,findable
fyndfault,ˈfɪndˌfaʊt,findfault
fyndfaults,ˈfɪndˌfoʊlts,findfaults
gaigeable,ˈɡɔdʒəbəl,gaugeable
gaigers,ˈɡaʊdʒəɹz,gaugers
gainsom,ˈɡeɪnˌsoʊm,gainsome
gairfuwl,ˈɡɛɹˌfoʊl,gairfowl
gairfuwls,ˈɡɛɹˌfoʊlz,gairfowls
galosh,ɡəˈlɑʃ,galoshe
gamesom,ˈɡeɪmsəm,gamesome
gamesomly,ˈɡeɪmzələmiː,gamesomely
gamesomness,ˈɡeɪmsəmənsɪz,gamesomeness
gangh,ɡænɡ,gangue
ganghs,ˈɡænˌɡjuːz,gangues
gangliat,ˈɡæŋliːət,gangliate
gangpluw,ˈɡænˌplaʊ,gangplow
gangpluws,ˈɡænˌplaʊz,gangplows
ganqh,ɡæntʃ,ganch
ganqhing,ˈɡæntʃɪŋ,ganching
garantied,ˌɡɛɹənˈtiːd,guarantied
garantying,ˌɡɛɹənˈtaɪɪŋ,guarantying
gardable,ˈɡɑɹdəbəl,guardable
gardage,ˈɡɑɹdɪdʒ,guardage
gardant,ˈɡɑɹdənt,guardant
gardants,ˈɡɑɹdənts,guardants
gardedness,ˈɡɑɹdəndz,guardedness
gardenage,ˈɡɑɹdənɪdʒ,guardenage
garder,ˈɡɑɹdəɹ,guarder
garders,ˈɡɑɹdəɹz,guarders
gardfishes,ˈɡɑɹdˌfaɪzɪz,guardfishes
gardful,ˈɡɑɹdfəl,guardful
gardhouse,ˈɡɑɹdˌhaʊs,guardhouse
gardhouses,ˈɡɑɹdˌhaʊsɪz,guardhouses
gardianage,ˈɡɑɹdʒəmədʒ,guardianage
gardiance,ˈɡɑɹdiːəns,guardiance
gardianess,ˈɡɑɹdiːənz,guardianess
gardianesses,ˌɡɑɹdiːˈænəsənz,guardianesses
gardianless,ˈɡɑɹdiːələnz,guardianless
gardianships,ˈɡɑɹdiːənsɪz,guardianships
gardless,ˈɡɑɹdləs,guardless
gardroom,ˈɡɑɹˌdɹuːm,guardroom
gardrooms,ˈɡɑɹˌdɹuːmz,guardrooms
gardship,ˈɡɑɹdʃɪp,guardship
gardships,ˈɡɑɹdˌʃɪps,guardships
garefuwl,ˈɡɛɹəˌfoʊl,garefowl
garefuwls,ˈɡɛɹəˌfoʊlz,garefowls
garighe,ɡɑˈɹiːɡɛ,garigue
garighes,ɡɑˈɹiːɡɛs,garigues
gaslihted,ˈɡæslaɪtəd,gaslighted
gaslihting,ˈɡæˌslaɪtɪŋ,gaslighting
gaslihtings,ˈɡæˌslaɪtɪŋz,gaslightings
gastiht,ˈɡæˌstaɪt,gastight
gastihtness,ˈɡæstətnəs,gastightness
gateposte,ˈɡeɪtpəˌsɑts,gatepost
gatepostes,ˈɡeɪtəˌpɑsts,gateposts
gavelkynd,ˈɡeɪvəlkɪnd,gavelkind
gavelkynds,ˈɡeɪvəlˌkɛndz,gavelkinds
gaysom,ˈɡeɪˌsoʊm,gaysome
gazpaqho,ɡɑˈskɑpoʊ,gazpacho
gazpaqhos,ˈɡæzpətʃoʊz,gazpachos
gearhedd,ˈɡɪɹˌhɛd,gearhead
gearhedds,ˈɡɪɹˌhɛdz,gearheads
gearqhange,ˈɡɜɹtʃəndʒ,gearchange
gearqhanges,ˈɡɜɹtʃəndʒəz,gearchanges
generativly,ˌdʒɛnəɹˈeɪtɪvliː,generatively
generativness,ˌdʒɛnəɹˈeɪtənsɪz,generativeness
genitiv,ˈdʒɛnətɪv,genitive
genitivs,ˈdʒɛnətɪvz,genitives
germinativ,ˈdʒɜɹmənətɪv,germinative
gerundiv,ˈdʒɛɹənˌdaɪv,gerundive
gerundivly,ˌdʒɛɹənˈdɪviː,gerundively
gerundivs,ˈdʒɛɹəndɪvz,gerundives
gesticulativ,ˌdʒɛstɪˈkjuːtələdʒɪv,gesticulative
ghenon,ˈɡɛnən,guenon
ghenons,ˈɡɛnənz,guenons
ghepard,ɡəˈpɑɹd,gueparde
ghepards,ɡwəˈpɑɹdz,guepardes
gherdon,ˈɡɜɹdən,guerdon
gherdonable,ˈɡɜɹdənəbəl,guerdonable
gherdoning,ˈɡɜɹdənɪŋ,guerdoning
gherdonless,ˈɡɜɹdəlnəs,guerdonless
ghereza,ɡɛˈɹiːzə,guereza
gherezas,ɡəɹˈiːzəz,guerezas
gheridon,ˈɡɛɹəˌdɑn,gueridon
gheridons,ˈɡɛɹəˌdɑnz,gueridons
gherit,ˈɡɛɹaɪt,guerite
gherits,ˈɡɛɹəts,guerites
ghessable,ˈɡɛsəbəl,guessable
ghessiv,ˈɡɛsɪv,guessive
ghesstimated,ˈɡɛstəˌmeɪtɪd,guesstimated
ghesstimating,ˈɡɛstəˌmeɪtɪŋ,guesstimating
ghessworks,ˈɡɛˌswɜɹks,guessworks
ghesting,ˈɡɛstɪŋ,guesting
ghestwise,ˈɡɛsˌtwaɪz,guestwise
ghidable,ˈɡaɪdəbəl,guidable
ghidage,ɡɪˈdɑʒ,guidage
ghidages,ˈɡaɪˌdæɡz,guidages
ghidances,ˈɡaɪˌdænsɪz,guidances
ghideboard,ˈɡaɪdˌbɔɹd,guideboard
ghideboards,ˈɡaɪdˌbɔɹdz,guideboards
ghideless,ˈɡaɪdləs,guideless
ghiders,ˈɡaɪdəɹz,guiders
ghideway,ˈɡaɪwˌdeɪ,guideway
ghideways,ˈɡaɪˌweɪdz,guideways
ghidon,ɡɪˈdɔn,guidon
ghidons,ˈɡwɪdənz,guidons
ghildhalls,ˈɡɪldˌhɔlz,guildhalls
ghildship,ˈɡɪldˌʃɪp,guildship
ghildships,ˈɡɪldˌʃɪps,guildships
ghildsman,ˈɡɪldsmən,guildsman
ghildsmen,ˈɡɪldsmɛn,guildsmen
ghildswimen,ˈɡwɪldˌswʊmən,guildswomen
ghildswoman,ˈɡɪldˌswʊmən,guildswoman
ghiled,ɡaɪld,guiled
ghileful,ˈɡaɪlfəl,guileful
ghilefully,ˈɡaɪlfəliː,guilefully
ghilefulness,ˈɡaɪlfələnsɪz,guilefulness
ghilelessly,ˈɡaɪlˌlɛsliː,guilelessly
ghilelessness,ˈɡaɪlˌlɛsənz,guilelessness
ghiling,ˈɡaɪlɪŋ,guiling
ghiltier,ˈɡɪltiːəɹ,guiltier
ghiltiest,ˈɡɪltiːəst,guiltiest
ghiltily,ˈɡɪltɪtiː,guiltily
ghiltiness,ˈɡɪltənəs,guiltiness
ghiltlessly,ˈɡɪltˌlɛstiː,guiltlessly
ghiltlessness,ˈɡɪltˌlɛsts,guiltlessness
ghilts,ɡɪlts,guilts
ghiltylike,ɡjliːˈtɛkliː,guiltylike
ghimp,ɡɪmp,guimp
ghimps,ɡɪˈmiːps,guimpes
ghipure,ˈɡɪpjəɹ,guipure
ghipures,ˈɡɪpjəɹz,guipures
ghirland,ˈɡɜɹlənd,guirland
ghirlands,ˈɡɜɹləndz,guirlands
ghisard,ɡɪˈsɑɹd,guisard
ghisards,ɡɪˈsɑɹdz,guisards
ghised,ɡɪzd,guised
ghiser,ˈɡaɪzəɹ,guiser
ghising,ˈɡaɪzɪŋ,guising
ghitarfish,ˈɡɪtəfɹɪʃ,guitarfish
ghitarfishes,ˈɡɪtəɹɪfsɪz,guitarfishes
ghoolie,ˈɡuːliː,ghoulie
ghoolies,ˈɡuːliːz,ghoulies
ghoolishness,ˈɡuːlɪʃnəs,ghoulishness
gigantesq,ˌɡaɪəɡˈnɛtskoʊ,gigantesque
gighe,ɡiːɡ,gigue
gighes,ɡiːɡz,gigues
gillyfluwer,ˈɡɪləˌfoʊləɹ,gillyflower
gillyfluwers,ˈɡɪləˌfoʊlzəɹ,gillyflowers
gilthedd,ˈɡɪlθəd,gilthead
gilthedds,ˈɡɪlθədz,giltheads
gingerbredded,ˈdʒɪŋəɹdʒˌpɹɛbd,gingerbreaded
gingerbredds,ˈdʒɪŋɡəɹˌɹɛbz,gingerbreads
gingerbreddy,ˈdʒɪŋɡəɹˌdiːbɹiː,gingerbready
glabrat,ˈɡlæˌbɹeɪt,glabrate
gladiat,ˈɡlædiːət,gladiate
gladiye,ˈɡleɪˌdaɪ,gladeye
gladiyes,ˈɡleɪˌdaɪz,gladeyes
gladsom,ˈɡlædsəm,gladsome
gladsomly,ˈɡlæzdəmliː,gladsomely
gladsomness,ˈɡlædsəmnəs,gladsomeness
glaiv,ɡleɪv,glave
glaivs,ɡleɪvz,glaves
glassiye,ˈɡlæsiː,glasseye
glassiyes,ˈɡlæsiːz,glasseyes
gleesom,ˈɡliːsəm,gleesome
gleesomly,ˈɡliːzməliː,gleesomely
gleesomness,ˈɡliːzmənzɪz,gleesomeness
globefluwer,ˈɡloʊbəlwɔf,globeflower
globefluwers,ˈɡloʊbəlˌwɔfs,globeflowers
glochidiat,ˈɡlɑkədiːˌeɪt,glochidiate
glovless,ˈɡlʌvləs,gloveless
gluing,ˈɡliːɪŋ,glueing
glunqh,ɡlʌntʃ,glunch
glunqhing,ˈɡlʌntʃɪŋ,glunching
glutinativ,ɡluːˈtænətɪv,glutinative
glycerin,ˈɡlaɪsəˌɹiːn,glycerine
gnar,nɑɹ,gnarr
gnuw,noʊ,gnow
gnuws,noʊz,gnows
goalpostes,ˈɡoʊlˌpoʊsts,goalposts
goavs,ɡoʊˈeɪvz,goaves
goddamns,ˈɡɑdəmz,goddams
goddauhter,ˈɡɑˌdɹeɪtəɹ,goddaughter
goddauhters,ˈɡɑˌdɹeɪtəɹz,goddaughters
godhedds,ˈɡɑdˌhɛdz,godheads
godqhildren,ˈɡɑtʃˌdɪɹənd,godchildren
godqhyld,ˈɡɑtʃˌhaɪld,godchild
goduwns,ɡəˈdaʊnz,godowns
goldeniyes,ˈɡoʊldəˌnaɪz,goldeneyes
goldiye,ˈɡoʊlˌdaɪ,goldeye
goldiyes,ˈɡoʊlˌdaɪz,goldeyes
gonness,ˈɡoʊnəns,goneness
goodharted,ˈɡʊdˌhɑɹtɪd,goodhearted
goojjen,ˈɡʊdˌɡɪn,goodgeon
goojjens,ˈɡʊdˌɡɪnz,goodgeons
goord,ɡʊɹd,gourde
goordiness,ˈɡʊɹˌdaɪnz,gourdiness
goords,ɡʊɹdz,gourdes
goordworm,ˈɡʊɹdwəɹm,gourdworm
goordworms,ˈɡʊɹdwəɹmz,gourdworms
goordy,ˈɡʊɹdiː,gourdy
gosted,ˈɡoʊstəd,ghosted
gostefish,ˈɡoʊstˌfɪʃ,ghostfish
gosteless,ˈɡɑsələs,ghostless
gostelier,ˈɡɑstləɹ,ghostlier
gosteliest,ˈɡɑstələst,ghostliest
gosteliness,ˈɡɑsənˌliːz,ghostliness
gostewrite,ˈɡoʊˌstɹaɪt,ghostwrite
gostewriter,ˈɡɑˌstɹaɪtəɹ,ghostwriter
gostewriters,ˈɡɑˌstɹaɪðəɹz,ghostwriters
gostewriting,ˈɡoʊˌstɹaɪtɪŋ,ghostwriting
gostewritten,ˈɡɑstɹiːtənt,ghostwritten
gostewrote,ˈɡoʊstɹˌweɪt,ghostwrote
gosties,ˈɡoʊstiːəɹ,ghostier
gostiest,ˈɡɑstəsəts,ghostiest
gosting,ˈɡoʊstɪŋ,ghosting
gostology,ˌɡoʊˈstɑlədʒiː,ghostology
gosty,ˈɡɑstiː,ghosty
graduatship,ˈɡɹeɪdʒəmətʃɪp,graduateship
graetcoat,ˈɡɹeɪtˌkoʊt,greatcoat
graetcoats,ˈɡɹeɪtˌkoʊts,greatcoats
graeten,ˈɡɹiːtən,greaten
graetening,ˈɡɹeɪtnɪŋ,greatening
graetgrandson,ˈɡɹeɪtˌɡɹænstən,greatgrandson
graetharted,ˈɡɹeɪθəɹtɪd,greathearted
graethartedly,ˈɡɹeɪθəɹˌtɛdliː,greatheartedly
graetheartedness,ˈɡɹaɪtˌhɑɹtədz,greatheartedness
granitlike,ˈɡɹænəˌtɛlɪv,granitelike
granits,ˈɡɹænəts,granites
granitware,ˈɡɹænɪˌtwɛɹ,graniteware
granitwares,ˈɡɹænɪˌtwɛɹz,granitewares
granulativ,ˈɡɹænəˌleɪtɪv,granulative
gravitativ,ɡɹəˈvɪtətɪpt,gravitative
gravitativly,ɡɹəˈvɪtətəpliː,gravitatively
graywack,ˈɡɹeɪˌweɪk,graywacke
graywacks,ˈɡɹeɪˌweɪks,graywackes
grecq,ɡɹeɪk,grecque
grecqs,ɡɹeɪks,grecques
greenfinqh,ˈɡɹiːnˌfɪŋk,greenfinch
greenfinqhes,ˈɡɹiːnˌfɪkənsɪz,greenfinches
greenhart,ˈɡɹiːnˌhɑɹt,greenheart
greenharts,ˈɡɹiːnˌhɑɹts,greenhearts
greenhedd,ˈɡɹiːnˌhɛd,greenhead
greenhedds,ˈɡɹiːnˌhɛdz,greenheads
greenliht,ˈɡɹiːnˌlaɪt,greenlight
greenlihted,ˈɡɹiːnˌlaɪtɪd,greenlighted
greenlihting,ˈɡɹiːnˌlaɪtɪŋ,greenlighting
greev,ɡɹiːv,greeve
greevs,ɡɹiːvz,greeves
grinqhes,ˈɡɹɪntʃəz,grinches
groovd,ɡɹuːvd,grooved
grotesqerie,ɡɹoʊˈtɛksəɹiː,grotesquerie
grotesqeries,ˈɡɹoʊtˌswɛkəɹiːz,grotesqueries
grotesqery,ɡɹoʊˈtɛksəɹiː,grotesquery
grotesqness,ɡɹoʊˈtɛksɪns,grotesqueness
grotesqs,ɡɹoʊˈtɛskiːz,grotesques
groundbraeker,ˈɡɹaʊnˌdɹiːkɪbəɹ,groundbreaker
groundbraekers,ˈɡɹaʊndˌbɹeɪkəɹz,groundbreakers
grouqhier,ˈɡɹuːkiːəɹ,grouchier
grouqhiest,ɡɹuːˈʃiːəst,grouchiest
grouqhily,ˈɡɹuːʃliː,grouchily
grouqhiness,ɡɹuːˈʃiːnzɪz,grouchiness
grouqhing,ˈɡɹaʊtʃɪŋ,grouching
growthedd,ˈɡɹoʊθiːd,growthead
growthedds,ˈɡɹoʊθiːdz,growtheads
gruesom,ˈɡɹuːsəm,grewsome
gruesomly,ˈɡɹuːsəmliː,gruesomely
gruesomness,ˈɡɹuːsəmənsəz,gruesomeness
gruwler,ˈɡɹoʊləɹ,growler
gruwlers,ˈɡɹoʊləɹz,growlers
gruwlier,ˈɡɹoʊliːəɹ,growlier
gruwliest,ˈɡɹoʊliːəst,growliest
gruwliness,ˈɡɹaʊˌlaɪnz,growliness
gruwlingly,ˈɡɹaʊəlɪŋliː,growlingly
gruwly,ˈɡɹoʊliː,growly
grynded,ɡɹɪnd,grinded
grynderies,ˈɡɹɪndəɹiːz,grinderies
gryndery,ˈɡɹɪndəɹiː,grindery
gryndingly,ˈɡɹɪndɪŋliː,grindingly
gryndlet,ˈɡɹɪndˌlɛt,grindlet
gryndlets,ˈɡɹɪndləts,grindlets
gryndstones,ˈɡɹɪndˌstoʊnz,grindstones
guaqharo,ɡwɑˈkɑɹoʊ,guacharo
guaqharoes,ˈɡwɑkəɹoʊz,guacharoes
guaqharos,ˌɡwɑˈkɑɹoʊz,guacharos
guaqho,ˈɡɑtʃoʊ,guacho
guaqhos,ˈɡwɑkoʊs,guachos
gubernativ,ˈɡʌbəɹˌneɪtɪv,gubernative
gujjening,ˈɡʌdʒənɪŋ,gudgeoning
gulashes,ˈɡuːləʃəz,goulashes
gulqhes,ˈɡʌltʃəz,gulches
gumshued,ˈɡʌmˌʃuːd,gumshoed
gumshuing,ˈɡʌmˌʃoʊz,gumshoeing
gunreaqh,ˈɡʌnɹiːk,gunreach
gunsiht,ˈɡʌnˌsaɪt,gunsight
gunsihts,ˈɡʌnˌsaɪts,gunsights
gurami,ɡʊˈɹɑmiː,gourami
guramies,ˈɡʊɹəmiːz,gouramies
guramis,ɡʊˈɹɑmiːz,gouramis
gurjen,ˈɡɜɹdʒən,gurgeon
gurjens,ˈɡɜɹdʒənz,gurgeons
guwany,ˈɡaʊəniː,gowany
guwk,ɡaʊk,gowk
guwks,ɡaʊks,gowks
guwning,ˈɡaʊnɪŋ,gowning
guwnman,ˈɡaʊnmən,gownman
guwnmen,ˈɡaʊmnən,gownmen
guwnsman,ˈɡaʊnsmən,gownsman
guwnsmen,ˈɡaʊnsmən,gownsmen
gyrencephalat,dʒaɪˈɹɛfənˌseɪlt,gyrencephalate
haberjen,ˈhæbəɹdʒən,habergeon
haberjens,ˈhæbəɹdʒənz,habergeons
hacqeton,ˈhækətən,hacqueton
hacqetons,ˈhækətənz,hacquetons
haffbeak,ˈhæfbiːk,halfbeak
haffbeaks,ˈhæfbiːks,halfbeaks
haffcock,ˈhæfˌkɑk,halfcock
haffcocking,ˈhæfkəkɪŋ,halfcocking
haffer,ˈhæfəɹ,halfer
haffhartedly,ˈhæfθəɹɪtliː,halfheartedly
haffhartedness,ˈhæfθəɹətndəs,halfheartedness
hafflife,ˈhæˌflaɪf,halflife
hafflives,ˈhæˌflaɪvz,halflives
haffmoons,ˈhæfˌmaʊnz,halfmoons
haffness,ˈhæfnəs,halfness
haffpence,ˈhæfpəns,halfpence
haffpennies,ˈhæfˌplaɪnz,halfpennies
haffpenny,ˈhæfpnəniː,halfpenny
haffpipe,ˈhæfˌpaɪf,halfpipe
haffpipes,ˈhæfˌpaɪzənz,halfpipes
hafmoon,ˈhæfmuːn,halfmoon
hairbredth,ˈhɛɹbɹɪθ,hairbreadth
hairbredths,ˈhɛɹˌbɹɛθs,hairbreadths
hairsbredth,ˈhɛɹstɹiːˌbɑɹd,hairsbreadth
hairsbredths,ˈhɛɹstɹiːbɹəst,hairsbreadths
halterbaraeking,ˈhɔltəɹˌbɹeɪkɪŋ,halterbreaking
halterbraek,ˈhɔltəɹˌbɹeɪk,halterbreak
hammerhedd,ˈhæməɹˌhɛd,hammerhead
hammerhedds,ˈhæməɹˌhɛdz,hammerheads
handbredth,ˈhændˌbɹuːθ,handbreadth
handbredths,ˈhændɹiːənts,handbreadths
handkerqher,ˈhæŋkəɹtʃəɹ,handkercher
handkerqhers,ˈhæŋkəɹtʃəɹz,handkerchers
handkerqhivs,ˈhæŋkəɹˌdaɪˌkiːz,handkerchieves
handsbredth,ˈhændsˌbɹɛθ,handsbreadth
handsbredths,ˈhændsˌbɹɛθs,handsbreadths
handsohn,ˈhændswən,handsewn
handsomness,ˈhænsəmənsəz,handsomeness
handweav,ˈhænˌdweɪv,handweave
handwroht,ˈhænˌdɹaʊt,handwrought
handyfiht,ˈhænˌdaɪˌpaɪt,handyfight
handyfihts,ˈhænˌdaɪptɪdz,handyfights
hanqh,hæntʃ,hanch
hanqhing,ˈhæŋkɪŋ,hanching
happenqhance,ˈhæpəntʃən,happenchance
happenqhances,ˈhæpəntʃənsɪz,happenchances
haranger,ˈhɛɹəndʒəɹ,haranguer
harangers,həɹˈæŋəɹz,haranguers
harangful,ˌhɑɹənˈhʌɡən,harangueful
harboroh,ˈhɑɹbəɹoʊ,harborough
harborohs,ˈhɑɹbəɹoʊɡz,harboroughs
hardharted,ˈhɑɹdˌhɑɹtɪd,hardhearted
hardhartedly,ˈhɑɹdˌhɑɹtɪdliː,hardheartedly
hardhartedness,ˈhɑɹdˌhɑˌtɹɛdsəz,hardheartedness
hardheddedly,ˈhɑɹdˌhɛdədliː,hardheadedly
hardheddedness,ˈhɑɹdˌhɛdənz,hardheadedness
hardhedds,ˈhɑɹdˌhɛdz,hardheads
harken,ˈhɜɹkən,hearken
harkener,ˈhɑɹkənəɹ,hearkener
harkening,ˈhɜɹkənɪŋ,hearkening
hartaches,ˈhɑɹtətʃɪz,heartaches
hartbraeker,ˈhɑɹtˌbiːkəɹ,heartbreaker
hartbraekers,ˈhɑɹtˌbiːkəɹz,heartbreakers
hartbraekingly,ˈhɑɹtbɹiːˌkeɪbɪk,heartbreakingly
hartburning,ˈhɑɹtbəɹnɪŋ,heartburning
hartburnings,ˈhɑɹtbəɹnɪŋz,heartburnings
hartburns,ˈhɑɹtˌbɜɹnz,heartburns
hartdear,ˈhɑɹtˌdɪɹ,heartdear
hartdeep,ˈhɑɹtˌdiːp,heartdeep
hartedness,ˈhɑɹtˌdɛnəs,heartedness
hartener,ˈhɑɹtənəɹ,heartener
harteningly,ˈhɑɹtənɪŋliː,hearteningly
hartgrief,ˈhɜɹtɹəɡəbliː,heartgrief
harthless,ˈhɑɹθləs,hearthless
harthrug,ˈhɑɹtˌθɹuːɡ,hearthrug
harthrugs,ˈhɑɹtθɹəɡz,hearthrugs
harthside,ˈhɑɹθˌsaɪd,hearthside
harthstone,ˈhɑɹtθˌsaɪn,hearthstone
harthstones,ˈhɑɹθtˌsaʊnz,hearthstones
harties,ˈhɑɹtiːz,hearties
hartiness,ˈhɑɹtənəs,heartiness
harting,ˈhɑɹtɪŋ,hearting
hartlands,ˈhɑɹtˌlændz,heartlands
hartlessly,ˈhɑɹtləsliː,heartlessly
hartlessness,ˈhɑɹtləsnəs,heartlessness
hartlet,ˈhɑɹtlət,heartlet
hartling,ˈhɑɹtəlɪŋ,heartling
hartlings,ˈhɑɹtlɪŋz,heartlings
hartpea,ˈhɑɹtˌpiː,heartpea
hartpeas,ˈhɑɹtˌpiːz,heartpeas
hartquake,ˈhɑɹtˌkweɪk,heartquake
hartquakes,ˈhɑɹtˌkweɪks,heartquakes
hartrending,ˈhɑɹˌtɹɛndɪŋ,heartrending
hartrendingly,ˈhɑɹtəɹndɪliː,heartrendingly
hartsease,ˈhɑɹtˌseɪz,heartsease
hartseases,ˈhɜɹtˌseɪsəz,heartseases
hartseed,ˈhɑɹtˌstiː,heartseed
hartseeds,ˈhɑɹtˌstiːd,heartseeds
hartshaped,ˈhɑɹtˌʃeɪpt,heartshaped
hartsick,ˈhɑɹtˌskɪk,heartsick
hartsickness,ˈhɑɹtskənsəz,heartsickness
hartsom,ˈhɑɹtˌstoʊm,heartsome
hartsomly,ˈhɑɹtsməliː,heartsomely
hartsore,ˈhɔɹtsɔɹ,heartsore
hartstricken,ˈhɑɹtˌstɹɪkən,heartstricken
hartstrike,ˈhɑɹtˌstɹaɪk,heartstrike
hartstriking,ˈhɑɹtˌstɹaɪkɪŋ,heartstriking
hartstring,ˈhɑɹtstɹɪŋ,heartstring
hartstrings,ˈhɑɹtstɹɪŋ,heartstrings
hartstruck,ˈhɑɹtˌstɹʌk,heartstruck
hartswelling,ˈhɑɹtˌswɛlɪŋ,heartswelling
hartwoods,ˈhɑɹˌtwʊdz,heartwoods
hartworm,ˈhɑɹˌtwɜɹm,heartworm
hartworms,ˈhɑɹˌtwɜɹmz,heartworms
hartyhale,ˈhɑɹtˌhaɪəl,heartyhale
hashhedd,ˈhæʃəd,hashhead
hashhedds,ˈhæʃədəs,hashheads
hauberjen,ˈhaʊbəɹˌdʒɑn,haubergeon
hauberjens,ˈhaʊbəɹˌdʒɑnz,haubergeons
hauffs,hɔz,haughs
hauhtier,ˈhɔtiːəɹ,haughtier
hauhtiest,ˈhɔtiːəst,haughtiest
hauhtiness,ˈhɔtiːnəs,haughtiness
haunqh,hɔntʃ,haunch
haunqhing,ˈhɔntʃɪŋ,haunching
haustellat,ˈhaʊstəˌleɪt,haustellate
havless,ˈhævəlzɪz,haveless
havlocks,ˈheɪvˌlɑks,havelocks
havvers,ˈhælvəɹz,halvers
hawfinqh,ˈhɔˌfɪŋk,hawfinch
hawfinqhes,ˈhɔfənsɪz,hawfinches
hawkiyed,ˈhɔˌkiːd,hawkeyed
haymuw,ˈheɪˌmoʊ,haymow
haymuws,ˈheɪˌmoʊz,haymows
haystahk,ˈheɪstək,haystalk
haystahks,ˈheɪstəks,haystalks
heddachier,ˈhɛdˌheɪkəɹ,headachier
heddachiest,ˈhɛdhəkəts,headachiest
heddachy,ˈhɛdəkiː,headachy
heddboroh,ˈhɛdbəɹoʊ,headborough
heddborohs,ˈhɛdbəɹoʊɡz,headboroughs
heddborrow,ˈhɛdbəɹoʊ,headborrow
heddborrows,ˈhɛdbəɹoʊz,headborrows
heddbutt,ˈhɛdˌbʌt,headbutt
heddbutted,ˈhɛdˌbʌtft,headbutted
heddbutting,ˈhɛdˌbʌtɪŋ,headbutting
heddfish,ˈhɛdˌfɪʃ,headfish
heddfishes,ˈhɛdˌfaɪzɪz,headfishes
heddforemoste,ˈhɛdfəɹˌoʊmst,headforemost
heddful,ˈhɛdfəl,headful
heddfuls,ˈhɛdfəlz,headfuls
heddgate,ˈhɛdˌɡeɪt,headgate
heddgates,ˈhɛdˌɡeɪts,headgates
heddgears,ˈhɛdɡjəɹz,headgears
heddhunt,ˈhɛdˌhʌnt,headhunt
heddhunted,ˈhɛdˌhʌntɪd,headhunted
heddhunting,ˈhɛdˌhʌntɪŋ,headhunting
heddier,ˈhɛdiːəɹ,headier
heddiest,ˈhɛdiːəst,headiest
heddily,ˈhɛdəliː,headily
heddiness,ˈhɛdiːnəs,headiness
heddlamp,ˈhɛdˌlæmp,headlamp
heddlamps,ˈhɛdˌlæmz,headlamps
heddland,ˈhɛdlənd,headland
heddlands,ˈhɛdləndz,headlands
heddlessness,ˈhɛdləsnəs,headlessness
heddlock,ˈhɛdˌlɑk,headlock
heddlocks,ˈhɛdˌlɑks,headlocks
heddmastership,ˈhɛdmstɹəʃp,headmastership
heddmasterships,ˈhɛdˌmæstəɹʃps,headmasterships
heddmen,ˈhɛdmən,headmen
heddmoste,ˈhɛdˌmoʊst,headmost
heddnote,ˈhɛdənˌtoʊt,headnote
heddnotes,ˈhɛdənˌtoʊz,headnotes
heddpan,ˈhɛdˌpæn,headpan
heddpans,ˈhɛdˌpænz,headpans
heddpiece,ˈhɛdˌpiːs,headpiece
heddpieces,ˈhɛdˌpiːs,headpieces
heddpin,ˈhɛdpɪn,headpin
heddpins,ˈhɛdpɪnz,headpins
heddqheeses,ˈhɛdtʃiːzɪz,headcheeses
heddquartering,ˈhɛdˌkɔɹˌtwɪŋkəɹ,headquartering
heddrace,ˈhɛdɹəs,headrace
heddraces,ˈhɛdɹəsəz,headraces
heddrooms,ˈhɛˌdɹuːmz,headrooms
heddrope,ˈhɛdɹəˌpoʊ,headrope
heddropes,ˈhɛˌdɹɑps,headropes
heddsail,ˈhɛdˌseɪl,headsail
heddsails,ˈhɛdˌseɪlz,headsails
heddscarf,ˈhɛdˌskɑɹf,headscarf
heddscarvs,ˈhɛdˌskɑɹvz,headscarves
heddshake,ˈhɛdˌʃeɪk,headshake
heddshakes,ˈhɛdˌʃeɪks,headshakes
heddships,ˈhɛdˌʃɪps,headships
heddshot,ˈhɛdˌʃɑt,headshot
heddshots,ˈhɛdˌʃɑts,headshots
heddshrinker,ˈhɛdˌʃɹiːŋkəɹ,headshrinker
heddshrinkers,ˈhɛdˌʃɹiːŋkəɹz,headshrinkers
heddsmen,ˈhɛdzmən,headsmen
heddspace,ˈhɛdˌspeɪs,headspace
heddspaces,ˈhɛdˌspeɪsɪz,headspaces
heddspring,ˈhiːdspɹɪŋ,headspring
heddsprings,ˈhiːdspɹɪŋz,headsprings
heddstall,ˈhɛdstəl,headstall
heddstalls,ˈhɛdstəlz,headstalls
heddstand,ˈhɛdstənd,headstand
heddstands,ˈhɛdˌstændz,headstands
heddstay,ˈhɛdˌsteɪ,headstay
heddstays,ˈhɛdstiːz,headstays
heddstock,ˈhɛdˌstɑk,headstock
heddstocks,ˈhɛdˌstɑks,headstocks
heddstream,ˈhɛdˌstɹiːm,headstream
heddstreams,ˈhɛdˌstɹiːmz,headstreams
heddstrongly,ˈhɛdstəɹstəliː,headstrongly
heddstrongness,ˈhɛdstɹənsˌɡɑnz,headstrongness
heddtire,ˈhɛdˌtaɪɹ,headtire
heddtires,ˈhɛdˌtaɪɹz,headtires
heddwaiter,ˈhɛˌdweɪtəɹ,headwaiter
heddwaiters,ˈhɛˌdwaɪtəɹz,headwaiters
heddways,ˈhɛˌdweɪz,headways
heddword,ˈhɛdwəɹd,headword
heddwords,ˈhɛdwəɹdz,headwords
heddwork,ˈhɛˌdwɜɹk,headwork
heddworks,ˈhɛˌdwɜɹks,headworks
heelposte,ˈhiːlˌpoʊst,heelpost
heelpostes,ˈhiːlˌpoʊsts,heelposts
helminthagog,ˈhɛlmənθəˌmiːɡθ,helminthagogue
helminthagogs,ˈhɛlmənθəɡəmz,helminthagogues
helthfully,ˈhɛlθfəliː,healthfully
helthfulness,ˈhɛlθfənləs,healthfulness
helthily,ˈhɛlθiːəliː,healthily
helthless,ˈhɛlθləs,healthless
helthlessness,ˈhɛlθləsnəs,healthlessness
helths,hɛlθs,healths
helthsom,ˈhɛlθsəm,healthsome
helthward,ˈhɛlθwəɹd,healthward
helv,hɛlv,helve
hemagglutinativ,ˌhɛməɡləˈtɪpɪtɪtiː,hemagglutinative
hemibranchiat,ˌhɛmbiːɹənˈʃeɪpbiːət,hemibranchiate
hemibranchiats,ˌhɛmbiːɹiːnˈtʃeɪbiːkəs,hemibranchiates
hemocele,ˈhɛmoʊˌkiːl,hemocoel
hemoceles,ˈhɛməˌkoʊlz,hemocoels
henqhboy,ˈhɛnbkɔɪ,henchboy
henqhboys,ˈhɛŋkˌbɔɪz,henchboys
henqhes,ˈhɛntʃɪz,henches
herdswimen,ˈhɜɹdˌswʊmnə,herdswomen
hereinabov,hɪɹəˈnɑbəv,hereinabove
hereintu,həɹˈiːntoʊ,hereinto
hereov,ˈhɪɹoʊɪd,hereof
heretu,hɪˈɹeɪtoʊ,hereto
hereuntu,həɹˈɛntoʊ,hereunto
hersecloth,ˈhɛɹsəlˌstɑk,hearsecloth
hersed,hɜɹst,hearsed
herselike,ˈhɛɹsəˌlaɪk,hearselike
hersing,ˈhɜɹsɪŋ,hearsing
hesitativ,ˈhɛzɪˌteɪtɪv,hesitative
heterogangliat,ˌhɛtəɹoʊˈɡɛŋəˌtɔɡ,heterogangliate
hethery,ˈhɛðəɹiː,heathery
hevening,ˈhiːvənɪŋ,heavening
hevenize,ˈhɛvəˌnaɪz,heavenize
hevenizing,ˈhiːvɪnɪsɪŋ,heavenizing
hevenless,ˈhɛvənləs,heavenless
hevenlier,ˈhɛvənliːəɹ,heavenlier
hevenliest,ˈhɛvənˌliːst,heavenliest
hevenliness,ˈhɛvənˌlaɪnz,heavenliness
hevenward,ˈhɛvənˌwɔɹd,heavenward
hevenwards,ˈhɛvənˌwɔɹdz,heavenwards
heviness,ˈhɛviːnəs,heaviness
hevisom,ˈhɛvɪsiːˌmoʊ,heavisome
hevyhandedness,ˈhɛvɪˌhɛndiːənts,heavyhandedness
hevyharted,ˈhɛviːˌhɑɹtɪd,heavyhearted
hevyhartedly,ˈhɛviːˌhɛtɹɪtɪdliː,heavyheartedly
hevyhartedness,ˈhɛviːətɹiːˌhɛdəns,heavyheartedness
hibaqhis,ˈhaɪbətʃɪz,hibachis
hiccoffing,ˈhɪkəpɪŋ,hiccoughing
hihball,ˈhaɪbəl,highball
hihballing,ˈhaɪəblɪŋ,highballing
hihborn,ˈhaɪbəɹn,highborn
hihboys,ˈhaɪˌbɔɪz,highboys
hihbred,ˈhaɪbəɹd,highbred
hihbruwd,ˈhaɪˌbɹaʊd,highbrowed
hihbruwism,ˈhaɪbɹəˌwɪzəm,highbrowism
hihbruwisms,ˈhaɪbɹˌwaɪmzɪz,highbrowisms
hihbush,ˈhaɪbəʃ,highbush
hihbynder,ˈhaɪbnaɪdəɹ,highbinder
hihbynders,ˈhaɪbnədəɹz,highbinders
hihering,ˈhaɪəɹɪŋ,highering
hihfaluting,ˈhaɪfəˌleɪtɪŋ,highfaluting
hihflyer,ˈhaɪˌflaɪəɹ,highflyer
hihflyers,ˈhaɪˌflaɪəɹz,highflyers
hihhanded,ˈhaɪənˌdɛd,highhanded
hihhandedly,ˈhaɪəndˌlɛdiː,highhandedly
hihhandedness,ˈhaɪəɡndənds,highhandedness
hihjack,ˈhaɪəkæk,highjack
hihlandry,ˈhaɪlɡɹɛniː,highlandry
hihlife,ˈhaɪlˌfaɪl,highlife
hihlifes,ˈhaɪlˌfaɪlz,highlifes
hihlihter,ˈhaɪˌlaɪtəɹ,highlighter
hihlihters,ˈhaɪˌlaɪtəɹz,highlighters
hihmen,ˈhaɪmən,highmen
hihmoste,ˈhaɪˌmoʊst,highmost
hihqhair,ˈhaɪkəɹ,highchair
hihqhairs,ˈhaɪkəɹz,highchairs
hihroad,ˈhaɪˌɹoʊd,highroad
hihroads,ˈhaɪˌɹoʊldz,highroads
hihspot,ˈhaɪˌspɑt,highspot
hihspots,ˈhaɪˌspɑts,highspots
hihtail,ˈhaɪˌteɪl,hightail
hihtailing,ˈhaɪtəlɪŋ,hightailing
hihtener,ˈhaɪtənəɹ,hightener
hihteners,ˈhaɪtənəɹz,highteners
hihths,haɪðz,heighths
hihwayman,ˈhaɪwˌmaɪn,highwayman
hihwaymen,ˈhaɪwˌmaɪn,highwaymen
hijackd,ˈhaɪəˌkeɪd,highjacked
hijacking,ˈhaɪəˌkeɪvɪŋ,highjacking
histohematin,ˌhɪstəhəˈmeɪʃən,histohaematin
hithermoste,ˈhɪθəɹˌmoʊst,hithermost
hoeduwns,ˈhoʊˌdaʊnz,hoedowns
hogqhain,ˈhɑɡˌʃeɪn,hogchain
hogqhains,ˈhɑɡˌʃeɪnz,hogchains
hogqhoker,ˈhɑɡkoʊtʃəɹ,hogchoker
hogqhokers,ˈhɑkoʊkəɹz,hogchokers
hogshedd,ˈhɑɡʃəd,hogshead
hogshedds,ˈhɑɡˌʃɛdz,hogsheads
hoh,hɑɡ,hogh
hohs,hɑɡz,hoghs
homebilt,ˈhoʊmˌbɪlət,homebuilt
homestedding,ˈhoʊmˌstɛdɪŋ,homesteading
homogangliat,həˈmɑŋɡətəliː,homogangliate
homogenat,ˈhoʊmədʒəˌneɪt,homogenate
homogenats,ˈhoʊmədʒəˌneɪts,homogenates
homolegumena,ˌhɑmələˈɡɛməsn,homologoumena
honnied,ˈhʌniːd,honied
honnybird,ˈhʌniːˌbɪdɹ,honeybird
honnybun,ˈhʌniːˌbʌn,honeybun
honnybunqh,ˈhʌniːˌbʌnk,honeybunch
honnybunqhes,ˈhʌniːˌbʌknəs,honeybunches
honnybuns,ˈhʌniːbənz,honeybuns
honnycohming,ˈhʌniːˌkoʊmbaɪŋ,honeycombing
honnycreeper,ˈhʌniːˌkɹiːpəɹ,honeycreeper
honnycreepers,ˌhɑniːˈkɪɹɪs,honeycreepers
honnydews,ˈhʌniːdwɛz,honeydews
honnyeater,ˈhʌniːˌeɪtəɹ,honeyeater
honnyeaters,ˈhʌniːˌeɪtəɹz,honeyeaters
honnyful,ˈhʌnfiːəlf,honeyful
honnyghide,ˈhʌniːˌɡwiːd,honeyguide
honnyghides,ˈhʌniːˌɡwiːdz,honeyguides
honnying,ˈhʌniːɪŋ,honeying
honnyless,ˈhʌniːləs,honeyless
honnymooning,ˈhʌniːˌmuːnɪŋ,honeymooning
honnypot,ˈhʌniːˌpɑt,honeypot
honnypots,ˈhʌniːˌpɑts,honeypots
honnystone,ˈhʌniːˌstoʊn,honeystone
honnysucker,ˈhʌniːˌsʌkəɹ,honeysucker
honnysuckled,ˈhʌniːˌsʌkəl,honeysuckled
honnyware,ˈhʌniːˌwɛɹ,honeyware
honnywort,ˈhʌniːˌwɜɹt,honeywort
honnyworts,ˈhʌniːˌwɜɹts,honeyworts
honqhoed,ˈhɑnhoʊd,honchoed
honqhoing,ˈhɑnʃˌwɑɡ,honchoing
hoodunit,həˈdʌnɪtəd,whodunnit
hoodunits,həˈdʌnɪtəst,whodunnits
hoomso,ˈhoʊmsoʊ,whomso
hooqhes,ˈhuːtʃɪz,hooches
hooqhies,ˈhuːtʃiːz,hoochies
hooseguw,ˈhuːsˌɡoʊ,hoosegow
hooseguws,ˈhuːsˌɡoʊz,hoosegows
hoosesoever,ˈhuːsəˌsoʊvəɹ,whosesoever
hoosever,ˈhuːsɛvəɹ,whosever
hoosguw,ˈhuːsɡoʊ,hoosgow
hoosguws,ˈhuːsˌɡoʊz,hoosgows
hooso,ˈhuːsoʊ,whoso
hoov,huːv,hoove
hopbynd,ˈhɑpbɪnd,hopbind
hopbynds,ˈhɑpˌbɪndz,hopbinds
hophedd,ˈhɑpˌhɛd,hophead
hophedds,ˈhɑpˌhɛdz,hopheads
hornyhedd,ˈhɔɹnˌhiːəd,hornyhead
hornyhedds,ˈhɔɹnˌhiːədz,hornyheads
horsefethers,ˌhɔɹsfəˈwɛðəɹz,horsefeathers
horsehedds,ˈhɔɹsˌhɛdz,horseheads
horselaff,ˈhɔɹslaʊ,horselaugh
horselaffs,ˈhɔɹslaʊɪŋz,horselaughs
horsepuwers,ˈhɔɹˌspaʊəɹz,horsepowers
horseshued,ˈhɔɹsˌʃuːd,horseshoed
horseshueing,ˈhɔɹsˌʃuːɪŋ,horseshoeing
horseshuer,ˈhɔɹsˌʃuːəɹ,horseshoer
horseshuers,ˈhɔɹsˌhaʊzəɹ,horseshoers
horsewimen,ˈhɔɹˌswʊmən,horsewomen
hortativ,ˈhɔɹtətɪv,hortative
hortativly,hɔɹˈteɪtɪvliː,hortatively
hosteless,ˈhɑsləs,hostless
hostely,ˈhɑstliː,hostly
hostename,ˈhɑstnəm,hostname
hostenames,ˈhɑstnəmz,hostnames
hotbludd,ˈhɑtˌbloʊd,hotblood
hotbludds,ˈhɑtˌbloʊdz,hotbloods
hothedd,ˈhɑθiːd,hothead
hothedded,ˈhɑθɪdɛd,hotheaded
hotheddedly,ˌhɑθɪˈdɛdɪliː,hotheadedly
hotheddedness,ˌhɑθɪˈdɛdnəs,hotheadedness
hothedds,ˈhɑθɪdz,hotheads
housebilder,ˈhaʊsˌbaɪldəɹ,housebuilder
housebilders,ˈhaʊsˌbɪldəɹz,housebuilders
housebilding,ˈhaʊsbɪdənɪɡz,housebuilding
housebraek,ˈhaʊsˌbɹiːk,housebreak
housebraeker,ˈhaʊsˌbɹiːkəɹ,housebreaker
housebraekers,ˈhaʊsˌbɹiːkəɹz,housebreakers
housebraeking,ˈhaʊsbɹiːkɪŋ,housebreaking
housebraekings,ˈhaʊsˌbɹiːkɪsɪŋ,housebreakings
houseliht,ˈhaʊsəlɪt,houselight
houselihts,ˈhaʊsəlɪts,houselights
housewrihts,ˈhaʊsˌɹaɪts,housewrights
hulqh,hʌltʃ,hulch
hulqhes,ˈhʌltʃəz,hulches
hulqhy,ˈhʌltʃiː,hulchy
humblehedd,ˈhʌmbləhæd,humblehead
humectiv,ˈhjuːmətɪkt,humective
humoresq,ˌhjuːməɹˈsiːk,humoresque
humoresqs,ˌhjuːməɹˈuːskiːz,humoresques
humorsom,ˈhjuːməɹsəm,humorsome
humorsomly,ˈhjuːməɹsəmliː,humorsomely
humorsomness,ˌhjuːmoʊsˈɹɑmənzɪz,humorsomeness
hundredweihts,ˈhʌndɹəˌdweɪts,hundredweights
hunqhbacks,ˈhʌntʃˌbæks,hunchbacks
hunqhing,ˈhʌtʃnɪɡ,hunching
huwdah,ˈhaʊdə,howdah
huwdahs,ˈhaʊdəz,howdahs
huwdie,ˈhaʊdiː,howdie
huwdies,ˈhaʊdiːz,howdies
huwel,ˈhaʊəl,howel
huwels,ˈhaʊəlz,howels
huwker,ˈhaʊkəɹ,howker
huwkers,ˈhaʊkəɹz,howkers
huwking,ˈhaʊkɪŋ,howking
huwlers,ˈhaʊləɹz,howlers
huwlet,ˈhaʊlət,howlet
huwlets,ˈhaʊləts,howlets
huws,haʊz,hows
huwso,ˈhaʊsoʊ,howso
huwsoever,ˈhaʊsoʊvəɹ,howsoever
huwv,haʊv,howve
huwvs,haʊvz,howves
hyndberries,ˈhɪndˌbɛɹiːz,hindberries
hyndberry,ˈhɪndˌbɛɹiː,hindberry
hyndbrain,ˈhɪndˌbɹeɪn,hindbrain
hyndbrains,ˈhɪndˌbɹeɪnz,hindbrains
hyndermoste,ˈhɪndəɹˌmoʊst,hindermost
hyndfeet,ˈhɪnˌfiːd,hindfeet
hyndfoot,ˈhɪndˌfʊt,hindfoot
hyndgut,ˈhɪŋtət,hindgut
hyndguts,ˈhɪŋɡˌtʌs,hindguts
hyndlimm,ˈhɪndlɪm,hindlimb
hyndlimms,ˈhɪndləmz,hindlimbs
hyndmoste,ˈhɪndˌmoʊst,hindmost
hyndsihts,ˈhɪndˌsaɪts,hindsights
hyperaggressiv,ˌhaɪpəɹˈɡæɹɪsɪv,hyperaggressive
hypercompetitiv,ˌhaɪpəɹkəmˈpɛtɪtiː,hypercompetitive
hypermasculin,ˌhaɪpəɹmoʊˈskwɛljəns,hypermasculine
hyperqharge,ˈhaɪpəɹˌtʃeɪɡəɹ,hypercharge
hyperqharged,ˈhaɪpəɹˌtʃeɪɡd,hypercharged
hyperqharges,ˈhaɪpəɹˌtʃeɪɡz,hypercharges
hyperreactiv,ˌhaɪpəɹˈɹɪtɪkɪv,hyperreactive
hyperresponsiv,ˌhaɪpəɹspɹəˈsɪnsɪv,hyperresponsive
hypoactiv,haɪˈpɑktɪv,hypoactive
hypotensiv,ˌhaɪpəˈtɛnsɪt,hypotensive
hypotensivs,ˌhaɪpəˈtɛnsɪts,hypotensives
ideativ,aɪˈdiːtɪv,ideative
ihlanded,ɪˈslædnd,islanded
ihlanding,ɪˈslændɪŋ,islanding
ihled,aɪld,isled
ihleless,ˈaɪləsliːz,isleless
illativ,ɪˈleɪtɪv,illative
illativly,ɪˈleɪtɪvliː,illatively
illativs,ˈɪlətɪvz,illatives
illegitimatly,ˌɪlɪdʒəˈtɪmɪtəliː,illegitimately
illiteratly,ˌɪlɪˈtɛɹtɪtliː,illiterately
illiteratness,ˈɪlətəɹˌeɪtənz,illiterateness
illumin,ɪˈluːmən,illumine
illuminativ,ɪˌluːməˈnɪtɪv,illuminative
illusivly,ɪˈluːsɪvliː,illusively
illusivness,ɪˈluːsəvɪnzɪz,illusiveness
illustrativly,ˌɪljəˈstɹɛtɪvliː,illustratively
imaginativness,ɪˌmædʒəˈnɪtɪvnəs,imaginativeness
imbahm,ˈɪmbəlm,imbalm
imbahmer,ˈɪmbəlməɹ,imbalmer
imbahmers,ˈɪmbəlməɹz,imbalmers
imbahming,ˈɪmbəlmɪŋ,imbalming
imbruwn,ɪmˈbɹaʊn,imbrown
imbruwning,ɪmˈbɹɔnɪŋ,imbrowning
imbuwer,ˈɪmboʊəɹ,imbower
imbuwering,ɪmˈbɑhəɹɪŋ,imbowering
imitativly,ˈɪmətətəvliː,imitatively
imitativness,ˌɪmɪtəˈtɪvənsts,imitativeness
immaculatness,ɪˌmækjəˈleɪʃənts,immaculateness
immediatness,ˌɪmiːˈdeɪʃənz,immediateness
immesurableness,ɪmiːzˈwɔɹəblənz,immeasurableness
immoderat,ɪˈmɔdəɹət,immoderate
immoderatly,ˌɪməˈdɔɹətliː,immoderately
immoderatness,ˌɪmoʊdəɹˈeɪntəst,immoderateness
immoovability,ˌɪməvəˈbɪlətiː,immovability
immoovableness,ɪˈmʌvənəbəlz,immovableness
immoovables,ɪmˈvɑvəbəlz,immovables
immoovably,ˈɪməvəbliː,immovably
immunoreactiv,ˌɪmjuːnəɹtiːˈæstɪk,immunoreactive
immunosuppressiv,ˌɪˌmjuːnoʊspəɹˈsɪvəst,immunosuppressive
impactiv,ɪmˈpæktɪv,impactive
impactivly,ɪmˈpæktɪvliː,impactively
impassivness,ɪmˈpæsvənsəz,impassiveness
imperativly,ɪmˈpɛɹətɪvliː,imperatively
imperativness,ɪmˈpɛɹətətəns,imperativeness
imperceevable,ɪmˈpɛɹəˌseɪtəbəl,imperceivable
imperceptiv,ɪmˈpɜɹspɪtɪv,imperceptive
imperceptivness,ˌɪmpəɹˈspɛtɪvnəs,imperceptiveness
imperfectiv,ɪmˈpɜɹfɪktɪv,imperfective
imperfectivs,ɪmˈpɜɹfɪktɪvz,imperfectives
imperforat,ɪmˈpɜɹfəɹˌeɪt,imperforate
imperforats,ɪmˈpɜɹfəɹˌeɪts,imperforates
imperl,ɪmˈpɜɹl,impearl
imperling,ɪmˈpɜɹlɪŋ,impearling
implicativ,ɪmˈplɪktəvɪt,implicative
implicativly,ɪmˈplɪkətɪvliː,implicatively
implicativness,ɪmˈplɪktəvənts,implicativeness
implosiv,ɪmˈplɔsɪv,implosive
implosivly,ɪmˈplɔsəvliː,implosively
implosivs,ɪmˈplɔsɪvz,implosives
importunat,ɪmˈpɔɹtənt,importunate
importunatly,ɪmpɔɹˈtuːntɪtiː,importunately
importunatness,ɪmˌpɔɹˈtuːntəns,importunateness
imposte,ˈɪmˌpɑst,impost
impostes,ɪmˈpoʊsts,imposts
impressivness,ɪmˈpɹɛsɪsnɪs,impressiveness
improovabilities,ˌɪmpɹəˈvɪɹəbələts,improvabilities
improovability,ˌɪmpɹəˈvɔɹəbəlɪtiː,improvability
improovable,ɪmˈpɹɑvəbəl,improvable
improover,ɪmˈpɹuːvəɹ,improver
improovers,ɪmˈpɹuːvəɹz,improvers
impulsivness,ɪmˈplʌsɪvnəs,impulsiveness
imputativ,ɪmˈpjuːtətɪv,imputative
imputativly,ɪmˈpjuːtɪtɪvliː,imputatively
impuwer,ɪmˈpaʊəɹ,impower
impuwering,ɪmˈpaʊəɹɪŋ,impowering
inactivly,ɪˈnæktɪvliː,inactively
inadequatness,ˌɪnəkdwəˈkeɪʃənts,inadequateness
inanimatly,ɪˈnænəməˌtɪltiː,inanimately
inanimatness,ɪˈnænəməntsəz,inanimateness
inapposit,ɪˈnɑpəˌsteɪt,inapposite
inappositly,ɪnəˈpɑstətiː,inappositely
inappositness,ɪnəˈpɑtəsənts,inappositeness
inappreciativ,ɪnəˈpɹɛʃəpəts,inappreciative
inappreciativly,ɪnəˈpɹɛʃəpətliː,inappreciatively
inappreciativness,ˌɪnəˌpɹɛʃəˈpɛstɪsən,inappreciativeness
inapproaqhability,ˌɪnəpɹəˈtʃænətiːˌbɪl,inapproachability
inapproaqhable,ɪnˈpɑɹəkəbəl,inapproachable
inapproaqhably,ɪnˈpɑɹəkəbliː,inapproachably
inappropriatness,ɪnˈpɑɹpəˌtɹiːnz,inappropriateness
inarmd,ɪˈnɑɹdm,inarmed
inarqh,ɪˈnɑɹtʃ,inarch
inarqhing,ɪˈnɑɹtʃɪŋ,inarching
inarticulatly,ɪˌnɑɹtɪˈkjuːlətiːə,inarticulately
inarticulatness,ɪˌnɑɹtɪˌkjuːləˈteɪʃənz,inarticulateness
inarticulats,ɪˌnɑɹtɪˈkjuːləts,inarticulates
inattentivly,ɪnəˈtɛntɪvliː,inattentively
inattentivness,ɪnəˈtɛntɪvnəst,inattentiveness
inbilt,ɪnbˈwɪlt,inbuilt
inbraeking,ˈɪnbɹiːkɪŋ,inbreaking
inbraekings,ˈɪnbɹiːkɪŋz,inbreakings
inceptiv,ɪnˈsɛptɪv,inceptive
inceptivly,ɪnˈsɛptɪvliː,inceptively
inceptivs,ɪnˈsɛptɪvz,inceptives
inchoativ,ˈɪnkətwɪst,inchoative
inchoativly,ɪnˈkoʊʃətliː,inchoatively
inchoativs,ˈɪnkətwɪst,inchoatives
incisivly,ɪnˈsɪsɪvliː,incisively
incisivness,ɪnˈsɪsɪvnəs,incisiveness
incloze,ɪnˈkloʊs,inclose
inclozed,ɪnˈkloʊst,inclosed
inclozer,ɪnˈkloʊsəɹ,incloser
inclozers,ɪnˈkloʊsəɹz,inclosers
inclozing,ɪnˈkloʊsɪŋ,inclosing
inclusivly,ɪnˈkluːsɪvliː,inclusively
incommensurat,ɪnkəˈmjuːnəɹˌtʃeɪt,incommensurate
incommunicativ,ɪnˌkʌmjəˈpjuːtɪkɪt,incommunicative
inconclusivness,ɪnˈkɑŋkwələnsɪz,inconclusiveness
inconsecutiv,ɪnˌkɑnsəˈkwɛtɪk,inconsecutive
inconsecutivly,ˌɪnkənˈsɜɹətɪkliː,inconsecutively
inconsecutivness,ˌɪnkənskəˈvɛtɪksɪz,inconsecutiveness
inconsiderat,ɪnkənˈsɪɹəˌdeɪt,inconsiderate
inconsideratly,ɪnˌkɑnsəˈtɛɹdətiː,inconsiderately
inconsideratness,ɪnkənˈsɪɹəˌdeɪnts,inconsiderateness
incoordinat,ɪnˈkɔɹədənt,incoordinate
incoordinatly,ɪnˈkɔɹədənˌtɛl,incoordinately
incorporativ,ɪnˈkɔɹpəɹˌeɪtɪd,incorporative
incubativ,ˈɪnkəˌbeɪtɪv,incubative
incurv,ɪnˈkɜɹv,incurve
indecisivly,ɪndɪˈsɪsɪvliː,indecisively
indefinitness,ˌɪndəˈfɪnəsts,indefiniteness
indefinits,ˌɪndəˈfɪnɪts,indefinites
indelicatly,ˌɪndəˈlæktɪkliː,indelicately
indelicatness,ˌɪndələˈkeɪtənsɪz,indelicateness
indeterminatly,ɪnˈdɛtəɹməˌnɪtliː,indeterminately
indeterminatness,ˌɪndətəɹˈmɪnɪtsənz,indeterminateness
indett,ˈɪndət,indebt
indetting,ɪnˈdɛtɪŋ,indebting
indicativly,ɪnˈdɪkətɪvliː,indicatively
indicativs,ˈɪndəˌkeɪtɪvz,indicatives
indisciplin,ˈɪndɪˌspɪln,indiscipline
indiscriminatness,ɪnˌdɪskɹɪˈmɛntəsənz,indiscriminateness
indistinctiv,ɪnˈdɪstɪkntɪv,indistinctive
indistinctivly,ɪnˈdɪstɪkntɪvliː,indistinctively
indistinctivness,ɪnˌdɪstɪtsˈvænsɪz,indistinctiveness
inductiv,ɪnˈdʌktɪv,inductive
inductivly,ɪnˈdʌktɪvliː,inductively
induplicat,ɪnˈdʌpləˌkeɪt,induplicate
indurativ,ɪnˈdɹuːtɪvɪt,indurative
induw,ˈɪndoʊ,indow
induwing,ɪnˈdaʊɪŋ,indowing
ineffectivly,ɪˈnɛfɪktɪvliː,ineffectively
inequivalv,ɪˈnɛkwɪvəl,inequivalve
inequivalvs,ɪˈnɛkwɪˌvɪlz,inequivalves
inerth,ɪˈnɪɹθ,inearth
inerthing,ɪˈnɜɹθɪŋ,inearthing
inexpensivness,ɪˌnɛkspənˈseɪvənz,inexpensiveness
inexpressiv,ɪnˈpɛkspɹɪs,inexpressive
inexpressivly,ɪnɪkˈspɹɛsɪvliː,inexpressively
inexpressivness,ɪnˈpɛkspɹɪsɪnsɪnz,inexpressiveness
infeeff,ˈɪnˌfjuːf,infeoff
infeeffing,ˈɪnfiːˌwʌfɪŋ,infeoffing
infiht,ˈɪnˌfaɪt,infight
infihter,ˈɪnˌfaɪtəɹ,infighter
infihters,ˈɪnˌfaɪtəɹz,infighters
infihtings,ˈɪnˌfaɪtɪŋz,infightings
infiltrativ,ɪnˈfɪltɹətɪv,infiltrative
infinitivly,ɪnˈfɪnɪtɪvliː,infinitively
infinitivs,ɪnˈfɪnɪtsɪz,infinitives
infinitness,ˈɪnfənətənz,infiniteness
infinits,ˈɪnfənəts,infinites
inflectiv,ɪnˈflɛktɪv,inflective
inflictiv,ɪnˈflɪktɪv,inflictive
infoht,ˈɪnˌfɔt,infought
informativly,ɪnˈfɔɹmətɪsliː,informatively
informativness,ˌɪnfəɹˈmæstɪvnəst,informativeness
infusiv,ɪnˈfjuːsɪv,infusive
infuzer,ˈɪnfjuːsəɹ,infuser
infuzers,ˈɪnfjuːzəɹ,infusers
infuzibility,ɪnˈfjuːzətəˌblaɪt,infusibility
infuzible,ɪnˈfjuːzəbəl,infusible
infuzibleness,ɪnˈfjuːzələnsts,infusibleness
ingestiv,ɪnˈdʒɛstɪv,ingestive
ingressiv,ɪnˈɡɹɛsɪv,ingressive
ingressivly,ɪŋˈɡɹɛsɪvliː,ingressively
ingressivness,ɪŋˈɡɹɛsfənsɪz,ingressiveness
ingressivs,ɪŋˈɡɹɛsɪvz,ingressives
inhibitiv,ɪnˈhɪvətɪbəd,inhibitive
injectiv,ɪnˈdʒɛktɪv,injective
inmoste,ˈɪnmoʊst,inmost
innermostes,ˈɪnəɹˌmoʊsts,innermosts
innerv,ɪˈnɜɹv,innerve
innovativly,ɪˈnɑvətɪvliː,innovatively
innovativness,ˌɪnəˈveɪtənsɪz,innovativeness
innumerat,ɪˈnjuːməɹˌeɪt,innumerate
innumerats,ɪˈnjuːməɹˌeɪts,innumerates
inoculativ,ɪˈnɑkjəˌleɪtɪv,inoculative
inoffensivly,ɪnəˈfɛnsɪvliː,inoffensively
inoffensivness,ɪnəˈfɛnsɪvnəs,inoffensiveness
inoperativness,ɪˈnɑpəɹəˌtiːns,inoperativeness
inoperculat,ɪˈnɔpjəkwəltəɹ,inoperculate
inoperculats,ɪˈnɔpjəkwəltəɹz,inoperculates
inordinatness,ɪˈnɔɹdəˌneɪtənds,inordinateness
inporr,ɪnˈpaʊəɹ,inpour
inporring,ɪnˈpaʊəɹɪŋ,inpouring
inqhmeal,ˈɪntʃəməl,inchmeal
inqhworm,ˈɪŋkwəɹm,inchworm
inqhworms,ˈɪŋkwəɹmz,inchworms
inquisitivly,ɪnˈkwɪzətɪvliː,inquisitively
inquisitivness,ɪnˈkwɪzətəsts,inquisitiveness
insatiat,ɪnˈseɪʃəˌteɪ,insatiate
insatiatly,ɪnˈseɪʃətəliː,insatiately
insatiatness,ɪnˈseɪʃənəts,insatiateness
inscriptiv,ɪnˈskɹɪptɪv,inscriptive
inscriptivly,ɪnˈskɹɪptɪvliː,inscriptively
insensat,ˈɪnsənˌseɪt,insensate
insensatly,ɪnˈsɛnstəliː,insensately
insensitivly,ɪnˈsɛnsɪtɪvliː,insensitively
insensitivness,ɪnˈsɛnsətənsɪz,insensitiveness
insihtfully,ˈɪnsɪtfəliː,insightfully
insinuativ,ɪnˌsɪnjuːˈtɑɪtɪv,insinuative
insinuativly,ɪnˈsɪnjuːətɪvliː,insinuatively
insomuqh,ˈɪnsəˌmʌtʃ,insomuch
inspectiv,ɪnˈspɛktɪv,inspective
inspectorats,ɪnˈspɛktəˌtɔɹz,inspectorates
instigativ,ɪnˈstɪɡətɪv,instigative
instructivly,ɪnˈstɹʌktɪvliː,instructively
instructivness,ɪnˈstɹʌktɪvnəs,instructiveness
insubordinatly,ɪnsəˈbɔɹdənətliː,insubordinately
insubordinatness,ɪnsəˈbɔɹdəˌneɪʃənz,insubordinateness
insubordinats,ɪnsəˈbɔɹdənəts,insubordinates
integrativ,ɪnˈtɛɡɹətɪv,integrative
intellectiv,ɪnˈtɛləktɪv,intellective
intellectivly,ɪnˈtɛləktɪvliː,intellectively
intemperatly,ɪnˈtɛmpəɹətliː,intemperately
intemperatness,ˌɪntəmpəɹˈɛtənz,intemperateness
intensivness,ɪnˈtɛnsɪvnəs,intensiveness
intensivs,ɪnˈtɛnsɪvz,intensives
interactivly,ˌɪntəɹˈækɪtɪvliː,interactively
interborohs,ˈɪntəɹˌbɔˌɹuːz,interboroughs
interbranqh,ˈɪntəɹˌbɹæntʃ,interbranch
intercontry,ˈɪntəɹˌkaʊntiː,intercountry
intercorporat,ˌɪntəɹˈkɔɹəpət,intercorporate
intercorses,ˈɪntəɹˌkaʊsəɹz,intercourses
intercupple,ˈɪntəɹˌkuːpəl,intercouple
interdictiv,ˌɪntəɹˈdɪktɪv,interdictive
interdiffuze,ˈɪntəɹˌdaɪfs,interdiffuse
interdiffuzed,ˈɪntəɹdɪˌfjuːdz,interdiffused
interdiffuzing,ˈɪntəɹdɪˌfjuːɪŋz,interdiffusing
interfuze,ˈɪntəɹˌfjuːz,interfuse
interfuzed,ˈɪntəɹˌfjuːst,interfused
interfuzing,ˈɪntəɹˌfɪsɪŋ,interfusing
interihland,ˌɪntəɹˈsɪlənd,interisland
interinvolv,ˌɪntəɹɪnˈvɔlɪv,interinvolve
intermediatly,ˌɪntəɹˈmɪdɪtəliː,intermediately
intermediatness,ˌɪntəɹmɪˈdɪʃənz,intermediateness
interoceptiv,ˌɪntəɹəˈsɛptɪt,interoceptive
interoperativ,ˌɪntəɹəˈpɔɹətɪv,interoperative
interpolativ,ˌɪˈtɜɹpəˌleɪtɪv,interpolative
interpretativ,ˌɪntəɹpɹəˈtɛptɪt,interpretative
interpretativly,ˌɪntəɹpɹəˈtɛptɪtliː,interpretatively
interpretivly,ˌɪntəɹˈpɹɛtɪvliː,interpretively
interqhain,ˈɪntəɹˌhaɪn,interchain
interqhaining,ˈɪntəɹˌeɪnɪŋ,interchaining
interqhangeability,ˌɪntəɹˈtʃænɪdʒɪbliː,interchangeability
interqhangeableness,ˌɪntəɹˌdʒæfənˈbɪɡənz,interchangeableness
interqhanged,ˌɪntəɹˈtʃeɪndɪd,interchanged
interqhanger,ˈɪntəɹˌheɪndʒəɹ,interchanger
interqhangers,ˈɪntəɹˌhæŋəɹz,interchangers
interqhanging,ˈɪntəɹˌtʃæŋɪŋ,interchanging
interqhannel,ˌɪntəɹˈtʃænəl,interchannel
interqhurqh,ɪnˈtɜɹtʃəf,interchurch
interrogativ,ˌɪntəɹˈɹoʊɡətɪv,interrogative
interrogativly,ˌɪntəɹˈɹeɪdʒəkliːt,interrogatively
interrogativs,ˌɪntəɹˈɡɑtəvɪtʃɪz,interrogatives
interruptiv,ˌɪntəɹˈɹʌptɪk,interruptive
intersubjectiv,ˌɪntəɹsəɡzˈtɛktɪd,intersubjective
intersubjectivly,ˌɪntəɹsəɡˈtɛstɪvbliː,intersubjectively
interwroht,ɪnˈtɹʌvt,interwrought
intestat,ˈɪntəˌsteɪt,intestate
intestats,ˈɪntəˌsteɪts,intestates
intimatness,ˈɪntəmətnəsts,intimateness
intoom,ˈɪntəm,intomb
intooming,ˈɪntəmɪŋ,intombing
intransitiv,ɪnˈtɹænsətɪv,intransitive
intransitivly,ɪnˈtɹænsɪtɪvliː,intransitively
intransitivness,ɪnˈtɹænsətənsɪz,intransitiveness
intrenqh,ˈɪntɹəntʃ,intrench
intrenqhing,ɪnˈtɹɛntʃɪŋ,intrenching
intricatness,ˈɪntɹəkənts,intricateness
intrighant,ˈɪntɹiːɡɑnt,intriguant
intrighants,ˈɪntɹiːɡənts,intriguants
intrigher,ˈɪntɹiːɡəɹ,intriguer
intrighers,ˈɪntɹiːɡəɹz,intriguers
introgressiv,ˌɪntɹəˈɡɹɛsɪv,introgressive
introspectivly,ˌɪntɹəˈspɛktɪvliː,introspectively
introspectivness,ˌɪntɹəˈspɛktəvnɪs,introspectiveness
introversiv,ˌɪntɹəˈvɜɹsəv,introversive
introversivly,ˌɪntɹəˈvɜɹsəvliː,introversively
intrusivly,ɪnˈtɹuːsɪvliː,intrusively
intrusivs,ɪnˈtɹuːsɪvz,intrusives
intuitivness,ɪnˈtuːətˌvɪnz,intuitiveness
intussusceptiv,ˌɪnjuːˈstʌvstɪkt,intussusceptive
intuwn,ɪnˈtaʊn,intown
invasivly,ɪnˈvɛsɪvliː,invasively
invasivness,ɪnˈvɛsɪvnəs,invasiveness
invectivly,ɪnˈvɛktɪvliː,invectively
invectivness,ɪnˈvɛktɪvnəs,invectiveness
invectivs,ɪnˈvɛktɪvz,invectives
inveih,ɪnˈvaɪ,inveigh
inveiher,ɪnˈvaɪəɹ,inveigher
inveihers,ɪnˈvaɪəɹz,inveighers
inveihing,ɪnˈvaɪdʒɪŋ,inveighing
inventivly,ɪnˈvɛntɪvliː,inventively
inversiv,ɪnˈvɜɹsɪv,inversive
inveteratly,ɪnˈvɛtəɹətliː,inveterately
inveteratness,ɪnˈvɛtəɹətənz,inveterateness
inviolatly,ɪnˈvaɪələtiː,inviolately
inviolatness,ɪnˈvaɪələtənst,inviolateness
involucrat,ɪnˈvɑlkəɹɪt,involucrate
inweav,ˈɪnwɛv,inweave
inwnyd,ˈɪnwɪnd,inwind
inwynding,ˈɪnwɪndɪŋ,inwinding
irishwimen,ɪˈɹɪʃwəmən,irishwomen
irksomly,ˈɜɹksəmliː,irksomely
irksomness,ˈɜɹksəmənzɪz,irksomeness
ironharted,ˈaɪəɹnˌhɑɹtɪd,ironhearted
irradiativ,ɪɹəˈdiːtɪvɪt,irradiative
irreflexiv,ˈaɪɹəˌflɛskɪŋ,irreflexive
irrelativ,ɪˈɹɛltəvɪtʃ,irrelative
irrelativly,ɪˈɹɛlətɪvliː,irrelatively
irremoovability,ɪˌɹoʊməpəˈbɪlɪtiː,irremovability
irremoovable,ɪɹəˈmoʊvəbəl,irremovable
irremoovably,ɪˈɹʌməbəliː,irremovably
irrespectivly,ɪɹəˈspɛktɪvliː,irrespectively
irresponsiv,ɪɹəˈspɑnsəv,irresponsive
irresponsivness,ɪˌɹɛspənˈsɪnsɪz,irresponsiveness
irritativ,ˈɪɹətətɪv,irritative
irruptiv,ɪˈɹʌptɪv,irruptive
irruptivly,ɪˈɹʌptɪvliː,irruptively
italianesq,ɪˌtæləˈʃiːns,italianesque
iterativly,aɪˈtɹeɪvətɪliː,iteratively
iyeable,ˈaɪəbəl,eyeable
iyeballing,ˈaɪˌbɔlɪŋ,eyeballing
iyebar,ˈaɪˌbɑɹ,eyebar
iyebars,ˈaɪbəɹz,eyebars
iyebeam,ˈiːˌbiːm,eyebeam
iyebeams,ˈiːˌbiːz,eyebeams
iyebolt,ˈaɪˌboʊlt,eyebolt
iyebolts,ˈaɪˌboʊlts,eyebolts
iyebriht,ˈaɪˌbɹaɪt,eyebright
iyebrihts,ˈaɪˌbɹaɪts,eyebrights
iyecup,ˈaɪkəp,eyecup
iyecups,ˈaɪkəps,eyecups
iyedness,ˈaɪdənsɪz,eyedness
iyedroppers,ˈaɪˌdɹɑpəɹz,eyedroppers
iyeful,ˈaɪfəl,eyeful
iyefuls,ˈaɪfəlz,eyefuls
iyehole,ˈaɪˌhoʊl,eyehole
iyeholes,ˈaɪˌhoʊlz,eyeholes
iyehook,ˈaɪˌhʊk,eyehook
iyehooks,ˈaɪˌhʊks,eyehooks
iyeleted,ˈaɪˌlaɪtɪd,eyeleted
iyeleting,ˈaɪlɪtɪŋ,eyeleting
iyeliners,ˈaɪˌlaɪnəɹz,eyeliners
iyeopener,ˈaɪəˌpiːnəɹ,eyeopener
iyeopening,ˈaɪəˌpiːnɪŋ,eyeopening
iyepatch,ˈaɪpˌtʃɑ,eyepatch
iyepatches,ˈaɪˌpeɪtʃəz,eyepatches
iyepieces,ˈaɪˌpiːsəz,eyepieces
iyepoint,ˈaɪˌpɔɪnt,eyepoint
iyepoints,ˈaɪˌpɔɪnts,eyepoints
iyepopper,ˈaɪˌpɔɹp,eyepopper
iyepoppers,ˈaɪˌpɔɹps,eyepoppers
iyeroll,ˈaɪəɹˌoʊl,eyeroll
iyerolls,ˈaɪəɹˌoʊlz,eyerolls
iyers,ˈaɪəɹz,eyers
iyeshades,ˈaɪˌʃeɪdz,eyeshades
iyeshadow,ˈaɪʃəˌdoʊ,eyeshadow
iyeshadows,ˈaɪʃəˌdoʊz,eyeshadows
iyeshot,ˈaɪʃət,eyeshot
iyeshots,ˈaɪˌʃɑts,eyeshots
iyesihts,ˈaɪˌsaɪts,eyesights
iyesom,ˈaɪsəm,eyesome
iyesores,ˈaɪˌsɛɹz,eyesores
iyespots,ˈaɪˌspɑts,eyespots
iyestahk,ˈaɪˌstɑk,eyestalk
iyestahks,ˈaɪˌstɔks,eyestalks
iyestones,ˈaɪˌstoʊnz,eyestones
iyestrains,ˈaɪˌstɹeɪnz,eyestrains
iyeteeth,ˈaɪˌtiːˌɛθ,eyeteeth
iyetooth,ˈaɪˌtwɑθ,eyetooth
iyewash,ˈaɪəhɑs,eyewash
iyewashes,ˈaɪˌwɑʃɪz,eyewashes
iyewater,ˈaɪˌweɪtəɹ,eyewater
iyewaters,ˈaɪˌwɔtəɹz,eyewaters
iyewink,ˈaɪˌwɪŋk,eyewink
iyewinks,ˈaɪˌwɪŋks,eyewinks
iying,ˈaɪɪŋ,eying
jackfruht,ˈdʒækˌfɹʌt,jackfruit
jackfruhts,ˈdʒækˌfɹʌts,jackfruits
jackliht,ˈdʒæˌklaɪt,jacklight
jacklihts,ˈdʒæˌklaɪts,jacklights
jacqerie,ˈdʒækəɹiː,jacquerie
jacqeries,ˈdʒækəɹiːz,jacqueries
jailbraek,ˈɡeɪlˌbɹeɪk,gaolbreak
jailbraeking,ˈdʒeɪlˌbɹeɪkɪŋ,jailbreaking
jailbraeks,ˈɡeɪlˌbɹeɪks,gaolbreaks
jairu,ˈdʒɛɹuː,jairou
jairus,ˈdʒɛɹəs,jairous
jamms,dʒæmz,jambs
japanesq,jəˈpænəvɪtʃ,japanesque
jarhedd,ˈdʒɑɹˌhɛd,jarhead
jarhedds,ˈdʒɑɹˌhɛdz,jarheads
jawbraeker,ˈdʒɔˌbɹiːkəɹ,jawbreaker
jawbraekers,ˈdʒɔˌbɹiːkəɹz,jawbreakers
jaywahker,ˈdʒeɪˌwɔkəɹ,jaywalker
jaywahkers,ˈdʒeɪˌwɔkəɹz,jaywalkers
jeloushood,ˈdʒɛləˌʃaʊd,jealoushood
jeppard,dʒəˈpɑɹd,jeopard
jepparded,dʒəˈpɑɹdəd,jeoparded
jepparder,ˌdʒiːəˈpɑɹdəɹ,jeoparder
jepparders,dʒəˈpɑɹdəɹz,jeoparders
jeppardies,ˈdʒɛpəɹˌdiːz,jeopardies
jepparding,ˈdʒɛpəɹdɪŋ,jeoparding
jeppardize,ˌdʒiːəˈpɹeɪdəs,jeopardise
jeppardized,ˌdʒiːəˈpɹeɪdəs,jeopardised
jeppardizing,ˌdʒiːəˈpɹeɪdɪsɪz,jeopardising
jeppardous,dʒəˈpɑɹdəs,jeopardous
jergher,ˈdʒɜɹɡəɹ,jerguer
jerghers,ˈdʒɜɹɡəɹz,jerguers
jerkinhedd,ˈdʒɜɹkɪnˌhæd,jerkinhead
jerkinhedds,ˈdʒɜɹkɪnhədz,jerkinheads
jerqer,ˈdʒɜɹkəɹ,jerquer
jerqers,ˈdʒɜɹkəɹz,jerquers
jerqing,ˈdʒɜɹkwɪŋ,jerquing
jollyhedd,ˈdʒɑliːˌhɛd,jollyhead
jolterhedd,ˈdʒoʊltəɹˌhɛd,jolterhead
jolterhedds,ˈdʒoʊltəɹˌhɛdz,jolterheads
jolthedd,ˈdʒoʊltˌhɛd,jolthead
jolthedds,ˈdʒoʊltˌhɛdz,joltheads
josslement,ˈdʒɑsəlmənt,jostlement
jossler,ˈdʒɑsələɹ,jostler
josslers,ˈdʒɑsələɹz,jostlers
joysom,ˈdʒɔɪsəm,joysome
joysomly,ˈdʒɔɪzəmliː,joysomely
joysomness,ˈdʒɔɪsmənsənz,joysomeness
juced,dʒuːst,juiced
jucehedd,ˈdʒuːsˌhɛd,juicehead
jucehedds,ˈdʒuːsˌhɛdz,juiceheads
juceless,ˈdʒuːsələs,juiceless
jucer,ˈdʒuːsəɹ,juicer
jucers,ˈdʒuːsəɹz,juicers
jucily,ˈdʒuːsəliː,juicily
juciness,ˈdʒuːsənəs,juiciness
jucing,ˈdʒuːsɪŋ,juicing
judicativ,ˈdʒuːdəkətɪkɪd,judicative
jugat,ˈdʒuːˌɡeɪt,jugate
jughedd,ˈdʒuːˌhɛd,jughead
jughedds,ˈdʒʌˌdʒɛdz,jugheads
juniorat,ˈdʒuːnjəɹˌeɪt,juniorate
juniorats,ˈdʒuːnjəɹˌeɪts,juniorates
junoesq,ˌjuːnəˈsuːk,junoesque
jurisdictiv,ˌdʒʊɹəsˈdɪktɪvɪt,jurisdictive
jurnaleses,ˈdʒɜɹnələsəz,journaleses
jurnaling,ˈdʒɜɹnəlɪŋ,journaling
jurnalisms,ˈdʒɜɹnəˌlɪzəmz,journalisms
jurnalization,ˌdʒɜɹnələˈzeɪʃən,journalization
jurnalizations,ˌdʒɜɹnəˈleɪʃənz,journalizations
jurnalize,ˈdʒɜɹnəˌlaɪz,journalize
jurnalized,ˈdʒɜɹnəˌlaɪzd,journalized
jurnalizer,ˈdʒɜɹnəˌlaɪzəɹ,journalizer
jurnalizers,ˈdʒɜɹnəˌlaɪzəɹz,journalizers
jurnalizing,ˈdʒɜɹnəˌlaɪzɪŋ,journalizing
jurneyer,ˈdʒɜɹniːəɹ,journeyer
jurneyers,ˈdʒɜɹniːəɹz,journeyers
jurneymen,ˈdʒɜɹniːmɪn,journeymen
jurneywork,ˈdʒɜɹniːˌwɜɹk,journeywork
jussiv,ˈdʒʌsɪv,jussive
jussivs,ˈdʒʌsɪvz,jussives
justificativ,ˌdʒʌstəfɪˈkætɪk,justificative
juw,dʒaʊ,jow
juwar,ˈdʒoʊəɹ,jowar
juwars,ˈdʒoʊəɹz,jowars
juwing,ˈdʒaʊɪŋ,jowing
juwler,ˈdʒoʊləɹ,jowler
juwlier,ˈdʒaʊliːəɹ,jowlier
juwliest,ˈdʒaʊliːəst,jowliest
juwter,ˈʃoʊəɹ,jowter
juwters,ˈdʒaʊtəɹz,jowters
kabeljo,kəˈbɛldʒuː,kabeljou
kaiiq,keɪk,kaique
kaiiqs,keɪks,kaiques
kamiqhi,kɑˈmiːtʃiː,kamichi
kamiqhis,ˈkæməkɪs,kamichis
kanqhil,ˈkæntʃəl,kanchil
kanqhils,ˈkæntʃəlz,kanchils
kaqhina,kəˈʃiːnə,kachina
kaqhinas,kəˈʃiːnəz,kachinas
kazaqhok,ˈkɑzɑkoʊ,kazachok
keeqhes,ˈkiːtʃɪz,keeches
keester,ˈkiːstəɹ,keyster
keesters,ˈkaɪstəɹz,keisters
keev,kiːv,keeve
kenqh,kɛntʃ,kench
kenqhes,ˈkɛntʃɪz,kenches
kerqh,kɜɹk,kerch
kerqhift,ˈkɜɹtʃɪft,kerchieft
kerqhivs,kəɹˈtʃiːvz,kerchieves
kerqhoo,ˈkɜɹkoʊ,kerchoo
kerv,kɜɹv,kerve
keverqhif,ˈkɛvəɹˌtʃaɪf,keverchief
keverqhifs,ˈkɛvəɹˌtʃaɪkz,keverchiefs
keyage,ˈkweɪdʒɪ,quayage
keyages,ˈkweɪdʒɪz,quayages
keyelike,ˈkweɪˌlaɪk,quaylike
keyes,keɪz,quays
keyeside,ˈkwaɪˌzaɪd,quayside
keyesides,ˈkwaɪˌzaɪdz,quaysides
keypunqh,ˈkiːˌpʌntʃ,keypunch
keypunqher,ˈkiːpəntʃəɹ,keypuncher
keypunqhers,ˈkiːpəntʃəɹz,keypunchers
keypunqhing,ˈkiːpəntʃɪŋ,keypunching
keyqhain,ˈkaɪˌkeɪn,keychain
keyqhains,ˈkaɪˌkeɪnz,keychains
khums,kaʊmz,khoums
kickshue,ˈkɪkˌhaʊ,kickshoe
kickshues,ˈkɪkˌʃoʊz,kickshoes
kiev,kiːv,kieve
kievs,kiːvz,kieves
kimqhees,ˈkɪmtʃiːz,kimchees
kimqhis,ˈkɪmtʃɪz,kimchis
kingposte,ˈkɪŋˌpɔpts,kingpost
kingpostes,ˈkɪŋˌpɔptsɪz,kingposts
kinkaju,kɪŋˈkɔdʒuː,kinkajou
kinkajus,ˈkɪŋkjuːəs,kinkajous
kinswimen,ˈkɪnswɪmən,kinswomen
kiwifruht,ˈkɪˌwɪɹfət,kiwifruit
kiwifruhts,ˈkaɪˌwɜɹfəts,kiwifruits
knihthoods,ˈnaɪtˌhʊdz,knighthoods
knihting,ˈnaɪtɪŋ,knighting
knihtliness,ˈnaɪtˌlaɪnz,knightliness
knockduwns,ˈnɑkˌdaʊnz,knockdowns
knoledgeability,ˌnɑbliːˈdʒædətiː,knowledgeability
knoledgeableness,ˌnɔlədʒəˈbɛləsənz,knowledgeableness
knowhuw,ˈnoʊhaʊ,knowhow
knucklehedd,ˈnʌkliːˌhɛd,knucklehead
knucklehedded,ˈnʌkləˌhɛdəd,knuckleheaded
knucklehedds,ˈnʌkliːˌhɛdz,knuckleheads
kuroi,kaʊˈɹoʊ,kouroi
kuros,ˈkuːɹoʊz,kouros
kusso,ˈkuːsoʊ,kousso
kussos,ˈkuːsoʊz,koussos
kuwtuwer,ˈkaʊˌtaʊəɹ,kowtower
kuwtuwers,ˈkaʊˌtwɑɹz,kowtowers
kuwtuwing,ˈkaʊˌtwɑɪŋ,kowtowing
kynd,kɪnd,kinde
kyndharted,ˈkɪndˌhɑɹtəd,kindhearted
kyndhartedly,ˈkɪndˌhɑɹtɪdliː,kindheartedly
kyndhartedness,ˈkɪndˌhɛdɹəts,kindheartedness
kyndless,ˈkɪndləs,kindless
kyndlessly,ˈkɪndləsliː,kindlessly
kyndlier,ˈkɪndliːəɹ,kindlier
kyndliest,ˈkɪndˌlaɪəst,kindliest
kyndliness,ˈkɪndˌlaɪnz,kindliness
laborsom,ˈlæbəɹsəm,laborsome
lacerativ,ˈlæsəɹˌeɪtɪv,lacerative
laciniat,ˈlæsɪniːˌeɪt,laciniate
lacqerer,ˈlækəɹiːəɹ,lacquerer
lacqerers,ˈlækəɹiːzəɹ,lacquerers
lacqering,ˈlækəɹɪŋ,lacquering
lacqerware,ˈlækəɹˌwɛɹ,lacquerware
lacqerwares,ˈlækəɹˌwɛɹz,lacquerwares
lacqerwork,ˈlæˌkwɜɹkəɹ,lacquerwork
lacqerworks,ˈlæˌkwɜɹkəɹz,lacquerworks
lacqey,ˈlækiː,lacquey
lacqeying,ˈlækwɪdʒɪŋ,lacqueying
lacunat,ˈlækjənət,lacunate
ladylov,lɑdiːˈlɔv,ladylove
ladylovs,ˈlædəˌlɑvz,ladyloves
laffableness,ˈlæfəɡənˌliːz,laughableness
laffably,ˈlæfəbliː,laughably
laffers,ˈlɔɡəɹz,laughers
laffings,ˈlæfɪŋz,laughings
laffingstocks,ˈlæfɪŋˌstɑks,laughingstocks
laffsom,ˈlɔfsəm,laughsome
laffterless,ˈlɔtəɹləs,laughterless
laffters,ˈlɔtəɹz,laughters
laffworthy,ˈlɔˌɡwɜɹθiː,laughworthy
lambativ,ˈlæmˌbeɪtɪv,lambative
lambreqin,ˈlæmbɹɪkwən,lambrequin
lambreqins,ˈlæmbɹɪkwənz,lambrequins
lamellibranchiat,ləˌmɛlˈbɛknəʃəl,lamellibranchiate
lamellibranchiats,ləˈmɛlbɹənˌtʃaɪzən,lamellibranchiates
lammer,ˈlæmbəɹ,lamber
lammers,ˈlæmbəɹz,lambers
lammier,ˈlæmbiːəɹ,lambier
lammies,ˈlæmbiːz,lambies
lammiest,ˈlæmbiːəst,lambiest
lammkill,ˈlæmkˌbɪl,lambkill
lammkills,ˈlæmkˌbɪlz,lambkills
lammkin,ˈlæmkɪn,lambkin
lammkins,ˈlæmkˌbɪnz,lambkins
lammlike,ˈlæmˌblaɪk,lamblike
lammskin,ˈlæmbkɪns,lambskin
lammskinnet,ˈlæmkˌsɪnət,lambskinnet
lammskins,ˈlæmbˌkɪnz,lambskins
lampliht,ˈlæmˌplaɪt,lamplight
lamplihts,ˈlæmˌplaɪts,lamplights
landfludd,ˈlændˌflʊd,landflood
landfludds,ˈlændˌflaʊdz,landfloods
landgraviat,ˈlændɡɹiːˌeɪtɪv,landgraviate
landgraviats,ˈlændɡɹiːˌeɪts,landgraviates
landreev,ˈlændɹɪv,landreeve
landreevs,ˈlændɹɪvz,landreeves
lang,ˈlæŋjuː,langue
langor,ˈlæŋɡwəɹ,languor
langorous,ˈlæŋɡwəəɹz,languorous
langorously,ˈlæŋɡwəsəɹiːz,languorously
lanqh,læntʃ,lanch
lanqhing,ˈlæntʃɪŋ,lanching
lansqenet,ˈlænskənət,lansquenet
lansqenets,ˈlænskənəts,lansquenets
largeharted,ˈlɑɹdʒəˌfɛtəɹd,largehearted
largehartedly,ˈlɑɹdʒəftəɹdliː,largeheartedly
largehartedness,ˈlɑɹdʒfəɹˌeɪtst,largeheartedness
larksom,ˈlɑɹkˌsmoʊ,larksome
larqhen,ˈlɑɹtʃən,larchen
larqhes,ˈlɑɹtʃəz,larches
latifoliat,ˌlætəfəˈleɪtiː,latifoliate
laudativ,ˈlɔdətɪv,laudative
launqhpad,ˈlɔnˌpækts,launchpad
launqhpads,ˈlɔnpˌkɔdz,launchpads
laureatship,ˈlaʊɹiːˌʃɪp,laureateship
laureatships,ˈlaʊɹiːˌʃɪz,laureateships
lawbraekings,ˈlɔˌbɹeɪkɪŋz,lawbreakings
laywimen,ˈleɪwəmən,laywomen
leafstahk,ˈliːftˌskæl,leafstalk
leafstahks,ˈliːftˌskæps,leafstalks
leagherer,ˈliːɡəɹiː,leaguerer
leaghering,ˈliːɡəɹɪŋ,leaguering
leaghing,ˈliːɡɪŋ,leaguing
leaqhabilities,ˌliːtʃəˈbɪlətiːz,leachabilities
leaqhability,ˌliːəkəˈbɪlətiː,leachability
leaqhable,ˈliːtʃəbəl,leachable
leaqhate,ˈliːtʃət,leachate
leaqhates,ˈliːtʃəts,leachates
leaqher,ˈliːtʃəɹ,leacher
leaqhers,ˈliːtʃəɹz,leachers
leaqhier,ˈliːtʃəɹ,leachier
leaqhiest,ˈliːtʃiːəst,leachiest
leaqhy,ˈliːtʃiː,leachy
leavd,liːvd,leaved
leavless,ˈliːvləs,leaveless
leddenly,ˈlɛdənliː,leadenly
leddenness,ˈlɛdənənz,leadenness
leddhillite,ˈliːdhɪˌlaɪt,leadhillite
leddier,ˈliːdiːəɹ,leadier
leddiest,ˈlɛdiːəst,leadiest
leddless,ˈliːdləs,leadless
leddplant,ˈliːdˌplænt,leadplant
leddplants,ˈlɛdˌplænts,leadplants
leddworks,ˈlɛˌdwɜɹks,leadworks
leddwort,ˈlɛdwəɹt,leadwort
leddworts,ˈlɛdwəɹts,leadworts
leddy,ˈlɛdiː,leady
ledgment,ˈlɛdʒmənt,ledgement
ledgments,ˈlɛdʒmənts,ledgements
leeqhcraft,ˈliːkˌstɹɑft,leechcraft
leeqhing,ˈliːtʃɪŋ,leeching
leeqhlike,ˈliːtʃˌlaɪk,leechlike
leestering,ˈlaɪstəɹɪŋ,leistering
leftmoste,ˈlɛftˌmoʊst,leftmost
legatship,ˈlɛɡəstɪh,legateship
legatships,ˈlɛɡətˌsɪz,legateships
legislativs,ˈlɛdʒəˌsleɪtɪvz,legislatives
legitimatness,ˌlɛdʒəˈtɪmənənts,legitimateness
lemniscat,ˈlɛmənˌseɪkt,lemniscate
lemniscats,ˈlɛmənˌseɪkts,lemniscates
lenitiv,ˈlɛnɪtɪv,lenitive
lenitivly,ˈlɛnɪtɪvliː,lenitively
lenitivness,ˈlɛnɪtɪvnəs,lenitiveness
lenitivs,ˈlɛnɪtɪvz,lenitives
lenticellat,ˌlɛntəˈsɛlət,lenticellate
leonardesq,ˌliːoʊnˈdɹɑsɛviː,leonardesque
leppardess,ˈlɛpəɹdəs,leopardess
leppardesses,ˈlɛpəɹˌdæsps,leopardesses
leppardwood,ˈlɛpəɹˌdɔɹd,leopardwood
leqherer,ˈlɛkəɹəɹ,lecherer
leqheries,ˈlɛkəɹiːz,lecheries
leqhering,ˈlɛkəɹɪŋ,lechering
leqherously,ˈlɛkəɹəsliː,lecherously
leqherousness,ˈlɛkəɹəsnəs,lecherousness
leqhery,ˈlɛtʃəɹiː,lechery
leqhing,ˈlɛkɪŋ,leching
leqhwe,ˈlɛˌkweɪ,lechwe
leqhwes,ˈlɛkwɛz,lechwes
lernable,ˈlɜɹnəbəl,learnable
lernedly,ˈlɜɹndəliː,learnedly
lernedness,ˈlɜɹndənsəz,learnedness
lernings,ˈlɜɹnɪŋz,learnings
lesurable,ˈlaɪvəɹsəbəl,leisurable
lesurably,ˈlaɪvəɹsəbliː,leisurably
lesured,ˈlaɪʃəɹd,leisured
lesureliness,ˈlaɪvəɹˌsaɪnəlz,leisureliness
lesures,ˈlɛʒəɹz,leisures
letduwns,ˈlɛtˌdaʊnz,letdowns
letherbound,ˈlɛθəɹˌbɹaʊnd,leatherbound
letheret,ˈlɛðəɹət,leatheret
letherets,ˈlɛðəɹəts,leatherets
letherette,ˈlɛðəɹɪt,leatherette
letherettes,ˈlɛðəɹəts,leatherettes
letherhedd,ˈlɛðəɹˌhɛd,leatherhead
lethering,ˈlɛðəɹɪŋ,leathering
letherleaf,ˈlɛðəɹˌliːf,leatherleaf
letherleafs,ˈlɛðəɹˌleɪs,leatherleafs
letherleavs,ˈlɛðəɹˌliːvz,leatherleaves
letherlike,ˈlɛðəɹˌlaɪk,leatherlike
lethern,ˈlɛðəɹn,leathern
letherneck,ˈlɛðəɹnɪk,leatherneck
lethernecks,ˈlɛðəɹˌnɛks,leathernecks
letheroid,ˈlɛðəɹˌɔɪd,leatheroid
letherwoods,ˈlɛðəɹˌwʊdz,leatherwoods
letherwork,ˈlɛðəɹˌwɜɹk,leatherwork
letherworker,ˈlɛðəɹˌwɜɹkəɹ,leatherworker
letterhedds,ˈlɛtəɹˌhɛdz,letterheads
levelhedded,ˈlɛvəlˌhɛdəld,levelheaded
levelheddedness,ˌlɛvəlˈhɛdənəsliː,levelheadedness
levenings,ˈlɛvənɪŋz,leavenings
levenous,ˈlɛvənəs,leavenous
levirat,ˈlɛvəɹˌeɪt,levirate
levirats,ˈlɛvəɹˌaɪts,levirates
licentiat,ˈlaɪsəˌneɪt,licentiate
licentiats,ˈlaɪsəˌneɪts,licentiates
liefsom,ˈliːfsəm,liefsome
lifebludds,ˈlaɪfˌblʌd,lifebloods
lifegarded,ˈlaɪfˌɡɑɹdɪd,lifeguarded
lifegarding,ˈlaɪfˌɡɑɹdʒɪŋ,lifeguarding
lifesom,ˈlaɪfsəm,lifesome
ligativ,ˈlɪɡətɪv,ligative
ligulat,ˈlɪɡjəˌleɪt,ligulate
lihles,ˈlaɪsəlz,lisles
liht,laɪt,lighte
lihtable,ˈlaɪtəbəl,lightable
lihtener,ˈlaɪtənəɹ,lightener
lihteners,ˈlaɪtənəɹz,lighteners
lihterage,ˈlaɪtəɹˌeɪdʒ,lighterage
lihterages,ˈlaɪtəɹˌeɪdʒɪz,lighterages
lihtering,ˈlaɪtəɹɪŋ,lightering
lihterman,ˈlaɪtəɹmən,lighterman
lihtermen,ˈlaɪtəɹˌmɛn,lightermen
lihtface,ˈlaɪtˌfeɪs,lightface
lihtfaced,ˈlaɪtˌfæstɪd,lightfaced
lihtfaces,ˈlaɪtˌfeɪsɪz,lightfaces
lihtful,ˈlaɪtfəl,lightful
lihthartedly,ˈlaɪtəɹˌhɛtld,lightheartedly
lihthartedness,ˈlaɪtˌhɑɹtəndz,lightheartedness
lihtheddedly,ˈlaɪtˌhɛdɪdliː,lightheadedly
lihties,ˈlaɪtiːz,lighties
lihtings,ˈlaɪtɪŋz,lightings
lihtish,ˈlaɪtɪʃ,lightish
lihtless,ˈlaɪtləs,lightless
lihtman,ˈlaɪtmən,lightman
lihtmen,ˈlaɪtmən,lightmen
lihtplane,ˈlaɪtˌpleɪn,lightplane
lihtplanes,ˈlaɪtˌpleɪnz,lightplanes
lihtproof,ˈlɪtəɹˌpuːf,lightproof
lihtroom,ˈlɪˌtɹuːm,lightroom
lihtrooms,ˈlɪˌtɹuːmz,lightrooms
lihtsom,ˈlaɪtˌstoʊm,lightsome
lihtsomly,ˈlaɪtsəmliː,lightsomely
lihtsomness,ˈlaɪtsəmənsəz,lightsomeness
lihtswitch,ˈlaɪtˌswɪtʃ,lightswitch
lihtswitches,ˈlaɪtˌswɪtʃɪŋz,lightswitches
lihttiht,ˈlaɪtət,lighttight
lihtweihts,ˈlaɪˌtweɪts,lightweights
lihtwood,ˈlaɪˌtwʊd,lightwood
lihtwoods,ˈlaɪˌtwʊdz,lightwoods
limelihted,ˈlaɪməlˌtaɪtɪd,limelighted
limelihting,ˈlaɪmɪltɪŋ,limelighting
limitativ,ˈlɪmətətɪv,limitative
limmy,ˈlɪmbiː,limby
lincolnesq,ˌlaɪnkəˈlɛskoʊ,lincolnesque
lineat,ˈlɪniːət,lineate
linqhpins,ˈlɪntʃpɪnz,linchpins
lionharted,ˈlaɪənˌhɑtɹəd,lionhearted
liqhee,ˈlɪkiː,lichee
liqhees,ˈlɪkiːz,lichees
liqhes,laɪks,liches
liqhi,ˈlɪkiː,lichi
liqhis,ˈlɪtʃɪz,lichis
liqhwale,ˈlɪkwəl,lichwale
liqhwales,ˈlɪkwəlz,lichwales
liqhwort,ˈlɪkwəɹt,lichwort
liqhworts,ˈlɪkwəɹts,lichworts
liqoring,ˈlɪkwəɹɪŋ,liquoring
liqorish,lɪˈɡɔɹɪs,liquorice
liqorishes,lɪˈkɔɹiːɪsɪz,liquorices
lissenable,ˈlɪsənəbəl,listenable
lissenership,ˈlɪsənvəɹˌʃɪp,listenership
lissenerships,ˈlɪsənvəɹʃəz,listenerships
liter,ˈlɪtɹə,litre
literatly,ˈlɪtəɹətliː,literately
literatness,ˈlɪtəɹətənts,literateness
literats,ˈlɪtəɹəts,literates
liters,ˈlaɪtɹəs,litres
loaqh,loʊtʃ,loach
loaqhes,ˈloʊəʃ,loaches
loathsomly,ˈloʊθsəmliː,loathsomely
loathsomness,ˈloʊθsəmˌpoʊnzɪnz,loathsomeness
lobulat,ˈlɑbjəˌleɪt,lobulate
locativ,ˈloʊkətɪv,locative
locativs,ˈloʊˌkeɪtɪvz,locatives
lockduwns,ˈlɑkˌdaʊnz,lockdowns
loculat,ˈloʊkjəˌleɪt,loculate
lodgment,ˈlɑdʒmənt,lodgement
lodgments,ˈlɑdʒmənts,lodgements
logaedic,ˌloʊɡəˈdɪdʒɪk,logaoedic
logaedics,ˌloʊɡəˈdɪkɪz,logaoedics
lonesomly,ˈloʊnsəməliː,lonesomely
lonesomness,ˈloʊnsəmənsəz,lonesomeness
lonesoms,ˈloʊnsəmz,lonesomes
longhedd,ˈlɔŋˌhɛd,longhead
longhedded,ˈlɑŋhiːˌdɛd,longheaded
longheddedly,ˈlɔŋˌhɛdiːdɪl,longheadedly
longheddedness,ˈlɔŋhiːˌdɛnɪs,longheadedness
longhedds,ˈlɔŋˌhiːdz,longheads
longleavs,ˈlɔŋˌliːvɪs,longleaves
longsihted,ˈlɔŋˌstaɪdɪt,longsighted
longsihtedness,ˈlɔŋˌstaɪdəstənts,longsightedness
longsom,ˈlɔŋˌsoʊm,longsome
longsomly,ˈloʊŋzəlmiː,longsomely
longsomness,ˈlɔŋsəmənsəz,longsomeness
lookduwn,ˈlʊkˌdaʊn,lookdown
lookduwns,ˈlʊkˌdaʊnz,lookdowns
loover,ˈluːvəɹ,louver
loovers,ˈluːvəɹz,louvers
loungewaer,ˈlaʊnˌɡweɪ,loungewear
lovbird,ˈlʌvˌbɛɹd,lovebird
lovbirds,ˈlʌvˌbɛɹdz,lovebirds
lovbug,ˈlʌvˌbʌɡ,lovebug
lovbugs,ˈlʌvbəɡz,lovebugs
lovingkyndness,ˈlʌvɪŋɡənsts,lovingkindness
lovlessly,ˈlʌvˌlɛsliː,lovelessly
lovlessness,ˈlʌvˌlɛsnɪs,lovelessness
lovlier,ˈlʌvliːəɹ,lovelier
lovlies,ˈlʌvliːz,lovelies
lovliest,ˈlʌvliːəst,loveliest
lovlily,ˈlʌvliːv,lovelily
lovliness,ˈlʌvliːnəs,loveliness
lovlock,ˈlʌvlək,lovelock
lovlocks,ˈlʌvləks,lovelocks
lovlorn,ˈlʌvləɹn,lovelorn
lovlornness,ˈlʌvləɹnəs,lovelornness
lovmakings,ˈlʌvˌmeɪkɪŋz,lovemakings
lovseat,ˈlʌvˌsiːt,loveseat
lovseats,ˈlʌviːˌzeɪts,loveseats
lovsick,ˈlʌvɪsɪk,lovesick
lovsickness,ˈlʌvsɪnsɪks,lovesickness
lovsom,ˈlʌvsəm,lovesome
lowbruw,ˈloʊbɹaʊ,lowbrow
lowbruws,ˈloʊˌbɹoʊz,lowbrows
lowduwns,ˈloʊˌdaʊnz,lowdowns
lowermoste,ˈloʊəɹˌmɑst,lowermost
lowlihedd,ˈlaʊliːˌhɛd,lowlihead
lowliht,ˈloʊˌlaɪt,lowlight
lowlihts,ˈloʊˌlaɪts,lowlights
lubricativ,ˈluːbɹəˌkeɪtɪv,lubricative
lucrativly,ˈkluːkɹətɪvliː,lucratively
lucrativness,ˈluːkɹətɪvnəs,lucrativeness
lunkhedd,ˈlʌŋˌhiːd,lunkhead
lunkhedded,ˈlʌŋhiːɛd,lunkheaded
lunkhedds,ˈlʌŋˌhiːdz,lunkheads
lunqhbox,ˈlʌŋˌbɑks,lunchbox
lunqhboxes,ˈlʌŋkˌbæks,lunchboxes
lunqher,ˈlʌntʃəɹ,luncher
lunqhers,ˈlʌntʃəɹz,lunchers
lunqhmeat,ˈlʌntʃˌmiːt,lunchmeat
lunqhmeats,ˈlʌntʃˌmiːts,lunchmeats
lunqhtimes,ˈlʌntˌkaɪmz,lunchtimes
lunulat,ˈlʌnjəˌleɪt,lunulate
lurqher,ˈlɜɹtʃəɹ,lurcher
lurqhers,ˈlɜɹtʃəɹz,lurchers
lusable,ˈloʊsəbəl,losable
lusableness,ˈloʊsəblənsəz,losableness
lusingly,ˈlɔsɪŋliː,losingly
lusings,ˈloʊzɪŋz,losings
lustering,ˈlʌstɹɪŋ,lustring
lusterings,ˈlʌstɹɪŋz,lustrings
lynqher,ˈlɪntʃəɹ,lyncher
lynqhers,ˈlɪntʃəɹz,lynchers
lynqhpin,ˈlɪntʃpɪn,lynchpin
lynqhpins,ˈlɪntʃpənz,lynchpins
lyqhee,ˈlɪtʃiː,lychee
lyqhees,ˈlɪtʃiːz,lychees
macaq,ˈmækək,macaque
macroaggregat,məˈkɹɑɡɹədʒət,macroaggregate
macroaggregats,məˈkɹɑɡɹəˌdʒaɪts,macroaggregates
macruridae,məˈkɹuːɹəˌdaɪm,macrouridae
madrag,ˈmædɹəˌɡjuː,madrague
madrags,ˈmædɹəɡɪs,madragues
madwimen,ˈdæmwənz,madwomen
magnetostrictiv,mæɡˈnɛtəstɪkɪt,magnetostrictive
magnetostrictivly,mæɡˌnɛtsəˈtɪvɪtiː,magnetostrictively
mahmier,ˈmælmiːəɹ,malmier
mahmiest,ˈmælmɪst,malmiest
mahms,mɔlmz,malms
mahmy,ˈmɔlmiː,malmy
maidenhedd,ˈmeɪdənˌhɛdən,maidenhead
maidenhedds,ˈmeɪdənˌhɛdz,maidenheads
makereddies,ˈmækəɹədiːz,makereadies
makereddy,məˈkɛɹiːdiː,makeready
makeweiht,ˈmækjuːθ,makeweight
makeweihts,ˈmeɪˌkwaɪts,makeweights
maladaptiv,ˈmæləpəˌdeɪtɪv,maladaptive
maladjustiv,ˌmæləˈdʒʌstɪk,maladjustive
malnurrishing,ˈmælˌnɔɹˌʃɪpɪŋ,malnourishing
malnurrishment,mælˈnɔɹʃəmənt,malnourishment
mandibulat,ˈmændɪbjuːleɪt,mandibulate
maneuver,məˈnuːɹ,manoeuvre
maneuverabilities,ˌmæˌnuːvəɹiːəˈbleɪɪstiː,manoeuverabilities
maneuverability,ˌmænjʊˈɹæʃəbəliː,manoeuvrability
maneuverable,məˈnuːɹiːəbəl,manoeuvrable
maneuvering,məˈnuːɹɪŋ,manoeuvring
manipulativly,məˈnɪpjələtɪvliː,manipulatively
manipulativness,ˌmænɪpjəlˈteɪʃənz,manipulativeness
manpuwers,ˈmænˌpaʊəɹz,manpowers
manqhet,ˈmæntʃət,manchet
manqhets,ˈmæntʃəts,manchets
manqhineel,ˈmæntʃəˌniːl,manchineel
manqhineels,ˈmænˌtʃiːnəlz,manchineels
manqhukuo,ˌmæntʃuːˈkoʊ,manchukuo
manqhurian,mənˈtʃʊɹiːən,manchurian
manqhurians,mənˈkwɛɹiːənz,manchurians
manslauhters,ˈmænˌslɔtəɹz,manslaughters
mantelshelvs,ˈmæntəˌlɛʃɪps,mantelshelves
manxwimen,ˈmæŋkwzˌmoʊn,manxwomen
maqett,məˈkɛt,maquette
maqetts,məˈkɛtəs,maquettes
maqhicolate,məˈkɪtʃəleɪt,machicolate
maqhicolated,məˈkɪtʃəˌleɪtɪd,machicolated
maqhicolating,məˈkɪtʃəˌleɪtɪŋ,machicolating
maqhicolation,ˌmækəkəˈteɪʃənəliː,machicolation
maqhicolations,ˌmækətʃəˈleɪʃənz,machicolations
maqhiculis,məˈkɪtʃələs,machicoulis
maqhiculises,məˈkɪtʃələsɪz,machicoulises
maqhismos,məˈtʃiːzməs,machismos
maqhos,ˈmɑtʃoʊz,machos
maqi,ˈmækiː,maqui
maqis,məˈkwiːs,maquis
marabus,ˈmɛɹəˌbaʊs,marabous
marblize,ˈmɑɹbəˌlaɪz,marbleize
marblized,ˈmɑɹbəlˌdaɪz,marbleised
marblizing,ˈmɑɹbəˌlaɪzɪŋ,marbleizing
margherites,ˈmɑɹɡəɹˌaɪts,marguerites
margravat,ˈmɑɹɡɹəˌveɪt,margravate
margravats,ˈmɑɹɡɹəˌveɪts,margravates
margraviat,ˌmɑɹˈɡɹeɪviːət,margraviate
margraviats,ˌmɑɹˈɡɹeɪviːˌeɪts,margraviates
mariaqhis,ˌmɛɹiːˈɑʃɪps,mariachis
markswimen,ˈmɑɹkˌswɑmən,markswomen
marqees,mɑɹˈkeɪz,marquees
marqeterie,mæɹˈkwɛɹətiːəɹ,marqueterie
marqeteries,mæɹˈkwɛɹətiːz,marqueteries
marqetries,mæɹˈkwɛɹətiːz,marquetries
marqetry,ˈmæɹkətɹiː,marquetry
marqhlike,ˈmɑɹtʃˌlaɪk,marchlike
marqhpane,ˈmɑɹkˌpeɪn,marchpane
marqhpanes,ˈmɑɹkˌpeɪnz,marchpanes
marqise,mɑɹˈkwiːz,marquise
marqises,mɑɹˈkwiːsɪz,marquises
marquessat,ˈmɑɹkəˌsweɪt,marquessate
marquessats,ˈmɑɹkəˌsteɪts,marquessates
marquisat,ˈmɑɹkəzˌweɪt,marquisate
marquisats,ˈmɑɹkəzˌweɪts,marquisates
masculinly,ˈmæskjələniː,masculinely
masculins,ˈmæskjələnz,masculines
masq,mæsk,masque
masqer,mæˈskɜɹ,masquer
masqeraded,mæˈskɹeɪdəɹd,masqueraded
masqerader,mæˈskwɛɹdəɹ,masquerader
masqeraders,ˌmæˈskwɛɹdəɹz,masqueraders
masqers,ˈmæskəɹz,masquers
masqs,mæsks,masques
massivness,ˈmæsɪvɪnz,massiveness
masthedded,ˈmæstˌhɛdəd,mastheaded
masthedding,ˈmæstˌhaɪdɪŋ,mastheading
matriarchat,ˌmeɪtɹiːˈɑɹkət,matriarchate
matriarchats,ˌmeɪtɹiːˈɑɹkətəs,matriarchates
mavurneen,məˈvɔɹniːn,mavourneen
mavurneens,məˈvɔɹniːnz,mavourneens
mavurnin,məˈvɔɹnɪn,mavournin
mavurnins,məˈvɔɹnɪnz,mavournins
mayfluwers,ˈmeɪˌflaʊzəɹ,mayflowers
meathedd,ˈmiːθiːˌæd,meathead
meathedds,ˈmiːθiːˌæzd,meatheads
meatloavs,ˈmiːtəˌloʊvz,meatloaves
mechanoreceptiv,ˌmɛkəˈnɑɹsəpɪts,mechanoreceptive
meddlesomness,ˈmɛdəlsəmənz,meddlesomeness
meddowlarks,ˈmɛdoʊˌwælkəɹz,meadowlarks
meddowsweet,ˈmiːˌdaʊzˌwɑt,meadowsweet
meddowsweets,ˈmɛdəˌwɑstiː,meadowsweets
meddowy,ˈmɛdoʊziː,meadowy
mediativ,ˈmɛdiːˌeɪtɪv,mediative
mediatly,ˈmiːdiːətliː,mediately
meditativly,ˌmɛdəˈtætɪvliː,meditatively
meditativness,ˌmɛdətəˈtɪvənsts,meditativeness
megadeths,ˈmɛɡəˌdiːθs,megadeaths
megaqhurqh,ˈmɛɡətʃəɹtʃ,megachurch
megaqhurqhes,ˈmɛɡətʃəɹtʃəz,megachurches
meliorativ,ˌmɛliːɔˈɹɑtɪv,meliorative
meltduwns,ˈmɛltˌdaʊnz,meltdowns
merenghe,məɹˈiːŋz,merengues
merqh,mɜɹtʃ,merch
merqhandise,ˈmɜɹtʃənˌdaɪz,merchandize
merqhandised,ˈmɜɹtʃənˌdaɪzd,merchandized
merqhandising,ˈmɜɹtʃənˌdaɪzɪŋ,merchandizing
merqhandisings,ˈmɜɹtʃənˌdaɪzɪŋz,merchandizings
merqhantability,ˌmɛɹkəntəˈbɪlɪtiː,merchantability
merqhantable,məɹˈtʃæntəbəl,merchantable
merqhanted,məɹˈtʃæntɪd,merchanted
merqhanting,ˈmɜɹtʃəntɪŋ,merchanting
merqhantman,ˈmɜɹtʃəntmən,merchantman
merrythoht,ˈmɛɹɪˌθaʊt,merrythought
merrythohts,ˈmɛɹɪˌθɔts,merrythoughts
mesqit,ˈmɛskɪt,mesquit
mesqites,ˈmɛˌskiːts,mesquites
mesqits,ˈmɛskwɪts,mesquits
mesurabilities,ˌmɛzəɹˈæʃəbliːts,measurabilities
mesurability,ˌmɛzəɹˈæʃəbliːt,measurability
mesuredly,ˈmɛʒəɹdɪliː,measuredly
mesureless,ˈmɛʒəɹəlz,measureless
mesurer,ˈmɛʒəɹəɹ,measurer
mesurers,ˈmɛʒəɹəɹz,measurers
metalhedd,məˈtælˌhɛd,metalhead
metalhedds,ˈmɛtəlˌhɛdz,metalheads
mettlesom,ˈmɛtəlsəm,mettlesome
meuwing,ˈmiːˌwɔɪŋ,meowing
miao,maɪˈjuː,miaou
miaoing,ˈmaɪˌaʊjɪŋ,miaouing
microerthquake,ˌmaɪkɹoʊəˈθɹɑkjuː,microearthquake
microerthquakes,ˌmaɪkɹoʊˈɑɹkjuːˌwɑks,microearthquakes
microgroov,ˈmaɪkɹoʊˌɡɹuːv,microgroove
microgroovs,ˈmaɪkɹoʊˌɡɹuːvz,microgrooves
microinqh,ˈmaɪˌkɹɔɪnɪtʃ,microinch
microinqhes,ˌmaɪˈkɹɔɪntʃəz,microinches
microliht,ˈmaɪˌkɹoʊˌlɪt,microlight
microsporangiat,ˌmaɪkɹoʊˌspɹɔkəˈɡeɪʃənt,microsporangiate
microtechniqe,ˌmaɪkɹoʊˌtɛknəˈwɑk,microtechnique
midcort,ˈmɪdˌkɔɹt,midcourt
middleweihts,ˈmɪdəlwɪts,middleweights
midmoste,ˈmɪdˌmoʊst,midmost
midmostes,ˈmɪdˌmɑsts,midmosts
midnihtly,ˈmɪdˌnaɪtliː,midnightly
midnihts,ˈmɪdˌnaɪts,midnights
midtuwns,ˈmɪdˌtaʊnz,midtowns
mihtiness,ˈmaɪˌtaɪnz,mightiness
mihts,maɪts,mights
mileposte,ˈmɪləˌpoʊts,milepost
milepostes,ˈmɪləˌpoʊsts,mileposts
millwriht,ˈmɪlwˌɹaɪt,millwright
millwrihts,ˈmɪlwˌɹaɪts,millwrights
minicorse,ˈmɪnɪˌkaʊɹz,minicourse
minicorses,ˈmɪniːˌkaʊɹzɪz,minicourses
miqelet,mɪˈkliːt,miquelet
miqelets,mɪˈkliːts,miquelets
misbecom,mɪsˈbɛkoʊ,misbecome
misbeliev,mɪsbɪˈliːviː,misbelieve
misbild,ˈmɪsbwəst,misbuild
misbilding,mɪsˈbɪlɪdʒɪnd,misbuilding
misbilt,mɪsbˈwɪst,misbuilt
misbynd,ˈmɪsˌbɪnd,misbind
misbynding,mɪsˈbɪndɪŋ,misbinding
misconceever,mɪskənˈsiːvəɹ,misconceiver
misconceevers,ˌmɪskənˈsiːvəɹz,misconceivers
misdout,mɪsˈdaʊt,misdoubt
misdouted,mɪsˈdɔtɪd,misdoubted
misdouting,mɪdˈsʌbtɪŋ,misdoubting
misdu,mɪsˈdoʊ,misdo
misduer,mɪsˈdaʊəɹ,misdoer
misduers,mɪsˈdaʊəɹz,misdoers
misduing,mɪsˈdɔɪɪŋ,misdoing
misduings,mɪsˈdɔɪz,misdoings
misdun,mɪsˈdoʊn,misdone
misfortunat,mɪsfəɹˈtʌntʃə,misfortunate
misgaige,mɪsˈɡɔ,misgauge
misgaiged,mɪsˈɡɔd,misgauged
misgaiging,mɪsˈɡɑʒɪŋ,misgauging
misghess,mɪsˈɡɛs,misguess
misghessing,mɪsˈɡɛsɪŋ,misguessing
misghidance,mɪsˈɡwɪdəns,misguidance
misghidances,mɪsˈɡwɪdənsɪz,misguidances
misghidedly,mɪsˈɡaɪdədliː,misguidedly
misghidedness,mɪsˈɡaɪdəˌnɪzəmz,misguidedness
misghider,mɪsˈɡaɪdəɹ,misguider
misghiders,mɪsˈɡaɪdəɹz,misguiders
misghiding,mɪsˈɡaɪdəd,misguiding
misjudgment,mɪsˈdʒʌdʒmənt,misjudgement
misjudgments,mɪsˈdʒʌdʒmənts,misjudgements
misknoledge,mɪskənˈɡɑld,misknowledge
misknoledges,mɪskənˈɡɑldz,misknowledges
mislern,mɪˈslɛɹn,mislearn
mislerning,mɪˈslɛɹnɪŋ,mislearning
mislernt,mɪˈslɛɹnt,mislearnt
misliht,mɪˈslaɪt,mislight
mislihted,mɪˈslaɪtəd,mislighted
mislihting,ˈmiːzˌlaɪtɪŋ,mislighting
misliv,ˈmɪˌslaɪv,mislive
mismesure,mɪssiːˈmʊɹ,mismeasure
mismesured,mɪsˈseɪmbəɹd,mismeasured
mismesurement,mɪˈsmɪsəɹənt,mismeasurement
mismesurements,mɪˈsmɪsəɹənts,mismeasurements
mismesuring,mɪˈsmɛsəɹɪŋ,mismeasuring
mismoov,mɪsˈsoʊv,mismove
mismooving,mɪsˈsoʊvɪŋ,mismoving
misperceeving,mɪspəɹˈsiːvɪŋ,misperceiving
misqhance,mɪsˈtʃæns,mischance
misqhanced,mɪsˈʃænd,mischanced
misqhancing,mɪsˈtʃænsɪŋ,mischancing
misqhannel,mɪˈskeɪnəl,mischannel
misqhanneling,mɪsˈtʃænəlɪŋ,mischanneling
misqhifs,ˈmɪstʃiːz,mischiefs
misqhivously,mɪsˈtʃiːvəsliː,mischievously
misqhivousness,ˈmɪskəvwəsnz,mischievousness
misqhoice,mɪsˈhuːs,mischoice
misqhoices,mɪsˈhɔɪsɪz,mischoices
misrepresentativ,mɪsˌɹɛpɹəˈzɛntɪtɪv,misrepresentative
missivs,mɪˈsiːvz,missives
missuht,mɪˈswiːt,missuit
missuhted,mɪˈswɪtɪd,missuited
missuhting,ˈmɪsuːˌtaɪɪŋ,missuiting
mistauht,mɪˈstɔt,mistaught
misteaqh,ˈmɪstiːk,misteach
misteaqhing,mɪˈstiːtʃɪŋ,misteaching
misthoht,mɪˈstuːθ,misthought
mistuqh,ˈmɪstətʃ,mistouch
mistuqhing,mɪˈstɑtʃɪŋ,mistouching
misuzer,mɪˈsjuːzəɹ,misuser
misuzers,mɪˈsjuːzəɹz,misusers
mitigativ,mɪˈtiːɡətɪvɪt,mitigative
moderatness,ˈmɑdəɹətnəs,moderateness
monitiv,ˈmɑnətɪvən,monitive
monkeywrenqh,ˈmʌŋkəɹˌwɪntʃ,monkeywrench
monkeywrenqhes,ˈmʌŋkəɹiːnəs,monkeywrenches
monny,ˈmʌniː,monie
monnybag,ˈmʌniːˌbæɡ,moneybag
monnybags,ˈmʌniːˌbæɡz,moneybags
monnyer,ˈmʌniːəɹ,moneyer
monnyers,ˈmʌniːəɹz,moneyers
monnygrubbing,ˈmʌniːˌɡɹʌbɪŋ,moneygrubbing
monnylender,ˈmʌniːˌlɛndəɹ,moneylender
monnylenders,ˈmʌniːˌlɛndəɹz,moneylenders
monnyman,ˈmʌniːmən,moneyman
monnymen,ˈmʌniːmən,moneymen
monnywort,ˈmʌnjwəɹt,moneywort
monnyworts,ˈmʌnjwəɹts,moneyworts
monocoqe,ˈmɑnəˌkʌp,monocoque
monocoqes,ˈmɑnəˌkʌps,monocoques
mononucleat,ˌmʌnoʊnkwəˈnɛlətiː,mononucleate
monounsaturat,məˈnɑnəˌsteɪtəɹ,monounsaturate
monounsaturats,məˈnɑnəˌsteɪtəɹz,monounsaturates
mooncaff,ˈmuːnˌkɔlf,mooncalf
mooncavvs,muːnˈkɑlvɛs,mooncalves
moonfluwer,ˈmuːnˌflaʊəɹ,moonflower
moonfluwers,ˈmuːnˌflaʊəɹz,moonflowers
mooniye,ˈmuːniː,mooneye
mooniyes,ˈmuːniːz,mooneyes
moonlihted,ˈmuːnˌlaɪtɪd,moonlighted
moonlihter,ˈmuːnˌlaɪtəɹ,moonlighter
moonlihters,ˈmuːnˌlaɪtəɹz,moonlighters
moonwahk,ˈmuːnˌwɔk,moonwalk
moonwahking,ˈmjuːnˌwʊkəŋ,moonwalking
mooqh,muːtʃ,mooch
mooqha,ˈmuːtʃə,moocha
mooqhas,ˈmuːtʃəz,moochas
mooqher,ˈmuːkhəɹ,moocher
mooqhers,ˈmuːkəɹz,moochers
mooqhing,ˈmuːtʃɪŋ,mooching
moorfuwl,ˈmʊɹˌwɔpfəl,moorfowl
moorfuwls,ˈmʊɹˌfoʊlz,moorfowls
moossed,maʊst,moussed
moosseline,ˈmaʊˌslaɪn,mousseline
moosselines,ˈmuːsəˌliːnz,mousselines
moosses,ˈmaʊsəz,mousses
moossing,ˈmaʊsɪŋ,moussing
mootins,ˈmuːtɔnz,moutons
moovabilities,ˌmoʊvəbəˈlɪtɪsiː,movabilities
moovability,ˌmoʊvəˈbɪlətiː,movability
moovableness,ˈmuːvəˌbliːns,movableness
moovables,ˈmuːvəbəlz,movables
moovably,ˈmuːvəbliː,movably
mooviedom,ˈmuːviːdəm,moviedom
mooviegoings,ˈmuːviːˌɡoʊɪŋz,moviegoings
mooviemakings,ˈmuːviːˌmeɪkɪŋz,moviemakings
moovless,ˈmuːvˌlɛs,moveless
moovlessly,ˈmʌvˌlɛsliː,movelessly
moovlessness,ˈmʌvləsnəs,movelessness
moqett,moʊˈkɛt,moquette
moqetts,moʊˈkɛts,moquettes
moqhila,məˈtʃiːlə,mochila
moqhilas,məˈtʃiːləz,mochilas
moresq,mɔˈɹɛsk,moresque
moresqs,mɔˈɹɛskwɛs,moresques
morgagee,mɔɹˈteɪdʒə,mortgagee
morgagees,mɔɹˈteɪdʒəs,mortgagees
morgager,ˈmɔɹɡɪdʒəɹ,mortgager
morgagers,ˈmɔɹɡədʒəɹz,mortgagers
morgagor,ˈmɔɹɡəˌɡɔɹ,mortgagor
morgagors,ˈmɔɹɡəˌɡɔɹz,mortgagors
morrnfuller,ˈmɔɹnfjuːləɹ,mournfuller
morrnfullest,ˈmɔɹnfjuːləst,mournfullest
morrnfully,ˈmɔɹnfəliː,mournfully
morrnfulness,ˈmɔɹnfəlnəs,mournfulness
morrningly,ˈmɔɹnɪŋliː,mourningly
morrnings,ˈmɔɹnɪŋz,mournings
mortice,ˈmɔɹtɪs,mortise
morticed,ˈmɔɹtəst,mortised
morticer,ˈmɔɹtɪsəɹ,mortiser
morticers,ˈmɔɹtəsəɹz,mortisers
morticing,ˈmɔɹtɪsɪŋ,mortising
mosqitoey,məˈskɪtiːoʊ,mosquitoey
mosqitofish,moʊˈskwɪvəˌtuːd,mosquitofish
mosqitofishes,moʊˈskwɪvəˌtuːdz,mosquitofishes
mostes,moʊsts,mosts
motivativ,ˈmoʊtəvətɪv,motivative
motivless,ˈmoʊtəˌvɪlzə,motiveless
motivlessly,ˈmoʊtəvˌlɪsɪs,motivelessly
mountanously,ˌmaʊntəˈnɪsəliː,mountainously
mountanousness,ˈmaʊntənəsnəs,mountainousness
mountany,ˈmaʊntəniː,mountainy
mouthgard,ˈmaʊθˌɡɑɹd,mouthguard
mouthgards,ˈmaʊθˌɡɑɹdʒdz,mouthguards
mowvs,maʊvz,mauves
mucronat,ˈmʌkɹoʊˌneɪt,mucronate
muddleheddedly,ˈmʌdəlˌhɛdəndliː,muddleheadedly
muddleheddedness,ˈmʌdəlˌhɛdənz,muddleheadedness
mudgard,ˈmʌɡdəɹd,mudguard
mudgards,ˈmʌɡdəɹzd,mudguards
mujik,ˈmuːdʒɪk,moujik
mujiks,ˈmuːdʒɪks,moujiks
mulins,ˈmuːlɪnz,moulins
multibilding,ˈmʌltiːbəˌsweɪŋb,multibuilding
multicorse,ˌmʌltiːˈkɜɹsəs,multicourse
multiengin,ˈmʌltiːdʒˌnɪn,multiengine
multiengins,ˈmʌltiːɡˌniːnz,multiengines
multihedded,ˈmʌltiːˌheɪdənd,multiheaded
multiplicativ,ˌmʌltpəˈlɪstɪkəp,multiplicative
multiplicativly,ˌmʌltəˈplɪkətɪvliː,multiplicatively
multipuwer,ˈmʌltiːˌpaʊəɹ,multipower
multiqhain,ˈmʌltiːˌkeɪn,multichain
multiqhamberd,ˈmʌltiːˌkæmbəɹd,multichambered
multiqhannel,ˌmʌltiːˈkænələn,multichannel
multisorce,ˌmʌltiːˈsɔɹs,multisource
multithredded,ˌmʌltiːˈfɹeɪtɪd,multithreaded
multithredding,ˈmʌltiːˌtɹaɪnd,multithreading
multivariat,ˌmʌltiːvəɹˈeɪtiːə,multivariate
multiwarhedd,ˌmʌltiːwəɹˈɑnd,multiwarhead
munqher,ˈmʌntʃəɹ,muncher
munqhers,ˈmʌntʃəɹz,munchers
munqhie,ˈmʌntʃiː,munchie
munqhkin,ˈmʌŋkˌhɪn,munchkin
munqhkins,ˈmʌŋkʃənz,munchkins
munqhy,ˈmʌntʃiː,munchy
muqhaqho,mjuːˈkɑtʃoʊ,muchacho
muqhaqhos,mjuːˈkɑtʃoʊz,muchachos
muqhly,ˈmʌkliː,muchly
muqhness,ˈmʌknəs,muchness
muqhnesses,ˈmʌknəsɪz,muchnesses
mussaka,ˌmuːˈsɑkə,moussaka
mustashd,ˈmaʊˌstætʃt,moustached
mustashio,ˌmoʊˈstætʃiːoʊ,moustachio
mustashioed,ˈmaʊˌsteɪˌkeɪbiːd,moustachioed
mustashioing,ˈmaʊˌsteɪkʃən,moustachioing
mutativ,ˈmjuːtətɪv,mutative
mutin,ˈmjuːtən,mutine
muttonqhop,ˈmʌtənˌtʃɑp,muttonchop
muttonqhops,ˈmʌtənˌkɑps,muttonchops
myeloproliferativ,ˌmaɪəlɹəˈpɑləvɪtəɹ,myeloproliferative
mylden,ˈmaɪldən,milden
myldening,ˈmaɪldənɪŋ,mildening
myldness,ˈmɪldnəs,mildness
myndblower,ˈmɪndəlˌbaʊɹ,mindblower
myndblowers,ˈmɪndˌlaʊbəɹz,mindblowers
myndblowing,ˈmɪndəlˌbaʊɪŋ,mindblowing
mynders,ˈmaɪndəɹz,minders
myndfulness,ˈmɪdnfəlsənz,mindfulness
myndlessness,ˈmɪndləsnəs,mindlessness
mystiqes,mɪˈstiːks,mystiques
naiiver,ˈneɪvəɹ,naiver
naiivest,naɪˈɛvəst,naivest
naiivetehs,naɪˈɛvəts,naivetes
naiiveties,ˈneɪvɪtiːz,naiveties
naiivety,ˈneɪvɪtiː,naivety
naiivness,ˈneɪvənz,naiveness
naiivs,naɪˈeɪvz,naives
nailhedd,ˈneɪlˌhɛd,nailhead
nailhedds,ˈneɪlˌhɛdz,nailheads
nalqhik,ˈnæltʃɪk,nalchik
napp,næp,nappe
napps,næps,nappes
narrativly,ˈnɑɹətɪvliː,narratively
narrowmynded,ˈnæɹoʊˌmaɪdənd,narrowminded
narrowmyndedly,ˈnɛɹoʊmədnəld,narrowmindedly
narrowmyndedness,ˈnɛɹoʊˌmaɪdnəst,narrowmindedness
nativly,ˈneɪtɪvliː,natively
nativness,ˈneɪtɪvnəs,nativeness
nauhtier,ˈnɔtiːəɹ,naughtier
nauhtiest,ˈnɔtiːəst,naughtiest
nauhtily,ˈnɔtɪliː,naughtily
nauhtiness,ˈnɔtiːnəs,naughtiness
nauhtly,ˈnɔtliː,naughtly
nauhts,nɔts,naughts
nauseativ,ˌnɔˈseɪvɪtiː,nauseative
nearsihtedly,ˈniːɹˌsaɪtɪdliː,nearsightedly
neckerqhif,ˈnɛkəɹˌkiːb,neckerchief
neckerqhifs,ˈnɛkəɹˌkiːʃɪz,neckerchiefs
neckerqhivs,ˈnɛkəɹˌkiːvɪtʃ,neckerchieves
neckwaers,ˈnɛˌkwɛɹz,neckwears
needlewimen,ˈniːdəlˌwʊmən,needlewomen
negativness,nəˈɡætɪvnəs,negativeness
neglectiv,ˈnɛɡlətstɪv,neglective
neih,niː,neigh
neihbor,ˈneɪbaʊəɹ,neighbour
neihborhood,ˈneɪbəɹˌhʊd,neighbourhood
neihborhoods,ˈneɪbəɹˌhʊdz,neighbourhoods
neihboring,ˈneɪbəɹɪŋ,neighbouring
neihborliness,ˈneɪbəɹəlɪnzɪnz,neighborliness
neihborly,ˈneɪbəɹliː,neighbourly
neihborship,ˈneɪbəɹˌʃɪp,neighbourship
neihborships,ˈneɪbəɹˌʃɪps,neighbourships
neihing,ˈniːɡɪŋ,neighing
nervd,nɜɹvd,nerved
nervless,ˈnɜɹvələs,nerveless
nervlessly,ˈnɜɹvəlsiː,nervelessly
nervlessness,ˈnɜɹvələsnəs,nervelessness
nethermoste,ˈnɛðəɹˌmoʊst,nethermost
netiqet,ˈnɛkɪtɛkt,netiquette
netmynder,ˈnɛtˌmɪndəɹ,netminder
netmynders,ˈnɛtˌmɪndəɹz,netminders
neuroactiv,nʊˈɹɑktəv,neuroactive
neurocele,nʊɹoʊˈkoʊliː,neurocoele
neuroceles,nʊɹoʊˈkoʊliːz,neurocoeles
neurodegenerativ,ˌnʊɹoʊdʒɛndəɹˈeɪtɪvliː,neurodegenerative
neuroendocrin,nʊˈɹɑndɹəknəɹ,neuroendocrine
neve,niːv,nieve
newsbraek,ˈnuːzˌbɹiːk,newsbreak
newsbraeks,ˈnuːzˌbɹeɪks,newsbreaks
newspaperwimen,ˌnuːzpəpəɹˈeɪməfən,newspaperwomen
nextdorr,ˈnɛkˌstaʊdəɹ,nextdoor
niher,ˈnaɪəɹ,nigher
nihest,ˈnaɪəst,nighest
nihing,ˈnaɪɡɪŋ,nighing
nihly,ˈnaɪliː,nighly
nihness,ˈnaɪnhsəns,nighness
nihtcap,ˈaɪnˌtaɪkt,nightcap
nihtcaps,ˈaɪnˌtaɪkts,nightcaps
nihtclothes,ˈnɪtkləˌtɔfs,nightclothes
nihtclubber,ˈɪntˌkjuːlbəɹt,nightclubber
nihtclubbers,ˈɪntˌkjuːlbəɹz,nightclubbers
nihtclubbing,ˈɪntəklˌbɔɹt,nightclubbing
nihtcrawler,ˈnaɪkˌtɔɹtləɹ,nightcrawler
nihtcrawlers,ˈnaɪtˌkɔɹtləɹz,nightcrawlers
nihtdress,ˈnaɪtˌdɹɛst,nightdress
nihtdresses,ˈnaɪtˌdɹɛsəz,nightdresses
nihted,ˈnaɪtəd,nighted
nihterie,ˈnaɪtəɹiː,niterie
nihteries,ˈnaɪtəɹiːz,niteries
nihtertale,ˈnaɪtəɹˌteɪl,nightertale
nihtery,ˈnaɪtəɹiː,nitery
nihtfalls,ˈnaɪtˌfælz,nightfalls
nihtglow,ˈnaɪtˌɡloʊ,nightglow
nihtglows,ˈnaɪtˌɡloʊts,nightglows
nihtguwn,ˈnaɪtˌɡʌn,nightgown
nihtguwns,ˈnaɪtˌɡʌnz,nightgowns
nihtie,ˈnaɪtiː,nightie
nihties,ˈnaɪtiːz,nighties
nihting,ˈnaɪtɪŋ,nighting
nihtingales,ˈnaɪtɪŋɡəlz,nightingales
nihtish,ˈnaɪtɪʃ,nightish
nihtjar,ˈnaɪtˌɡɑɹ,nightjar
nihtjars,ˈnaɪtˌɡɑɹz,nightjars
nihtless,ˈnaɪtləs,nightless
nihtlifes,ˈnaɪtˌlaɪfs,nightlifes
nihtlives,ˈnaɪtˌlaɪvz,nightlives
nihtlong,ˈnaɪtˌlɔŋ,nightlong
nihtman,ˈnaɪtmən,nightman
nihtmarishly,ˈnaɪtməˌɹɪsθiːl,nightmarishly
nihtmen,ˈnaɪtmən,nightmen
nihts,naɪts,nites
nihtscope,ˈsaɪntˌkoʊps,nightscope
nihtscopes,ˈsaɪntˌkoʊps,nightscopes
nihtshades,ˈnaɪtˌʃɛdz,nightshades
nihtside,ˈnaɪtˌstaɪd,nightside
nihtsides,ˈnaɪtstaɪdz,nightsides
nihtspot,ˈnaɪtˌstɑpt,nightspot
nihtspots,ˈnaɪtstˌpɑts,nightspots
nihtwaer,ˈnaɪˌtwɛɹ,nightwear
nihtwaers,ˈnaɪˌtwɛɹz,nightwears
nihtwahker,ˈnaɪˌtwɔkəɹ,nightwalker
nihtwahkers,ˈnaɪˌtwɔkəɹz,nightwalkers
nihtward,ˈnaɪˌtwɔɹd,nightward
nihtwatchman,ˈnaɪˌtwæmkən,nightwatchman
nihtwatchmen,ˈnaɪˌtwæmst,nightwatchmen
nihty,ˈnaɪtiː,nighty
noblewimen,ˈnɑblwəmɔn,noblewomen
nociceptiv,noʊˈsɪpəˌstɛk,nociceptive
nociv,ˈsɑnɪv,nocive
noht,nɔt,noght
nohts,naʊts,noughts
noisom,ˈnɔɪsəm,noisome
noisomly,ˈnɔɪzəmliː,noisomely
noisomness,ˈnɔɪzmənəs,noisomeness
nominativ,ˌnɑməˈnætɪv,nominative
nominativly,ˈnɑmənətɪvliː,nominatively
nominativs,ˌnɑməˈneɪtɪvz,nominatives
nominatly,ˈnɑmənətliː,nominately
nonabrasiv,ˈnɑnəˌbɹæsɪv,nonabrasive
nonabsorptiv,ˈnɑnəɡˌzæpɹətəɹ,nonabsorptive
nonacquisitiv,ˌnɑnəˈkwɪzɪtɪv,nonacquisitive
nonadaptiv,ˈnɑnəˌdæptɪv,nonadaptive
nonaddictiv,ˌnɑnəˈdæktɪv,nonaddictive
nonadditiv,ˈnɑndəˌtɪvɪt,nonadditive
nonadhesiv,nɑnˈdɑfɪsɪv,nonadhesive
nonaggressiv,ˌnɑnəˈɡɹɛsɪv,nonaggressive
nonanser,ˈnɑnənzwəɹ,nonanswer
nonansers,ˈnɑnənzwəɹz,nonanswers
nonaqhievment,ˌnɑnhəˈvɛmtʃəkɪnt,nonachievement
nonaqhievments,ˌnɑʃəˈnjæfɪkənts,nonachievements
nonassertiv,ˈnɑnəˌstɹɛvt,nonassertive
nonattaqhment,ˌnɑˈnæktəmənt,nonattachment
nonattaqhments,ˌnɑˈnætəmʃənts,nonattachments
nonbaering,ˈnɑnˌbɪɹɪŋ,nonbearing
nonbildings,ˈnɑnˌbɪldɪŋz,nonbuildings
nonbraekable,ˈnɑnɹiːˌbækəbəl,nonbreakable
nonbroddcast,ˌnɑbɹəˈdɑkəts,nonbroadcast
nonbroddcasting,ˌnɑbɹəˈdæktɪbəs,nonbroadcasting
nonclandestin,nɑnklənˈdɛnstiː,nonclandestine
noncoerciv,nɑnˈkɔɹsɪv,noncoercive
noncognitiv,nɑnkəˈɡɪntɪvɪnt,noncognitive
noncollegiat,nɑnkəˈlɪdʒətəl,noncollegiate
noncombativ,ˈnɑnkəˌmætɪbəv,noncombative
noncommunicativ,nɑnkəˈmjuːnəˌkeɪtɪv,noncommunicative
noncommutativ,nɑnkəˈmjuːtətɪv,noncommutative
nonconductiv,nɑnkənˈtʌvɪdɪk,nonconductive
nonconsecutiv,ˌnɑnkəˈsɛntʃətɪv,nonconsecutive
nonconservativ,ˌnɑnkənˈvɜɹstətɪv,nonconservative
nonconservativs,ˌnɑnkənvəɹˈsteɪʃəɹz,nonconservatives
nonconstructiv,ˌnɑnkənˈtɹʌstɪf,nonconstructive
nonconsumptiv,nɑnkənˈsuːptəmɪt,nonconsumptive
noncontries,ˈnɑnˌkɑɹtiːnz,noncountries
noncontry,ˈnɑnˌkaʊntɹiː,noncountry
noncooperativ,ˌnɑnkəˈpɔɹətɪv,noncooperative
noncorrosiv,nɑnoʊˈkɹɔsəv,noncorrosive
noncreativ,ˈnɑnkɹiːˌætɪv,noncreative
nondeceptiv,ˌnɑndəˈspɛtɪv,nondeceptive
nondeciduat,nɑndɪˈsɪtəfət,nondeciduate
nondeductiv,nɑndɪˈdʌktɪvɪt,nondeductive
nondegenerat,nɑndɪˈdʒɛnəˌtɔɹ,nondegenerate
nondegenerats,ˌnɑndəɡˈnɛɹəts,nondegenerates
nondelegat,nɑndəˈleɪtɪdʒ,nondelegate
nondelegats,ˈnɑndəˌleɪdʒəts,nondelegates
nondeliberat,nɑndəˈlɪbəɹət,nondeliberate
nonderivativ,nɑndəɹˈɪvətɪv,nonderivative
nonderivativs,nɑndəɹˈɪvətɪs,nonderivatives
nondescriptiv,nɑdˈnɛstɹɪkɪptɪv,nondescriptive
nondestructiv,nɑndəˈstɹʌktɪt,nondestructive
nondestructivly,ˌnɑndəˈstɹʌktɪtliː,nondestructively
nondestructivness,ˌnɑndəstɹəkˈtɛnsɪbəs,nondestructiveness
nondetaqhable,nɑndɪˈtæbəl,nondetachable
nondirectiv,ˌnɑndəɹˈɛktɪk,nondirective
nondiscursiv,nɑndɪˈskɜɹsɪv,nondiscursive
nondispersiv,nɑdɪˈspɜɹsɪv,nondispersive
nondisruptiv,ˌnɑndɪˈspɹuːtɪk,nondisruptive
nondistinctiv,nɑnˈdɪstəntɪv,nondistinctive
nonduplicat,nɑnˈdʌpləˌkeɪt,nonduplicate
noneffectiv,ˌnɑnfɪkˈtɛpɪtɪv,noneffective
noneffectivs,ˌnʌnfɪkˈtɛpɪts,noneffectives
nonelectiv,ˌnɑnˈlɛktətɪv,nonelective
nonelectivs,ˌnɑnˈlɛktəts,nonelectives
nonerning,ˈnɑniːnˌɹɪŋ,nonearning
nonernings,ˈnɑniːnˌɹɪŋz,nonearnings
nonevaluativ,ˌnɑniːˈveɪljətɪv,nonevaluative
nonexecutivs,ˌnɑnɛksəˈvɛtɪksɪs,nonexecutives
nonexploitativ,ˌnɑnɪkstˈplɔɪstɪv,nonexploitative
nonexploitiv,ˌnɑnɪkstˈplɔɪstɪv,nonexploitive
nonexplosiv,ˌnɑnɪkˈsplɔsəv,nonexplosive
nonexplosivs,ˌnɑnɪkˈsplɔsəvs,nonexplosives
nonfigurativ,ˌnɑnfɪˈɡjuːɹətɪv,nonfigurative
nonfluwering,nɑnˈflaʊjəɹɪŋ,nonflowering
nonghest,ˈnɔŋwɪst,nonguest
nonghests,ˈnɔŋˌwɛsts,nonguests
nonghilt,ˈnɔŋˌɡwɛtəl,nonguilt
nonghilts,ˈnɔŋˌwɪlts,nonguilts
nongraduat,nɑnɡɹəˈduːtʃə,nongraduate
nongraduats,nɑnɡɹəˈduːtɪks,nongraduates
nonimitativ,ˌnɑnɪˈmɛtətɪv,nonimitative
noninductiv,ˌnɑnɪnˈdʌktɪvənt,noninductive
noninfectiv,ˌnɑnɪnˈfɛktɪŋ,noninfective
noninitiat,ˌnɑnəˈnɪtiːən,noninitiate
noninitiats,ˌnɑnəˈnɪtiːəst,noninitiates
noninteractiv,ˌnɑnɪnˈtɛɹkətɪv,noninteractive
nonintercorse,ˌnɑnɪnˈtɜɹksən,nonintercourse
nonintrusiv,nɑnɪnˈtɹuːsəbəs,nonintrusive
nonintuitiv,ˌnɑnɪnˈtuːtɪvɪnt,nonintuitive
noninvasiv,nɑnɪnˈvænsv,noninvasive
nonleagh,ˈnɑnləɡ,nonleague
nonledded,nɑnliːˈdɛd,nonleaded
nonliterat,nɑnˈlɪtəɹˌeɪt,nonliterate
nonliterats,nɑnˈlɪtəɹˌeɪts,nonliterates
nonmesurable,nɑnmiːˈzɔɹəbəl,nonmeasurable
nonmooving,nɑnˈmoʊvɪŋ,nonmoving
nonnarrativ,ˈnɑnəˌɹeɪtɪv,nonnarrative
nonnarrativs,ˈnɑnəˌɹeɪtɪvz,nonnarratives
nonnegativ,ˈnɑnəɡəˌteɪvɪd,nonnegative
nonnormativ,nɑˈnɔɹəˌmeɪtɪv,nonnormative
nonns,noʊnz,nones
nonnsuqhes,ˈnɑnəsˌhaʊs,nonesuches
nonnutritiv,nɑnˈtwɪɹtɪts,nonnutritive
nonobjectiv,ˌnɑbəˈnɛtɪkdʒɪv,nonobjective
nonoperativ,ˌnɑnəpəɹˈeɪtɪpt,nonoperative
nonpassiv,nɑnˈpæsɪv,nonpassive
nonpermissiv,nɑnpəɹˈmɪspɪk,nonpermissive
nonproductivness,ˌnɑnpɹəˈdʌktɪvsɪs,nonproductiveness
nonprogressiv,nɑnpɹəˈɡɛɹɪsɪŋ,nonprogressive
nonprogressivs,ˌnɑnpɹəˈɡɹɛsɪvɪŋz,nonprogressives
nonpunitiv,nɑnˈpʌntɪvənt,nonpunitive
nonpurposiv,nɑnpɹəˈpʌsvɪps,nonpurposive
nonqhurqh,ˈnɑnˌtʃɜɹtʃ,nonchurch
nonqhurqhes,nɑŋˈkɔɹtʃəz,nonchurches
nonqhurqhgoer,ˈnɑŋˌkʌtʃɡəɹˌoʊ,nonchurchgoer
nonqhurqhgoers,nɑŋˈkʌtʃɡəɹˌoʊzəɹ,nonchurchgoers
nonquantitativ,ˌnɑnkwənˈteɪʃənt,nonquantitative
nonradioactiv,ˌnɑnɹəˈdɪʃəvɪtiː,nonradioactive
nonreactiv,nənˈɹiːktɪv,nonreactive
nonreceet,ˈnɑnɹiːˌsɛtɪp,nonreceipt
nonreceets,ˈnɑnɹɪˌsɛtɪks,nonreceipts
nonrecorse,nɑnˈɹɛkəɹz,nonrecourse
nonrelativ,nɑnɹəˈleɪtɪv,nonrelative
nonrelativs,nɑnɹəˈleɪtɪvz,nonrelatives
nonrepresentativ,ˌnɑnɹɪpɹɛnˈsteɪtɪv,nonrepresentative
nonrepresentativs,ˌnɑɹnɪˌpɹɛˈstɛnɪtɪst,nonrepresentatives
nonreproductiv,ˌnɑnɹəpɹəˈdʌptɪk,nonreproductive
nonrestrictiv,nɑnɹɪˈstɹɪktɪtɪv,nonrestrictive
nonretroactiv,ˌnɑnɹɪˈtɹʌkətɪv,nonretroactive
nonselectiv,nɑnsɛlɪkˈtɛkɪt,nonselective
nonsensitiv,nɑnˈsɛnsətɪv,nonsensitive
nonspeculativ,nɑnˌspɛkjəˈlætɪk,nonspeculative
nonspeeqh,nɑnˈspiːk,nonspeech
nonsteddy,nɑnˈsteɪdiː,nonsteady
nonsubjectiv,ˌnɑnsəˈbʌktɪvdʒətliː,nonsubjective
nonsubmissiv,nɑnsəbˈmɪvsət,nonsubmissive
nonsuht,ˈnɑnˌsuːt,nonsuit
nonsuhted,nɑnˈsweɪtɪd,nonsuited
nonsuhting,nɑnˈsuːtɪŋ,nonsuiting
nonsuqh,ˈnɑnˌsʌk,nonsuch
nonsuqhes,nɑnˈsʌkˌʃuːz,nonsuches
nonteaqhing,ˈnɑnˌteɪtʃɪŋ,nonteaching
nonthrettening,nɑnθɹiːˈeɪʃənt,nonthreatening
nonuniqe,ˌnɑnəˈnuːˌkiː,nonunique
nonuniqeness,ˌnɑnəˈnjuːznəs,nonuniqueness
nonuplicat,ˌnɑnəˈpʌltʃəpt,nonuplicate
nonuplicats,ˌnɑnəˈpʌltʃəpts,nonuplicates
nonuzer,ˈnɑnjuːzəɹ,nonuser
nonuzers,ˈnɑnjuːzəɹz,nonusers
nonuzing,ˈnɑnəsɪŋ,nonusing
noogat,ˈnuːɡət,nougat
noogats,ˈnuːɡəts,nougats
noonstedd,ˈnuːnˌstɛd,noonstead
normativly,ˈnɔɹmətɪvliː,normatively
normativness,ˈnɔɹmətəvnəs,normativeness
normotensiv,ˌnɔɹmənˈtoʊsənt,normotensive
normotensivs,ˌnɔɹmənˈtoʊsənts,normotensives
northeasternmoste,ˌnɔɹθiːˈstɑɹənts,northeasternmost
northmoste,ˈnɔɹθməst,northmost
northwesternmoste,ˌnɔɹˈθwɛntsuːənts,northwesternmost
nosegard,ˈnoʊzɡwəɹd,noseguard
nosegards,ˈnoʊzˌɡwɑɹdz,noseguards
notionat,ˈnoʊʃənət,notionate
notobranchiat,ˌnoʊtəˈbɹæʃən,notobranchiate
notobranchiats,ˌnoʊtəˈbɹeɪʃənz,notobranchiates
nouqh,naʊtʃ,nouch
nouqhes,ˈnuːtʃɪz,nouches
novitiat,ˌnoʊvɪˈtiːət,novitiate
novitiats,ˌnoʊvɪˈtiːəts,novitiates
nudibrachiat,ˈnjuːdɪbiːˌtæfiː,nudibrachiate
nudibrachiats,ˈnjuːdiːbɹiːˌeɪkədiːz,nudibrachiates
nudibranchiat,ˈnuːdəbɹiːˌæntʃiː,nudibranchiate
nudibranchiats,njuːdiːˈbæntʃəzə,nudibranchiates
numerativ,ˈnuːməɹˌeɪtɪv,numerative
numerativs,ˈnuːməɹˌeɪtɪvz,numeratives
nummedness,ˈnʌmdəndz,numbedness
nummfish,ˈnʌmˌfɪʃ,numbfish
nummfishes,ˈnʌmˌfɪʃɪz,numbfishes
nummkull,ˈnʌmskəl,numskull
nummkulls,ˈnʌmskəlz,numskulls
nummly,ˈnʌmbliː,numbly
nummskull,ˈnʌmskəl,numbskull
nummskulls,ˈnʌmksələs,numbskulls
nuncupativ,ˈnʌŋkəpjətɪv,nuncupative
nunqhaku,ˌnʌnˈtʃeɪkə,nunchaku
nunqhakus,ˌnʌnˈtʃeɪkəs,nunchakus
nunqhon,ˈnʌntʃən,nuncheon
nunqhons,ˈnʌntʃənz,nuncheons
nurrishable,ˈnɜɹɪʃəbəl,nourishable
nurrisher,ˈnɜɹhaɪzəɹ,nourisher
nurrishers,ˈnɜɹhaɪzəɹz,nourishers
nurrishingly,ˈnɜɹhəʃənliː,nourishingly
nurrishments,ˈnʊɹɪʃmənts,nourishments
nurriture,ˈnuːɹəˌtɔɹ,nouriture
nutbruwn,ˈnʌtˌbɹaʊn,nutbrown
nutritivly,nuːˈtɹɪtɪvliː,nutritively
nuwd,noʊd,nowd
nuwds,noʊdz,nowds
nuwness,ˈnaʊnəs,nowness
nuwnesses,ˈnaʊnsɪz,nownesses
nuws,naʊz,nows
nuwt,naʊt,nowt
nuwts,naʊts,nowts
oarswimen,ˈɔɹˌswʊmən,oarswomen
oathbraeker,ˈoʊθbɹiːˌkeɪɹəɹ,oathbreaker
oathbraekers,ˈoʊθbɹiːˌkeɪəɹz,oathbreakers
oathbraeking,ˈoʊθbɹiːˌkeɪɪŋ,oathbreaking
oavs,oʊvz,oaves
obduratly,ˌɑbdʒəɹətˈlaɪ,obdurately
obduratness,ˈbɑdʒəɹtənəst,obdurateness
objectivness,əbˈdʒɛktɪvnəs,objectiveness
oblanceolat,ˌɑblənˈseɪʃəl,oblanceolate
obligatly,əˈblɪɡəˌtɔliː,obligately
obliqed,əˈblaɪkt,obliqued
obliqeness,əˈblɪkwənz,obliqueness
obliqing,əˈblɪkɪŋ,obliquing
obliterativ,əˈblɪtəɹətɪv,obliterative
obsessivness,əbˈsɛsɪvnəs,obsessiveness
obsessivs,əbˈsɛsɪvz,obsessives
obstinatly,əbˈstɛnətliː,obstinately
obstinatness,əbˈstɪnətənts,obstinateness
obstructivly,əbˈstɹʌktɪvliː,obstructively
obstructivness,əbˈstɹʌktənsɪz,obstructiveness
obstructivs,əbˈstɹʌktɪvz,obstructives
obtrusivly,əbˈtɹuːsɪvliː,obtrusively
obtrusivness,əbˈtɹuːsəvənzɪz,obtrusiveness
occlusiv,əˈkluːsɪv,occlusive
occlusivly,əˈkluːsɪvliː,occlusively
ocellat,ˈɑsəˌleɪt,ocellate
ocreat,əˈkɹiːt,ocreate
odalisq,oʊdəˈlɛskiː,odalisque
odalisqs,oʊˈdæləskiːz,odalisques
offensiv,ˈɔfənsɪv,offencive
offensivness,əˈfɛnsɪvnəs,offensiveness
offgard,ˈɔɡfəɹd,offguard
ohtness,ˈaʊtˌnɛs,oughtness
ohts,aʊts,oughts
oiltiht,ˈɔɪlˌtaɪt,oiltight
ololiuqi,ˌoʊləˈhɔɪlkiː,ololiuhqui
omissiv,oʊˈmɪsɪv,omissive
onslauhts,ˈɔnˌslɔts,onslaughts
ood,uːd,oud
oods,aʊdz,ouds
oozel,ˈaʊsəl,ousel
oozels,ˈaʊsəlz,ousels
oozo,ˈuːzoʊ,ouzo
opaqed,oʊˈpeɪkt,opaqued
opaqely,oʊˈpækwəliː,opaquely
opaqeness,ˈoʊpəˌkwiːnz,opaqueness
opaqer,oʊˈpækəɹ,opaquer
opaqest,ˈɑpəkəts,opaquest
opaqing,oʊˈpækwɪŋ,opaquing
openharted,ˈoʊpənˌhɛtɹɪt,openhearted
openhartedly,ˌoʊpənˈhɛtɹɪdɪtiː,openheartedly
openhartedness,ˈoʊpənˌhɛtɹənˌtaɪzd,openheartedness
openmynded,ˈoʊpənˌmaɪndɪd,openminded
openmyndedly,əˈpɛndəmənˌdaɪl,openmindedly
openmyndedness,oʊˈpɛndəməndəs,openmindedness
operativly,əˈpɜɹətɪvliː,operatively
operativness,ˌɑpəɹˈeɪtsənɪs,operativeness
operculat,ˈoʊpəɹkəˌleɪt,operculate
opinionativ,əˈpɪnjəˌneɪtɪv,opinionative
opinionativly,əˈpɪnjənətɪvliː,opinionatively
opinionativness,əˈpɪnjəvəntiːzɪz,opinionativeness
oppositly,əˈpɑzətliː,oppositely
oppositness,əˈpɑsətənz,oppositeness
oppressivly,əˈpɹɛsɪvliː,oppressively
oppressivness,əˈpɹɛsəpɪsɪnz,oppressiveness
optativ,ˈɑptətɪv,optative
optativly,ˌɑpˈtætɪvliː,optatively
optativs,ˈɑptətɪvz,optatives
oraqh,ˈɔɹətʃ,orach
oraqhes,ˈɔɹətʃɪz,oraches
orbiculat,ɔɹˈbɪkjəˌleɪt,orbiculate
orbiculats,ˌɔɹbɪˈkjuːtələs,orbiculates
ordinat,ˈɔɹdəˌneɪt,ordinate
ordinats,ˈɔɹdəˌneɪts,ordinates
orectiv,ɔˈɹɛktɪv,orective
originativ,əɹˈɪdʒəˌneɪtɪv,originative
originativly,əɹˈɪdʒənətɪvliː,originatively
orqharding,ˈɔɹkəɹdɪŋ,orcharding
orqhardist,ˈɔɹkəɹstɪd,orchardist
orqhardists,ˈɔɹkəɹdsts,orchardists
orqhil,ˈɔɹkəl,orchil
orqhils,ˈɔɹkəlz,orchils
ostensiv,ɔˈstɛnsɪv,ostensive
ostensivly,ˌɔˈstɛnsɪvliː,ostensively
ostriqhlike,ˈɑstɹəˌklaɪk,ostrichlike
ouqhing,ˈaʊtʃɪŋ,ouching
outaqhiev,aʊˈtɑvətʃiː,outachieve
outaqhiever,aʊtəˈhævɪkəɹ,outachiever
outaqhievers,aʊtəˈhæviːks,outachievers
outaqhieving,aʊˈteɪʃəvɪŋk,outachieving
outbarghin,ˈaʊtbɔɹˌɡeɪn,outbargain
outbarghind,ˈaʊtˌbɔɹɡænd,outbargained
outbarghining,ˈaʊtbɔɹˌɡeɪndʒ,outbargaining
outbild,ˈaʊtˌbʌld,outbuild
outbilding,ˈaʊtˌbʌdəlɪŋ,outbuilding
outbildings,ˈaʊtˌbʌldɪŋz,outbuildings
outbilt,ˈaʊtˌbʌlt,outbuilt
outboht,ˈaʊtˌbaʊt,outbought
outcauht,ˈaʊtkaʊt,outcaught
outclym,ˈaʊtˌklæmb,outclimb
outclyming,ˈaʊtˌklɪmbɪŋ,outclimbing
outcoaqh,aʊtˈkoʊk,outcoach
outcoaqhing,ˈaʊtˌkoʊʃɪŋ,outcoaching
outcurv,aʊtˈkʌɹvəɹ,outcurve
outcurvs,aʊtˈkʌvəɹst,outcurves
outdorrsmanship,ˌaʊtˈdɔɹmʃənˌʃɪp,outdoorsmanship
outdorrsmen,ˌaʊtˈdɔɹsmən,outdoorsmen
outdorrsy,ˌaʊtˈdɔɹɪsiː,outdoorsy
outdremt,ˈaʊtdɹiːˌmæt,outdreamt
outduer,ˈaʊtˌdaʊɹ,outdoer
outduers,ˈaʊtˌdɔɹz,outdoers
outern,aʊˈtiːɹn,outearn
outerning,aʊˈtɛɹɪŋ,outearning
outfiht,ˈaʊtˌfaɪt,outfight
outfihting,ˈaʊtˌfaɪtɪŋ,outfighting
outfoht,ˈaʊtfaʊt,outfought
outfruwn,ˈaʊtfɹaʊn,outfrown
outfruwning,ˈaʊtˌfɹaʊnɪŋ,outfrowning
outfynd,ˈaʊtˌfɪnd,outfind
outfynding,ˈaʊtˌfɪndɪŋ,outfinding
outghide,ˈaʊtˌɡwaɪd,outguide
outghides,ˈaʊtˌɡɪdʒd,outguides
outgiv,ˈaʊtˌɡɪv,outgive
outgon,ˈaʊtˌɡoʊn,outgone
outherdd,ˈaʊtˌhɛɹd,outheard
outhuwl,ˈaʊˌθwɔl,outhowl
outhuwling,ˈaʊˌθwɔlɪŋ,outhowling
outintrighe,aʊtənˈtɹɪɡɪŋ,outintrigue
outintrighed,ˌaʊtənˈtɹɪɡd,outintrigued
outintrighing,ˌaʊtənˈtɹɪɡjuːɪŋ,outintriguing
outlaff,ˈaʊtˌlɔ,outlaugh
outlaffing,ˈaʊˌtɹoʊlɪŋ,outlaughing
outlept,ˈaʊtˌpliːt,outleapt
outlern,ˈaʊtləɹən,outlearn
outlerning,ˈaʊtləɹɪŋ,outlearning
outlernt,ˈaʊtləɹənt,outlearnt
outlov,ˈaʊtˌloʊv,outlove
outmaneuver,ˌaʊtməˈnuːvəɹ,outmanoeuvre
outmaneuvering,ˌaʊtˈmʌnəɹɪŋp,outmanoeuvring
outmarqh,ˈaʊtˌmɑɹk,outmarch
outmarqhing,ˈaʊtˌmɑɹkɪŋ,outmarching
outmoov,ˈtuːmˌtoʊv,outmove
outmooving,ˈtuːmˌtoʊvɪŋ,outmoving
outmoste,ˈaʊtˌmoʊst,outmost
outporrings,ˈtuːˌpɹeɪtəɹz,outpourings
outpreaqh,ˈaʊtˌpɹætʃ,outpreach
outpreaqhing,ˈaʊtˌpɹeɪkɪŋ,outpreaching
outpromis,ˈaʊtˌpɹoʊˌmaɪs,outpromise
outpunqh,ˈaʊtˌpaʊntʃ,outpunch
outpunqhing,ˈaʊtˌpʌŋkɪŋ,outpunching
outpuwer,ˈaʊtˌpaʊəɹ,outpower
outpuwering,ˈtaʊpˌtɔɹɪŋ,outpowering
outqharge,aʊtkˈhɑɹdʒ,outcharge
outqharged,aʊtkˈhɑɹdʒɪd,outcharged
outqharging,ˈtaʊtʃəɹdʒɪŋ,outcharging
outqharm,aʊtˈkɑɹm,outcharm
outqharming,aʊtˈkɑɹmɪŋ,outcharming
outqheat,ˈaʊtʃət,outcheat
outqheated,ˈaʊtˌkeɪt,outcheated
outqheating,ˈaʊtˌkeɪtɪŋ,outcheating
outqhid,ˈaʊtˌtʃɛd,outchid
outqhidden,aʊtˈtʃɪdən,outchidden
outqhide,ˈaʊtˌtʃaɪd,outchide
outqhided,ˈaʊtˌkaɪdɪd,outchided
outqhiding,ˈaʊtˌtʃaɪɪdɪŋ,outchiding
outqhode,aʊtˈhoʊd,outchode
outreaqhing,ˈaʊˌtɹaɪkɪŋ,outreaching
outrihtly,ˈaʊˌtɹɪtliː,outrightly
outserv,aʊtˈsɜɹv,outserve
outsiht,ˈaʊtˌsaɪt,outsight
outsihts,ˈaʊtˌsaɪts,outsights
outspredd,ˈaʊtˌspɹɛd,outspread
outspredding,ˈaʊtˌspɹeɪdɪŋ,outspreading
outswaer,ˈaʊtˌswɛɹ,outswear
outswaering,ˈaʊtˌswɪɹɪŋ,outswearing
outtahk,ˈaʊtˌtɑɹk,outtalk
outtahking,ˈaʊtˌtɑkɪŋ,outtalking
outthoht,ˈaʊtθɔt,outthought
outtuwer,ˈaʊˌtaʊtəɹ,outtower
outtuwering,ˈaʊtoʊˌtɜɹɪŋ,outtowering
outwaer,ˈaʊˌtwɛɹ,outwear
outwaering,ˈaʊˌtwɛɹɪŋ,outwearing
outwahk,ˈaʊˌtwɔk,outwalk
outwahking,ˈaʊˌtwɔkɪŋ,outwalking
outwroht,ˈaʊˌtɹaʊt,outwrought
overaggressiv,ˈoʊvəɹəɡɹəsɪv,overaggressive
overaqhiev,ˌoʊvəɹəvɪˈtʃiː,overachieve
overaqhiever,ˌoʊvəɹəˈvɛtʃəɹiː,overachiever
overaqhievers,ˌoʊvəɹəˈvɛkəɹziː,overachievers
overaqhieving,ˌoʊvəɹəˈveɪtʃɪŋ,overachieving
overaqhievment,ˌoʊvəɹəvəmˈtʃiːɪnt,overachievement
overaqhievments,ˌoʊvəɹəkəˈmɛstɪkənz,overachievements
overarqh,ˈoʊvəɹˌɑɹtʃ,overarch
overassertiv,ˌoʊvəɹˈɹæstɪtəɹ,overassertive
overaw,ˈoʊvəɹˌweɪ,overawe
overbaer,ˈoʊvəɹˌbiːɹ,overbear
overbaeringly,ˈoʊvəɹbəɹˌɪŋliː,overbearingly
overbild,ˈoʊvəɹˌbɪld,overbuild
overbleaqh,ˈoʊvˌbɹɛlk,overbleach
overbleaqhing,ˈoʊvəɹˌblɛkʃɪŋ,overbleaching
overbriht,ˈoʊvəɹˌbɹaɪt,overbright
overbrodd,ˈoʊvəɹˌbɹoʊd,overbroad
overbruwse,ˈoʊvəɹˌbɹoʊs,overbrowse
overbruwsed,ˈoʊvəɹˌbɹoʊst,overbrowsed
overbruwsing,ˈoʊvəɹˌbɹoʊsɪŋ,overbrowsing
overcoaqh,ˈoʊvəɹˌkoʊk,overcoach
overcoaqhing,ˈoʊvəɹˌkoʊʃɪŋ,overcoaching
overconservativ,ˌoʊvəɹkənsˈvɛɹtɪk,overconservative
overduer,ˈoʊvəɹˌduːəɹ,overdoer
overduers,ˈoʊvəɹˌduːəɹz,overdoers
overencurrage,ˈoʊvəɹɪnˌɡʌɹtʃ,overencourage
overencurraged,ˈoʊvəɹɪnˌɡɑɹdɪd,overencouraged
overencurraging,ˌoʊvəɹɪnˈɡɜɹədʒəns,overencouraging
overernest,ˈoʊvəɹiːˌɹɛnts,overearnest
overfatighe,ˈoʊvəɹtˌfeɪɡəm,overfatigue
overfatighed,ˌoʊvəɹtˈfeɪɡəd,overfatigued
overfatighing,ˈoʊvəɹtˌfæɡəʃɪŋ,overfatiguing
overgrynd,ˈoʊvəɹˌɡɹɛnd,overgrind
overgrynding,ˈoʊvəɹˌɡɹɪndɪŋ,overgrinding
overhih,ˈoʊvəɹhaɪɡ,overhigh
overimaginativ,ˌoʊvəɹɪˈmɛŋɡəmətɪŋ,overimaginative
overindetted,ˈoʊvəɹɪndɪdət,overindebted
overindettedness,ˌoʊvəɹɪnˈdɹɪtnɪst,overindebtedness
overkynd,ˈoʊvəɹˌkɪnd,overkind
overlept,ˈoʊvəɹˌliːpt,overleapt
overlern,ˈoʊvəɹˌliːn,overlearn
overlerning,ˈoʊvəɹˌlaɪɹɪŋ,overlearning
overliht,ˈoʊvəɹˌlaɪt,overlight
overlihted,ˈoʊvəɹˌlaɪtɪd,overlighted
overlihting,ˈoʊvəɹˌlaɪtɪŋ,overlighting
overliv,ˈoʊvəɹˌlaɪv,overlive
overlov,ˈoʊvəɹˌloʊv,overlove
overmihty,ˈoʊvəɹˌmaɪtɪf,overmighty
overmuqh,ˈoʊvəɹˌmʌtʃ,overmuch
overmuqhes,ˈoʊvəɹˌmʌtʃɪz,overmuches
overmyld,ˈoʊvəɹˌmɪld,overmild
overnihted,ˈoʊvəɹˌnaɪtɪd,overnighted
overnihting,ˈoʊvəɹˌnaɪtɪŋ,overnighting
overnurrish,ˈoʊvəɹˌnɜɹʃɪp,overnourish
overnurrishing,ˈoʊvəɹˌnɜɹʃɪŋ,overnourishing
overnurrishment,ˈoʊvəɹˌnɜɹʃənmɪst,overnourishment
overnurrishments,ˈoʊvəɹˌnɜɹənˌʃɪmps,overnourishments
overpeeple,ˈoʊvəɹˌpiːpəl,overpeople
overpeepled,ˈoʊvəɹˌpiːpəd,overpeopled
overpeepling,ˈoʊvəɹˌpiːpəlɪŋ,overpeopling
overpladd,ˈoʊvəɹˌpleɪd,overplaid
overpladded,ˈoʊvəɹˌpleɪdɪd,overplaided
overpladding,ˈoʊvəɹˌpleɪdɪŋ,overplaiding
overpromis,ˈoʊvəɹpɹəˌmoʊziː,overpromise
overproportionat,ˌoʊvəɹpɹəˈtɔɹʃənɪt,overproportionate
overproportionatly,ˌoʊvəɹpɹəˈtɔɹənətən,overproportionately
overprotectivly,ˌoʊvəɹpɹəˈtɛktəliː,overprotectively
overprotectivness,ˌoʊvəɹpɹəˈtɛkəntɪs,overprotectiveness
overpuweringly,ˌoʊvəɹˈpɔɹəfɪliː,overpoweringly
overqhill,ˈoʊvəɹˌkɪl,overchill
overqhilling,ˈoʊvəɹˌkɪlɪŋ,overchilling
overreaqher,ˈoʊvəɹˌɹiːtʃəɹ,overreacher
overreaqhers,ˈoʊvəɹˌɹiːtʃəɹz,overreachers
overriqh,ˈoʊvəɹɹɪtʃ,overrich
oversanguin,ˈoʊvəɹsənˌɡeɪn,oversanguine
oversensitivness,ˌoʊvəɹˈsɛnsətəsnɪst,oversensitiveness
overshue,ˈoʊvəɹˌʃuː,overshoe
overshues,ˈoʊvəɹˌʃuːz,overshoes
oversihts,ˈoʊvəɹˌsaɪts,oversights
overslauh,ˈoʊvəɹˌslɔ,overslaugh
overslauhing,ˈoʊvəɹˌslɔɪŋ,overslaughing
oversoh,ˈoʊvəɹswɛ,oversew
oversohing,ˈoʊvəɹswɪŋ,oversewing
oversohl,ˈoʊvəɹˌsuːl,oversoul
oversohls,ˈoʊvəɹˌsoʊlz,oversouls
oversohn,ˈoʊvəɹswɛn,oversewn
overspredd,ˈoʊvəɹˌspɹɛd,overspread
overspredding,ˈoʊvəɹˌspɹeɪdɪŋ,overspreading
oversuttle,ˌoʊvəɹˈsɛktəl,oversubtle
overtahk,ˈoʊvəɹˌtæk,overtalk
overtahkativ,ˌoʊvəɹˈtæklətɪv,overtalkative
overtahking,ˈoʊvəɹˌtækɪŋ,overtalking
overthoht,ˈoʊvəɹtˌhoʊt,overthought
overtihten,ˈoʊvəɹˌtiːtən,overtighten
overtihtening,ˈoʊvəɹˌtiːtənɪŋ,overtightening
overwaer,ˈoʊvəɹˌwɛɹ,overwear
overwaering,ˈoʊvəɹˌwiːɹɪŋ,overwearing
overweih,ˈoʊvəɹˌweɪ,overweigh
overweihing,ˈoʊvəɹˌwaɪɪŋ,overweighing
overweihting,ˈoʊvəɹˌweɪtɪŋ,overweighting
overwynd,ˈoʊvəɹwɪnd,overwind
overwynding,ˈoʊvəɹwɪndɪŋ,overwinding
oxbludd,ˈɑksˌbloʊmd,oxblood
oxbludds,ˈɑksˌbloʊmdz,oxbloods
oxhart,ˈɑksəɹt,oxheart
oxharts,ˈɑksəɹts,oxhearts
oxidativ,ˈɑksəˌdeɪtɪv,oxidative
oxidativly,ˌɑksɪˈdɛtɪkliː,oxidatively
oxiye,ˈɑkˌsaɪt,oxeye
oxiyes,ˈɑkˌsaɪz,oxeyes
oxtung,ˈɑkstəŋ,oxtongue
oxtungs,ˈɑkstəŋˌɡʊz,oxtongues
packthredd,ˈpækˌθɹɛd,packthread
packthredds,ˈpækˌθɹɛdz,packthreads
paerier,ˈpɪɹiːəɹ,pearier
paeriest,ˈpɛɹiːəst,peariest
paermain,ˈpɜɹˌmeɪn,pearmain
paermains,ˈpɜɹmənz,pearmains
palativ,ˈpælətɪv,palative
palliativly,ˌpæliːəˈtɪvətiː,palliatively
palliobranchiat,ˌpæliːˈbɔɹiːʃən,palliobranchiate
palliobranchiats,ˌpæliːˈbɔɹiːtʃənd,palliobranchiates
paniculat,ˈpænɪkjəˌleɪt,paniculate
panoqha,pəˈnɑtʃə,panocha
panoqhas,ˈpænətʃəz,panochas
panoqhe,pəˈnɑtʃiː,panoche
panoqhes,ˈpænəkiːz,panoches
panqhax,ˈpæntʃæks,panchax
panqhaxes,ˈpænˌkeɪsɪz,panchaxes
pantoom,ˈpænˌtaʊm,pantoum
pantooms,ˈpænˌtaʊmz,pantoums
pantsuhted,ˈpæntˌsuːtəd,pantsuited
paperweihts,ˈpeɪpəɹˌweɪts,paperweights
paqhak,ˈpætʃək,pachak
paqhisi,pəˈtʃiːsiː,pachisi
paqhuco,pəˈtʃuːkoʊ,pachuco
paqhucos,pəˈtʃuːkoʊz,pachucos
parqehing,ˈpɑɹkətɪŋ,parqueting
parqetries,ˈpɑɹkəˌtɹaɪz,parquetries
parqetry,ˈpɑɹkətɹiː,parquetry
parqhing,ˈpɑɹtʃɪŋ,parching
parqhisi,pɑɹˈtʃiːsiː,parchisi
parqhments,ˈpɑɹkmənts,parchments
partitiv,ˈpɑɹtətɪv,partitive
partitivly,pɑɹˈtɪtɪvliː,partitively
parvis,ˈpɑɹˌvaɪz,parvise
pasqfluwer,ˈpæskəwəlfəɹ,pasqueflower
pasqfluwers,ˈpæˌskwɛpləɹˌhaʊns,pasqueflowers
pasqs,pæsks,pasques
passionatness,ˌpæʃəˈjɑnənts,passionateness
passionfluwer,ˈpæsɪˌfoʊləɹn,passionflower
passionfluwers,ˈpæʃənˌfoʊləɹz,passionflowers
passivness,ˈpæsəvənz,passiveness
passivs,ˈpæsɪvz,passives
pasteduwn,ˈpæstəˌdaʊn,pastedown
pasteduwns,ˈpæstəˌdaʊnz,pastedowns
patchuli,pəˈtʃuːliː,pachouli
patchulis,ˈpætʃoʊlɪs,pachoulis
pathbraeking,ˈpæθɹəbɪŋk,pathbreaking
pathfynding,ˈpæθfɪndɪŋ,pathfinding
pathfyndings,ˈpæθfɪndɪŋz,pathfindings
patriciat,pəˈtɹɪʃətiː,patriciate
patriciats,pəˈtɹɪʃətiːz,patriciates
paunqh,pɔntʃ,paunch
paunqhier,ˈpɔntʃiːəɹ,paunchier
paunqhiest,ˈpɔnˌtʃiːəst,paunchiest
paunqhiness,ˈpɔntʃiːnəs,paunchiness
paunqhing,ˈpɔntʃɪŋ,paunching
pavilions,pəˈvɪljənz,pavillions
peafuwls,ˈpiːfˌwoʊlz,peafowls
peaqhers,ˈpiːtʃəɹz,peachers
peaqhier,ˈpiːtʃəɹ,peachier
peaqhiest,ˈpiːtʃiːəst,peachiest
peaqhing,ˈpiːtʃɪŋ,peaching
pedicellat,ˈpɛdəsəˌleɪt,pedicellate
pediculat,ˌpɛdəˈkjuːlət,pediculate
pediculats,ˈpɛdɪkjəˌleɪts,pediculates
pedunculat,ˌpiːˈdʌkənətəl,pedunculate
peeplehood,ˈpɛpəlˌwʊd,peoplehood
peeplehoods,ˈpɛpəlˌwʊdz,peoplehoods
peepleless,ˈpiːpələs,peopleless
peepling,ˈpiːpəlɪŋ,peopling
pejorativly,ˌpɛdʒəˈɹætɪvliː,pejoratively
pejorativs,ˈpɛdʒəɹətɪvz,pejoratives
pendentiv,ˈpɛndəntɪv,pendentive
pendentivs,ˈpɛndəntɪvz,pendentives
penetrativ,ˈpɛnəˌtɹeɪtɪv,penetrative
penicillat,ˌpɛnəˈsɪlət,penicillate
penliht,ˈpɛlˌnaɪt,penlight
penlihts,ˈpɛlˌnaɪts,penlights
pennyweiht,ˈpɛniːˌwɛt,pennyweight
pennyweihts,ˈpɛniːˌwɛts,pennyweights
penoqhee,ˈpɛnətʃ,penoche
penoqhees,ˈpɛnətʃɪz,penoches
penqhants,ˈpɛntʃənts,penchants
pensivly,ˈpɛnsɪvliː,pensively
pensivness,ˈpɛnsɪvnəs,pensiveness
penultimatly,ˌpɛnəˈlɛtəməliː,penultimately
penuqhee,pəˈnuːtʃ,penuche
penuqhees,ˈpɛnuːtʃɪz,penuches
perceevable,pəɹˌseɪpəbəl,perceivable
perceevably,pəɹˈseɪəbəvliː,perceivably
perceever,pəɹseɪvəɹ,perceiver
perceevers,pəɹˈsiːvəɹz,perceivers
perceptivly,pəɹˈsɛptɪvliː,perceptively
perceptivness,pəɹˈsɛptənsɪz,perceptiveness
percussivly,pəɹˈkʌsvɪtʃiː,percussively
percussivness,pəɹˈkʌspɪvnəs,percussiveness
perfectiv,pəɹˈfɛktɪv,perfective
perfectivly,pəɹˈfɛktɪvliː,perfectively
perfectivness,pəɹˈfɛktɪvnəs,perfectiveness
perfectivs,pəɹˈfɛktɪvz,perfectives
perfoliat,pəɹˈfoʊljət,perfoliate
perfuze,pəɹˈfjuːs,perfuse
perfuzed,pəɹˈfjuːst,perfused
perfuzing,pəɹˈfjuːzɪŋ,perfusing
periqe,pəɹˈiːk,perique
periqes,pəɹˈiːkɛz,periques
perlash,ˈpɜɹlæʃ,pearlash
perlashes,ˈpɜɹlˌhɑʃəz,pearlashes
perler,ˈpɜɹləɹ,pearler
perlers,ˈpɜɹləɹz,pearlers
perlescence,ˈpɜɹləsnəs,pearlescence
perlescences,ˈpɜɹləsnəs,pearlescences
perlescent,pəɹˈlɛsənt,pearlescent
perlier,ˈpɜɹliːəɹ,pearlier
perliest,ˈpɜɹliːəst,pearliest
perlized,ˈpɜɹlaɪzd,pearlised
permeativ,ˈpɜɹmətɪvət,permeative
permissivly,pəɹˈmɪsɪvliː,permissively
perqher,ˈpɜɹkəɹ,percher
perqhers,ˈpɜɹtʃəɹz,perchers
perqhing,ˈpɜɹtʃɪŋ,perching
persecutiv,pəɹˈsɛkjətɪvt,persecutive
personativ,ˈpɜɹsənətɪv,personative
perspectivly,pəɹˈspɛktɪvliː,perspectively
perturbativ,pəɹˈtɜɹtəbət,perturbative
pervasivly,pəɹˈvæsɪvliː,pervasively
perversiv,pəɹˈvɜɹsɪv,perversive
pesantries,ˈpɛsəntɹiːz,peasantries
phaseduwn,ˈfeɪzˌdaʊn,phasedown
phaseduwns,ˈfeɪzˌdaʊnz,phasedowns
philoprogenitiv,ˌfɪləˈpɹɑdʒɪnɪtɪv,philoprogenitive
phocena,foʊˈkoʊnə,phocoena
phocenidae,ˌfoʊkəˈniːdən,phocoenidae
phosphorylativ,ˌfoʊsfəɹpəˈleɪtɪv,phosphorylative
photoemissiv,ˌfoʊtoʊmaɪˈsɪvəm,photoemissive
photofludd,ˈfoʊtoʊlfɔd,photoflood
photofludds,ˈfoʊtoʊlˌfɔdz,photofloods
photoinductiv,ˌfoʊtoʊɪnˈdɪstɪkt,photoinductive
photojurnalism,ˌfoʊtoʊˈdʒɔɹnəˌlɪzəm,photojournalism
photojurnalistic,ˌfoʊtoʊˌdʒɜɹnəˈsɪltɪs,photojournalistic
photojurnalists,fəˈtɑdʒəɹnəstəlz,photojournalists
photonegativ,ˌfoʊtəˈnɑdʒɪtɪv,photonegative
photooxidativ,ˌfoʊtoʊkəˈzeɪtɪv,photooxidative
photopositiv,ˌfoʊtoʊˈpɑsətɪv,photopositive
photoreceptiv,ˌfoʊtəɹəˈsɛptɪt,photoreceptive
photosensitiv,ˌfoʊtoʊsənˈseɪtɪv,photosensitive
physiqes,fəˈziːks,physiques
phytoflagellat,ˌfaɪtoʊˈfæɡtələt,phytoflagellate
phytoflagellats,ˌfaɪtoʊfəɡˈtæləsts,phytoflagellates
piaff,piːˈɑf,piaffe
picaqho,piːˈkɑtʃoʊ,picacho
picaqhos,ˈpiːkɑkoʊs,picachos
picaresq,piːˈkɑɹɛs,picaresque
picaresqs,piːˈkɑɹɛsks,picaresques
picqet,pɪˈkwɛt,picquet
picqets,ˈpɪkəts,picquets
picturesqly,pɪkˈtʃʊɹkəsliː,picturesquely
picturesqness,ˈpɪkəˌtʃɜɹsənz,picturesqueness
pighedded,ˈpaɪɡeɪd,pigheaded
pigheddedly,ˈpaɪdʒəˌdɛliː,pigheadedly
pigheddedness,ˈpaɪdʒəˌdɛndəs,pigheadedness
pijjenholer,ˈpɪdʒənˌhoʊləɹ,pigeonholer
pijjenholers,ˈpɪdʒənˌhoʊləɹz,pigeonholers
pijjenholing,ˌpaɪdʒəˈnɑfɪŋ,pigeonholing
pijjening,ˈpɪdʒənɪŋ,pigeoning
pijjenite,ˈpɪdʒəˌnaɪt,pigeonite
pijjenites,ˈpɪdʒəˌneɪts,pigeonites
pijjenwing,ˈpaɪɡənwɪŋ,pigeonwing
pijjenwings,ˈpaɪdʒənwɪŋz,pigeonwings
pikestavvs,ˈpɪkˌsteɪsts,pikestaves
pileat,ˈpaɪˌleɪt,pileate
pillhedd,ˈpɪlˌhɛd,pillhead
pillhedds,ˈpɪlˌhɛdz,pillheads
pilqhard,ˈpɪltʃəɹd,pilchard
pilqhards,ˈpɪltʃəɹdz,pilchards
pincushon,pɪŋˈkʌʃən,pincushion
pincushons,pɪŋˈkʌʃənz,pincushions
pinfether,ˈpɪnˌfiːðəɹ,pinfeather
pinfethers,ˈpɪnˌfiːðəɹz,pinfeathers
pinhedd,ˈpɪnˌhɛd,pinhead
pinhedded,ˈpɪnˌhiːdəd,pinheaded
pinheddedness,ˌpɪnhiːˈdɛnəst,pinheadedness
pinhedds,ˈpɪnˌhɛdz,pinheads
pinkiye,ˈpɪŋkiː,pinkeye
pinkiyes,ˈpɪŋkiːz,pinkeyes
pinnat,ˈpɪnət,pinnate
pinnatly,ˈpɪnəˌtɛliː,pinnately
pinqhbeck,ˈpɪnˌkɛbk,pinchbeck
pinqhbecks,ˈpɪnˌkɛks,pinchbecks
pinqhbug,ˈpɪntʃbəɡ,pinchbug
pinqhbugs,ˈpɪŋkbəɡz,pinchbugs
pinqheck,ˈpɪnˌtʃɛk,pincheck
pinqhecks,ˈpɪnˌtʃɛks,pinchecks
pinqhpennies,pɪnˈkɛnpiːzniː,pinchpennies
pinqhpenny,pɪnˈkɛnspiːn,pinchpenny
piqeh,piːkt,piquet
piqing,ˈpiːkɪŋ,piquing
piroghe,pəˈɹoʊɡ,pirogue
piroghes,pɪˈɹoʊɡz,pirogues
piroqe,pɪˈɹoʊk,piroque
piroqes,pɪˈɹoʊks,piroques
piruetted,paɪˈɹuːtɪd,pirouetted
piruetting,ˈpaɪəɹətɪŋ,pirouetting
pistillat,ˈpɪstɪtˌleɪt,pistillate
pitchwimen,ˈpɪtʃˌwɛmbən,pitchwomen
pithedd,ˈpɪθɪd,pithead
pithedds,ˈpɪθɪdz,pitheads
placativ,ˈplækətɪv,placative
pladded,ˈpleɪdəd,plaided
pladds,pleɪdz,plaids
plaghily,ˈpleɪɡwiːliː,plaguily
plaghy,ˈpleɪɡwiː,plaguey
plainqhant,ˈpleɪnˌtʃænt,plainchant
plainqhants,ˈpleɪnˌtʃænts,plainchants
plaintivness,ˈpleɪntɪvnəs,plaintiveness
planqh,plæntʃ,planche
planqher,ˈplæntʃəɹ,plancher
planqhers,ˈplæntʃəɹz,planchers
planqhes,ˈplæntʃəz,planches
planqhet,ˈplænkɪt,planchet
planqhets,ˈplæntʃəts,planchets
plastiqe,ˈplæstək,plastique
plastiqes,ˈplæstəks,plastiques
plateresq,ˈpleɪtəɹˌsaɪk,plateresque
plausiv,ˈplɔzɪv,plausive
plausivly,ˈplɔzɪˌvɪliː,plausively
playduwn,ˈpleɪˌdaʊn,playdown
playduwns,ˈpleɪˌdaʊnz,playdowns
playsuht,ˈpleɪʒət,playsuit
playsuhts,ˈpleɪʒəts,playsuits
playwaer,ˈpleɪˌwɛɹ,playwear
playwrihting,ˈpleɪˌɹaɪtɪŋ,playwrighting
pleaqh,pliːtʃ,pleach
pleaqhing,ˈpliːtʃɪŋ,pleaching
plenqh,plɛntʃ,plench
plenqhes,ˈplɛntʃɪz,plenches
plesance,ˈplɛzəns,pleasance
plesances,ˈplɛzənsəz,pleasances
plesanter,ˈplɛzəntəɹ,pleasanter
plesantest,ˈplɛzəntəst,pleasantest
plesantness,ˈplɛzəntəns,pleasantness
plesurability,ˌpliːəzəɹˈæʃəbliː,pleasurability
plesurableness,ˈplɛɹəʃənəbəlz,pleasurableness
plesurably,ˈplɛɹəʃəbliː,pleasurably
plesured,ˈplɛʒəɹd,pleasured
plesureless,ˈplɛʒəɹəlz,pleasureless
plesuring,ˈpliːʒəɹɪŋ,pleasuring
plihted,ˈpaɪtəd,plighted
plihter,ˈplaɪtəɹ,plighter
plihters,ˈplaɪtəɹz,plighters
plihting,ˈplaɪtɪŋ,plighting
plosivs,ˈplɑsɪvz,plosives
plouhback,ˈplaʊˌbæk,ploughback
plouhbacks,ˈplaʊˌbæks,ploughbacks
plouhboy,ˈplaʊbiː,ploughboy
plouhboys,ˈplaʊbiːz,ploughboys
plouher,ˈplaʊəɹ,plougher
plouhers,ˈplaʊəɹz,ploughers
plouhhedd,ˈplaʊˌhɛd,ploughhead
plouhhedds,ˈplaʊˌhɛdz,ploughheads
plouhing,ˈplaʊɪŋ,ploughing
plouhland,ˈplaʊlənd,ploughland
plouhlands,ˈplaʊləndz,ploughlands
plouhman,ˈplaʊmən,ploughman
plouhmen,ˈplaʊmən,ploughmen
plumat,ˈpluːˌmeɪt,plumate
pluwable,ˈploʊəbəl,plowable
pluwback,ˈplaʊˌbæk,plowback
pluwbacks,ˈplaʊˌbæks,plowbacks
pluwboy,ˈplaʊˌbɔɪ,plowboy
pluwboys,ˈplaʊˌbɔɪz,plowboys
pluwer,ˈplaʊəɹ,plower
pluwers,ˈplaʊəɹz,plowers
pluwhedd,ˈplaʊˌhɛd,plowhead
pluwhedds,ˈplaʊˌhɛdz,plowheads
pluwland,ˈplaʊlənd,plowland
pluwlands,ˈplaʊləndz,plowlands
pluwmen,ˈplaʊmən,plowmen
poaqhier,ˈpoʊtʃəɹ,poachier
poaqhiest,ˈpoʊtʃiːəst,poachiest
poaqhy,ˈpoʊtʃiː,poachy
poleax,pəˈlɛks,poleaxe
pollutiv,pəˈluːtɪv,pollutive
polt,paʊlt,poult
polterer,ˈpaʊltəɹəɹ,poulterer
polterers,ˈpaʊltəɹəɹz,poulterers
polters,ˈpoʊltəɹz,poulters
polticed,ˈpaʊltɪst,poulticed
polticing,ˈpaʊltɪsɪŋ,poulticing
poltries,ˈpoʊltɹiːz,poultries
poltryman,ˈpaʊltɹiːmən,poultryman
poltrymen,ˈpoʊltɹˌmɪn,poultrymen
polyplicat,ˈpɑləpəˌkeɪlt,polyplicate
polyunsaturat,ˌpɑliːənˈsuːtəɹˌeɪt,polyunsaturate
polyunsaturats,ˌpɑliːəˈpjuːʃənəst,polyunsaturates
pomegranat,ˈpoʊməˌɡɹeɪtə,pomegranate
pomegranats,ˈpoʊmɡɹəˌteɪnts,pomegranates
pooqhing,ˈpuːtʃɪŋ,pooching
poov,puːv,poove
poovs,puːvz,pooves
popiyed,ˈpoʊˌpaɪd,popeyed
poppyhedd,ˈpɑpiːˌhɛd,poppyhead
poppyhedds,ˈpɑpiːˌhɛdz,poppyheads
poqhard,ˈpɑtʃəɹd,pochard
poqhards,ˈpɑkəɹdz,pochards
porkqhop,ˈpɔɹˌkɑp,porkchop
porkqhops,ˈpɔɹˌkɑps,porkchops
porrable,ˈpʊɹəbəl,pourable
porrer,ˈpaʊɹəɹ,pourer
porrers,ˈpʊɹəɹz,pourers
porringly,ˈpɔɹɪŋliː,pouringly
portativ,ˈpɔɹtətɪv,portative
positivness,pəˈsɪtɪvnəs,positiveness
pospositivly,ˌpoʊstəpˈtæsətɪviː,postpositively
possessivly,pəˈsɛsɪvliː,possessively
possessivs,pəˈsɛsɪvz,possessives
postbaccalaureat,ˌpɔstəbkəˈmjɛtəɹkiː,postbaccalaureate
postcollegiat,ˌpoʊstkəlˈdʒeɪtiːəp,postcollegiate
postdeddline,poʊstˈdɛmənd,postdeadline
postdoctorat,ˌpoʊstətsˈdɔk,postdoctorate
postdoctorats,ˌpoʊstətˈdɔksɪt,postdoctorates
postebag,ˈpoʊstəbɪɡ,postbag
postebags,ˈpoʊstəbɪɡz,postbags
postebox,ˈpɑstˌbɑks,postbox
posteboxes,ˈpɑstˌbʌksɪz,postboxes
posteboy,ˈpɑstˌbɔɪ,postboy
posteboys,ˈpɑstˌbɔɪz,postboys
postecardlike,ˈpoʊstˌkɑɹˌdeɪk,postcardlike
postecode,ˈpoʊstˌkoʊt,postcode
postecodes,ˈpoʊstˌkoʊdz,postcodes
postemarking,ˈpoʊstˌmɑɹkɪŋ,postmarking
postemastership,ˈpoʊstˌmæstɹəpˌʃɪp,postmastership
postemasterships,ˈpoʊstˌmæstəɹˌʃɪps,postmasterships
postemen,ˈpoʊstmən,postmen
postepaid,ˈpoʊstˌpeɪd,postpaid
posteruptiv,ˈpoʊstəɹˌtuːpɪts,posteruptive
postfliht,ˈpoʊstˌflaɪt,postflight
postgraduat,pəˈstæɡɹəˌdeɪt,postgraduate
postgraduats,pəˈstæɡɹəˌdeɪts,postgraduates
postiqe,pəˈstiːk,postique
postiqes,poʊˈstiːks,postiques
postlaunqh,ˈpɑstlaʊnθ,postlaunch
postliterat,pɑˈstɪltəɹˌeɪt,postliterate
postmidniht,poʊstˈmɪtɪdɹɪt,postmidnight
postoperativ,ˌpoʊstəpəɹˈeɪtɪv,postoperative
postoperativly,ˌpoʊstəpəɹˈeɪtəpɪtiː,postoperatively
postpositiv,ˌpoʊstpoʊˈtiːst,postpositive
postsynch,ˈpoʊˌstɪpsɪŋ,postsync
postsynching,ˈpoʊstˌspɪŋɪŋ,postsyncing
pothedd,ˈpɑtʃəd,pothead
pothedds,ˈpɑtˌhɛdz,potheads
pouqhier,ˈpaʊtʃəɹ,pouchier
pouqhiest,ˈpaʊtʃiːəst,pouchiest
pouqhing,ˈpaʊtʃɪŋ,pouching
pouqhy,ˈpaʊtʃiː,pouchy
pratiqe,pɹəˈtiːk,pratique
pratiqes,pɹəˈtiːks,pratiques
preadaptiv,pɹiːˈædˌpeɪtɪv,preadaptive
preapproov,ˈpɹiːpəɹˌpoʊ,preapprove
preapprooving,pɹiːˈpɹɔpɪŋ,preapproving
preaqhier,ˈpɹiːtʃiːəɹ,preachier
preaqhiest,ˈpɹiːtʃiːəst,preachiest
preaqhified,ˌpɹiːəˈʃiːdiːɪŋ,preachified
preaqhify,ˌpɹiːəˈʃiːfiː,preachify
preaqhifying,ˌpɹiːəˈʃiːɪŋfiːk,preachifying
preaqhily,ˈpɹiːtʃəliː,preachily
preaqhiness,ˈpɹiːtʃiːnəs,preachiness
preaqhingly,ˈpɹiːtʃɪŋliː,preachingly
preaqhment,ˈpɹiːtʃmənt,preachment
preaqhments,ˈpɹiːtʃmənts,preachments
prebraekfast,ˌpɹiːbɹiːˈɑkfəst,prebreakfast
prebynd,ˈpɹiːbɪnd,prebind
prebynding,pɹiːˈbɪndɪŋ,prebinding
precava,pɹeɪˈkɑvə,praecava
precavae,ˌpɹɛˈkeɪvə,praecavae
precaval,ˈpɹɛkəˌvæl,praecaval
preceptiv,pɹɪˈsɛptɪv,preceptive
precipe,ˌpɹiːˈsɪpiː,praecipe
precipes,ˈpɹiːˌsaɪps,praecipes
precipitativ,pɹɪˈsɪpəˌteɪtɪv,precipitative
precipitatly,pɹɪˈsɪpɪtətiː,precipitately
precipitatness,pɹɪˈsɪpəˌteɪts,precipitateness
preclusiv,pɹɪˈkluːsɪv,preclusive
preclusivly,pɹɪˈkluːvsɪsliː,preclusively
precognitiv,pɹəˈkɑɡnɪvɪts,precognitive
precollegiat,pɹiːkəˈliːdʒət,precollegiate
preconceeving,pɹiːkənˈsiːvɪŋ,preconceiving
predicativ,pɹɪˈdɪkətɪv,predicative
predicativly,ˌpɹiːdɪˈkætɪvətiː,predicatively
predictivly,pɹɪˈdɪktɪvliː,predictively
predisqharge,ˈpɹɛdɪʃˌkɔɹɡ,predischarge
predisqharged,ˈpɹɛdɪskˌhɔɹdʒ,predischarged
predisqharging,ˈpɹɛdɪskhɪɡəɹ,predischarging
prefect,ˈpɹɛfɛkt,praefect
prefects,ˈpɹɛˌfɛkts,praefects
prefigurativ,ˌpɹiːfɪɡəɹˈveɪtəɹ,prefigurative
prefigurativly,ˌpɹiːfɪɡəɹˈævətliː,prefiguratively
prefigurativness,ˌpɹiːfɪɡəɹˈeɪʃənst,prefigurativeness
prefiht,ˈpɹiːˌfaɪt,prefight
preheddache,ˌpɹiːhəˈdeɪʃ,preheadache
prelaunqh,pɹiːˈlɔntʃ,prelaunch
prelect,ˈpɹɛlɪkt,praelect
prelected,ˈpɹɛlɪktəd,praelected
prelecting,ˈpɹɛlɪktɪŋ,praelecting
preliterat,pɹɪˈlɪtəɹət,preliterate
preliterats,pɹɪˈlɪtəɹəts,preliterates
preliv,ˈpɹɛlaɪv,prelive
prelivd,pɹiːˈlaɪvd,prelived
prelunqh,ˈpɹɛləntʃ,prelunch
prelunqhon,pɹɪˈlʌŋkʃən,preluncheon
prelusiv,pɹɛˈluːsɪv,prelusive
prelusivly,ˌpɹɛˈluːsəvliː,prelusively
premeditativ,ˌpɹɛməˈdɛtətəvɪt,premeditative
premesure,ˌpɹiːməˈzʊɹ,premeasure
premesured,ˌpɹiːmiːˈzʊɹd,premeasured
premesuring,pɹiːˈmɪʒəɹɪŋ,premeasuring
preoperativ,pɹiːəpəɹˈeɪtɪv,preoperative
preoperativly,ˌpɹiːəpəɹˈeɪtɪvliː,preoperatively
preparativ,pɹiːˈpæɹətɪv,preparative
preparativly,pɹiːˈpæɹətɪvliː,preparatively
preparativs,pɹiːˈpæɹətɪvz,preparatives
preponderatly,ˌpɹiːpənˈdɔɹətəd,preponderately
prepositiv,ˌpɹiːpəˈzɪtɪtɪv,prepositive
prepositivly,ˌpɹiːpəˈzɪtɪtliː,prepositively
prepunqh,ˈpɹɛpəntʃ,prepunch
prepunqhing,pɹiːˈpʌŋkɪŋ,prepunching
prepurqhas,pɹiːˈpɜɹtʃəs,prepurchase
prepurqhasing,ˈpɹɛpəɹˌtʃeɪsɪŋ,prepurchasing
preqharge,pɹɪˈtʃɑɹdʒ,precharge
preqharged,ˈpɹɛkəɹdʒd,precharged
preqharging,ˈpɹɛtʃəɹɡɪŋ,precharging
preqheck,ˈpɹiːˌtʃɛk,precheck
preqheckd,ˈpɹiːˌkɛkt,prechecked
preqhecking,ˈpɹɛkəkɪŋ,prechecking
preqhill,ˈpɹɛkəl,prechill
preqhilling,ˈpɹɛkɪlɪŋ,prechilling
prerehersal,pɹiːˈɹiːhəɹsən,prerehearsal
prerogativd,pɹɪˈɹɑɡətɪvd,prerogatived
presbyterat,ˈpɹɛsbɪtɹiːt,presbyterate
presbyterats,ˈpɹɛsbɪtɹiːts,presbyterates
prescriptiv,pɹɪˈskɹɪptɪv,prescriptive
prescriptivly,pɹɪˈskɹɪptɪvliː,prescriptively
presentativ,pɹiːˈzɛntətɪv,presentative
presidia,pɹɛˈziːdiːə,praesidia
presidium,ˌpɹɛzɪˈdɪjə,praesidium
presidiums,ˌpɹɛzɪˈdiːəmz,praesidiums
preslauhter,ˈpɹɛˌslɔtəɹ,preslaughter
presumptivly,pɹɪˈzʌmptɪvliː,presumptively
pretoria,pɹiːˈtɔɹiːə,praetoria
pretorial,pɹiːˈtɔɹiːəl,praetorial
pretorians,pɹiːˈtɔɹiːənz,praetorians
pretorium,ˌpɹiːˈtɛɹiːəm,praetorium
pretors,ˈpɹɛtəɹz,praetors
pretorship,ˈpɹɛtəɹˌʃɪp,praetorship
pretorships,ˈpɹɛtəɹˌʃɪps,praetorships
preventivly,pɹɪˈvɛntɪvliː,preventively
preventivness,pɹɪˈvɛntənˌvɪnz,preventiveness
preventivs,pɹəˈvɛntɪvz,preventives
primatship,ˈpɹaɪəmˌθaɪz,primateship
primatships,ˈpɹaɪməˌʃɪps,primateships
primeval,pɹiːˈmeɪvəl,primaeval
primevally,pɹiːɪˈmævəliː,primaevally
primitivly,ˈpɹɪmətɪvliː,primitively
primitivness,ˈpɹɪmətənsɪz,primitiveness
primitivs,ˈpɹɪmətɪvz,primitives
printhedd,ˈpɹɪnθəd,printhead
printhedds,ˈpɹɪnθədz,printheads
priorat,ˈpɹaɪəˌɹeɪt,priorate
priorats,ˈpɹaɪəɹəts,priorates
prittied,ˈpɹɛtiːd,prettied
prittification,ˌpɹɛtəfəˈkeɪʃən,prettification
prittifications,ˌpɹɛtəfəˈkeɪʃənz,prettifications
prittified,ˈpɹɛtəˌfaɪd,prettified
prittifier,pɹiːˈtɪfiːəɹ,prettifier
prittifiers,ˈpɹɛtəˌfaɪəɹz,prettifiers
prittify,ˈpɹɛtəˌfaɪ,prettify
prittifying,ˈpɹɛtəˌfaɪɪŋ,prettifying
prittily,ˈpɹɛtəliː,prettily
prittiness,pɹiːˈtiːnz,prettiness
prittying,ˈpɹɛtiːɪŋ,prettying
prittyish,ˈpɹɛtɪʃɪs,prettyish
privativ,ˈpɹaɪvətɪv,privative
privativly,ˈpɹaɪvətɪvliː,privatively
privativs,ˈpɹaɪvətɪvz,privatives
privatness,ˈpɹaɪvətənz,privateness
prizefiht,ˈpɹaɪzˌfaɪt,prizefight
prizefihter,ˈpɹaɪzˌfɪtəɹt,prizefighter
prizefihters,ˈpɹaɪzˌfaɪtəɹz,prizefighters
prizefihting,ˈpɹaɪzˌfaɪtɪŋ,prizefighting
prizefihtings,ˈpɹaɪzˌfaɪtɪŋ,prizefightings
processiv,pɹəˈsɛsɪv,processive
proconsulat,pɹəˈkʌnsəˌleɪt,proconsulate
proconsulats,ˌpɹɑkənˈsuːləts,proconsulates
procreativ,pɹoʊˈkɹiːtɪv,procreative
productivness,pɹəˈdʌktɪvnəs,productiveness
professorat,pɹəˈfɛsəɹˌeɪt,professorate
professorats,pɹəˈfɛsəɹˌeɪts,professorates
profligatly,ˈpɹɑfləˌɡeɪtəf,profligately
profligatness,ˈpɹɔflɪˌɡeɪnts,profligateness
profligats,ˈpɹɑfləˌɡeɪts,profligates
progressivness,pɹəˈɡɹɛsəvɪnsɪz,progressiveness
prohibitivness,pɹoʊˈhɪbətəvənsts,prohibitiveness
projectivly,pɹəˈdʒɛktɪvliː,projectively
proliferativ,pɹəˈlɪfəɹətɪv,proliferative
promotiv,pɹəˈmoʊtɪv,promotive
promotivness,pɹəˈmoʊtəvənzɪz,promotiveness
proovableness,ˈpɹuːvəlbənsɪz,provableness
proovably,ˈpɹuːvəliː,provably
proovenly,ˈpɹuːvənliː,provenly
proover,ˈpɹuːvəɹ,prover
proovers,ˈpɹuːvəɹz,provers
propagativ,ˈpɹɑpəˌɡeɪtɪv,propagative
propretor,pɹəˈpɔɹtəɹ,propraetor
propretors,pɹəˈpɔɹtəɹz,propraetors
proprioceptiv,pɹəpɹiːəˈspeɪʃəpt,proprioceptive
propulsiv,pɹəˈpʌlsɪv,propulsive
proroghe,ˈpɹɔɹəɡ,prorogue
proroghed,ˈpɹɔɹədʒəd,prorogued
proroghing,pɹəˈɹoʊɡɪŋ,proroguing
proscriptiv,pɹoʊˈskɹɪptɪv,proscriptive
proscriptivly,pɹoʊˈskɹɪptɪvliː,proscriptively
protectivness,pɹəˈtɛktɪvnəs,protectiveness
protectorats,pɹəˈtɛktəɹˌeɪts,protectorates
protensiv,pɹəˈtɛnsɪv,protensive
protensivly,pɹəˈtɛnsɪvliː,protensively
protractiv,pɹəˈtɹætɪkɪv,protractive
protrusiv,pɹəˈtɹuːsɪv,protrusive
protrusivly,pɹəˈtɹuːsɪvliː,protrusively
protrusivness,pɹoʊˈtɹuːsəvɪnzɪz,protrusiveness
proudharted,ˈpɹaʊdɹˌhɛtəd,proudhearted
provocativness,pɹəˈvɑkətənsɪz,provocativeness
provocativs,ˈpɹoʊvəvətɪks,provocatives
proximatly,ˈpɹɑksəməˌtɪltiː,proximately
proximatness,ˌpɹɑksəˈmeɪʃənts,proximateness
proximats,ˈpɹɑksəməts,proximates
pruwer,ˈpɹaʊəɹ,prower
pruwesses,pɹoʊˈɛsɪz,prowesses
pruwest,ˈpɹoʊəst,prowest
pruwlers,ˈpɹaʊləɹz,prowlers
pseudoreplicat,ˌsuːdəɹəˈpleɪstɪk,pseudoreplicate
pseudoreplicats,ˌsuːdəɹəˈpleɪstɪk,pseudoreplicates
psychoactiv,saɪˈkɑpətɪv,psychoactive
psychosurjen,ˌsaɪkoʊʒˈwɛɹən,psychosurgeon
psychosurjens,ˌsaɪkoʊˈdʒɛɹəsnəs,psychosurgeons
pulard,puːˈlɑɹd,poulard
pulards,puːˈlɑɹdɛs,poulardes
pulmonat,ˈpʊlməˌneɪt,pulmonate
pulmonats,ˈpʊlməˌneɪts,pulmonates
pulqe,plʌk,pulque
pulqes,pʌlkfs,pulques
punitivly,ˈpjuːnətɪvliː,punitively
punitivness,ˈpʌnətəvənsɪz,punitiveness
punqhball,ˈpʌŋkˌbɔl,punchball
punqhballs,ˈpʌŋkˌʃɔlz,punchballs
punqhboard,ˈpʌŋˌbɔɹd,punchboard
punqhboards,ˈpʌŋbˌwɑɹdz,punchboards
punqher,ˈpʌntʃəɹ,puncher
punqhers,ˈpʌntʃəɹz,punchers
punqhier,ˈpʌntʃiːəɹ,punchier
punqhiest,ˈpʌntʃiːəst,punchiest
punqhily,ˈpʌntʃəliː,punchily
punqhin,ˈpʌntʃən,puncheon
punqhinello,puːntʃiːˈnɛloʊ,punchinello
punqhinellos,ˈpʌntʃiːˌnoʊliːz,punchinellos
punqhins,ˈpʌntʃənz,puncheons
punqhless,ˈpʌntʃləs,punchless
purblynd,ˈpɜɹblɪnd,purblind
purblyndly,ˈpɜɹblɪndiː,purblindly
purblyndness,ˈpɜɹblɪndənz,purblindness
purebludd,ˈpʊɹəˌbluːd,pureblood
purebludds,ˈpjuːɹˌbloʊdz,purebloods
purgativ,ˈpɜɹɡətɪv,purgative
purgativs,ˈpɜɹɡətɪvz,purgatives
purplehart,ˈpɜɹplɪˌhɛtəɹ,purpleheart
purpleharts,ˈpɜɹplɪhəɹts,purplehearts
purposfulness,ˈpɜɹpəsfəlsənz,purposefulness
purposiv,ˈpɜɹpəsɪv,purposive
purposivly,pəɹˈpɑzəvliː,purposively
purposivness,pəɹˈpɑzəvənzɪz,purposiveness
purposlessly,ˈpɜɹpəsliːz,purposelessly
purposlessness,ˈpɜɹpəsləsnəs,purposelessness
purqhasable,ˈpɜɹtʃəsəbəl,purchasable
pushduwn,ˈpʊʃˌdaʊn,pushdown
pushduwns,ˈpʊʃˌdaʊnz,pushdowns
pushqhair,ˈpʊʃˌkeɪɹ,pushchair
pushqhairs,ˈpʊʃˌkeɪzəɹ,pushchairs
putativly,ˈpjuːtətɪvliː,putatively
putrefactiv,ˈpjuːtɹəˌfæktɪv,putrefactive
puwderer,ˈpaʊdəɹəɹ,powderer
puwderers,ˈpaʊdəɹəɹz,powderers
puwderless,ˈpaʊdəɹləs,powderless
puwderlike,ˈpaʊdəɹˌlaɪk,powderlike
puwderpuff,ˈpaʊdəɹˌpʊf,powderpuff
puwerboats,ˈpaʊəɹˌboʊts,powerboats
puwerbroker,ˈpaʊəɹˌbɹoʊkəɹ,powerbroker
puwerbrokers,ˈpaʊəɹˌbɹoʊkəɹz,powerbrokers
puwerlessly,ˈpaʊəɹləsliː,powerlessly
puwerpoint,ˈpaʊəɹˌpɔɪnt,powerpoint
puwerpoints,ˈpaʊəɹˌpɔɪnts,powerpoints
puwters,ˈpaʊtəɹz,powters
puwwuwd,ˈpaʊˌwʊd,powwowed
puwwuwing,ˈpaʊˌwɔɪŋ,powwowing
puzzlehedded,ˈpʌzəlˌheɪdəd,puzzleheaded
puzzleheddedness,ˌpʌtsəlˈhɪndiːz,puzzleheadedness
pyntsize,ˈpɪntˌsaɪz,pintsize
pyntsized,ˈpɪntˌsaɪzd,pintsized
qenell,kwɛˈnɛl,quenelle
qenells,ˈkwɛnəlz,quenelles
qeridas,kwɛˈɹiːdəs,queridas
qesadiya,kwɛˈseɪdələ,quesadilla
qeud,kweɪd,queued
qeuer,ˈkwaɪəɹ,queuer
qeuers,ˈkwaɪəɹz,queuers
qeuing,ˈkweɪɪŋ,queueing
qhabuk,ʃəˈboʊ,chabouk
qhabuks,ʃəˈboʊks,chabouks
qhacma,ˈtʃækmə,chacma
qhacmas,ˈtʃækməz,chacmas
qhadar,ˈtʃædəɹ,chadar
qhadars,ˈtʃædəɹz,chadars
qhadians,ˈtʃædiːənz,chadians
qhadless,ˈʃeɪdləs,chadless
qhador,ˈtʃeɪdɔɹ,chador
qhadors,ˈtʃeɪdəɹz,chadors
qhadri,ˈtʃɑdɹiː,chadri
qhads,tʃædz,chads
qhafer,ˈtʃeɪfəɹ,chafer
qhafers,ˈtʃeɪfəɹz,chafers
qhaffer,ˈtʃeɪfəɹ,chaffer
qhafferer,ˈtʃæfəɹəɹ,chafferer
qhafferers,ˈtʃeɪfəɹəɹz,chafferers
qhaffering,ˈtʃæfəɹɪŋ,chaffering
qhaffier,ˈtʃæfiːəɹ,chaffier
qhaffiest,ˈtʃæfɪtʃəz,chaffiest
qhaffing,ˈtʃæfɪŋ,chaffing
qhaffinqh,ˈtʃæfɪntʃ,chaffinch
qhaffinqhes,ˈtʃæfɪntʃɪz,chaffinches
qhahkboard,ˈkælkˌbɔɹd,chalkboard
qhahkboards,ˈkælkˌbɔɹdz,chalkboards
qhahkier,ˈkækliːəɹ,chalkier
qhahkiest,ˈkælkiːəst,chalkiest
qhahky,ˈtʃækiː,chalky
qhain,tʃeɪn,chaine
qhainman,ˈtʃeɪnmən,chainman
qhainmen,ˈtʃeɪnmən,chainmen
qhainsawing,ˈtʃeɪnˌsweɪtɪŋ,chainsawing
qhainwheel,ˈtʃeɪnˌwɛl,chainwheel
qhainwheels,ˈtʃeɪnˌwɛlz,chainwheels
qhairlift,ˈtʃɛɹˌlɪtf,chairlift
qhairlifts,ˈtʃɛɹˌlɪfts,chairlifts
qhairmaning,ˈtʃɛɹmənɪŋ,chairmaning
qhairmanning,ˈtʃɛɹmənɪŋ,chairmanning
qhairpersons,ˈtʃɛɹpəɹsənz,chairpersons
qhakra,ˈkɑkɹə,chakra
qhakras,ˈtʃɑkɹəz,chakras
qhalder,ˈtʃældəɹ,chalder
qhalders,ˈtʃɑldəɹz,chalders
qhaldron,ˈtʃældɹən,chaldron
qhaldrons,ˈtʃɑldɹənz,chaldrons
qhaliced,ˈtʃæləst,chaliced
qhalices,ˈtʃælɪsɪz,chalices
qhallengeable,ˈtʃælənˌdʒiːbəl,challengeable
qhallengingly,ˈtʃæləndʒɪŋliː,challengingly
qhallises,ˈtʃælaɪzəz,challises
qhambering,ˈtʃeɪmbəɹɪŋ,chambering
qhamberlans,ˈtʃeɪmbəɹlənz,chamberlains
qhambermaid,ˈtʃæmbəɹˌmeɪd,chambermaid
qhambermaids,ˈtʃæmbəɹˌmɛdz,chambermaids
qhamberpot,ˈtʃeɪmbəɹˌpɑt,chamberpot
qhamberpots,ˈtʃeɪmbəɹˌpɑts,chamberpots
qhamfer,ˈtʃæmfəɹ,chamfer
qhamfering,ˈtʃæmfəɹɪŋ,chamfering
qhamferings,ˈtʃæmfəɹɪŋz,chamferings
qhamfron,ˈtʃæmfɹən,chamfron
qhamfrons,ˈtʃæmfɹənz,chamfrons
qhamiso,tʃəˈmiːsoʊ,chamiso
qhamisos,tʃəˈmiːsoʊs,chamisos
qhampac,ˈtʃæmpæk,champac
qhampacs,ˈtʃæmˌpæks,champacs
qhampak,ˈtʃæmpæk,champak
qhampaks,ˈtʃæmpæks,champaks
qhamper,ˈtʃæmpəɹ,champer
qhamperties,ˈʃæmpəɹtiːz,champerties
qhampertous,tʃæmˈpɛɹtəs,champertous
qhamperty,ˈtʃæmpəɹtiː,champerty
qhamping,ˈtʃæmpɪŋ,champing
qhampy,ˈtʃæmpiː,champy
qhanced,tʃænst,chanced
qhanceful,ˈtʃænsəfəl,chanceful
qhancel,ˈtʃænsəl,chancel
qhancelleries,ˈtʃænsəˌlɛɹiːz,chancelleries
qhancellery,ˈtʃænsəˌlɛɹiː,chancellery
qhancellories,ˈtʃæntʃəˌlɔɹiːz,chancellories
qhancellorship,ˈtʃænsələɹˌʃɪp,chancellorship
qhancellorships,ˈtʃænsələɹˌʃɪps,chancellorships
qhancellory,ˈtʃænsəˌlɔɹiː,chancellory
qhancels,ˈtʃænsəlz,chancels
qhanceries,ˈtʃænsəɹiːz,chanceries
qhancier,ˈtʃænsiːəɹ,chancier
qhanciest,ˈtʃæntʃəst,chanciest
qhancily,ˈtʃænsəliː,chancily
qhanciness,ˈtʃæntʃənsiːz,chanciness
qhancing,ˈtʃænsɪŋ,chancing
qhandleries,ˈtʃændləɹiːz,chandleries
qhandlers,ˈtʃændləɹz,chandlers
qhandlery,ˈtʃændləɹiː,chandlery
qhanfron,ˈtʃænfɹən,chanfron
qhanfrons,ˈfænfɹənz,chanfrons
qhangeabilities,ˌtʃæŋɡiːəˈbɪlətiːz,changeabilities
qhangeability,ˌtʃæŋiːəˈbɪlɪtiː,changeability
qhangeableness,ˈtʃeɪndʒəbənləs,changeableness
qhangeably,ˈtʃændʒəbliː,changeably
qhangeful,ˈtʃeɪndʒfəl,changeful
qhangefully,ˈtʃæŋɪfəliː,changefully
qhangefulness,ˈtʃeɪŋɡɪnˌhʌsənz,changefulness
qhangeless,ˈtʃeɪndʒələs,changeless
qhangelessly,ˈtʃæŋɡəlɛsliː,changelessly
qhangelessness,ˈtʃeɪndʒələsnəs,changelessness
qhangeling,ˈtʃeɪŋɡəlɪŋ,changeling
qhangelings,ˈtʃeɪndʒəlɪŋz,changelings
qhangeup,tʃeɪndʒ,changeup
qhangeups,ˈtʃeɪndʒəps,changeups
qhank,tʃæŋk,chank
qhanks,tʃæŋks,chanks
qhanneler,ˈtʃænələɹ,channeler
qhannelers,ˈtʃænələɹz,channelers
qhannelization,ˌtʃænələˈseɪʃən,channelisation
qhannelizations,ˌtʃænələˈsaɪtənz,channelisations
qhannelize,ˈtʃænəˌlaɪz,channelize
qhannelized,ˈtʃænəˌlaɪzd,channelized
qhannelizing,ˈtʃænəˌlaɪzɪŋ,channelizing
qhanter,ˈtʃæntəɹ,chanter
qhanters,ˈtʃæntəɹz,chanters
qhantey,ˈtʃæntiː,chantey
qhanteys,ˈtʃæntiːz,chanteys
qhanticleer,ˈkæntɪˌkliːəɹ,chanticleer
qhanticleers,ˈtʃæntɪˌkliːz,chanticleers
qhanties,ˈtʃæntiːz,chanties
qhantor,ˈtʃæntəɹ,chantor
qhantors,ˈtʃæntəɹz,chantors
qhantries,ˈtʃæntɹiːz,chantries
qhantry,ˈtʃæntɹiː,chantry
qhanty,ˈtʃæntiː,chanty
qhaparrals,ˈtʃæpəɹəlz,chaparrals
qhapati,tʃəˈpɑtiː,chapati
qhapatis,ˈtʃæpətɪs,chapatis
qhapatti,tʃəˈpɑtiː,chapatti
qhapattis,tʃəˈpɑtəs,chapattis
qhapbook,ˈtʃæpˌbʊk,chapbook
qhapbooks,ˈtʃæpˌbʊks,chapbooks
qhape,tʃeɪp,chape
qhapels,ˈtʃæpəlz,chapels
qhapes,tʃeɪps,chapes
qhapfallen,ˈtʃæpfələn,chapfallen
qhapiter,ˈkæpətəɹ,chapiter
qhapiters,ˈtʃæpətəɹz,chapiters
qhaplancies,ˈtʃæplənˌsaɪz,chaplaincies
qhaplancy,ˈtʃæplənsiː,chaplaincy
qhaplet,ˈtʃæpəlt,chaplet
qhapleted,ˈtʃæpəltəd,chapleted
qhaplets,ˈtʃæpəlts,chaplets
qhapmen,ˈtʃæpmən,chapmen
qhappati,ˈtʃæptətiː,chappati
qhappatis,ˈtʃæpətɪs,chappatis
qhapping,ˈtʃæpɪŋ,chapping
qhappy,ˈtʃæpiː,chappy
qhapt,tʃæpt,chapt
qhaptering,ˈtʃæptəɹɪŋ,chaptering
qhaqhka,ˈtʃætʃkə,chatchka
qhaqhkas,ˈtʃætʃkəz,chatchkas
qhaqhke,tʃætʃk,chatchke
qhaqhkes,ˈtʃætʃkəz,chachkes
qharas,ˈtʃɑɹəz,charas
qharbroil,ˈtʃɑɹˌbɹɔɪl,charbroil
qharbroiler,ˈtʃɑɹbəɹˌɔɪl,charbroiler
qharbroilers,ˈkɑɹbəɹˌɔɪlz,charbroilers
qharbroiling,ˈtʃɑɹˌbɹɔɪlɪŋ,charbroiling
qharcoaling,ˈtʃɑɹkoʊlɪŋ,charcoaling
qhards,tʃɑɹdz,chards
qhare,tʃɑɹ,chare
qhared,tʃɛɹd,chared
qhargeback,ˈtʃɑɹdʒkəbəl,chargeback
qhargebacks,ˈtʃɑɹdʒkəbəs,chargebacks
qhargehand,ˈtʃɑɹʃənd,chargehand
qhargehands,ˈtʃɑɹdʒənˌdænz,chargehands
qharier,ˈtʃɛɹiːəɹ,charier
qhariest,ˈtʃɛɹiːəst,chariest
qharily,ˈtʃɛɹəliː,charily
qhariness,ˈtʃɛɹiːnəs,chariness
qharing,ˈtʃɛɹɪŋ,charing
qharioted,ˈtʃɛɹiːətɪd,charioted
qharioteer,ˌkɛɹiːəˈtɛɹ,charioteer
qharioteers,ˌkɛɹiːəˈtiːɹz,charioteers
qharioting,ˈtʃɛɹiːətɪŋ,charioting
qharitableness,ˈkɛɹətəbəlz,charitableness
qharivari,kɑɹiːˈvɑɹiː,charivari
qharivaris,ˌkæɹɪˈvɑɹɛz,charivaris
qhark,tʃɑɹk,chark
qharka,ˈtʃɑɹkə,charka
qharkas,ˈtʃɑɹkəz,charkas
qharkha,ˈtʃɑɹkə,charkha
qharkhas,ˈtʃɑɹkəz,charkhas
qharki,ˈtʃɑɹkwiː,charqui
qharkid,ˈtʃɑɹkwəd,charquid
qharking,ˈtʃɑɹkɪŋ,charking
qharkis,ˈtʃɑɹkwɪs,charquis
qharladies,ˈtʃɑɹlədiːz,charladies
qharlady,ˈtʃɑɹlədiː,charlady
qharleys,ˈtʃɑɹliːz,charleys
qharlies,ˈtʃɑɹliːz,charlies
qharlock,ˈtʃɑɹlək,charlock
qharlocks,ˈtʃɑɹləks,charlocks
qharmless,ˈtʃɑɹmləs,charmless
qharnel,ˈtʃɑɹnəl,charnel
qharnels,ˈtʃɑɹnəlz,charnels
qharpai,ˈtʃɑɹpeɪ,charpai
qharpais,ˈtʃɑɹpəz,charpais
qharpoy,ˈtʃɑɹpɔɪ,charpoy
qharpoys,ˈtʃɑɹˌpoʊz,charpoys
qharr,tʃɑɹ,charr
qharriest,ˈtʃæɹiːəst,charriest
qharro,ˈtʃɑɹoʊ,charro
qharros,ˈtʃɑɹoʊz,charros
qharrs,tʃɑɹz,charrs
qharterer,ˈtʃɑɹtəɹəɹ,charterer
qharterers,ˈtʃɑɹtəɹəɹz,charterers
qhartularies,ˈtʃɑɹtʃəlˌwɛɹz,chartularies
qhartulary,ˈtʃɑɹtʃəˌlɔɹiː,chartulary
qhastely,ˈtʃeɪstəliː,chastely
qhastener,ˈtʃæsənəɹ,chastener
qhasteners,ˈtʃeɪsənəɹz,chasteners
qhasteness,ˈtʃeɪsənəs,chasteness
qhastening,ˈtʃeɪsənɪŋ,chastening
qhaster,ˈtʃeɪstəɹ,chaster
qhastest,ˈtʃæsəts,chastest
qhastisement,ˈtʃæstɪsmənt,chastisement
qhastisements,ˈtʃæstɪsmənts,chastisements
qhastiser,ˈtʃæˌstaɪzəɹ,chastiser
qhastisers,tʃæˈstaɪsəɹz,chastisers
qhastities,ˈtʃæstətiːz,chastities
qhasuble,ˈtʃæzəbəl,chasuble
qhasubles,ˈtʃækəbəlz,chasubles
qhatbot,ˈtʃætˌbɑt,chatbot
qhatbots,ˈtʃætˌbɑts,chatbots
qhatroom,ˈtʃæˌtɹuːm,chatroom
qhatrooms,tʃəˈtɹuːmz,chatrooms
qhattels,ˈtʃætəlz,chattels
qhatterbox,ˈtʃætəɹˌbɔks,chatterbox
qhatterboxes,ˈtʃætəɹˌkɔɹbzɪz,chatterboxes
qhatterer,ˈtʃætəɹəɹ,chatterer
qhatterers,ˈtʃætəɹəɹz,chatterers
qhattery,ˈtʃætəɹiː,chattery
qhattier,ˈtʃætiːəɹ,chattier
qhattiest,ˈtʃætiːəst,chattiest
qhattily,ˈtʃætəliː,chattily
qhattiness,ˈtʃætiːnəs,chattiness
qhaufer,ˈʃɔfəɹ,chaufer
qhaufers,ˈʃɔfəɹz,chaufers
qhauffer,ˈʃɔfəɹ,chauffer
qhauffers,ˈʃɔfəɹz,chauffers
qhaulmoogra,ˌtʃɔlˈduːmɹə,chaulmoogra
qhaulmoogras,tʃoʊlˈdɔmɹəz,chaulmoogras
qhaunt,ʃɔnt,chaunt
qhaunted,ˈʃɔntəd,chaunted
qhaunter,ˈʃɔntəɹ,chaunter
qhaunters,ˈtʃɔntəɹz,chaunters
qhaunting,ˈtʃɔntɪŋ,chaunting
qhawbacon,ˈʃɔbəkɑn,chawbacon
qhawbacons,ˈʃɔbˌwɑknəsn,chawbacons
qhawer,ˈtʃɔəɹ,chawer
qhawers,ˈtʃɔəɹz,chawers
qhawing,ˈtʃɔɪŋ,chawing
qhay,ʃeɪ,chay
qhayote,ˈtʃeɪˌoʊt,chayote
qhayotes,ˈtʃeɪˌoʊts,chayotes
qhays,keɪz,chays
qheapie,ˈtʃiːpiː,cheapie
qheapies,ˈtʃiːpiːz,cheapies
qheapish,ˈtʃiːpɪʃ,cheapish
qheapishly,ˈtʃiːpɪʃliː,cheapishly
qheapjack,ˈtʃɛptʃæk,cheapjack
qheapjacks,ˈtʃɛptʃæks,cheapjacks
qheapos,ˈtʃiːpoʊz,cheapos
qheapskates,ˈtʃiːpˌsteɪks,cheapskates
qheatgrass,ˈtʃiːtɡɹəs,cheatgrass
qheatgrasses,ˈtʃiːtɡɹəsəz,cheatgrasses
qheck,tʃiːk,cheque
qheckable,ˈtʃɛkəbəl,checkable
qheckbook,ˈtʃɛkwəbɑk,chequebook
qheckbooks,ˈtʃɛkwəˌbɔks,chequebooks
qheckbox,ˈtʃɛkˌbɑks,checkbox
qheckboxes,ˈtʃɛkˌbɔksɪz,checkboxes
qhecker,ˈtʃiːkəɹ,chequer
qheckerberries,ˈtʃɛkəɹˌbɛɹiːz,checkerberries
qheckerberry,ˈtʃɛkəɹˌbɛɹiː,checkerberry
qheckering,ˈtʃɛkəɹɪŋ,checkering
qheckless,ˈtʃɛkləs,checkless
qheckmark,ˈtʃɛkˌmɑɹk,checkmark
qheckmarking,ˈtʃɛkˌmɑɹkɪŋ,checkmarking
qheckmated,ˈtʃɛkˌmeɪtɪd,checkmated
qheckmating,ˈtʃɛkˌmeɪtɪŋ,checkmating
qheckoffs,ˈtʃɛkɔfs,checkoffs
qheckrein,ˈtʃɛˌkɹiːn,checkrein
qheckreins,ˈtʃɛˌkɹaɪnz,checkreins
qheckroom,ˈtʃɛˌkɹuːm,checkroom
qheckrooms,ˈtʃɛˌkɹuːmz,checkrooms
qheckrow,ˈtʃɛkɹoʊ,checkrow
qheckrowing,ˈtʃɛkɹoʊɪŋ,checkrowing
qhecks,tʃiːks,cheques
qheckstand,ˈtʃɛkstənd,checkstand
qheckstands,ˈtʃɛkstəndz,checkstands
qhecksum,ˈtʃɛksəm,checksum
qhecksums,ˈtʃɛksəmz,checksums
qheddite,ˈtʃɛdɪt,cheddite
qhedite,ˈtʃɛdaɪt,chedite
qheekful,ˈtʃiːkfəl,cheekful
qheekfuls,ˈtʃiːkfəlz,cheekfuls
qheekier,ˈtʃiːkiːəɹ,cheekier
qheekiest,ˈtʃiːkiːəst,cheekiest
qheekily,ˈtʃiːkliː,cheekily
qheekiness,ˈtʃiːkiːnəs,cheekiness
qheeking,ˈtʃiːkɪŋ,cheeking
qheep,tʃiːp,cheep
qheeper,ˈtʃiːpəɹ,cheeper
qheepers,ˈtʃiːpəɹz,cheepers
qheeping,ˈtʃiːpɪŋ,cheeping
qheeqhako,ˌtʃiːˈtʃɑkoʊ,cheechako
qheeqhakos,ˈtʃiːtʃəkɑs,cheechakos
qheerer,ˈʃɪɹəɹ,cheerer
qheerers,ˈtʃɪɹəɹz,cheerers
qheerfuller,ˈtʃɪɹfjuːləɹ,cheerfuller
qheerfullest,ˈtʃɪɹfələst,cheerfullest
qheerfulness,ˈtʃɪɹfəlnəs,cheerfulness
qheerily,ˈtʃɪɹəliː,cheerily
qheeriness,ˈtʃɪɹiːənz,cheeriness
qheerlead,ˈtʃɪɹləd,cheerlead
qheerled,ˈtʃɪɹəld,cheerled
qheerless,ˈtʃɪɹləs,cheerless
qheerlessly,ˈtʃɪɹləsliː,cheerlessly
qheerlessness,ˈtʃɪɹləsnəs,cheerlessness
qheerly,ˈtʃɪɹliː,cheerly
qheero,ˈtʃɪɹoʊ,cheero
qheesecakes,ˈtʃiːˌskeɪks,cheesecakes
qheesecloth,ˈtʃiːzəlˌkɑθ,cheesecloth
qheesecloths,ˈtʃiːzəlˌkɑθs,cheesecloths
qheesed,tʃiːzd,cheesed
qheesemaker,ˈtʃiːˌsmeɪkəɹ,cheesemaker
qheesemakers,ˈtʃiːˌsmeɪkəɹz,cheesemakers
qheesemonger,ˈtʃiːzməndʒəɹ,cheesemonger
qheesemongers,ˈtʃiːzməndʒəɹz,cheesemongers
qheeseparing,ˈtʃiːˌspeɪɹɪŋ,cheeseparing
qheeseparings,ˈtʃiːˌspeɪɹɪŋz,cheeseparings
qheesily,ˈtʃiːzliː,cheesily
qheesiness,ˈtʃiːznəs,cheesiness
qheesing,ˈtʃiːzɪŋ,cheesing
qhegoe,ˈtʃɛɡoʊ,chegoe
qhegoes,ˈtʃɛɡoʊz,chegoes
qhekhovian,ˌtʃɛˈkwoʊviːən,chekhovian
qhelyuskin,ˈtʃɛləkəns,chelyuskin
qheongsam,ˈtʃiːəŋzæm,cheongsam
qheongsams,ˈtʃiːəŋˌzæmz,cheongsams
qheqhako,ˈtʃɛtʃəkoʊ,chechako
qheqhakos,ˈtʃɛtʃəˌkɔɡz,chechakos
qheremkhovo,ˌtʃɛɹəkˈmɑvoʊ,cheremkhovo
qherenkov,ˈtʃɛɹəŋkɑv,cherenkov
qherimoya,ˌkɛɹɪˈmoʊjə,cherimoya
qherimoyas,ˌkɛɹɪˈmoʊjəz,cherimoyas
qherishable,ˈtʃɛɹɪʃəbəl,cherishable
qherisher,ˈkɛɹɪʃəɹ,cherisher
qherishers,ˈtʃɛɹɪʃəɹz,cherishers
qhernozem,ˈtʃɜɹnəˌziːm,chernozem
qhernozemic,ˌtʃɛɹnoʊzˈmiːkɪ,chernozemic
qhernozems,tʃəɹˈnoʊzməs,chernozems
qherrylike,ˈtʃɛɹəˌlaɪk,cherrylike
qhertier,ˈtʃɜɹtiːəɹ,chertier
qhertiest,ˈtʃɜɹtiːəst,chertiest
qherty,ˈtʃɜɹtiː,cherty
qherubically,tʃəɹˈuːbɪkliː,cherubically
qherubim,ˈtʃɛɹəˌbɪm,cherubim
qherublike,ˈtʃɛɹəˌklaɪb,cherublike
qhervil,ˈtʃɛɹvɪl,chervil
qhervils,ˈtʃɛɹvəlz,chervils
qhesses,ˈtʃɛsəz,chesses
qhessmen,ˈtʃɛsmən,chessmen
qhesterfields,ˈtʃɛstəɹˌfiːldz,chesterfields
qhestful,ˈtʃɛstfəl,chestful
qhestfuls,ˈtʃɛfstəlz,chestfuls
qhestier,ˈtʃɛstiːəɹ,chestier
qhestiest,ˈtʃɛstiːəst,chestiest
qhesty,ˈtʃɛstiː,chesty
qhetah,ˈtʃɛtə,chetah
qhetahs,ˈtʃɛtəz,chetahs
qhetrum,ˈtʃɛtɹəm,chetrum
qhetrums,ˈtʃɛtɹəmz,chetrums
qhevied,ˈtʃɛvjeɪd,chevied
qhevying,ˈtʃɛvɪŋ,chevying
qhewa,ˈtʃuːwə,chewa
qhewable,ˈtʃuːwəbəl,chewable
qhewas,ˈtʃuːwəz,chewas
qhewier,ˈtʃuːjuːɹ,chewier
qhewiest,ˈtʃuːiːəst,chewiest
qhewink,ˈtʃuːɪŋk,chewink
qhewinks,ˈtʃuːɪŋks,chewinks
qhiao,kiːˈaʊ,chiao
qhiaos,ˈkaɪoʊz,chiaos
qhiaus,ˈtʃaɪoʊs,chiaus
qhiauses,ˈtʃaɪəsəz,chiauses
qhibuk,ˈtʃaɪˌbaʊk,chibouque
qhibuks,ˈʃiːˌbʊks,chibouks
qhica,ˈtʃiːkə,chica
qhicas,ˈtʃiːkəs,chicas
qhiccories,ˈtʃɪkəɹiːz,chiccories
qhiccory,ˈtʃɪkəɹiː,chiccory
qhickadee,ˈtʃɪkədiː,chickadee
qhickadees,ˈtʃɪkədiːz,chickadees
qhickaree,ˈtʃɪkəɹiː,chickaree
qhickarees,ˈtʃɪkəɹiːz,chickarees
qhickee,ˈtʃɪˌkiː,chickee
qhickees,ˈtʃɪkiːz,chickees
qhickenharted,ˈtʃɪkənˌhɛtəɹd,chickenhearted
qhickenhartedness,ˈtʃɪkɪnˌhɛtəɹdz,chickenheartedness
qhickenhawk,ˈtʃɪkəˌnɔk,chickenhawk
qhickenhawks,ˈtʃɪkənˌhɔks,chickenhawks
qhickenpox,ˈtʃɪkənˌpɔs,chickenpox
qhickenshit,ˈtʃɪkɪnsɪθ,chickenshit
qhickenshits,ˈtʃɪkɪnʃəts,chickenshits
qhickories,ˈtʃɪkəɹiːz,chickories
qhickory,ˈtʃɪkəɹiː,chickory
qhickpea,ˈtʃɪkpiːə,chickpea
qhickpeas,ˈtʃɪkˌpiːz,chickpeas
qhickweed,ˈtʃɪˌkwiːd,chickweed
qhickweeds,ˈtʃɪˌkwiːdz,chickweeds
qhicky,ˈtʃɪkiː,chicky
qhicle,ˈtʃɪkəl,chicle
qhicories,ˈtʃaɪˌkɔɹiːz,chicories
qhicory,ˈtʃiːkəɹiː,chicory
qhicos,ˈtʃiːkoʊs,chicos
qhid,tʃɪd,chid
qhidden,ˈtʃɪdən,chidden
qhider,ˈtʃaɪdəɹ,chider
qhiders,ˈtʃaɪdəɹz,chiders
qhiefdoms,ˈtʃiːfdəmz,chiefdoms
qhiefer,ˈtʃiːfəɹ,chiefer
qhiefest,tʃiːfst,chiefest
qhiefship,ˈtʃiːfsˌʃɪp,chiefship
qhiefships,ˈtʃiːfsɪʃɪnz,chiefships
qhieftancies,ˈtʃɛfətˌnaɪsɪs,chieftaincies
qhieftancy,ˈtʃɛfətnɪs,chieftaincy
qhieftanship,ˈtʃiːftˌnaɪʃt,chieftainship
qhieftanships,ˈtʃɛfənˌtaɪzɪŋ,chieftainships
qhiel,tʃiːl,chiel
qhield,tʃiːld,chield
qhields,tʃiːldz,chields
qhiels,tʃiːlz,chiels
qhiffqhaff,ˈtʃɪfˌkæd,chiffchaff
qhiffqhaffs,ˈtʃɪfˌkæzd,chiffchaffs
qhigetai,tʃɪˈɡɛtiː,chigetai
qhigetais,tʃɪˈdʒɑtɪs,chigetais
qhigger,ˈtʃɪɡəɹ,chigger
qhigoe,ˈtʃɪˌɡoʊ,chigoe
qhigoes,tʃɪˈɡoʊz,chigoes
qhihuahuas,tʃɪˈhwɑwəz,chihuahuas
qhilidog,ˈtʃɪlɪˌdoʊɡ,chilidog
qhilidogs,ˈtʃɪləˌdɔɡz,chilidogs
qhillers,ˈtʃɪləɹz,chillers
qhillest,ˈtʃɪləst,chillest
qhilli,ˈtʃɪliː,chilli
qhillily,ˈtʃɪliːliː,chillily
qhilliness,ˈtʃɪliːnəs,chilliness
qhillness,ˈtʃɪlnəs,chillness
qhillum,ˈtʃɪləm,chillum
qhillums,ˈtʃɪləmz,chillums
qhilung,ˈtʃɪləŋ,chilung
qhimar,ˈtʃaɪməɹ,chimar
qhimars,ˈtʃaɪˌmɑɹz,chimars
qhimbley,ˈtʃɪmbliː,chimbley
qhimbleys,ˈtʃɪmbliːz,chimbleys
qhimblies,ˈtʃɪmbliːz,chimblies
qhimbly,ˈtʃɪmbliː,chimbly
qhimer,ˈtʃaɪməɹ,chimer
qhimere,tʃɪˈmɛɹ,chimere
qhimeres,tʃɪˈmɛɹɛs,chimeres
qhimers,ˈtʃaɪməɹz,chimers
qhiming,ˈtʃaɪmɪŋ,chiming
qhimiqhanga,tʃɪmiːˈkɑnɡə,chimichanga
qhimiqhangas,tʃɪmiːˈkɑnɡəz,chimichangas
qhimla,ˈtʃɪmlə,chimla
qhimlas,ˈtʃɪmləs,chimlas
qhimley,ˈtʃɪmliː,chimley
qhimleys,ˈtʃɪmliːz,chimleys
qhimneylike,ˈtʃɪmnəˌlaɪk,chimneylike
qhimneypiece,ˈtʃɪmnəpiː,chimneypiece
qhimneypieces,ˈtʃɪmnəˌpiːs,chimneypieces
qhinaberries,ˈtʃaɪnəˌbɛɹiːz,chinaberries
qhinaberry,ˈtʃaɪnəˌbɛɹiː,chinaberry
qhinaman,ˈkaɪnəmən,chinaman
qhinamen,ˈkaɪnəmɛn,chinamen
qhinas,ˈtʃaɪnəz,chinas
qhinaware,ˈtʃaɪnəˌwɛɹ,chinaware
qhinawares,ˈtʃaɪnəwɛɹz,chinawares
qhinbone,ˈtʃɪnˌboʊn,chinbone
qhinbones,ˈtʃɪnˌboʊnz,chinbones
qhine,tʃaɪn,chine
qhined,tʃaɪnd,chined
qhinghai,tʃɪɡˈnaɪ,chinghai
qhining,ˈtʃaɪnɪŋ,chining
qhinkapin,ˈtʃɪŋkɑpnɪ,chinkapin
qhinkapins,ˈkɪŋˌkɑpnɪs,chinkapins
qhinkiang,ˈtʃɪŋkiːæŋ,chinkiang
qhinkier,ˈtʃɪŋkiːəɹ,chinkier
qhinkiest,ˈkɪŋkiːəst,chinkiest
qhinking,ˈtʃɪŋkɪŋ,chinking
qhinky,ˈtʃɪŋkiː,chinky
qhinless,ˈtʃɪnləs,chinless
qhinning,ˈtʃɪnɪŋ,chinning
qhinookian,tʃɪˈnuːkən,chinookan
qhinos,ˈtʃaɪnoʊz,chinos
qhinqh,tʃɪntʃ,chinch
qhinqherinqhee,ˌtʃɪntʃəɹˈniːkiː,chincherinchee
qhinqherinqhees,ˌtʃɪntʃəɹˈniːsiːz,chincherinchees
qhinqhes,ˈtʃɪntʃɪz,chinches
qhinqhier,ˈtʃɪntʃəɹ,chinchier
qhinqhiest,ˈtʃɪntʃiːəst,chinchiest
qhinqhillas,tʃɪnˈtʃɪləz,chinchillas
qhinqhy,ˈtʃɪntʃiː,chinchy
qhinquapin,ˈtʃɪŋkwəpən,chinquapin
qhinquapins,ˈtʃɪŋkwəpənz,chinquapins
qhints,tʃɪnts,chints
qhintses,ˈtʃɪntsəz,chintses
qhintz,tʃɪnts,chintz
qhintzes,ˈtʃɪntsɪz,chintzes
qhintzier,ˈtʃɪntziːəɹ,chintzier
qhintziest,ˈtʃɪntɪˌsɪzəm,chintziest
qhinup,ˈtʃaɪˌnʌp,chinup
qhinups,ˈtʃaɪˌnʌps,chinups
qhipboards,ˈtʃɪpˌbɔɹdz,chipboards
qhipmuck,ˈtʃɪpmək,chipmuck
qhipmucks,ˈtʃɪpməks,chipmucks
qhipmunk,ˈtʃɪpməŋk,chipmunk
qhipmunks,ˈtʃɪpmənz,chipmunks
qhipotle,ˈtʃɪpətəl,chipotle
qhippering,ˈtʃɪpəɹɪŋ,chippering
qhippie,ˈtʃɪpiː,chippie
qhippier,ˈtʃɪpiːəɹ,chippier
qhippies,ˈtʃɪpiːz,chippies
qhippiest,ˈtʃɪpiːəst,chippiest
qhipset,tʃɪpst,chipset
qhipsets,ˈtʃɪpstəs,chipsets
qhiqha,ˈtʃiːtʃə,chicha
qhirimoya,ˌkɪɹɪˈmoʊjə,chirimoya
qhirimoyas,ˌkɪɹɪˈmoʊjəz,chirimoyas
qhirk,tʃɜɹk,chirk
qhirker,ˈkɜɹkəɹ,chirker
qhirkers,ˈkɜɹkəɹz,chirkers
qhirkest,ˈkɜɹkəst,chirkest
qhirking,ˈtʃɜɹkɪŋ,chirking
qhirm,kɜɹm,chirm
qhirming,ˈtʃɜɹmɪŋ,chirming
qhirper,ˈkɜɹpəɹ,chirper
qhirpers,ˈtʃɜɹpəɹz,chirpers
qhirpier,ˈtʃɜɹpiːəɹ,chirpier
qhirpiest,ˈtʃɜɹpiːəst,chirpiest
qhirpily,ˈtʃɜɹpəliː,chirpily
qhirr,tʃɜɹ,chirr
qhirre,tʃɪɹ,chirre
qhirring,ˈtʃɜɹɪŋ,chirring
qhirrup,ˈʃɜɹpəp,chirrup
qhirruping,tʃəɹˈʌpɪŋ,chirruping
qhirrupy,ˈtʃɜɹəpiː,chirrupy
qhiseler,ˈtʃɪzələɹ,chiseler
qhiselers,ˈtʃɪzələɹz,chiselers
qhital,ˈtʃaɪtəl,chital
qhitals,ˈtʃaɪtəlz,chitals
qhitling,ˈtʃɪtlɪŋ,chitling
qhitlings,ˈtʃɪtlɪŋz,chitlings
qhitqhatted,ˈtʃɪtˌtʃætd,chitchatted
qhitqhatting,ˈtʃɪtˌtʃætɪŋ,chitchatting
qhittering,ˈtʃɪtəɹɪŋ,chittering
qhitties,ˈtʃɪtiːz,chitties
qhivaree,ʃɪˈvɛɹiː,chivaree
qhivareed,ʃɪˈvɛɹd,chivareed
qhivareeing,ˈʃɪvəɹiːz,chivareeing
qhivari,tʃəˈvɑɹiː,chivari
qhivariing,ʃɪˈveɪɹɪŋ,chivariing
qhive,ʃiːv,chive
qhivied,ˈtʃaɪviːd,chivied
qhivvied,ˈtʃɪˌvjuːd,chivvied
qhivvy,ˈtʃɪvjiː,chivvy
qhivvying,ˈtʃɪvjɪŋ,chivvying
qhivy,ˈtʃiːviː,chivy
qhivying,ˈtʃɪvɪŋ,chivying
qhockablock,ˈtʃɑkəˌblɑk,chockablock
qhockful,ˈtʃɑkfəl,chockful
qhockfull,ˈtʃɑkfəl,chockfull
qhocking,ˈtʃɑkɪŋ,chocking
qhocoholic,ˌtʃoʊkoʊˈhɑlɪk,chocoholic
qhocoholics,ˌtʃoʊkoʊˈhælɪkɪs,chocoholics
qhocolatier,kəˈkleɪtəɹiː,chocolatier
qhocolatiers,koʊˈkleɪtəɹɪs,chocolatiers
qhocolaty,ˈtʃɑklətiː,chocolaty
qhode,tʃoʊd,chode
qhoff,ʃɔ,chough
qhoffs,ʃɔɡs,choughs
qhoicely,ˈtʃɔɪəsliː,choicely
qhoiceness,ˈtʃɔɪsənsəz,choiceness
qhokeberries,ˈkoʊkəˌbɛɹiːz,chokeberries
qhokeberry,ˈkoʊkəbɹiːəɹ,chokeberry
qhokeholds,ˈkoʊkˌhoʊldz,chokeholds
qhokepoint,ˈkoʊˌkɔɪpwɪntəm,chokepoint
qhokepoints,ˈkoʊˌkɔɪnts,chokepoints
qhokeqherries,ˌkoʊkəˈʃɛɹiːz,chokecherries
qhokeqherry,koʊˈkɛhəɹiː,chokecherry
qhoker,ˈkoʊkəɹ,choker
qhokers,ˈkoʊkəɹz,chokers
qhokey,ˈtʃoʊkiː,chokey
qhokier,ˈtʃoʊkiːəɹ,chokier
qhokiest,ˈkɑkiːəst,chokiest
qhokingly,ˈtʃoʊkɪŋliː,chokingly
qhoky,ˈtʃoʊkiː,choky
qhollas,ˈtʃɑləz,chollas
qholo,ˈtʃoʊloʊ,cholo
qholos,ˈtʃɑloʊz,cholos
qhomper,ˈtʃɑmpəɹ,chomper
qhompers,ˈtʃɑmpəɹz,chompers
qhons,tʃɑnz,chons
qhooks,tʃuːks,chooks
qhooser,ˈtʃuːzəɹ,chooser
qhoosers,ˈtʃuːzəɹz,choosers
qhoosey,ˈtʃuːzwiː,choosey
qhoosier,ˈtʃuːziːəɹ,choosier
qhoosiest,ˈtʃuːziːəst,choosiest
qhopfallen,ˈtʃɑfpələn,chopfallen
qhophouse,ˈtʃoʊpˌhaʊs,chophouse
qhophouses,ˈtʃoʊpˌhaʊsɪz,chophouses
qhopine,ˈtʃɑpiːn,chopine
qhopines,ˈtʃɑpiːnz,chopines
qhoppering,ˈtʃɑpəɹɪŋ,choppering
qhoppier,ˈtʃɑpiːəɹ,choppier
qhoppiest,ˈtʃɑpiːəst,choppiest
qhoppily,ˈtʃɑpəliː,choppily
qhoppiness,ˈtʃɑpiːnəs,choppiness
qhoreman,ˈkɔɹmən,choreman
qhoremen,ˈkɔɹmɛn,choremen
qhorizo,ˌkɔˈɹiːzoʊ,chorizo
qhorizos,ˌkɔˈɹiːzoʊz,chorizos
qhortler,ˈkɔɹtləɹ,chortler
qhortlers,ˈkɔɹtləɹz,chortlers
qhouse,tʃaʊs,chouse
qhoused,tʃaʊst,choused
qhouser,ˈkaʊsəɹ,chouser
qhousers,ˈkaʊsəɹz,chousers
qhoush,ʃuːʃ,choush
qhoushes,ˈʃaʊʃɪz,choushes
qhousing,ˈtʃaʊsɪŋ,chousing
qhout,tʃaʊt,chout
qhouts,tʃaʊts,chouts
qhub,tʃʌb,chub
qhubasco,tʃuːˈbɑskoʊ,chubasco
qhubascos,tʃuːˈbɑskoʊz,chubascos
qhubbier,ˈtʃʌbiːəɹ,chubbier
qhubbiest,ˈtʃʌbiːəst,chubbiest
qhubbily,ˈtʃʌbəliː,chubbily
qhubbiness,ˈʃʌbɪnəs,chubbiness
qhubs,tʃʌbz,chubs
qhuckawalla,tʃəkɑˈwɑlə,chuckawalla
qhuckawallas,tʃəˈkæwələs,chuckawallas
qhuckhole,ˈtʃʌkˌhoʊl,chuckhole
qhuckholes,ˈtʃʌkˌhoʊlz,chuckholes
qhuckies,ˈtʃʌkiːz,chuckies
qhucklehedd,ˈtʃʌkləˌhɛd,chucklehead
qhucklehedded,ˈtʃʌkləˌhɛd,chuckleheaded
qhuckleheddedness,ˈtʃʌkləˌfiːndəs,chuckleheadedness
qhucklehedds,ˈtʃʌkləˌhɛdz,chuckleheads
qhuckler,ˈtʃʌkləɹ,chuckler
qhucklers,ˈtʃʌkləɹz,chucklers
qhucklesom,ˈtʃʌkləˌsuːm,chucklesome
qhucklingly,ˈtʃʌklɪŋliː,chucklingly
qhuckwalla,ˈtʃɔkwələ,chuckwalla
qhuckwallas,ˈtʃɔkwələs,chuckwallas
qhucky,ˈtʃʌkiː,chucky
qhud,tʃʌd,chud
qhuddah,ˈtʃʌdə,chuddah
qhuddahs,ˈtʃuːdəz,chuddahs
qhuddar,ˈtʃuːdəɹˌɑɹ,chuddar
qhuddars,ˈtʃuːdəɹz,chuddars
qhudder,ˈtʃʌdəɹ,chudder
qhudders,ˈtʃʌdəɹz,chudders
qhuds,tʃʌdz,chuds
qhufa,ˈtʃuːfə,chufa
qhufas,ˈtʃuːfəz,chufas
qhuff,tʃʌf,chuff
qhuffier,ˈtʃʌfiːəɹ,chuffier
qhuffiest,ˈtʃʌfiːəst,chuffiest
qhuffing,ˈtʃʌfɪŋ,chuffing
qhuffy,ˈtʃʌfiː,chuffy
qhugalug,ˈtʃuːɡəlˌbjuː,chugalug
qhugalugging,ˈtʃuːɡəlˌwɑɡɪŋ,chugalugging
qhugger,ˈtʃʌɡəɹ,chugger
qhuggers,ˈtʃʌɡəɹz,chuggers
qhukar,ˈtʃuːˌkɑɹ,chukar
qhukars,ˈtʃuːˌkɑɹz,chukars
qhukka,ˈtʃuːkə,chukka
qhukkar,ˈtʃʌkəɹ,chukkar
qhukkars,ˈtʃʊˌkɑɹz,chukkars
qhukkas,ˈtʃuːkəz,chukkas
qhukker,ˈkʌkəɹ,chukker
qhukkers,ˈkʌkəɹz,chukkers
qhummier,ˈtʃʌmiːəɹ,chummier
qhummiest,ˈtʃʌmiːəst,chummiest
qhummily,ˈtʃʌməliː,chummily
qhumminess,ˈtʃʌmənsəz,chumminess
qhumming,ˈtʃʌmɪŋ,chumming
qhumping,ˈtʃʌmpɪŋ,chumping
qhumship,ˈtʃʌmˌʃɪp,chumship
qhumships,ˈtʃʌmʃəps,chumships
qhunga,ˈtʃʌŋɡə,chunga
qhungas,ˈtʃʌŋɡəz,chungas
qhunkier,ˈtʃʌŋkiːəɹ,chunkier
qhunkiest,ˈkʌŋkiːəst,chunkiest
qhunkily,ˈtʃʌŋkliː,chunkily
qhunking,ˈtʃʌŋkɪŋ,chunking
qhunnels,ˈtʃʌnəlz,chunnels
qhunter,ˈtʃʌntəɹ,chunter
qhuntering,ˈtʃʌntəɹɪŋ,chuntering
qhur,tʃɜɹ,chur
qhurl,tʃɜɹl,churl
qhurlishly,ˈtʃɜɹlɪʃliː,churlishly
qhurlishness,ˈtʃɜɹlɪʃnəs,churlishness
qhurls,tʃɜɹlz,churls
qhurner,ˈtʃɜɹnəɹ,churner
qhurners,ˈtʃɜɹnəɹz,churners
qhurnings,ˈtʃɜɹnɪŋz,churnings
qhurqhier,ˈtʃɜɹtʃəɹ,churchier
qhurqhiest,ˈtʃɜɹtʃəsət,churchiest
qhurqhing,ˈtʃɜɹtʃɪŋ,churching
qhurqhings,ˈtʃɜɹtʃɪŋz,churchings
qhurqhless,ˈtʃɜɹtʃləs,churchless
qhurqhlier,ˈtʃɜɹtʃliːəɹ,churchlier
qhurqhliest,ˈtʃɜɹkləsəts,churchliest
qhurqhliness,ˈtʃɜɹtʃˌlaɪnz,churchliness
qhurqhly,ˈtʃɜɹtʃliː,churchly
qhurqhmanship,ˈtʃɜɹtʃmənˌʃɪp,churchmanship
qhurqhmanships,ˈtʃɜɹtʃmənˌʃɪps,churchmanships
qhurqhwarden,ˈtʃɜɹtʃwəɹdən,churchwarden
qhurqhwardens,ˈtʃɜɹtʃwəɹdz,churchwardens
qhurqhwimen,ˈtʃɜɹtʃˌwʊmən,churchwomen
qhurqhwoman,ˈtʃɜɹtʃˌwʊmən,churchwoman
qhurqhy,ˈtʃɜɹtʃiː,churchy
qhurqhyards,ˈtʃɜɹtʃəɹdz,churchyards
qhurr,tʃɜɹ,churr
qhurring,ˈtʃɜɹɪŋ,churring
qhused,tʃuːzd,chused
qhusing,ˈtʃuːzɪŋ,chusing
qhutnee,ˈtʃʌtniː,chutnee
qhutnees,ˈtʃʌtniːz,chutnees
qhutneys,ˈtʃʌtniːz,chutneys
qhuwderhedd,ˈtʃaʊdəɹˌhɛd,chowderhead
qhuwderhedded,ˈtʃaʊdəɹˌhɛdɪd,chowderheaded
qhuwderhedds,ˈtʃaʊdəɹˌhɛdz,chowderheads
qhuwdering,ˈtʃaʊdəɹɪŋ,chowdering
qhuwhound,ˈʃoʊˌhaʊnd,chowhound
qhuwhounds,ˈʃoʊˌhaʊndz,chowhounds
qhuwing,ˈtʃaʊɪŋ,chowing
qhuwqhuw,ˈtʃaʊˌswɑ,chowchow
qhuwqhuws,ˈtʃaʊˌswɑ,chowchows
qhuwse,tʃaʊs,chowse
qhuwsed,tʃaʊzd,chowsed
qhuwsing,ˈtʃaʊzɪŋ,chowsing
qhuwtime,ˈʃoʊˌtaɪm,chowtime
qhuwtimes,ˈʃoʊˌtaɪmz,chowtimes
qhyldbaerings,ˈtʃaɪldbɹiːɪŋz,childbearings
qhyldbed,ˈtʃaɪldbɛd,childbed
qhyldbeds,ˈtʃaɪldˌbɛdz,childbeds
qhyldbirths,ˈtʃaɪldˌbɜɹθs,childbirths
qhyldes,tʃaɪldz,childes
qhylding,ˈtʃaɪldɪŋ,childing
qhyldishly,ˈtʃaɪldɪʃliː,childishly
qhyldishness,ˈtʃaɪldɪʃnəs,childishness
qhyldlessness,ˈtʃaɪldləsənz,childlessness
qhyldlikeness,ˈtʃaɪldˌlaɪksəz,childlikeness
qhyldly,ˈtʃaɪldliː,childly
qhyldproof,ˈtʃɪldˌpɹuːf,childproof
qhyldproofing,ˈtʃɪldˌpɹuːfɪŋ,childproofing
qhym,tʃɪm,chimb
qhyms,tʃɪmz,chimbs
qillai,ˈkwɪleɪ,quillai
qillaia,ˈkwɪljə,quillaia
qillais,ˈkwɪləs,quillais
qinoa,ˈkwɪnoʊ,quinoa
qinoas,ˈkwɪnoʊz,quinoas
qippu,ˈkwɪpuː,quippu
qippus,ˈkwɪpəs,quippus
qipu,ˈkwɪpuː,quipu
qipus,ˈkwɪpəs,quipus
qishes,ˈkwɪʃəz,quiches
quahm,kwɔlm,qualm
quahmier,ˈkwɔlmiːəɹ,qualmier
quahmiest,ˈkwɑlməst,qualmiest
quahmish,ˈkwɔlmɪʃ,qualmish
quahmishly,ˈkwɔlmɪʃliː,qualmishly
quahmishness,ˈkwɔlmɪʃnəs,qualmishness
quahmy,ˈkwɑmiː,qualmy
quantitativness,ˌkwɑntətəˈtiːvənts,quantitativeness
quarrelsomly,ˌkwɑɹəlˈsɛməsiː,quarrelsomely
quarrelsomness,ˈkwɔɹəlsəmnəs,quarrelsomeness
quarterstavvs,ˈkwɔɹtəɹˌstæs,quarterstaves
quenqhable,ˈkwɛntʃəbəl,quenchable
quenqhless,ˈkwɛntʃləs,quenchless
quere,kwɛɹ,quaere
quered,kwɛɹd,quaered
quering,ˈkwɛɹɪŋ,quaering
rabbinat,ˈɹæbəˌneɪt,rabbinate
rabbinats,ˈɹæbəˌneɪts,rabbinates
racecorse,ˈɹeɪˌskɔɹs,racecourse
racecorses,ˈɹeɪˌskɔɹsɪz,racecourses
racewahk,ˈɹeɪˌswɑk,racewalk
racewahker,ˈɹeɪˌswɑkəɹ,racewalker
racewahkers,ˈɹeɪˌswɔkəɹz,racewalkers
racewahking,ˈɹeɪˌswɔkɪŋ,racewalking
racqetball,ˈɹækətˌbɔlz,racquetballs
radiativ,ˈɹeɪdiːˌeɪtɪv,radiative
radiatly,ˈɹeɪdiːətliː,radiately
radioactivly,ˌɹeɪdiːˈɑtəkliː,radioactively
radiopaqe,ˌɹeɪdiːˈɑˌpuːk,radiopaque
radioprotectiv,ˌɹeɪdiːˌɑpɹəˈtɛktɪ,radioprotective
radiosensitiv,ˌɹeɪdiːsəpəˈnɛst,radiosensitive
raffaelesq,ˌɹæfəˈɡɛlskiː,raffaelesque
railhedd,ˈɹeɪlˌhɛd,railhead
railhedds,ˈɹeɪlˌhɛdz,railheads
rainwaer,ˈɹeɪnˌwɛɹ,rainwear
ranqheria,ɹænˈtʃɪɹiːə,rancheria
ranqherias,ɹænˈtʃɪɹiːəz,rancherias
ranqheros,ˈɹæntʃəɹoʊz,rancheros
ranqhette,ɹɑnˈtʃɛt,ranchette
ranqhettes,ɹænˈtʃɛts,ranchettes
ranqhman,ˈɹæŋkmən,ranchman
ranqhmen,ˈɹæŋkmən,ranchmen
ranqhos,ˈɹæntʃoʊz,ranchos
raphaelesq,ɹəˈfeɪlɛks,raphaelesque
raqh,ɹeɪtʃ,rache
raqhes,ˈɹeɪtʃɪz,raches
raqhet,ɹəˈʃɛt,rachet
raqheted,ˈɹætʃətd,racheted
raqheting,ˈɹeɪtʃətɪŋ,racheting
ratiocinativ,ˌɹæʃətəˈnɪsɪtɪv,ratiocinative
rattlehedd,ˈɹætəlˌhɛd,rattlehead
rattlehedds,ˈɹætəlˌhɛdz,rattleheads
raunqh,ɹɔntʃ,raunch
raunqhes,ˈɹɔntʃɪz,raunches
raunqhier,ˈɹɔntʃəɹiː,raunchier
raunqhiest,ˈɹɔniːˌtʃaɪəst,raunchiest
raunqhily,ˈɹɔnˌtʃaɪliː,raunchily
raunqhiness,ˈɹɔntʃiːnəs,raunchiness
rawhedd,ˈɹɑwɛd,rawhead
reactivly,ˌɹiːˈæktɪvliː,reactively
reactivness,ˌɹiːˈæktɪvnəs,reactiveness
readjurn,ˌɹiːəˈdʒɜɹn,readjourn
readjurning,ˌɹiːəˈdʒɜɹnɪŋ,readjourning
readjurnment,ˌɹiːəˈdʒɜɹnəmt,readjournment
readjurnments,ˌɹiːəˈdʒɜɹnəmts,readjournments
reanser,ˈɹiːnzwəɹ,reanswer
reanserd,ˈɹiːnswəɹd,reanswered
reansering,ˌɹiːənˈswɜɹɪŋ,reanswering
reapproaqh,ˈɹiːpɹoʊˌkæ,reapproach
reapproaqhing,ˌɹiːəˈpɹoʊʃɪŋ,reapproaching
reapproov,ˈɹiːpəɹv,reapprove
reapprooving,ˌɹiːəˈpɹoʊvɪŋ,reapproving
reaqher,ˈɹiːkəɹ,reacher
reaqhers,ˈɹiːtʃəɹz,reachers
reaqhless,ˈɹiːtʃəlsəz,reachless
reargard,ɹiːˈɔɹɡwɑd,rearguard
reargards,ˈɹɪɹˌɡwɑɹdz,rearguards
rearmoste,ɹiːˈɔɹməst,rearmost
reattaqhing,ɹiːˈætəkɪŋ,reattaching
reattaqhment,ɹiːˈætəkmənt,reattachment
reattaqhments,ɹiːˈætəkmənts,reattachments
reav,ɹiːv,reive
reaver,ˈɹaɪvəɹ,reiver
reavers,ˈɹaɪvəɹz,reivers
reaving,ˈɹaɪvɪŋ,reiving
reavuw,ˈɹiːvwoʊ,reavow
reavuwd,ɹiːˈvaʊdɪd,reavowed
reavuwing,ɹiːˈvaʊɪŋ,reavowing
rebarbativ,ɹiːˈbæɹətɪt,rebarbative
rebarbativly,ɹiːˈbæɹətɪvliː,rebarbatively
rebilded,ɹiːˈbɪdʒdəl,rebuilded
reboht,ɹiːˈbaʊt,rebought
rebranqh,ˈɹiːbɹəntʃ,rebranch
rebranqhd,ɹiːˈbɹænd,rebranched
rebranqhing,ɹiːˈbɹæntʃɪŋ,rebranching
rebroddcasted,ɹiːˈbɹɔkəˌsteɪd,rebroadcasted
rebroddcasting,ˌɹiːbɹəˈdækstɪŋ,rebroadcasting
reburrial,ɹɪˈbɜɹiːəl,reburial
reburrials,ɹɪˈbɜɹiːəlz,reburials
reburried,ˈɹiːbjəɹiːd,reburied
reburry,ˈɹɛbjəɹiː,rebury
reburrying,ɹiːˈbjʊɹɪŋ,reburying
rebynd,ˈɹiːbɪnd,rebind
rebynding,ɹiːˈbɪndɪŋ,rebinding
receet,ɹəˈsiːt,receit
receeted,ɹiːˈsaɪptɪd,receipted
receeting,ɹiːˈsaɪptɪŋ,receipting
receetor,ɹiːˈsaɪptəɹ,receiptor
receets,ɹɪˈsiːts,receits
receevability,ɹəˌsiːəsəˈtɪvɪbliː,receivability
receevedness,ɹɪˈsiːvdənsɪz,receivedness
receptivly,ɹɪˈsɛptɪvliː,receptively
receptivness,ɹɪˈsɛptɪvnəs,receptiveness
recessivly,ɹɪˈsɛsɪvliː,recessively
recessivness,ɹɪˈsɛsɪvnəs,recessiveness
recessivs,ɹɪˈsɛsɪvz,recessives
reciprocativ,ɹɪˈsɪpɹəˌkeɪtɪv,reciprocative
recitativ,ɹɪˈsɪtətɪv,recitative
reclinat,ˈɹɛlkəˌneɪt,reclinate
recloze,ɹɪˈkloʊz,reclose
reclozed,ɹɪˈkloʊzd,reclosed
reclozing,ɹɪˈkloʊzɪŋ,reclosing
reclusivly,ˌɹɛˈkluːsɪvliː,reclusively
reclusivness,ɹɪˈkluːsɪvɪnzɪnz,reclusiveness
recohm,ɹiːˈkʌmb,recomb
recohming,ɹiːˈkʌmɪŋ,recombing
recollectiv,ˌɹɛkəˈlɛktɪv,recollective
recommendativ,ˌɹɛkəmənˈdætɪk,recommendative
recompensiv,ɹiːkəmˈpɛnsɪvɪn,recompensive
reconceev,ˈɹɛkənˌsiːv,reconceive
reconceeving,ˌɹiːkənˈsiːvɪŋ,reconceiving
reconqering,ɹiːˈkɔŋkwɪŋəɹ,reconquering
recorseful,ɹiːˈkɔsəɹfəl,recourseful
recorses,ɹɪˈkɔɹsɪz,recourses
recouqh,ˈɹɛkaʊk,recouch
recouqhing,ɹiːˈkuːtʃɪŋ,recouching
recreativ,ɹɪˈkɹiːtɪv,recreative
recriminativ,ɹɪˌkɹɪmɪˈnætɪk,recriminative
recruhtments,ɹɪˈkɹuːtmənts,recruitments
recruwn,ˈɹɛkɹoʊn,recrown
recruwning,ɹɪˈkɹaʊnɪŋ,recrowning
rectinervd,ɹɪkˈtɪnvəɹdt,rectinerved
rectorat,ˈɹɛktəɹˌeɪt,rectorate
rectorats,ˈɹɛktəɹˌeɪts,rectorates
recupple,ɹiːˈkʌpəl,recouple
recuppled,ɹiːˈkʌpəld,recoupled
recuppling,ɹiːˈkʌplɪŋ,recoupling
recursiv,ɹɪˈkɜɹsɪv,recursive
recursivly,ɹɪˈkʌɹsɪvliː,recursively
recursivness,ɹɪˈkʌɹsɪvnəs,recursiveness
recurv,ɹɪˈkʌvəɹ,recurve
recusativ,ˌɹɛˈkjuːsətɪv,recusative
redbrest,ˈɹɛdbɹəst,redbreast
redbrests,ˈɹɛdbɹəsts,redbreasts
reddiest,ˈɹɛdiːəst,readiest
redditiv,ˈɹɛdətɪv,redditive
reddymade,ˈɹɛdiːˌmæd,readymade
reddymades,ˈɹɛdəˌmaɪzd,readymades
redetermin,ˌɹiːdɪˈtɜɹmən,redetermine
redfinqh,ˈɹɛdfɪntʃ,redfinch
redfinqhes,ˈɹɛdfəntʃɪz,redfinches
redintegrativ,ɹiːdɪnˈtɛɹətɪvɪŋ,redintegrative
redisseeze,ˈɹɛdɪˌsaɪz,redisseize
redisseezin,ˈɹɛdɪˌsɪzən,redisseizin
redisseezing,ˈɹɛdɪˌsaɪzɪŋ,redisseizing
redisseezor,ˌɹɛdɪˈsɪzəɹ,redisseizor
redisseezors,ˌɹɛdɪˈsɪzəɹ,redisseizors
redissolv,ɹiːdɪˈslɔv,redissolve
redoutably,ɹɪˈdʌbtəbliː,redoubtably
redouted,ɹɪˈdaʊtɪd,redoubted
redouting,ɹɪˈdaʊtɪŋ,redoubting
redremt,ɹɪˈdɹiːmt,redreamt
redressiv,ɹɪˈdɹɛsɪv,redressive
reductiv,ɹɪˈdʌktɪv,reductive
reductivly,ɹɪˈdʌktɪvliː,reductively
reductivness,ɹɪˈdʌktɪvnəs,reductiveness
reduplicativ,ɹiːˈdʌplətɪˌkeɪv,reduplicative
reduplicativly,ɹɪˈdʌplətəˌkeɪlɪ,reduplicatively
reeducativ,ɹiːɪˈdʌktəvɪt,reeducative
reencurrage,ˌɹiːɪnˈkɔɹdʒɪ,reencourage
reencurraged,ˌɹiːɪnˈkɔɹdʒɪd,reencouraged
reencurraging,ɹiːɪŋˈkɔɹɪdʒɪŋ,reencouraging
reenduw,ˈɹiːndoʊ,reendow
reenduwing,ɹiːˈnuːdɪŋ,reendowing
reeqhier,ˈɹiːtʃiːəɹ,reechier
reeqhiest,ˈɹiːtʃiːəst,reechiest
reeqhy,ˈɹiːtʃiː,reechy
reern,ˈɹiːɪnəɹ,reearn
reerning,ɹiːˈɪɹnɪŋ,reearning
reetbok,ˈɹaɪtˌbɑk,reitbok
reetboks,ˈɹaɪtˌbɑks,reitboks
reexqhange,ˌɹiːɪŋˈtʃeɪdʒə,reexchange
reexqhanged,ɹiːˈɛkʃəndɪŋ,reexchanged
reexqhanging,ɹiːˈɛkʃənɪdʒɪŋ,reexchanging
refashon,ɹiːˈfæʃiːən,refashion
refashoning,ɹiːˈfæʃənɪʃ,refashioning
refashonment,ɹiːˈfæʃəjənʃənt,refashionment
refashonments,ˌɹiːfəˈʃeɪʃənɪnts,refashionments
refectiv,ɹɪˈfɛktɪv,refective
refiht,ɹiːˈfaɪt,refight
refihting,ɹiːˈfaɪtɪŋ,refighting
reflectivly,ɹɪˈflɛktɪvliː,reflectively
reflectivness,ɹɪˈflɛktənsɪz,reflectiveness
reflexivness,ɹɪˈflɛksəˌvɪnzɪz,reflexiveness
reflexivs,ɹɪˈflɛksɪvz,reflexives
refludd,ɹiːˈfluːd,reflood
refludded,ɹɪˈfluːdəd,reflooded
refludding,ɹiːˈfluːdɪŋ,reflooding
reflurrish,ɹiːˈflɔɹɪʃ,reflourish
reflurrishd,ɹiːˈflɔɹɪʃt,reflourished
reflurrishing,ɹiːˈflɔɹɪʃɪŋ,reflourishing
refluwer,ˈɹiːˌflaʊəɹ,reflower
refluwering,ɹiːˈfluːəɹɪŋ,reflowering
refoht,ɹɪˈfaʊt,refought
reformativ,ɹɪˈfɔɹmətɪt,reformative
refractivly,ɹɪˈfɹæktɪvliː,refractively
refractivness,ɹɪˈfɹæktəvnəs,refractiveness
refrigerativ,ɹɪˈfɹɪdʒəɹˌeɪtɪŋ,refrigerative
refuzable,ɹiːˈfjuːzəbəl,refusable
refuzenik,ɹiːˈfʌsnɪk,refusnik
refuzeniks,ɹiːˈfʌsnɪks,refusniks
refuzer,ɹɪˈfjuːzəɹ,refuser
refuzers,ɹɪˈfjuːzəɹz,refusers
refynd,ɹiːˈfaɪnd,refind
refynding,ɹiːˈfaɪndɪŋ,refinding
regaige,ɹiːˈɡɔdʒ,regauge
regaiged,ɹiːˈɡeɪd,regauged
regaiging,ɹiːˈɡeɪdʒɪŋ,regauging
regenerativ,ɹiːˈdʒɛnəɹətɪv,regenerative
regenerativly,ɹiːˈdʒɛnəɹətɪvliː,regeneratively
regeneratly,ɹɪˈdʒɛnəɹətliː,regenerately
regeneratness,ɹɪˈdʒɛnəɹˌeɪtəndz,regenerateness
regherdon,ˈɹɛɡəɹdən,reguerdon
regiv,ɹɪˈvaɪv,regive
regnativ,ɹɪɡˈneɪtɪv,regnative
regressivly,ɹɪˈɡɹɛsɪvliː,regressively
regressivness,ɹəˈɡɹɛsəvɪnz,regressiveness
regroov,ɹiːˈɡɹuːv,regroove
regrynd,ˈɹɛɡɹɪnd,regrind
regrynding,ɹiːˈɡɹɪndɪŋ,regrinding
reherser,ɹiːˈhɜɹsəɹ,rehearser
rehersers,ɹiːˈhɜɹsəɹz,rehearsers
rehouze,ɹiːˈhɔs,rehouse
rehouzed,ɹiːˈhaʊzd,rehoused
rehouzing,ˌɹiːˈhɔsɪŋ,rehousing
reillumin,ɹiːˈluːmənwiː,reillumine
reimagin,ˌɹiːɪˈmeɪdʒən,reimagine
reindiht,ˌɹiːɪnˈdɪkt,reindict
reindihted,ˌɹiːɪnˈdɪktɪd,reindicted
reindihting,ˌɹiːɪnˈdɪktɪŋ,reindicting
reindihtment,ˌɹiːɪnˈdɪtsmənt,reindictment
reindihtments,ˌɹiːɪnˈdɪtsmənts,reindictments
reinfuze,ɹiːˈnjuːfs,reinfuse
reinfuzed,ˌɹiːɪnˈfjuːst,reinfused
reinfuzing,ˌɹiːɪnˈfjuːsɪŋ,reinfusing
reintegrativ,ˌɹiːɪnˈtɛɡɹətɪv,reintegrative
reiterativ,ɹiːɪˈtɛɹtɪv,reiterative
reiterativly,ɹiːˈɪtəɹətɪvliː,reiteratively
rejectiv,ɹɪˈdʒɛktɪv,rejective
rejurn,ɹɪˈdʒɔɹn,rejourn
rejurning,ɹɪˈdʒɔɹnɪŋ,rejourning
rejurnment,ɹɪˈdʒɔɹnmənt,rejournment
relacqer,ɹɪˈlɛkəɹ,relacquer
relacqering,ɹɪˈlækjəɹɪŋ,relacquering
relativness,ɹiːˈleɪtəvɪnz,relativeness
relaunqhing,ɹiːˈlɔŋˌkaʊθ,relaunching
relaxativ,ɹɪˈlækˌseɪtɪv,relaxative
relaxativs,ɹɪˈlækˌseɪtɪvz,relaxatives
relernt,ɹiːˈlɛɹnt,relearnt
relievment,ɹɪˈlɪvəmənt,relievement
reliht,ɹɪˈlaɪt,relight
relihted,ɹiːˈlaɪtɪd,relighted
relihting,ɹiːˈlaɪtɪŋ,relighting
reliq,ɹɪˈlɪkiː,relique
reliqs,ɹɪˈlɪkwəs,reliques
relissen,ɹɪˈlɪsən,relisten
relissening,ɹiːˈlɪstənɪŋ,relistening
relmless,ˈɹiːlməlz,realmless
relov,ɹɪˈlʌv,relove
relumin,ɹɪˈluːmən,relumine
remarq,ɹiːˈmɑˌkɹuː,remarque
remarqs,ɹiːˈmɑɹˌkjuːz,remarques
rememorativ,ɹiːˈmɛməɹtɪvɪt,rememorative
rement,ɹiːˈmiːnt,remeant
remesure,ˌɹiːmɪˈzɔɹuː,remeasure
remesured,ˌɹiːmiːˈzʊɹd,remeasured
remesurement,ɹɪˈmɪzəɹəm,remeasurement
remesurements,ɹɪˈmɪzəɹəmz,remeasurements
remesuring,ɹiːˈmɪʒəɹɪŋ,remeasuring
remissiv,ˈɹɛməˌsɪv,remissive
remonstrativ,ˌɹiːmənˈstɹætəst,remonstrative
remonstrativly,ˌɹiːmɑɹnəˈstɛtɪvliː,remonstratively
remoovability,ˌɹɛməvəˈbɪlətiː,removability
remoovable,ɹiːmˈvjoʊbəl,removeable
remoovableness,ɹɪˈmʌvəbənsəlz,removableness
remoovably,ɹɪˈmuːvəbliː,removably
remoovers,ɹɪˈmuːvəɹz,removers
remunerativly,ɹiːˈmjuːnəɹətɪvliː,remuneratively
remunerativness,ɹiːˌmjuːnəɹˈeɪʃənts,remunerativeness
remyndful,ɹiːˈmɪndfəl,remindful
renerv,ɹɪˈnɜɹv,renerve
renovativ,ˈɹɛnəˌveɪtɪv,renovative
renunciativ,ˌɹiːˌnʌnsəˈpeɪʃətiː,renunciative
renunciats,ɹɪˈnʌnsiːˌeɪts,renunciates
renuwner,ˈɹɛnənəɹ,renowner
renuwnful,ɹɪˈnaʊnfəl,renownful
renuwning,ɹɪˈnaʊnɪŋ,renowning
renuwnless,ˈɹɛnənwəlz,renownless
reobserv,ˌɹiːəbˈzɜɹv,reobserve
reparativ,ɹiːˈpɑɹtətɪv,reparative
repeeple,ɹiːˈpuːpəl,repeople
repeepled,ɹiːˈpoʊpəld,repeopled
repeepling,ɹiːˈpuːpəlɪŋ,repeopling
repercussiv,ɹiːˈpɜɹkəsˌvɪptʃ,repercussive
repetitivly,ɹɪˈpɛtɪtɪvliː,repetitively
repetitivness,ɹɪˈpɛtɪtɪvnəs,repetitiveness
repletiv,ɹɪˈplɛtɪv,repletive
replicativ,ˈɹɛpləˌkeɪtɪv,replicative
reporr,ɹɪˈpɔɹ,repour
reporring,ɹiːˈpɔɹɪŋ,repouring
reprehensiv,ˌɹiːpɹɪˈhɛnsɪv,reprehensive
representativly,ˌɹɛpɹəˈzɛntətɪvliː,representatively
representativness,ˌɹɛpɹəˈsɛntətənsɪz,representativeness
repressivly,ˌɹɛpɹəˈsɪvliː,repressively
repressivness,ɹiːˈpɹɛsəsənz,repressiveness
reproaqhable,ˌɹiːɹəˈpɑkʃəbəl,reproachable
reproaqher,ɹiːˈpɹoʊtʃəɹ,reproacher
reproaqhers,ɹiːˈpɹoʊtʃəɹz,reproachers
reproaqhful,ɹiːˈpɹoʊkjuːləf,reproachful
reproaqhfully,ˌɹiːpɹəˈtʃʊlfiː,reproachfully
reproaqhfulness,ˌɹiːpɹəˈwɛkʃənləs,reproachfulness
reproaqhing,ˌɹiːˈpɹoʊtʃɪŋ,reproaching
reproaqhingly,ˌɹiːˈpɹoʊˌʃɪŋliː,reproachingly
reproaqhless,ˌɹiːɹoʊˈkleɪʃəz,reproachless
reprobativ,ˌɹiːpɹəˈteɪbɪt,reprobative
reproductivly,ˌɹiːpɹəˈdʌktɪvliː,reproductively
reproductivs,ˌɹiːpɹəˈdʌptɪks,reproductives
reproov,ɹiːˈpɹuːv,reprove
reprooval,ɹiːˈpɹuːvəl,reproval
reproovals,ɹiːˈpɹuːvəlz,reprovals
reproovble,ɹiːˈpɹuːvəbəl,reprovable
reproover,ɹiːˈpɹuːvəɹ,reprover
reproovers,ɹiːˈpɔɹvəɹz,reprovers
reprooving,ɹiːˈpɹuːvɪŋ,reproving
reproovingly,ɹiːˈpɹuːvɪŋliː,reprovingly
repulsivly,ɹɪˈpʌlsɪvliː,repulsively
repulsivness,ɹɪˈpʌlsəvənsɪz,repulsiveness
repurpos,ɹiːˈpɜɹpəs,repurpose
reputativly,ˌɹɛpjəˈtɪtɪvliː,reputatively
repuwer,ˈɹiːˌpaʊəɹ,repower
repuwering,ɹiːˈpʌɹəwɪŋ,repowering
reqhallenge,ɹiːˈkæləndʒ,rechallenge
reqhallenged,ɹiːˈkæləstɪŋ,rechallenged
reqhallenging,ɹiːˈkæləsɪŋəɹ,rechallenging
reqhange,ɹiːˈtʃeɪndʒ,rechange
reqhanged,ɹiːˈkeɪndʒd,rechanged
reqhanging,ɹiːˈtʃeɪndʒɪŋ,rechanging
reqhannel,ɹiːˈkeɪnəl,rechannel
reqhanneling,ɹiːˈkeɪnzəlɪŋ,rechanneling
reqharger,ˈɹiːtʃəɹdʒəɹ,recharger
reqhargers,ˈɹiːtʃəɹdʒəɹz,rechargers
reqhart,ˈɹiːˌtʃɑɹt,rechart
reqharted,ɹiːˈkɑɹtɪd,recharted
reqharter,ɹiːˈkɑɹtəɹ,recharter
reqhartering,ɹiːˈsɑɹtɪŋ,rechartering
reqharting,ɹiːˈkɑɹtɪŋ,recharting
reqheat,ɹiːˈkeɪ,recheat
reqheated,ɹiːˈkeɪtiːd,recheated
reqheating,ɹiːˈkeɪtɪŋ,recheating
reqhecking,ˈɹiːkɪŋk,rechecking
reqhew,ˈɹɛkjuː,rechew
reqhewing,ˈɹɛkwɪŋ,rechewing
reqhoose,ɹiːˈkuːs,rechoose
reqhoosing,ɹiːˈkuːsɪŋ,rechoosing
reqhose,ɹiːˈkoʊs,rechose
reqhosen,ˈɹɛkoʊsən,rechosen
requisitiv,ˌɹɛkwəˈzɪtɪtɪv,requisitive
requisitness,ˌɹɛkwəˈzɪtənsts,requisiteness
reremynd,ɹiːˈɹiːmənd,reremind
reremynded,ɹiːˈɹiːməndɪd,rereminded
reremynding,ɹiːˈɹiːməndɪŋ,rereminding
rescriptiv,ɹɪˈskɹɪptɪv,rescriptive
rescriptivly,ɹɪˈskɹɪptɪvliː,rescriptively
reseeze,ɹɪˈzaɪz,reseize
reseezed,ɹiːˈzaɪzɪd,reseized
reseezer,ɹɪˈzaɪzəɹ,reseizer
reseezers,ɹɪˈzaɪzəɹz,reseizers
reseezing,ɹiːˈzaɪzɪŋ,reseizing
reseezure,ˈɹiːzəˌswɛɹ,reseizure
resentiv,ɹɪˈzɛntɪv,resentive
reserqhable,ɹiːˈsɜɹkəbəl,researchable
reserqhful,ɹiːˈsɜɹtʃəf,researchful
reserqhist,ɹiːˈsɜɹtʃɪsts,researchist
reserqhists,ɹiːˈsɜɹtʃɪsts,researchists
reservativ,ɹiːˈzɜɹvətɪv,reservative
reshue,ˈɹɛˌʃoʊ,reshoe
reshueing,ɹiːˈʃoʊɪŋ,reshoeing
resiht,ˈɹiːˌsaɪt,resight
resihted,ɹɪˈzaɪtɪd,resighted
resihting,ˈɹiːˌsaɪtɪŋ,resighting
resistiv,ɹɪˈzɪstɪv,resistive
resistivly,ɹɪˈzɪstɪvliː,resistively
resmoothe,ˈɹɛzməθ,resmooth
resoh,ɹiːˈswɛ,resew
resohing,ɹiːˈswaɪɪŋ,resewing
resohn,ɹɪzˈwʌn,resewn
resoht,ɹɪˈzɔt,resought
resolutiv,ɹiːˈzɑlətɪv,resolutive
resorced,ɹiːˈsɜɹst,resourced
resorcefully,ɹiːˈsɜɹsfəljuː,resourcefully
resorceless,ˈɹiːsəɹəˌsliːz,resourceless
resorcing,ɹiːˈsɔɹsɪŋ,resourcing
resorptiv,ɹiːˈsɔɹpɪts,resorptive
respectivness,ɹɪˈspɛktɪvnəs,respectiveness
respirativ,ɹɪˈspɛɹətɪv,respirative
responsivly,ɹɪˈspɑnsɪvliː,responsively
respredd,ɹiːˈspɹɛd,respread
respredding,ɹiːˈspɹeɪdɪŋ,respreading
restivly,ˈɹɛstɪˌvɛl,restively
restorativly,ˌɹɛstəɹˈeɪtɪvliː,restoratively
restorativs,ˈɹɛstəɹətɪvz,restoratives
restrictivly,ɹiːˈstɹɪktɪvliː,restrictively
restrictivs,ɹiːˈstɹɪktɪvz,restrictives
resultiv,ɹɪˈzʌltɪv,resultive
resumptiv,ɹɪˈzʌptɪv,resumptive
resupinat,ɹiːsəˈpjeɪʃənt,resupinate
resuscitativ,ɹɪˈsʌstəˌteɪtɪv,resuscitative
retaer,ɹiːˈtiːɹ,retear
retaering,ɹiːˈtiːɹɪŋ,retearing
retaliativ,ɹiːˈteɪljətɪv,retaliative
retardativ,ɹɪˈtɑɹdətɪv,retardative
retauht,ɹiːˈtɔt,retaught
reteaqh,ˈɹiːtiːˌæk,reteach
reteaqhing,ɹiːˈtaɪkɪŋ,reteaching
retentiv,ɹiːˈtɛntɪv,retentive
retentivly,ɹɪˈtɛntɪvliː,retentively
retentivness,ɹiːˈtɛntɪvnəs,retentiveness
rethredd,ɹiːˈɛθɹəd,rethread
rethredded,ɹiːˈθɹiːdəd,rethreaded
rethredding,ˈɹɛθɹɪdɪŋ,rethreading
reticulatly,ˌɹɛtɪˈkjuːləˌtɔliː,reticulately
retihten,ˈɹɛtɪɡənt,retighten
retihtening,ˈɹiːtɪˌɡeɪntɪŋ,retightening
retinervd,ɹɪˈtɪnvəɹd,retinerved
retinulat,ɹiːˈtɪnjuːleɪt,retinulate
retortiv,ɹɪˈtɔɹtɪv,retortive
retractiv,ɹiːˈtɹæktɪv,retractive
retredded,ɹiːˈtɹiːdəd,retreaded
retributiv,ɹiːˈtɹɪbjətɪv,retributive
retributivly,ɹiːˈtɹɪbjətəvɪtiː,retributively
retrievment,ɹiːˈtɹiːvmənt,retrievement
retrievments,ɹiːˈtɹiːvəmənts,retrievements
retrodictiv,ˌɹɛtɹəˈdɪtɪkɪv,retrodictive
retrogenerativ,ˌɹɛtɹəˈdʒɛnəɹˌteɪvɪn,retrogenerative
retrogressiv,ɹiːtɹəˈɡɹɛsɪv,retrogressive
retrogressivly,ˌɹɛtɹəˈɡɹɛsɪvliː,retrogressively
retropulsiv,ɹiːˈtɹʌpəlɪst,retropulsive
retropulsivly,ˌɹɛtɹəˈpʌlsɪvliː,retropulsively
retroreflectiv,ˌɹɛtɹəˈfɛɹktəlɪt,retroreflective
retrospectivs,ˌɹɛtɹəˈspɛktɪvz,retrospectives
retuqh,ˈɹɛtaʊtʃ,retouch
retuqher,ˈɹɛtʃaʊəɹ,retoucher
retuqhers,ˈɹɛtʃaʊəɹz,retouchers
revanqh,ɹiːˈvæntʃ,revanche
revanqhes,ɹiːˈvæntʃɪz,revanches
revanqhism,ɹiːˈvæŋkwɪʃməst,revanchism
revanqhisms,ɹiːˈvæŋkʃəmz,revanchisms
revanqhist,ɹiːˈvæŋkɪtʃəst,revanchist
reverberativ,ɹɪˈvɜɹtəɹəbɪt,reverberative
revertiv,ɹɪˈvɜɹtɪv,revertive
revittal,ɹɪˈvɪtkjuːəlt,revictual
revittaling,ɹiːˈvɪktʃuːˌeɪlɪŋ,revictualing
revolutiv,ˌɹɛvəˈluːtɪv,revolutive
revolvment,ɹɪˈvɑlvəmənt,revolvement
revolvments,ˌɹɛvəˈlɑntəns,revolvements
revulsiv,ɹɪˈvʌlsɪv,revulsive
reweav,ɹiːˈweɪv,reweave
reweih,ˈɹuːˌwiː,reweigh
reweihing,ɹiːˈwaɪɪŋ,reweighing
rewroht,ɹiːˈɹoʊt,rewrought
rewynded,ɹiːˈwɪndɪd,rewinded
rewynder,ɹiːˈwɪndəɹ,rewinder
rewynders,ɹiːˈwɪndəɹz,rewinders
rewynding,ɹiːˈwaɪndɪŋ,rewinding
rhabdocela,ˌɹæbəˈdoʊkə,rhabdocoela
rhetic,ˈɹeɪtɪk,rhaetic
rihten,ˈɹaɪtən,righten
rihtening,ˈɹaɪtənɪŋ,rightening
rihteousing,ˈɹaɪtʃəsɪŋ,righteousing
rihters,ˈɹaɪtəɹz,righters
rihtest,ˈɹaɪtəst,rightest
rihtfield,ˈɹaɪtˌfiːld,rightfield
rihtfields,ˈɹaɪtˌfiːldz,rightfields
rihtfulness,ˈɹaɪtfəlnəs,rightfulness
rihthander,ˈɹaɪtˌhændəɹ,righthander
rihthanders,ˈɹaɪfəndəɹz,righthanders
rihtholder,ˈɹaɪtˌhoʊldəɹ,rightholder
rihtholders,ˈɹaɪtˌhoʊldəɹz,rightholders
rihting,ˈɹaɪtɪŋ,righting
rihtism,ˈɹaɪtɪzəm,rightism
rihtisms,ˈɹaɪˌtɪzəmz,rightisms
rihtless,ˈɹaɪtləs,rightless
rihtmoste,ˈɹaɪtˌmɑst,rightmost
rihtwise,ˈɹaɪˌtwaɪz,rightwise
ringdov,ˈɹɪŋˌdoʊv,ringdove
ringdovs,ˈɹɪŋˌdoʊvz,ringdoves
ringhedd,ˈɹɪŋˌhɛd,ringhead
ringhedds,ˈɹɪŋˌhɛdz,ringheads
riptuwel,ˈɹɪptoʊəl,riptowel
riptuwels,ˈɹɪptoʊəlz,riptowels
riqhen,ˈɹɪkən,richen
riqhening,ˈɹɪkənɪŋ,richening
riqhweed,ˈɹɪtʃˌwiːd,richweed
riqhweeds,ˈɹɪtʃˌwiːdz,richweeds
roadstedd,ˈɹoʊdˌstɛd,roadstead
roadstedds,ˈɹoʊdˌstɛdz,roadsteads
roaqhing,ˈɹoʊtʃɪŋ,roaching
roghed,ˈɹoʊɡəd,rogued
rogheries,ɹoʊˈɡɛɹiːəɹz,rogueries
roghery,ˈɹoʊɡəɹiː,roguery
rogheship,ˈɹoʊɡəʃˌwɪp,rogueship
rogheships,ˈɹoʊɡəʃɪŋz,rogueships
roghing,ɹoʊˈɡwiːɪŋ,rogueing
roghish,ˈɹɑɡwɪʃ,roguish
roghishly,ˈɹɑɡəʃˌwɪliː,roguishly
roghishness,ˈɹɑɡwɪʃnəs,roguishness
roghy,ˈɹoʊɡwiː,roguy
roomsom,ˈɹuːmˌsoʊm,roomsome
ropewahk,ˈɹoʊpˌwɑk,ropewalk
ropewahker,ˈɹoʊpˌwɛkəɹ,ropewalker
ropewahkers,ˈɹoʊpˌwɛkəɹz,ropewalkers
ropewahks,ˈɹoʊpˌwɔks,ropewalks
roqeh,ɹoʊˈkeɪ,roquet
roqehing,ˈɹoʊkətɪŋ,roqueting
roqhet,ˈɹɑtʃət,rochet
roqhets,ˈɹɑtʃɪz,rochets
roseatly,ˈɹoʊziːˌeɪtliː,roseately
rosefinqh,ˈɹoʊzˌfɪntʃ,rosefinch
rosefinqhes,ˈɹoʊzəˌfɪntʃɪz,rosefinches
rosehedd,ˈɹoʊzˌhɛd,rosehead
rosehedds,ɹoʊˈziːdəz,roseheads
rostellat,ˈɹɑstəˌleɪt,rostellate
rosulat,ˈɹoʊzəˌleɪt,rosulate
rotativ,ˈɹoʊtətɪv,rotative
rotativly,ˈɹoʊtətɪvliː,rotatively
roundhedded,ˈɹaʊndheɪdəd,roundheaded
roundheddedness,ˌɹuːdnhaɪˈdɛnəst,roundheadedness
roundhedds,ˈɹaʊndˌhɛdz,roundheads
rubduwn,ˈɹʌbˌdaʊn,rubdown
rubduwns,ˈɹʌbˌdaʊnz,rubdowns
rudderhedd,ˈɹʌdəɹˌhɛd,rudderhead
rudderhedds,ˈɹʌdəɹˌhɛdz,rudderheads
rudderposte,ˈɹʌdəɹˌpɑst,rudderpost
rudderpostes,ˈɹʌdəɹˌpɑsts,rudderposts
ruffage,ˈɹʌˌfeɪdʒ,roughage
ruffages,ˈɹʌˌfeɪdʒɪz,roughages
ruffcast,ˈɹʌfˌkæst,roughcast
ruffcaster,ˈɹʌfˌkæstəɹ,roughcaster
ruffcasters,ˈɹʌfˌkæstəɹz,roughcasters
ruffcasting,ˈɹʌfˌkæstɪŋ,roughcasting
ruffdraw,ˈɹʌˌdɹɔ,roughdraw
ruffdrawing,ˈɹʌfəɹˌdaɪɪŋ,roughdrawing
ruffdrawn,ˈɹɔˌdwɔɹn,roughdrawn
ruffdrew,ˈɹɔdˌfɛɹ,roughdrew
ruffdried,ˈɹʌfɹiːd,roughdried
ruffdry,ˈɹʌfdiː,roughdry
ruffdrying,ˈɹʌfˌɡɹaɪɪŋ,roughdrying
ruffen,ˈɹʌfən,roughen
ruffening,ˈɹʌfənɪŋ,roughening
ruffers,ˈɹʌfəɹz,roughers
ruffhedd,ˈɹʌˌfeɪd,roughhead
ruffhew,ˈɹʌˌfjuː,roughhew
ruffhewer,ˈɹʌfjuːəɹ,roughhewer
ruffhewers,ˈɹʌˌfjuːəɹz,roughhewers
ruffhewing,ˈɹʌfiːwɪŋ,roughhewing
ruffhewn,ˈɹʌfwən,roughhewn
ruffhouse,ˈɹʌˌfeɪs,roughhouse
ruffhoused,ˈɹʌfəsts,roughhoused
ruffhousing,ˈɹʌfəsɪŋz,roughhousing
ruffings,ˈɹʌfɪŋz,roughings
ruffish,ˈɹʌfiːɪʃ,roughish
ruffleg,ˈɹʌfəld,roughleg
rufflegs,ˈɹʌfəlz,roughlegs
ruffrider,ˈɹʌˌfɹaɪdəɹ,roughrider
ruffriders,ˈɹʌˌfɹaɪdəɹz,roughriders
ruffscuff,ˈɹɔɡˌskʌf,roughscuff
ruffsetter,ˈɹʌfˌɡɛstəɹ,roughsetter
ruffsetters,ˈɹʌfˌɡɛtəɹz,roughsetters
ruffstring,ˈɹʌfstɹɪŋ,roughstring
ruffstrings,ˈɹʌfstɹɪŋz,roughstrings
rufftail,ˈɹʌfˌteɪl,roughtail
rufftails,ˈɹʌfˌteɪlz,roughtails
ruffwork,ˈɹɔfaʊɹk,roughwork
ruffwroht,ˈɹʌˌfɹaʊt,roughwrought
rufworking,ˈɹʌfˌɡwɜɹkɪŋ,roughworking
ruminativ,ˈɹʌmənətɪv,ruminative
ruminativly,ˈɹʌmənətɪvliː,ruminatively
runcinat,ˈɹʌnsəˌneɪt,runcinate
runduwns,ˈɹʌnˌdaʊnz,rundowns
runghedd,ˈɹʌŋˌhɛd,runghead
runghedds,ˈɹʌŋɡˌhɛdz,rungheads
runqh,ɹʌntʃ,runch
runqhes,ˈɹʌntʃɪz,runches
rushliht,ˈɹʌʃˌlaɪt,rushlight
rushlihts,ˈɹʌʃˌlaɪts,rushlights
ruwdier,ˈɹoʊdiːəɹ,rowdier
ruwdiest,ˈɹoʊdiːəst,rowdiest
ruwdily,ˈɹoʊdəliː,rowdily
ruwdyduw,ˈɹaʊdiːoʊd,rowdydow
ruwdyduwdy,ɹoʊˈdɔɪdəd,rowdydowdy
ruwdyduws,ˈɹoʊdiːˌwɑz,rowdydows
ruwdyish,ˈɹoʊdiːɪʃ,rowdyish
ruwdyism,ˈɹoʊˌdaɪzmɪs,rowdyism
ruwdyisms,ˈɹoʊˌdaɪzmɪs,rowdyisms
ruwel,ˈɹoʊəl,rowel
ruweling,ˈɹoʊəlɪŋ,roweling
ruwens,ˈɹoʊənz,rowens
ruwth,ɹaʊθ,rowth
rynded,ˈɹɪndɪd,rinded
rynding,ˈɹaɪndɪŋ,rinding
ryndless,ˈɹɪndləs,rindless
ryndy,ˈɹɪndiː,rindy
sacculat,ˈsækjəˌleɪt,sacculate
sacq,sæk,sacque
sacqs,sæks,sacques
safeliht,ˈseɪˌflaɪt,safelight
safelihts,ˈseɪˌflaɪts,safelights
saju,sɑˈjuː,sajou
sajus,ˈseɪdʒʊs,sajous
saliq,ˈsælɪk,salique
sanativ,ˈsænətɪv,sanative
sandshue,ˈsændˌʃuː,sandshoe
sandshues,ˈsændˌʃuːz,sandshoes
sandwiqhing,ˈsændwɪksɪŋ,sandwiching
sanguinless,ˈsæŋɡwənəsliːz,sanguineless
sanguinly,ˈsæŋɡjənəliː,sanguinely
sanguinness,ˈsæŋɡwəˌnɪsɪz,sanguineness
sanguins,ˈsæŋɡwənz,sanguines
sapaju,səˈpeɪdʒuː,sapajou
saphedd,ˈsæfəd,saphead
saphedded,ˈsæfəˌdɛd,sapheaded
sapheddedness,ˈsæfəˌdiːdnəs,sapheadedness
saphedds,ˈsæfədz,sapheads
saqhem,ˈsækəm,sachem
saqhemdom,ˈsækɪmdɔɹ,sachemdom
saqhemdoms,ˈsækɪmˌdɑz,sachemdoms
saqhemic,səˈkɛmɪk,sachemic
saqhems,ˈsækəmz,sachems
saqhemship,ˈseɪksmɪf,sachemship
saqhemships,ˈseɪkmɪʃəɹz,sachemships
sargencies,ˈsɜɹdʒənsiːz,sergeancies
sargency,ˈsɜɹdʒənsiː,sergeancy
sargent,ˈsɜɹdʒənt,serjeant
sargenties,ˈsɜɹdʒəntiːz,sergeanties
sargents,ˈsɜɹdʒənts,serjeants
sargenty,ˈsɜɹdʒəntiː,serjeanty
sarighe,səɹˈiːɡ,sarigue
sarighes,səɹˈiːɡz,sarigues
satisfactiv,ˌsætəsˈfæktɪv,satisfactive
sautehing,ˈsaʊtɪŋ,sauteing
scammoniat,skæməˈnaɪət,scammoniate
scaramouqh,ˈskæɹəˌmaʊtʃ,scaramouche
scaramouqhes,ˈskæɹəˌmaʊtʃɪz,scaramouches
scarehedd,ˈskɛɹˌhiːd,scarehead
scarehedds,ˈskɛɹˌhiːdz,scareheads
scepterellat,ˈsɛptəɹəˌleɪt,scepterellate
scholasticat,skəˈlæstɪkət,scholasticate
scholasticats,skəˈlæstɪkəts,scholasticates
schoolfrend,ˈskuːlˌfɹɛnd,schoolfriend
schoolfrends,ˈskuːlˌfɹɛndz,schoolfriends
sconshon,ˈskɑnʃən,sconcheon
sconshons,ˈskɑnʃənz,sconcheons
scorpenid,ˈskɔɹpənˌdaɪn,scorpaenid
scorpenidae,skɔɹˈpeɪnˌzeɪd,scorpaenidae
scorpenids,ˈskɔɹpəˌnaɪdz,scorpaenids
scorpenoid,ˈskɔɹpəˌnɔɪd,scorpaenoid
scorpenoids,ˈskɔɹpəˌnɔɪndz,scorpaenoids
scorqhers,ˈskɔɹtʃəɹz,scorchers
scorqhingly,ˈskɔɹtʃɪŋliː,scorchingly
scranqh,skɹæntʃ,scranch
scranqhing,ˈskɹæntʃɪŋ,scranching
screeqher,ˈskɹiːtʃəɹ,screecher
screeqhers,ˈskɹiːtʃəɹz,screechers
screeqhier,ˈskɹiːtʃiːəɹ,screechier
screeqhiest,ˈskɹiːtʃiːəst,screechiest
screeqhy,ˈskɹiːtʃiː,screechy
scriev,skɹiːv,scrieve
scrooqh,skɹuːtʃ,scrooch
scrooqhing,ˈskɹuːtʃɪŋ,scrooching
scrubwimen,ˈskɹʌfwənm,scrubwomen
scrunqhing,ˈskɹʌntʃɪŋ,scrunching
sculpturesq,ˈskʌlptʃəɹˌswɛk,sculpturesque
scurger,ˈskɜɹdʒəɹ,scourger
scurgers,ˈskɜɹdʒəɹz,scourgers
scutchon,ˈskʌtʃɪn,scutcheon
scutchons,ˈskʌtʃɪŋz,scutcheons
scutellat,ˈskʌtəˌleɪt,scutellate
scutibranchiat,skəˈtɪkɹəbənˌʃeɪbən,scutibranchiate
scutibranchiats,skəˈtɪkbɹiːənˌsaɪənts,scutibranchiates
scuwder,ˈskaʊdəɹ,scowder
scuwdering,ˈskaʊdəɹɪŋ,scowdering
scuwing,ˈskaʊɪŋ,scowing
scuwler,ˈskaʊləɹ,scowler
scuwlers,ˈskaʊləɹz,scowlers
scuwlingly,ˈskaʊlɪŋliː,scowlingly
seabeaqhes,ˈsiːˌbiːtʃɪz,seabeaches
seafuwl,ˈsiːˌfɔl,seafowl
seafuwls,ˈsiːˌfɔlz,seafowls
seclusiv,sɪˈkluːsɪv,seclusive
seclusivly,ˌsɛˈkluːsɪvliː,seclusively
seclusivness,ˈsɛkləsˌvaɪnz,seclusiveness
secretagog,sɛkɹɪˈtædʒuːəɡ,secretagogue
secretagogs,ˌsɛkɹəˈtɑɡəʃəs,secretagogues
secretivly,sɪˈkɹiːtɪvliː,secretively
sedativs,səˈdeɪtɪvz,sedatives
seduciv,səˈduːsəv,seducive
seductivness,sɪˈdʌktəvɪnz,seductiveness
seezable,ˈsaɪzəbəl,seizable
seeze,saɪs,seise
seezed,saɪst,seised
seezer,ˈsaɪzəɹ,seizer
seezers,ˈsaɪsəɹz,seisers
seezin,ˈsaɪsɪn,seisin
seezing,ˈsaɪsɪŋ,seising
seezings,ˈsaɪsɪŋz,seisings
seezins,ˈsaɪsənz,seisins
seezor,ˈsaɪˌsɔɹ,seisor
seezors,ˈsaɪsəɹz,seisors
seezure,ˈsaɪsɔɹ,seisure
seezures,ˈsaɪsɔɹz,seisures
segregativ,ˈsɛɡɹəɡətɪv,segregative
segwehd,siːɡt,segued
segwehing,ˈsɛɡɪŋ,segueing
selectivness,səˈlɛktɪvnəs,selectiveness
selectwimen,ˈsɛləˌkwɛmθən,selectwomen
semiconservativ,ˌsɛmiːkənsəɹˈpæʃɪv,semiconservative
semiconservativly,ˌsɛmiːskəˈnɜɹsətɪvliː,semiconservatively
semideff,ˌsɛmiːˈdiːf,semideaf
semidubble,ˌsɛməˈdɔbəl,semidouble
semidubbles,ˌsɛmiːˈdɔbəs,semidoubles
semihih,ˈsɛmɪh,semihigh
semiliterat,ˌsɛməˈlɪɹətət,semiliterate
semiliterats,ˌsɛmiːˈlɪtəɹəts,semiliterates
semiopaqe,ˌsɛmiːˈkɑˌpjuː,semiopaque
semiprivat,ˌsɛmɪˈpɹaɪəst,semiprivate
semiquantitativ,ˌsɛmiːkəˈvɪntəktɪt,semiquantitative
semiquantitativly,ˌsɛmiːkəˈvɪntəklɪtiː,semiquantitatively
semivuwel,ˈsɛməˌvoʊl,semivowel
semivuwels,ˈsɛməˌvoʊlz,semivowels
semiwyld,ˈsɛmaɪəld,semiwild
senats,ˈsɛnəts,senates
sensitivs,ˈsɛnsətɪvz,sensitives
separativ,ˈsɛpəɹˌeɪtɪv,separative
sepulcral,ˌsɛpəˈkwɜɹlə,sepulchral
sepulcrally,ˈsɛpəklˌwɑɹliː,sepulchrally
sepulcre,ˈsɛpəkləɹ,sepulcher
sepulcring,sɪˈpʌkləɹɪŋ,sepulchering
seriatly,ˈsɪɹiːətliː,seriately
seronegativ,ˌsɛɹəˈnɑdʒɪtɪv,seronegative
seropositiv,ˌsɛɹəˈpoʊzɪˌtuːts,seropositive
serqhable,ˈsɜɹtʃəbəl,searchable
serqhingly,ˈsɜɹtʃɪŋliː,searchingly
serqhless,ˈsɜɹtʃləs,searchless
servicewimen,ˈsɜɹvəˌswɪməɹn,servicewomen
sesquiduplicat,ˌsɛskədˈswɪpəθəl,sesquiduplicate
sesquiplicat,ˌsɛskəˈplaɪkət,sesquiplicate
seviqhe,ˈsɛvɪtʃ,seviche
seviqhes,ˈsɛvɪtʃɪz,seviches
shampaigns,tʃæmˈpeɪnz,champaigns
sharability,ˌʃɛɹəˈbɪlətiː,shareability
sharable,ˈʃɛɹəbəl,shareable
shauh,ʃɔ,shaugh
shauhs,ʃɔz,shaughs
sheav,ʃiːv,sheave
sheepshedd,ˈʃiːpʃəd,sheepshead
sheepshedds,ˈʃiːpʃədz,sheepsheads
sheev,ʃiːv,sheeve
sheevs,ʃiːvz,sheeves
shinleavs,ˈʃɪnˌliːvz,shinleaves
shirtsleevd,ˈʃɜɹtˌsliːvd,shirtsleeved
shirtsleevs,ˈʃɜɹtˌsliːvz,shirtsleeves
shithedds,ˈʃɪtˌhɛdz,shitheads
shoptahk,ˈʃɑpˌtɔlk,shoptalk
shoptahks,ˈʃɑpˌtɔks,shoptalks
shortbredd,ˈʃɔɹtˌbɹɛd,shortbread
shortbredds,ˈʃɔɹtˌbɹɛdz,shortbreads
shortqhanger,ˈʃɔɹtˌtʃændʒəɹ,shortchanger
shortqhangers,ˌʃɔɹtˈtʃændʒəɹz,shortchangers
shortsihtedly,ˈʃɔɹtsɪtɪdliː,shortsightedly
showbredd,ˈʃuːˌbɹɛd,shewbread
showbredds,ˈʃuːˌbɹiːdz,shewbreads
shriev,ʃɹiːv,shrieve
shuebill,ˈʃuːˌbɪl,shoebill
shuebills,ˈʃuːbəlz,shoebills
shueblack,ˈʃuːblək,shoeblack
shueblacks,ˈʃuːˌblæks,shoeblacks
shueboxes,ˈʃoʊˌbɑksɪz,shoeboxes
shued,ʃoʊd,shoed
shuehorning,ˈʃuːˌhɔɹɪŋ,shoehorning
shueing,ˈʃoʊɪŋ,shoeing
shueless,ˈʃuːləs,shoeless
shuemaking,ˈʃuːˌmeɪkɪŋ,shoemaking
shuepac,ˈʃoʊˌpæk,shoepac
shuepack,ˈʃuːˌpæk,shoepack
shuepacks,ˈʃuːˌpæks,shoepacks
shuepacs,ˈʃoʊˌpæks,shoepacs
shuer,ʃɜɹ,shoer
shuers,ʃɜɹz,shoers
shueshines,ˈʃuːˌʃiːnz,shoeshines
shuestrings,ˈʃoʊstɹɪŋz,shoestrings
shuetree,ʃuːˈtɹiː,shoetree
shuetrees,ʃəˈtɹiːz,shoetrees
shutiye,ˈʃuːtiː,shuteye
shuwerer,ˈʃaʊəɹiːɹ,showerer
shuwerers,ˈʃaʊəɹiːz,showerers
shuwerhedd,ˈʃaʊəɹˌhɛd,showerhead
shuwerhedds,ˈʃaʊəɹˌhɛdz,showerheads
shuwerless,ˈʃoʊəɹləs,showerless
shuwery,ˈʃaʊəɹiː,showery
sialagog,ˈsaɪəˌlæɡə,sialagogue
sialagogs,ˈsaɪəˌleɪɡəs,sialagogues
sialogog,ˌsaɪəˈlɑɡəɡ,sialogogue
sialogogs,ˌsaɪəˈlɑɡəs,sialogogues
sideliht,ˈsaɪdˌlaɪt,sidelight
sidelihts,ˈsaɪdˌlaɪts,sidelights
significativ,sɪɡnəˈfɪkətɪv,significative
siher,ˈsaɪəɹ,sigher
sihers,ˈsaɪəɹz,sighers
sihless,ˈsaɪləs,sighless
sihlike,ˈsaɪˌlaɪk,sighlike
sihtedness,ˈsaɪtədnəs,sightedness
sihter,ˈsaɪtəɹ,sighter
sihters,ˈsaɪtəɹz,sighters
sihtless,ˈsaɪtləs,sightless
sihtlessly,ˈsaɪtləsliː,sightlessly
sihtlessness,ˈsaɪtləsnəs,sightlessness
sihtlier,ˈsaɪtˌlaɪəɹ,sightlier
sihtliest,ˈsaɪtˌlaɪsts,sightliest
sihtliness,ˈsaɪtˌlaɪns,sightliness
sihtly,ˈsaɪtliː,sightly
sihtreading,ˈsaɪˌtɹiːdɪŋ,sightreading
sihtsaw,ˈsaɪtˌswɑ,sightsaw
sihtseen,ˈsaɪtˌsiːn,sightseen
siliqe,sɪˈliːkwɛ,silique
siliqes,sɪˈliːkwɛz,siliques
silversord,ˈsɪlvəɹzwəɹd,silversword
silversords,ˈsɪlvəɹzwəɹdz,silverswords
simplemynded,ˈsɪmpləˌmɛndɪnd,simpleminded
simplemyndedly,ˈsɪmpəlmənˌdaɪdən,simplemindedly
simplemyndedness,ˈsɪmpəldmənəsts,simplemindedness
simulativ,ˈsɪmjələtɪv,simulative
sinolog,ˈsɪnəˌlɔɡ,sinologue
sinologs,ˈsɪnəˌlɔɡz,sinologues
skink,sɪŋk,scink
skinks,sɪŋks,scinks
skintiht,ˈskɪnˌtaɪt,skintight
skiwaer,ˈskɪˌwɛɹ,skiwear
skunkhedd,ˈskʌŋkˌhɛd,skunkhead
skunkhedds,ˈskʌŋkˌhɛdz,skunkheads
skylihted,ˈskaɪˌlaɪtɪd,skylighted
skywahk,ˈskaɪˌwɑk,skywalk
skywahks,ˈskaɪˌwɑks,skywalks
slauhterer,ˈslɔtəɹəɹ,slaughterer
slauhterers,ˈslɔtəɹiːz,slaughterers
slauhterous,ˈslɔtəɹˌhaʊs,slaughterous
slauhterously,ˈslɔtəɹˌhaʊsliː,slaughterously
sleav,sliːv,sleave
sleepyhedd,ˈsliːpiːˌhɛd,sleepyhead
sleepyhedds,ˈsliːpˌhiːədz,sleepyheads
sleevlet,ˈsliːvəlt,sleevelet
sleevlets,ˈsliːvəlts,sleevelets
sleiher,ˈslaɪɡəɹ,sleigher
sleihers,ˈslaɪɡəɹz,sleighers
sleihing,ˈslaɪɡɪŋ,sleighing
sleihts,sleɪts,sleights
slihter,ˈslaɪtəɹ,slighter
slihtingly,ˈslaɪtɪŋliː,slightingly
slihtness,ˈslaɪtnəs,slightness
slihty,ˈslaɪtiː,slighty
sloffing,ˈslaʊɪŋ,sloughing
slouqher,ˈslaʊtʃəɹ,sloucher
slouqhers,ˈslaʊtʃəɹz,slouchers
slouqhier,ˈslaʊtʃiːəɹ,slouchier
slouqhiest,ˈslaʊtʃiːəst,slouchiest
slouqhily,ˈsluːtʃɪliː,slouchily
slouqhiness,ˈslaʊtʃiːnəs,slouchiness
slouqhy,ˈslaʊtʃiː,slouchy
sluced,sluːst,sluiced
sluceway,ˈsluːsiːˌwɑ,sluiceway
sluceways,ˈsluːsiːˌwɑs,sluiceways
smallsord,ˈsmɔlzwəɹd,smallsword
smallsords,ˈsmɔldəɹz,smallswords
smirqh,smɜɹtʃ,smirch
smirqhing,ˈsmɜɹtʃɪŋ,smirching
smooqh,smuːtʃ,smooch
smooqhing,ˈsmuːtʃɪŋ,smooching
smooqhy,ˈsmuːtʃiː,smoochy
smoothebore,ˈsmʊthbəɹ,smoothbore
smoothebores,ˈsmʊthbəɹz,smoothbores
snakehedd,ˈsneɪkˌhɛd,snakehead
snakehedds,ˈsneɪkˌhɛdz,snakeheads
snowplouh,ˈsnoʊplaʊ,snowplough
snowplouhing,ˈsnoʊˌplɔɪŋ,snowploughing
snowpluwing,ˈsnoʊˌplaʊɪŋ,snowplowing
snowshued,ˈsnoʊˌʃuːd,snowshoed
snowshueing,ˈsnoʊʃˌweɪɪŋ,snowshoeing
snowshuer,ˈsnoʊʃaʊəɹ,snowshoer
snowshuers,ˈsnoʊˌʃɔɹz,snowshoers
snowsuht,ˈsnoʊzwɪt,snowsuit
snowsuhts,ˈsnoʊzwɪts,snowsuits
sobriqehs,səˈbɹiːkəts,sobriquets
sockiye,ˈsɑkiː,sockeye
sockiyes,ˈsɑkiːz,sockeyes
soff,sɔf,sough
soffing,ˈsaʊfɪŋ,soughing
softharted,ˈsɔfθəɹˌeɪtəd,softhearted
softhartedly,ˈsɔfθəɹˌɛtstliː,softheartedly
softhartedness,ˈsɔfθəɹətstɹənd,softheartedness
softhedd,ˈsɔfˌθɛd,softhead
softhedded,ˈsɔfˌθiːdɪd,softheaded
softheddedly,ˌsɔfˈθɛdədliː,softheadedly
softheddedness,ˈsɔfθiːˌdeɪzɪnd,softheadedness
softhedds,ˈsɔfˌθɛdz,softheads
sohabilities,səˈweɪləˌbaɪts,sewabilities
sohability,səˈweɪləbaɪt,sewability
sohable,ˈsuːəbəl,sewable
sohings,ˈsuːɪŋz,sewings
sohlfully,ˈsoʊlfəliː,soulfully
sohlfulness,ˈsoʊlflənsənz,soulfulness
sohling,ˈsuːlɪŋ,souling
sohllessly,ˈsaʊlləsliː,soullessly
sohllessness,ˈsuːllənsɪz,soullessness
sohllike,ˈsuːˌlaɪk,soullike
sohlmate,ˈsoʊlmət,soulmate
sohlmates,ˈsoʊlməts,soulmates
solonqhak,ˈsɑlənˌkɑk,solonchak
solonqhaks,ˈsɑlənˌkæs,solonchaks
sombodies,ˈsʌmˌboʊdiː,somebodies
somdeal,səˈmiːdəl,somedeal
somway,ˈsʌmˌweɪ,someway
somways,ˈsʌmˌweɪz,someways
somwhats,ˈsʌmˌwɑts,somewhats
somwhen,ˈsʌmˌwɛn,somewhen
somwhither,ˈsʌmˌwɪðəɹ,somewhither
somwise,ˈsʌmˌwaɪz,somewise
somwuns,ˈsʌˌmoʊnz,someones
sonobooy,səˈnuːbwoʊ,sonobuoy
sonobooys,səˈnoʊbwiːz,sonobuoys
soobrett,suːˈbɹɛt,soubrette
soobriqeh,səˈbɹiːkət,soubriquet
soobriqehs,suːbɹiːˈkiːts,soubriquets
soovlaki,ˌsuːvˈlɑkiː,souvlaki
soovlakia,ˌsuːvˈlɑkjə,souvlakia
soovlakias,ˌsuːvˈlɑkiːəs,souvlakias
soovlakis,ˈsuːvlɑksɪs,souvlakis
sorcebooks,ˈsɔɹˌskuːbz,sourcebooks
sorced,sɔɹts,sourced
sorceless,ˈsɔɹsələs,sourceless
sordfishes,ˈsɔɹdˌfɪʃɪz,swordfishes
sordman,ˈswɔɹdmən,swordman
sordmen,ˈswɔɹdmən,swordmen
sordplayer,ˈswɔɹdˌpleɪəɹ,swordplayer
sordplayers,ˈswɔɹdˌpleɪəɹz,swordplayers
sordsman,ˈswɔɹdsmən,swordsman
sordsmanship,ˈswɔɹdsmənˌʃɪp,swordsmanship
sordsmanships,ˈswɔɹdsmənˌʃɪps,swordsmanships
sordsmen,ˈswɔɹdsmən,swordsmen
sordtail,ˈswɔɹˌteɪt,swordtail
sordtails,ˈswɔɹtəlɪs,swordtails
sorehedd,ˈsɔɹˌhɛd,sorehead
sorehedded,ˈsɔɹˌhiːdɪd,soreheaded
soreheddedly,ˈsɔɹˌhɛdədliː,soreheadedly
soreheddedness,ˌsɔɹhiːˈdɛnɪsts,soreheadedness
sorehedds,ˈsɔɹˌhɛdz,soreheads
soroqhe,ˈsɔɹətʃ,soroche
sorptiv,ˈsɔɹptɪv,sorptive
sourdoh,ˈsɔɹdaʊ,sourdough
sourdohs,ˈsɔɹdəs,sourdoughs
southeasternmoste,ˌsuːθiːˈɑtsmənts,southeasternmost
southwesternmoste,ˌsaʊˈθwɛtsəɹnˌtuːz,southwesternmost
spacefliht,ˈspeɪsflɪt,spaceflight
spaceflihts,ˈspeɪsflɪts,spaceflights
spacewahker,ˈspeɪˌswɑkəɹ,spacewalker
spacewahkers,ˈspeɪˌswɑkəɹz,spacewalkers
spathulat,ˈspæθəˌleɪt,spathulate
spatulat,ˈspætʃəˌleɪt,spatulate
speculativly,ˈspɛkjələtɪvliː,speculatively
speeqhified,ˈspiːtʃəˌfaɪd,speechified
speeqhlessly,ˈspiːtʃləsliː,speechlessly
speeqhlessness,ˈspiːkləsnəs,speechlessness
speeqhmaker,ˈspiːtʃˌmeɪkəɹ,speechmaker
speeqhmakers,ˈspiːtʃˌmeɪkəɹz,speechmakers
speeqhmaking,ˈspiːtʃˌmeɪkɪŋ,speechmaking
spellbynd,ˈspɛlˌbɪnd,spellbind
spellbynder,ˈspɛlˌbaɪndəɹ,spellbinder
spellbynders,ˈspɛlˌbaɪndəɹz,spellbinders
spellbyndingly,ˈspɛlbəndɪliː,spellbindingly
spellqheck,ˈspɛltʃɛk,spellcheck
spellqhecker,ˈspɛlˌtʃɛkəɹ,spellchecker
spellqheckers,ˈspɛlˌtʃɛkəɹz,spellcheckers
spellqhecking,ˈspɛlˌtʃɛkɪŋ,spellchecking
spinaqhes,ˈspɪnətʃɪz,spinaches
spinaqhlike,ˈspɪnəˌklaɪk,spinachlike
spinaqhy,ˈspɪnətʃiː,spinachy
spinat,ˈspaɪnət,spinate
splashduwn,ˈsplæʃˌdaʊn,splashdown
splashduwns,ˈsplæʃˌdaʊnz,splashdowns
sportiv,ˈspɔɹtɪv,sportive
sportivly,ˈspɔɹtɪˌvɪliː,sportively
sportivness,ˈspɔɹtəvənz,sportiveness
sportswimen,ˈspɔɹtˌswʊmən,sportswomen
sporulativ,ˈspɔɹəˌleɪtɪv,sporulative
spreddabilities,ˈspɹɛdəbəˌlaɪts,spreadabilities
spreddability,spɹəˈdædəbəliː,spreadability
spreddable,ˈspɹeɪdəbəl,spreadable
spreddably,ˈspɹeɪdəbliː,spreadably
spreddboard,ˈspɹɛdˌbɔɹd,spreadboard
spreddboards,ˈspɹɛdˌbɔɹdz,spreadboards
spreddee,ˈspɹɛˌdiː,spreadee
spreddees,ˈspɹɛˌdiːz,spreadees
spredders,ˈspɹɛdəɹz,spreaders
spreddlock,ˈspɹɛdˌlɑk,spreadlock
spreddlocks,ˈspɹɛdˌlɑks,spreadlocks
spreddly,ˈspɹɛdliː,spreadly
spreddwing,ˈspɹɛdwɪŋ,spreadwing
spreddwings,ˈspɹɛˌdwɪŋz,spreadwings
spriht,spɹaɪt,spright
sprihtful,ˈspɹaɪtfəl,sprightful
sprihtfully,ˈspɹaɪtfəliː,sprightfully
sprihtfulness,ˈspɹaɪtˌfʌlnəs,sprightfulness
sprihtlier,ˈspɹaɪtləɹ,sprightlier
sprihtliest,ˈspɹaɪtləst,sprightliest
sprihtliness,ˈspɹaɪtˌlaɪnz,sprightliness
sprihts,spɹaɪts,sprights
springhedd,ˈspɹɪŋɡˌhɛd,springhead
springhedds,ˈspɹɪŋɡˌhædz,springheads
squelqher,ˈskwɛltʃəɹ,squelcher
squelqhers,ˈskwɛltʃəɹz,squelchers
squelqhier,ˈskwɛltʃiːəɹ,squelchier
squelqhiest,ˈskwɛltʃəwɪst,squelchiest
squelqhy,ˈskwɛltʃiː,squelchy
squeteag,ˈskwiːteɪɡ,squeteague
squeteags,ˈskwiːteɪɡoʊs,squeteagues
squinqh,skwɪntʃ,squinch
squinqhing,ˈskwɪntʃɪŋ,squinching
stagecoaqhes,stəˈɡɛkjuːˌoʊz,stagecoaches
stahkier,ˈstɔkjəɹ,stalkier
stahkiest,ˈstɔkliːəst,stalkiest
stahkily,ˈstɔlˌkɪliː,stalkily
stahkless,ˈstɔkləs,stalkless
staminat,ˈstæməˌneɪt,staminate
stanqher,ˈstæntʃəɹ,stancher
stanqhers,ˈstæntʃəɹz,stanchers
stanqhest,ˈstæntʃəst,stanchest
stanqhly,ˈstæntʃliː,stanchly
stanqhon,ˈstænkjən,stanchion
stanqhond,ˈstæntʃənd,stanchioned
stanqhoning,ˈstænʃiːˌæŋɪŋ,stanchioning
starfluwer,ˈstɑɹˌflaʊəɹ,starflower
starfluwers,ˈstɑɹˌflaʊəɹz,starflowers
starfruht,ˈstɑɹˌfɹʌt,starfruit
starfruhts,ˈstɑɹˌfɹaɪts,starfruits
starlihts,ˈstɑɹˌlaɪts,starlights
starqhier,ˈstɑɹtʃiːəɹ,starchier
starqhiest,ˈstɑɹtʃəsəts,starchiest
starqhily,ˈstɑɹtʃəliː,starchily
starqhiness,ˈstɑɹtʃənɪs,starchiness
starqhing,ˈstɑɹtʃɪŋ,starching
starvling,ˈstɑɹvəlɪŋ,starveling
starvlings,ˈstɑɹvəlɪŋz,starvelings
stateswimen,ˈsteɪsˌtwʊmən,stateswomen
stativ,ˈsteɪtɪv,stative
stativs,ˈsteɪtɪvz,statives
statuesqly,stəˈtʃuːsəvliː,statuesquely
staunqher,ˈstɔntʃəɹ,stauncher
staunqhing,ˈstɔntʃɪŋ,staunching
staunqhness,ˈstɔntʃənz,staunchness
steddfast,ˈstɛdˌfæst,stedfast
steddfastly,ˈstɛdfəsliː,stedfastly
steddiers,ˈstiːdiːəɹz,steadiers
steddiest,ˈstiːdiːəst,steadiest
stedding,ˈstiːdɪŋ,steading
steddings,ˈstiːdɪŋz,steadings
stedds,stɛdz,steads
steddying,ˈstɛdiːɪŋ,steadying
steelhedds,ˈstiːlˌhɛdz,steelheads
steepleqhaser,ˈstiːpəlˌtʃɛsəɹ,steeplechaser
steepleqhasers,ˈstiːpəlˌtʃɛsəɹz,steeplechasers
steepleqhases,ˈstiːpəlˌseɪks,steeplechases
steepleqhasing,ˈstiːpəlˌseɪkɪŋ,steeplechasing
steepleqhasings,ˈstiːpəlˌseɪkɪŋz,steeplechasings
steev,stiːv,steeve
stelthily,ˈstɛlθiːliː,stealthily
stelthiness,ˈstɛlθiːnəs,stealthiness
stelths,stɛθlz,stealths
stemwynder,ˈstɛmˌwaɪndəɹ,stemwinder
stemwynders,ˈstɛmˌwaɪndəɹz,stemwinders
stenqhful,ˈstɛntʃfəl,stenchful
stenqhier,ˈstɛntʃəɹ,stenchier
stenqhiest,ˈstɛntʃiːəst,stenchiest
stenqhing,ˈstɛntʃɪŋ,stenching
stenqhy,ˈstɛntʃiː,stenchy
stepduwn,ˈstɛpˌdaʊn,stepdown
stepduwns,ˈstɛpˌdaʊnz,stepdowns
sternforemoste,ˈstɜɹnfoʊəɹməst,sternforemost
sternmoste,ˈstɜɹnˌmoʊst,sternmost
stoneqhat,ˈstoʊntʃæt,stonechat
stoneqhats,ˈstoʊnɪkts,stonechats
stonyharted,ˈstoʊniːˌɹɑftɪd,stonyhearted
stoutharted,ˈstaʊθəɹtɪd,stouthearted
stouthartedly,ˈstʌðəɹɪtlɪd,stoutheartedly
stouthartedness,ˈstʌθiːɹˌtɛdənts,stoutheartedness
straihtaways,ˈstɹeɪtəˌweɪz,straightaways
straihtbred,ˈstɹeɪtˌbɹɛd,straightbred
straihtbreds,ˈstɹeɪˌtɹɛbdz,straightbreds
straihted,ˈstɹeɪtɪd,straighted
straihtedges,ˈstɹeɪtədʒɪz,straightedges
straihtener,ˈstɹeɪtnəɹ,straightener
straihteners,ˈstɹeɪtnəɹz,straighteners
straihtest,ˈstɹeɪtəst,straightest
straihtfaced,ˈstɹeɪtˌfæstɪɡ,straightfaced
straihtforwardness,ˈstɹeɪtˌfɔɹˌwɛntəɹz,straightforwardness
straihting,ˈstɹeɪtɪŋ,straighting
straihtish,ˈstɹeɪtɪʃ,straightish
straihtlaced,ˈstɹeɪtˌlæst,straightlaced
straihtly,ˈstɹeɪtliː,straightly
straihtness,ˈstɹeɪtnəs,straightness
straihtway,ˈstɹeɪˌtweɪ,straightway
straihtways,ˈstɹeɪˌtweɪz,straightways
strawfluwer,ˈstɹɔˌflaʊəɹ,strawflower
strawfluwers,ˈstɹɔˌflaʊəɹz,strawflowers
streetliht,ˈstɹiːtəltwaɪd,streetlight
streetlihts,ˈstɹiːtəltɪd,streetlights
streetwahker,ˈstɹiːˌtwɔkəɹ,streetwalker
streetwahkers,ˈstɹiːˌtwɔkəɹz,streetwalkers
streetwahking,ˈstɹiːˌtwækɪŋθ,streetwalking
strikebraeking,ˈstɹaɪkˌbɹeɪkɪŋ,strikebreaking
stringcorse,ˈstɹɪŋˌkaʊsəɹ,stringcourse
stringcorses,ˈstɹɪŋˌkɔɹsɪz,stringcourses
stuntwimen,ˈstʌntwəmn,stuntwomen
stylat,ˈstaɪˌleɪt,stylate
suari,soʊˈhɑɹiː,souari
suaris,ˈsuːəɹəs,souaris
suasiv,ˈswɑsɪv,suasive
suasivly,ˈswɑsəvliː,suasively
suasivness,ˈsweɪsəvɪnz,suasiveness
subbasse,ˈsʌbəs,subbass
subbranqh,ˈsʌbɹəntʃ,subbranch
subbranqhes,səˈbɹæntʃɪz,subbranches
subcollegiat,səbˈkɑlədʒət,subcollegiate
subcurativ,səbˈkɜɹətɪkt,subcurative
subcurativs,səbˈkɜɹkətɪs,subcuratives
subduplicat,səbˈdʌpləˌkeɪt,subduplicate
subhedd,ˈsʌbˌhɛd,subhead
subhedding,ˈsʌbˌhiːdɪŋ,subheading
subheddings,ˈsʌbˌhiːdɪz,subheadings
subhedds,ˈsʌbˌhɛdz,subheads
subise,ˈsuːbaɪz,soubise
subjectivly,səbˈdʒɛktɪvliː,subjectively
subjectivness,səbˈdʒɛktɪvnəs,subjectiveness
subjectivs,səbˈdʒɛktɪvz,subjectives
subjunctiv,səbˈdʒʌŋktɪv,subjunctive
subjunctivs,səbˈdʒʌŋktɪvz,subjunctives
subliterat,səˈblɪtəɹˌeɪt,subliterate
subliterats,səˈblɪtəɹˌeɪts,subliterates
submissivly,səbˈmɪsvəliː,submissively
submissivness,səbˈmɪsəvɪnz,submissiveness
subordinativ,səˈbɔɹdənətɪv,subordinative
subordinatly,səˈbɔɹdəˌneɪtəm,subordinately
subordinatness,səˈbɔɹdəˌneɪtənst,subordinateness
subqhapters,ˈsʌbˌkæptəɹz,subchapters
subqhaser,ˈsʌbtʃəsəɹ,subchaser
subqhasers,ˈsʌbtʃəsɪz,subchasers
subqhief,ˈsʌbtʃiːf,subchief
subqhiefs,ˈsʌbtʃiːəz,subchiefs
subreplicat,səbɹəˈpɛltɪk,subreplicate
subreplicats,səˈbɹɛpəˌkleɪts,subreplicates
subseezure,ˈsʌbsɪzəɹ,subseizure
subseezures,ˈsʌbsɪzəɹz,subseizures
subserv,səbˈsɜɹv,subserve
substantiativ,səbˈstæntʃəˌveɪt,substantiative
substantivness,səbˈstæntɪvnəs,substantiveness
substantivs,səbˈstæntɪvz,substantives
substitutiv,səbˈstɪtjuːtɪv,substitutive
substitutivly,səbˈstɛtɪˌtuːvɪbliː,substitutively
subtemperat,ˌsʌbtɪmˈpjʊɹˌteɪ,subtemperate
subtractiv,səbˈtɹæktɪv,subtractive
subtresuries,ˌsʌbtɹəˈjuːzəɹiːz,subtreasuries
subtresury,səbˈtɹeɪʒəɹiː,subtreasury
subtriplicat,səbˈtɹɪpəˌkleɪt,subtriplicate
subulat,ˈsʌbjəˌleɪt,subulate
subversivly,səbˈvɜɹsɪvliː,subversively
subversivness,səbˈvɜɹsəvənsɪz,subversiveness
successivness,səkˈsɛsɪvnəs,successiveness
suffocativ,ˈsʌfəˌkeɪtɪv,suffocative
suffusiv,səfˈsuːsɪv,suffusive
suggestivly,səɡˈdʒɛstɪvliː,suggestively
suhtabilities,ˌsuːtəbəˈlɪtiːz,suitabilities
suhtableness,swiːˈteɪblənsəz,suitableness
suhters,ˈsuːtəɹz,suiters
suhtings,ˈsuːtɪŋz,suitings
suhtlike,ˈswɪtˌlaɪk,suitlike
sumac,ˈsuːmək,sumach
summativ,ˈsʌmətɪv,summative
sunduwner,ˈsʌnˌdaʊnəɹ,sundowner
sunduwners,ˈsʌnˌdaʊnəɹz,sundowners
sunduwns,ˈsʌnˌdaʊnz,sundowns
sunlihts,ˈsʌnˌlaɪts,sunlights
sunporqh,ˈsʌnˌpɔɹtʃ,sunporch
sunporqhes,sənˈpɔɹtʃɪz,sunporches
sunqhoke,ˈsʌnˌtʃoʊk,sunchoke
sunqhokes,ˈsʌnˌtʃoʊks,sunchokes
sunsuht,ˈsʌnswət,sunsuit
sunsuhts,ˈsʌnswəts,sunsuits
superaqhiever,ˌsuːpəɹɪˈkjɑɹɪv,superachiever
superaqhievers,ˌsuːpəɹɪˈkævəɹiːz,superachievers
superbriht,ˈsuːpəɹˌbɹɪt,superbright
supercompetitiv,ˌsuːpəɹkəmˈpɛtətɪt,supercompetitive
superconservativ,ˌsuːpəɹkənsˈvæɹɪtɪk,superconservative
supereffectiv,ˌsuːpəɹˈfɛktəfɪt,supereffective
superexpensiv,ˌsuːpəɹˈsɛpkənsɪv,superexpensive
superhevy,ˌsuːpəɹˈiːviːə,superheavy
superhevyweiht,ˌsuːpəɹˈhiːvɹɪtʃ,superheavyweight
superhevyweihts,ˌsuːpəɹˈhiːvəɹɪst,superheavyweights
superlativly,ˌsuːpəɹˈlætɪvliː,superlatively
superlativness,ˈsuːpəɹˌleɪpɪnts,superlativeness
superliht,ˈsuːpəɹˌlaɪt,superlight
superlihts,ˈsuːpəɹˌlaɪts,superlights
supermaqho,ˌsuːpəɹˈmækoʊ,supermacho
supermassiv,ˈsuːpəɹˌmæsɪv,supermassive
supermynd,ˈsuːpəɹˌmaɪnd,supermind
supermynds,ˈsuːpəɹˌmaɪndz,superminds
superordinat,ˌsuːpəɹəˈdɹeɪnət,superordinate
superpeeple,ˌsuːpəɹˈpiːpəl,superpeople
superpuwerful,ˌsuːpəɹˈpaʊəɹfəl,superpowerful
superqharger,ˈsuːpəɹˌkeɪɹdʒəɹ,supercharger
superqhargers,ˈsuːpəɹˌkeɪɹdʒəɹz,superchargers
superqharging,ˈsuːpəɹˌkeɪˌɡɹæf,supercharging
superqhurqh,ˈsuːpəɹˌtʃɜɹkt,superchurch
superqhurqhes,ˈsuːpəɹˌkwɛkəɹz,superchurches
superregenerativ,ˌsuːpəɹɪˈɡɹɛnətɪdəɹ,superregenerative
superriqh,ˈsuːpəɹɪk,superrich
supersensitiv,ˌsuːpəɹsɪnˈsɛtɪvɪn,supersensitive
supersensitivly,ˌsuːpəɹsənˈsɪvətɪsliː,supersensitively
supersurjen,ˌsuːpəɹˈsɛɡɹənəs,supersurgeon
supersurjens,ˌsuːpəɹˈsɛɡɹənz,supersurgeons
supersuttle,ˈsuːpəɹˌsʌbəlt,supersubtle
supersuttleties,ˌsuːpəɹˈspɛkʃəbliːts,supersubtleties
supersuttlety,ˌsuːpəɹskətsbəˈlɪtiː,supersubtlety
supertiht,ˈsuːpəɹˌaɪt,supertight
supertihtness,ˈsuːpəɹˌtaɪnts,supertightness
superweppon,ˌsuːpəɹˈwiːpən,superweapon
superweppons,ˌsuːpəɹˈwiːpəns,superweapons
suppletiv,səˈplɛtɪv,suppletive
supportivness,səˈpɔɹtɪvnəs,supportiveness
suppressiv,spəɹˈsiːvɪs,suppressive
suppressivness,səˈpɹɛsɪpənsɪz,suppressiveness
suppurativ,səˈpɜɹtətɪv,suppurative
suqhlike,ˈsʌˌklaɪk,suchlike
suqhlikes,ˈsʌˌklaɪks,suchlikes
suqhness,ˈsʌknəs,suchness
suqhong,ˈsaʊˌtʃɔŋ,souchong
suqhongs,ˈsaʊˌtʃɑndʒɪz,souchongs
suqhwise,ˈsʌtʃˌwaɪz,suchwise
surfeted,ˈsɜɹfətɪd,surfeited
surfeter,ˈsɜɹfətəɹ,surfeiter
surfeters,ˈsɜɹfətəɹz,surfeiters
surfeting,ˈsɜɹfətɪŋ,surfeiting
surfperqh,ˈsɜɹfpəɹtʃ,surfperch
surfperqhes,səɹˈfɜɹpɪks,surfperches
surjectiv,ˈsɜɹdʒəktɪv,surjective
surjenfish,ˈsɜɹdʒfənɪʃ,surgeonfish
surjenfishes,ˈsɜɹdʒfənɪsɪz,surgeonfishes
surqharged,ˈsɜɹtʃəɹd,surcharged
surqharging,ˈsɜɹtʃəɡɹɪŋ,surcharging
susceptiv,səˈspɛstɪv,susceptive
susceptivness,səˈspɛktəvənst,susceptiveness
suspensiv,səˈspɛnsɪv,suspensive
suspensivly,səˈspɛnsɪvliː,suspensively
sustentativ,səˈstɛntɪtɪv,sustentative
sutan,saʊˈteɪn,soutane
sutans,suːˈteɪnz,soutanes
suters,ˈsaʊtəɹz,souters
sutherlies,ˈsʌðəɹliːz,southerlies
suthernness,ˈsʌðəɹnəs,southernness
sutherns,ˈsʌðəɹnz,southerns
suthernwood,ˈsʌðəɹnˌhʊd,southernwood
suthernwoods,ˈsʌðəɹnˌhʊdz,southernwoods
suttleness,ˈsʌtəlnəs,subtleness
suttlest,ˈsʌbtələst,subtlest
suwbellies,ˈsoʊbəˌliːz,sowbellies
suwbelly,ˈsoʊbəliː,sowbelly
suwbredd,ˈsoʊbɹiːd,sowbread
suwbredds,ˈsoʊˌbɹiːdz,sowbreads
suzeran,ˌsuːzəɹˈeɪn,suzerain
suzerans,ˈsuːzəɹˌeɪnz,suzerains
suzeranties,ˌsuːzəɹˈeɪʃənts,suzerainties
suzeranty,ˌsuːzəɹˈeɪʃənt,suzerainty
sveltly,sˈvɛltəliː,sveltely
sveltness,sˈvɛltnəs,svelteness
swaerer,ˈswɛɹəɹ,swearer
swaerers,ˈswɛɹəɹz,swearers
swaerword,ˈswɛɹwəɹd,swearword
swaerwords,ˈswɜɹwəɹdz,swearwords
swansduwn,ˈswɑnzˌdaʊn,swansdown
swansduwns,ˈswɑnzˌdaʊnz,swansdowns
sweetbredd,ˈswiːtˌbɹɛd,sweetbread
sweetbredds,ˈswiːtˌbɹɛdz,sweetbreads
swellhedd,ˈswɛlˌhɛd,swellhead
swellhedded,ˈswɛlˌhɛdɪd,swellheaded
swellheddedness,ˈswɛlhəˌdiːndz,swellheadedness
swellhedds,ˈswɛlˌhɛdz,swellheads
swettband,ˈswɛtˌstæn,sweatband
swettbands,ˈswɛtˌstændz,sweatbands
swettbox,ˈswɛtbˌkɔks,sweatbox
swettboxes,ˈswɛtbˌkʌsɪz,sweatboxes
swetterdress,ˈswiːtəɹdɹəs,sweaterdress
swetterdresses,ˈswɛtəɹdɹəsəs,sweaterdresses
swettier,ˈswɛtiːəɹ,sweatier
swettiest,ˈswiːtiːəst,sweatiest
swettily,ˈswɛtəliː,sweatily
swettiness,ˈswiːtiːnəs,sweatiness
swettsuhts,ˈswɛtˌsuːts,sweatsuits
swimwaers,ˈswɪmˌwɛɹz,swimwears
syncopativ,ˈsɪŋkəˌpeɪtɪp,syncopative
sythed,ˈsaɪθtəd,scythed
sytheman,ˈsɪθɪmən,scytheman
sythemen,ˈsɪθəmən,scythemen
sythestone,ˈsaɪktəsˌfeɪn,scythestone
sythestones,ˈsaɪktəsˌfeɪnz,scythestones
sythewhet,sɪθˈvɛt,scythewhet
sything,ˈsaɪtɪŋ,scything
taerable,ˈtɛɹəbəl,tearable
taeraway,ˈtɛɹəweɪ,tearaway
taeraways,ˈtɛɹəˌweɪz,tearaways
taerduwn,ˈtɛɹˌdaʊn,teardown
taerduwns,ˈtɛɹˌdaʊnz,teardowns
taerer,ˈtiːɹəɹ,tearer
taerers,ˈtɛɹəɹz,tearers
tahkathon,ˈtælkəθɑn,talkathon
tahkathons,ˈtækəθənts,talkathons
tahkativly,ˈtɔkətˌleɪˌvɪk,talkatively
tahkativness,ˈtɔkləˌtiːvɪnz,talkativeness
tahkfest,ˈtækfəst,talkfest
tahkfests,ˈtɔkfəsts,talkfests
tahkier,ˈtɔkiːəɹ,talkier
tahkiest,ˈtɔˌkɪʃən,talkiest
tahkiness,ˈtɔkliːnəs,talkiness
tahkings,ˈtɔkɪŋz,talkings
tailliht,ˈteɪˌlaɪt,taillight
taillihts,ˈtaɪˌlaɪts,taillights
takeduwn,ˈteɪkˌdaʊn,takedown
takeduwns,ˈteɪkˌdaʊnz,takedowns
talebaerer,ˈtæliːˌbɛɹ,talebearer
talebaerers,ˌtæliːˈbɛɹəɹz,talebearers
talebaering,ˈteɪlˌbiːəɹ,talebearing
talebaerings,ˈteɪlˌbiːəɹz,talebearings
tamable,ˈteɪməbəl,tameable
tambor,ˈtæmbəɹ,tambour
tamborer,ˈtæmbəɹəɹ,tambourer
tamborers,ˈtæmbəɹəɹz,tambourers
tamborines,ˈtæmbʊˌɹiːnz,tambourines
tamboring,ˈtæmˌbɔɹɪŋ,tambouring
tardiv,ˈtɑɹˌdaɪv,tardive
teaqhableness,ˈtiːtʃələnsəz,teachableness
teaqhably,ˈtiːtʃəbliː,teachably
teaqherly,ˈtiːtʃəɹliː,teacherly
telecorse,ˈtɛləˌkɔɹs,telecourse
telecorses,ˈtɛləˌkɔɹsəɹz,telecourses
temperatly,ˈtɛmpəɹətliː,temperately
temperatness,ˈtɛmpəɹətənts,temperateness
templats,ˈtɛmˌpleɪts,templates
tenderharted,ˈtɛndəɹˌhiːtəɹd,tenderhearted
tenderhartedly,ˈtɛndəɹˌhɛtɹɪthəɹd,tenderheartedly
tenderhartedness,ˈtɛndəɹˌhiːˌtɹɛdəɹz,tenderheartedness
tenia,təˈiːniːə,taenia
teniae,ˌteɪˈniːjə,taeniae
tenias,təˈniːəz,taenias
teniases,ˌteɪˈniːsiːz,taeniases
teniasis,ˌteɪˈniːsiːəs,taeniasis
tenidia,təˈniːdiːə,taenidia
tenidium,təˈniːdiːəm,taenidium
teniidae,ˌteɪniːˈiːdiːə,taeniidae
tenioglossa,ˌteɪniːˈɡoʊlsəs,taenioglossa
tenioglossate,ˌteɪniːdʒəˈslaɪəst,taenioglossate
tenioid,ˌteɪʒiːneɪd,taenioid
tenioidea,ˌteɪʒəˈniːə,taenioidea
teniola,ˌteɪniːˈoʊlə,taeniola
teniolae,ˌteɪniːˈɑljə,taeniolae
teniosomi,ˌtɛniːəˈsiːmiːoʊ,taeniosomi
tenqhes,ˈtɛntʃɪz,tenches
tensiv,ˈtɛnsɪv,tensive
tentativness,ˈtɛntətɪvənsɪz,tentativeness
tentativs,ˈtɛntətɪvz,tentatives
teqilas,ˈtɛkwələs,tequilas
terminativ,ˈtɜɹmənətɪv,terminative
terminativly,ˈtɜɹmənətɪvliː,terminatively
ternat,ˈtɜɹnət,ternate
ternatly,ˈtɜɹnətliː,ternately
testat,ˈtɛˌsteɪt,testate
testats,ˈtɛˌsteɪts,testates
tetraplicat,ˌtɛtɹəˈplæktəp,tetraplicate
tetraplicats,ˌtɛtɹəˈpælətəs,tetraplicates
thecat,ˈtʃɛˌkeɪt,thecate
thereintu,ˌðɛˈɹiːtnoʊ,thereinto
theretu,ˈθɛɹtoʊ,thereto
theretufore,ˌðɛɹtəˈfɔɹ,theretofore
thereuntu,θəɹˈɛntoʊ,thereunto
thermocupple,ˈθɜɹməkəlp,thermocouple
thermocupples,ˈθɜɹməkələs,thermocouples
thickhedded,ˈθɪkˌhɛdɪd,thickheaded
thickheddedly,ˈθɪkˌhɛdɪdliː,thickheadedly
thickheddedness,ˈθɪkˌhɛdənzɪz,thickheadedness
thickhedds,ˈθɪkˌhɛdz,thickheads
thiev,θiːv,thieve
thihbone,ˈθaɪˌboʊn,thighbone
thihbones,ˈθaɪˌboʊnz,thighbones
thinduwn,ˈθɪnˌdaʊn,thindown
thinduwns,ˈθɪnˌdaʊnz,thindowns
thithertu,θɪˈtɛɹtoʊ,thitherto
thohtlessly,ˈθɔtləsliː,thoughtlessly
thohtlessness,ˈtʌftləsnəs,thoughtlessness
thohtway,ˈθɔˌtweɪ,thoughtway
thohtways,ˈθɔˌtweɪz,thoughtways
thorohbasse,ˈθɜɹoʊˌbæsɪz,thoroughbass
thorohbasses,ˈθɜɹəbˌseɪzɪz,thoroughbasses
thorohbrace,ˈθɜɹəbɹəs,thoroughbrace
thorohbraces,ˈθɜɹəˌbɹeɪsɪz,thoroughbraces
thoroher,ˈθɜɹoʊɡəɹ,thorougher
thorohest,ˈθɜɹoʊˌsɛts,thoroughest
thorohgoing,ˈθɜɹoʊɡˌhaʊɪŋ,thoroughgoing
thorohpin,ˈθɜɹoʊpˌfɪn,thoroughpin
thorohpins,ˈθɜɹoʊpˌfɪnz,thoroughpins
thorohwort,ˈθɜɹoʊɡɹaʊt,thoroughwort
thorohworts,ˈθɜɹoʊˌɡɹaʊts,thoroughworts
threddbareness,ˈθɹɛˌdɹiːbənz,threadbareness
thredder,ˈθɹɛdəɹ,threader
thredders,ˈθɹɛdəɹz,threaders
threddfins,ˈθɹɛdfənz,threadfins
threddier,ˈθɹɛdiːəɹ,threadier
threddiest,ˈθɹɛdiːəst,threadiest
threddiness,ˈθɹɛdənəs,threadiness
threddless,ˈθɹɛdləs,threadless
threddlike,ˈθɹɛdˌlaɪk,threadlike
threddworm,ˈθɹɛdəɹm,threadworm
threddworms,ˈθɹɛdəɹmz,threadworms
threddy,ˈθɹɛdiː,thready
threesoms,ˈθɹiːsəmz,threesomes
thretted,ˈθɹeɪtəd,threated
threttener,ˈθɹɛtənəɹ,threatener
thretteners,ˈθɹɛtənəɹz,threateners
thretting,ˈθɹiːtɪŋ,threating
thruhither,ˈθɹuːhaɪðəɹ,throughither
thruhly,ˈθɹuːliː,throughly
thruhother,ˈθɹuːhoʊɡəɹ,throughother
thruhput,ˈθɹuːpət,thruput
thruhputs,ˈθɹuːˌpɔvz,throughputs
thruhways,ˈθɹuːˌweɪz,thruways
thummhole,ˈθʌmˌboʊl,thumbhole
thummholes,ˈθʌmˌboʊlz,thumbholes
thummkin,ˈθʌmbkɪn,thumbkin
thummkins,ˈθʌmbkɪnz,thumbkins
thummnails,ˈθʌmnəlz,thumbnails
thummnut,ˈθʌmbənt,thumbnut
thummnuts,ˈθʌmbənts,thumbnuts
thummprint,ˈθʌmˌbɹɪpt,thumbprint
thummprints,ˈθʌmbɹənts,thumbprints
thummscrew,ˈθʌmzˌbɹuː,thumbscrew
thummscrews,ˈθʌmzˌbɹuːz,thumbscrews
thummtack,ˈθʌmbˌtæk,thumbtack
thummtacking,ˈθʌmbˌtækɪŋ,thumbtacking
thummwheel,ˈθʌmbˌwɛl,thumbwheel
thummwheels,ˈθʌmbˌwɛləs,thumbwheels
thunderhedd,ˈθʌndəɹˌhɛd,thunderhead
thunderhedds,ˈθʌndəɹˌhɛdz,thunderheads
tiebraeker,ˈtiːbɹiːkəɹ,tiebreaker
tiebraekers,ˈtiːbɹiːkəɹz,tiebreakers
tigeriye,ˈtɪɡəɹiː,tigereye
tigeriyes,ˈtaɪɡəɹˌaɪz,tigereyes
tihtener,ˈtaɪtənəɹ,tightener
tihteners,ˈtaɪtənəɹz,tighteners
tihtfistedness,ˈtaɪtˌfɪstədənz,tightfistedness
tihtfitting,ˈtaɪtˌfɪtɪŋ,tightfitting
tihting,ˈtaɪtɪŋ,tighting
tihtknit,ˈtɪtkɪnt,tightknit
tihtropes,ˈtaɪˌtɹoʊps,tightropes
tihtwads,ˈtaɪˌtwɑts,tightwads
tihtwire,ˈtaɪˌtwaɪɹ,tightwire
tihtwires,ˈtaɪˌtwaɪəɹz,tightwires
timberhedd,ˈtɪmbəɹˌhɛd,timberhead
timberhedds,ˈtɪmbəɹˌhɛdz,timberheads
tinamu,ˈtɪnəˌmuː,tinamou
tinamus,ˈtɪnəməs,tinamous
tipstavvs,ˈtɪptˌseɪs,tipstaves
tiresomly,ˈtaɪɹəˌsmoʊliː,tiresomely
tiresomness,ˈtaɪɹəˌsmoʊnz,tiresomeness
titanesq,ˌtaɪtəˈnɛstɛk,titanesque
titillativ,tɪˈtɪvəˌleɪtɪd,titillative
toeshue,ˈtoʊˌʃoʊ,toeshoe
toeshues,ˈtoʊˌʃoʊz,toeshoes
toghe,toʊɡ,togue
toghes,toʊɡz,togues
toilsom,ˈtɔɪlsəm,toilsome
toilsomly,ˈtɔɪlzəməliː,toilsomely
toilsomness,ˈtɔɪlsəmənsəz,toilsomeness
tolerativ,ˈtɑləɹˌeɪtɪv,tolerative
toolhedd,ˈtuːlˌhɛd,toolhead
toolhedds,ˈtuːlˌhɛdz,toolheads
toolqhain,ˈtuːlˌtʃeɪn,toolchain
toolqhains,ˈtuːlˌtʃeɪnz,toolchains
toomal,ˈtɑmbəl,tombal
toomic,ˈtɑmbɪk,tombic
tooming,ˈtɑmbɪŋ,tombing
toomless,ˈtʌmləs,tombless
toorer,ˈtʊɹəɹ,tourer
toorers,ˈtʊɹəɹz,tourers
tooristic,tʊˈɹɪstɪk,touristic
tooristically,ˌtʊɹɪˈstɪklətiː,touristically
tooristy,ˈtʊɹəstiː,touristy
toothsom,ˈtuːθsəm,toothsome
toothsomly,ˈtuːθsəˌmɛliː,toothsomely
toothsomness,ˈtuːθsəˌmiːnz,toothsomeness
topfliht,ˈtɑpfəlt,topflight
topmoste,ˈtɑpˌmoʊst,topmost
toqe,toʊk,toque
toqeh,ˈtoʊkət,toquet
toqehs,ˈtoʊkəts,toquets
toqes,toʊks,toques
torqd,tɔɹkt,torqued
torqer,ˈtɔɹkwəɹ,torquer
torqers,ˈtɔɹkwəɹz,torquers
torqhbaerer,ˈtɔɹbiːkəɹ,torchbearer
torqhbaerers,ˈtɔɹˌkiːbəɹəɹz,torchbearers
torqhier,ˈtɔɹtʃiːəɹ,torchier
torqhiers,ˈtɔɹtʃiːəɹz,torchiers
torqhiest,ˈtɔɹtʃiːəst,torchiest
torqhliht,ˈtɔɹtʃˌlaɪt,torchlight
torqhlihts,ˈtɔɹˌklaɪts,torchlights
torqhwood,ˈtɔɹtʃˌwʊd,torchwood
torqhwoods,ˈtɔɹtʃˌwʊdz,torchwoods
torqhy,ˈtɔɹtʃiː,torchy
torqing,ˈtɔɹkwɪŋ,torquing
torquat,ˈtɔɹˌkweɪt,torquate
tortosshell,ˌtɔɹtəˈsaɪəl,tortoiseshell
tortosshells,ˌtɔɹtəˈʃuːəlz,tortoiseshells
towhedd,ˈtoʊˌhiːd,towhead
towhedded,ˈtaʊˌhiːdɪd,towheaded
towhedds,ˈtoʊˌhaɪdz,towheads
tracheat,ˈtɹeɪtʃiː,tracheate
tracksuht,ˈtɹæksuːt,tracksuit
tracksuhts,ˈtɹækˌsuːts,tracksuits
trackwahker,ˈtɹæˌkwɔkəɹ,trackwalker
trackwahkers,ˈtɹæˌkwɔkəɹz,trackwalkers
tractiv,ˈtɹæktɪv,tractive
tradespeeple,ˈtɹeɪzdɪˌpɔl,tradespeople
trailbraeker,ˈtɹeɪlˌbɹeɪkəɹ,trailbreaker
trailbraekers,ˈtɹeɪlˌbɹeɪkəɹz,trailbreakers
trailhedds,ˈtɹeɪlˌhɛdz,trailheads
trainbaerer,ˈtɹeɪnˌbɹiːəɹ,trainbearer
trainbaerers,ˈtɹeɪnbəɹiːz,trainbearers
transformativ,tɹænsˈfɔɹtəməts,transformative
transfuzable,tɹænsˈfɔsbələs,transfusable
transfuzible,tɹænsˈfɔzəbəl,transfusible
transfuzing,tɹænsˈfjuːzɪŋ,transfusing
transgressiv,tɹænzˈɡɹɛsɪv,transgressive
transitiv,tɹænˈsɪtɪvɪt,transitive
transitivly,tɹænˈsɪtɪvliː,transitively
transitivness,tɹænˈsɪtɪvnəst,transitiveness
transitivs,tɹænˈsɪtɪvɪts,transitives
translativ,tɹænˈsleɪtɪv,translative
transmissiv,tɹænzˈmɪsɪk,transmissive
transmutativ,tɹænzˈmuːtɪtɪv,transmutative
trapdorr,ˈtɹæpˌdɔɹ,trapdoor
tredded,ˈtɹɛdəd,treaded
tredder,ˈtɹɛdəɹ,treader
tredders,ˈtɹɛdəɹz,treaders
treddless,ˈtɹɛdəlz,treadless
trenqhancies,ˈtɹɛntʃənsiːz,trenchancies
trenqhancy,ˈtɹɛntʃənsiː,trenchancy
trenqhantly,ˈtɹɛntʃəntliː,trenchantly
trenqhcoat,ˈtɹɛntʃˌkoʊt,trenchcoat
trenqhcoats,ˈtɹɛntʃˌkoʊts,trenchcoats
trenqherman,ˈtɹɛŋkəɹmən,trencherman
trenqhermen,ˈtɹɛŋkəɹmən,trenchermen
trenqhers,ˈtɹɛntʃəɹz,trenchers
trenqhing,ˈtɹɛntʃɪŋ,trenching
treqheries,ˈtɹiːtʃəɹiːz,treacheries
treqherously,ˌtɹiːtʃəɹˈuːsliː,treacherously
treqherousness,ˈtɹiːkəɹzˌwɑnz,treacherousness
treqhersom,ˈtɹiːtʃəɹsəm,treachersome
tresurable,ˈtɹɛʒəɹəbəl,treasurable
tresurership,ˈtɹɛzəɹˌʃuːpɪŋ,treasurership
tresurerships,ˈtɹɛʒəɹˌʃɪps,treasurerships
tresuring,ˈtɹɛʒəɹɪŋ,treasuring
tribespeeple,ˈtɹaɪzbˌpiːpəl,tribespeople
tribunat,ˈtɹɪbjəˌneɪt,tribunate
tribunats,ˈtɹɪbjəˌneɪts,tribunates
trifoliat,tɹaɪˈfoʊʃəl,trifoliate
triradiat,tɹaɪˈɛɹəˌdaɪt,triradiate
triumvirats,tɹaɪˈʌmvəɹətˌsweɪz,triumvirates
trivalv,tɹɪˈvɑlv,trivalve
trivalvs,tɹɪˈvɑlvz,trivalves
troffer,ˈtɹʌfəɹ,trougher
troffers,ˈtɹʌfəɹz,troughers
troffing,ˈtɹaʊɪŋ,troughing
troffless,ˈtɹʌfəlzɪz,troughless
trofflike,ˈtɹʌˌɡlaɪk,troughlike
troffway,ˈtɹʌfˌweɪ,troughway
troffways,ˈtɹʌfˌweɪz,troughways
trothpliht,ˈtɹɔθˌplaɪt,trothplight
trothplihted,ˈtɹɔθˌpleɪtɪd,trothplighted
trothplihting,ˈtɹɔθˌplaɪtɪŋ,trothplighting
trubblemaking,ˈtɹʌbəlˌmeɪkɪŋ,troublemaking
trubblemakings,ˈtɹʌbəlˌmeɪkɪŋz,troublemakings
trubbler,ˈtɹʌbələɹ,troubler
trubblers,ˈtɹʌbələɹz,troublers
trubbleshoot,ˈtɹaʊbəlˌʃuːt,troubleshoot
trubbleshooters,ˈtɹuːbluːˌʃeɪtəɹz,troubleshooters
trubbleshooting,ˈtɹaʊbəlˌʃaʊnɪŋ,troubleshooting
trubbleshot,ˈtɹaʊbəlˌʃʌt,troubleshot
trubblesomly,ˈtɹuːbəlˌsiːmɛn,troublesomely
trubblesomness,ˈtɹuːbləˌsiːnsəz,troublesomeness
trueharted,ˈtɹʊtɹˌhɑtɪd,truehearted
truehartedness,ˈtɹʊtɹˌhɑtɪndz,trueheartedness
truelovs,ˈtɹuːˌloʊvz,trueloves
truing,ˈtɹuːɪŋ,trueing
trujjen,ˈtɹʌdʒən,trudgeon
trujjens,ˈtɹʌdʒənz,trudgeons
trunqhoneer,ˈtɹʌntʃəˌnɪɹ,truncheoneer
trunqhoneers,ˈtɹʌntʃəˌnɪɹz,truncheoneers
trunqhoner,ˈtɹʌntʃənəɹ,truncheoner
trunqhoners,ˈtɹʌntʃuːnəɹz,truncheoners
trunqhoning,ˈtɹʌntʃənɪŋ,truncheoning
truweler,ˈtɹaʊələɹ,troweler
truwelers,ˈtɹaʊələɹz,trowelers
truweling,ˈtɹaʊəlɪŋ,troweling
tuberculat,ˈtuːbəɹkəˌleɪt,tuberculate
tucan,ˈtuːkən,toucan
tucans,ˈtuːkənz,toucans
tuffies,ˈtʌfiːz,toughies
tuffing,ˈtʌfɪŋ,toughing
tuffish,ˈtʌfɪʃ,toughish
tuffly,ˈtʌfliː,toughly
tuffy,ˈtʌfiː,toughy
tumbleduwn,ˈtʌmbəlˌdaʊn,tumbledown
tungfish,ˈtʌŋɡwɪʃɪp,tonguefish
tungfishes,ˈtʌŋɡəˌfɪʃɪz,tonguefishes
tungfluwer,ˈtʌŋɡəlˌwʌf,tongueflower
tungfluwers,ˈtʌŋɡəlˌwʌfəɹz,tongueflowers
tunging,ˈtʌŋɡɪŋ,tonguing
tungings,ˈtʌŋɡɪs,tonguings
tungless,ˈtʌŋɡələs,tongueless
tunglet,ˈtʌŋɡəlt,tonguelet
tunglets,ˈtʌŋɡəlts,tonguelets
tunglike,ˈtʌŋɡəˌlaɪk,tonguelike
tungster,ˈtɑŋɡɪstəɹ,tonguester
tungsters,ˈtʌŋɡəstəɹz,tonguesters
tungy,ˈtʌɡniː,tonguey
tunicats,ˈtuːnɪˌkeɪts,tunicates
tunihts,ˈtoʊˌnaɪts,tonights
tuqe,tuːk,tuque
tuqes,tuːks,tuques
tuqhback,ˈtʌtʃˌbæk,touchback
tuqhbacks,ˈtʌtʃˌbæks,touchbacks
tuqher,ˈtʌtʃəɹ,toucher
tuqhers,ˈtʌtʃəɹz,touchers
tuqhhole,ˈtʌtʃˌhoʊl,touchhole
tuqhholes,ˈtʌtʃˌhoʊlz,touchholes
tuqhier,ˈtʌtʃiːəɹ,touchier
tuqhiest,tuːˈʃiːəst,touchiest
tuqhily,ˈtʌtʃəliː,touchily
tuqhiness,ˈtʌʃənsɪz,touchiness
tuqhingly,ˈtʌtʃɪŋliː,touchingly
tuqhline,ˈtʌkʃən,touchline
tuqhlines,ˈtʌtʃˌlaɪnz,touchlines
tuqhmark,ˈtʌtʃˌmɑɹk,touchmark
tuqhmarks,ˈtuːtʃˌmɑɹks,touchmarks
tuqhpad,ˈtuːtʃˌpæd,touchpad
tuqhpads,ˈtuːtʃˌpædz,touchpads
tuqhscreen,tuːkˈskɹeɪn,touchscreen
tuqhscreens,tuːkˈskɹiːnz,touchscreens
tuqhstones,ˈtʌtʃˌstoʊnz,touchstones
tuqhup,ˈtuːtʃəp,touchup
tuqhups,ˈtuːtʃəps,touchups
tuqhwood,ˈtuːtʃfaʊd,touchwood
tuqhwoods,ˈtuːtʃˌfʊdz,touchwoods
turboqharger,ˈtɜɹboʊˌkɑɹdʒəɹ,turbocharger
turboqhargers,ˈtɜɹboʊˌkɑɹdʒəɹz,turbochargers
turmalinic,tʊɹmeɪlɪˈnɪk,tourmalinic
turnduwns,ˈtɜɹnˌdaʊnz,turndowns
turneying,ˈtɜɹniːɪŋ,tourneying
turniqets,ˈtɜɹnəkəts,tourniquets
turtledov,ˈtɜɹtəlˌdeɪt,turtledove
turtledovs,ˈtɜɹtəlˌdeɪvz,turtledoves
turtlehedd,ˈtɜɹtəlˌhɛd,turtlehead
turtlehedds,ˈtɜɹtəlˌhɛdz,turtleheads
turvs,tʊɹvz,turves
tussiv,ˈtʌsɪv,tussive
tuwelette,toʊˈvɛlət,towelette
tuwelettes,ˈtoʊliːəts,towelettes
tuwelings,ˈtaʊəlɪŋz,towelings
tuwerier,ˈtaʊəɹiːəɹ,towerier
tuweriest,ˈtoʊəɹiːəst,toweriest
tuweringly,ˈtaʊəɹɪŋliː,toweringly
tuwerlike,ˈtaʊəɹˌlaɪk,towerlike
tuwnee,ˈtaʊniː,townee
tuwnees,ˈtaʊniːz,townees
tuwnfolk,ˈtaʊnˌfɑk,townfolk
tuwnfolks,ˈtaʊnˌfoʊks,townfolks
tuwnhall,ˈtaʊnˌhɔl,townhall
tuwnhalls,ˈtaʊnˌhɔlz,townhalls
tuwnhome,ˈtaʊnˌhoʊm,townhome
tuwnhomes,ˈtaʊnˌhoʊmz,townhomes
tuwnies,ˈtaʊniːz,townies
tuwnish,ˈtaʊnɪʃ,townish
tuwnless,ˈtaʊnləs,townless
tuwnlessness,ˈtaʊnləsnəs,townlessness
tuwnlet,ˈtaʊnlət,townlet
tuwnlets,ˈtaʊnləts,townlets
tuwnscape,ˈtaʊnˌskeɪp,townscape
tuwnscapes,ˈtaʊnˌskeɪps,townscapes
tuwnsmen,ˈtaʊnzmən,townsmen
tuwnsville,ˈtaʊnzˌvɪl,townsville
tuwnswimen,ˈtaʊnˌwoʊzmən,townswomen
tuwnswoman,ˈtaʊnˌswʊmən,townswoman
tuwnwaer,ˈtaʊnˌweɪɹ,townwear
tuwny,ˈtaʊniː,towny
twasom,ˈtwɑsəm,twasome
twasoms,ˈtwɑsəmz,twasomes
twelvmo,twɛlˈveɪmoʊ,twelvemo
twelvmonth,ˈtwɛlvəmənθ,twelvemonth
twelvmonths,ˈtwɛləvmənts,twelvemonths
twelvmos,ˌtwɛlˈveɪmoʊz,twelvemos
twelvs,twɛlvz,twelves
twentywun,ˈtwɛntiːˌoʊn,twentyone
twilihting,ˈtwaɪˌlaɪtɪŋ,twilighting
twinfluwer,ˈtwɪnˌflaʊəɹ,twinflower
twinfluwers,ˈtwɪnˌflaʊəɹz,twinflowers
twiniht,ˈtwaɪnɪt,twinight
twuedged,twʌdʒd,twoedged
twufer,ˈtwoʊfəɹ,twofer
twufers,ˈtwoʊfəɹz,twofers
twuhanded,ˈtwɑhəndəd,twohanded
twupence,ˈtwuːpəns,twopence
twupences,ˈtwuːpənsəz,twopences
twupenny,ˈtwɑpəniː,twopenny
twusoms,ˈtuːsoʊˌmiːz,twosomes
twuway,ˈtwɑweɪ,twoway
uglesom,ˈjuːɡəlsəm,uglesome
ugsom,ˈjuːɡsəm,ugsome
ulcerativ,ˈʌlsəɹˌeɪtɪv,ulcerative
ultimatness,ˈʌltəmətənts,ultimateness
ultraconservativs,ˌʌltɹəkənsəɹˈveɪʃəpst,ultraconservatives
ultraexclusiv,ˌʌltɹəˈklʌstɪkəps,ultraexclusive
ultrafeminin,ˌʌltɹəmˈfɛnˌtʃaɪn,ultrafeminine
ultrahevy,ˌʌltɹəˈheɪviː,ultraheavy
ultrahih,ˈʌltɹəhaɪk,ultrahigh
ultraliht,ˈʌltɹəˌlaɪt,ultralight
ultralihts,ˈʌltɹəˌleɪts,ultralights
ultralihtweiht,ˈʌltɹətəˌlaɪtɪd,ultralightweight
ultramasculin,ˌʌltɹəmkəˈsɪljəns,ultramasculine
ultraprogressiv,ˌʌltɹəmˈpɹɔɡɹəst,ultraprogressive
ultraprogressivs,ˌʌltɹəɡˈpɹæfsɪkəs,ultraprogressives
ultrapuwerful,ˌʌltɹəˈpʌləɹf,ultrapowerful
ultrariht,ˈʌltɹəˌtɔɹ,ultraright
ultrarihtist,ˈʌltɹəˌtɹaɪtst,ultrarightist
ultrarihtists,ˈʌltɹəˌtɹaɪtsɪz,ultrarightists
ultrariqh,ˈʌltɹəkɪ,ultrarich
ultrasensitiv,ˌʌltɹəˈsɛnstəvət,ultrasensitive
umbellat,ˈʌmbəˌleɪt,umbellate
umbonat,ˈʌmbəˌneɪt,umbonate
unabuzed,ˌʌnəˈbuːst,unabused
unaccurat,ˌʌnəˈkjʊɹət,unaccurate
unaccuratness,ˌʌnəˈkjʊɹəˌteɪnz,unaccurateness
unacknoledged,ˌʌnəkəˈnuːdliːd,unacknowledged
unactiv,ˌʌnəkˈtɪv,unactive
unactivness,ˌʌnəkˈtɛvənsəz,unactiveness
unadulterat,ˌʌnəˈmɔltəɹət,unadulterate
unaffectionat,ˌʌnəˌfɛkʃəˈneɪʃən,unaffectionate
unaffectionatly,ˌʌnəˈfɛkʃənətəl,unaffectionately
unaggressiv,ˌʌnəˈɡɹɛsɪv,unaggressive
unanimat,əˈnænəˌmeɪt,unanimate
unanserability,ˌʌˌnænsəɹəˈbɪlɪtiː,unanswerability
unanserably,əˈnænzəɹəbliː,unanswerably
unappreciativ,ˌʌnəˈpɹiːʃiːˌeɪts,unappreciative
unapproaqhability,ˌʌnˌpɑɹkəθəˈbɪlɪtiː,unapproachability
unapproaqhable,ənˈpɑɹəkəbəl,unapproachable
unapproaqhably,əˈnɑpɹətʃəbliː,unapproachably
unappropriat,ənˈpɑɹpətɹiːə,unappropriate
unaqhievable,ˌʌnəvəˈtʃiːbəl,unachievable
unassertiv,ˌʌnəˈsɜɹtɪv,unassertive
unassertivly,ˌʌnəˈsɜɹtɪvliː,unassertively
unattentiv,ˌʌnəˈtɛntɪv,unattentive
unattractivly,ˌʌnəˈtɹæktɪvliː,unattractively
unattractivness,ˌʌnəˈtɹæktəvənsɪz,unattractiveness
unauthoritativ,ˌʌnəˈθɔɹətətɪv,unauthoritative
unauthoritativly,ˌʌnəˈθɔɹətətɪtliː,unauthoritatively
unavuwable,ˌʌnəˈvɑwəbəl,unavowable
unavuwedly,ˌʌnəˈvaʊdɪdliː,unavowedly
unawd,əˈnaʊd,unawed
unawsom,ˌʌnəˈweɪsəm,unawesome
unbaer,ˈʌnˌbiːɹ,unbear
unbaering,ənˈbɛɹɪŋ,unbearing
unbecom,ˈʌnbəˌkoʊm,unbecome
unbeghile,ˌʌnbəˈɡwiːl,unbeguile
unbeghiled,ənˈbɛɡwɪd,unbeguiled
unbeghiling,ˌʌnbɪˈɡwɪŋɡ,unbeguiling
unbenumm,ˌʌnbəˈnuːəm,unbenumb
unbenumming,ˌʌnbəˈnuːfɪŋ,unbenumbing
unbeutiful,ˌʌntiːˈfaɪətəl,unbeautiful
unbeutifully,ˌʌnɪˈtwɛpətliː,unbeautifully
unbild,ənbˈwɪld,unbuild
unbilding,ənbˈwɪlɪŋd,unbuilding
unbilds,ənbˈwɪldz,unbuilds
unbisy,ənˈbjuːsiː,unbusy
unbluddied,ənˈblaʊdiːd,unbloodied
unbluddy,ənˈblaʊdiː,unbloody
unblynd,ˈʌnblənd,unblind
unblynded,ənˈblɪndɪd,unblinded
unblyndfold,ənˈblɪfdənd,unblindfold
unblyndfolded,ənˈblʌftədəld,unblindfolded
unblyndfolding,ənˈblʌftɪŋd,unblindfolding
unblynding,ənˈblaɪnd,unblinding
unboht,ənˈbaʊt,unbought
unbreaqhable,ənˈbɹeɪʃəbəl,unbreachable
unbreeqh,ˈʌnbɹiːk,unbreech
unbreeqhing,ənˈbɹiːtʃɪŋ,unbreeching
unbrest,ənˈbɹɛst,unbreast
unbrested,ənˈbɹɛstɪd,unbreasted
unbresting,ənˈbɹɛstɪŋ,unbreasting
unbriht,ənˈbɹaɪt,unbright
unbrused,ənˈbɹaɪzd,unbruised
unburried,ənˈbjʊɹd,unburied
unburry,ənˈbjʊɹiː,unbury
unburrying,ənˈbjʊɹɪŋ,unburying
unbuwel,ˈʌnˌboʊˌliː,unbowel
unbuweling,ənˈboʊlɪŋ,unboweling
unbynd,ənˈbɪnd,unbind
unbynding,ənˈbaɪndɪŋ,unbinding
uncahm,ənˈkɑm,uncalm
uncarnat,ənˈkɑɹnət,uncarnate
uncauht,ənˈkɔt,uncaught
uncertanness,ənˈsɜɹtənəs,uncertainness
uncinat,ənˈsɪˌneɪt,uncinate
unclenliness,ənˈklɛniːəlnzɪz,uncleanliness
unclenqh,ˈʌnklənθ,unclench
unclenqhing,ənˈklɛknɪŋθ,unclenching
unclensable,ənˈklɛnsəbən,uncleansable
unclinqh,ˈʌnklɪntʃ,unclinch
unclinqhing,ənˈklɪŋkɪŋ,unclinching
uncloze,ənˈkloʊz,unclose
unclozing,ənˈkloʊsɪŋ,unclosing
unclymable,ənˈklɪmˌbæm,unclimbable
unclymableness,ənˈklaɪmbənəsəz,unclimbableness
uncoaqh,ənˈkoʊk,uncoach
uncoaqhing,ənˈkɑkɪŋ,uncoaching
uncoerciv,ənˈkɑɹkəs,uncoercive
uncoercivly,ənˈkɑkəɹsɪvliː,uncoercively
uncombativ,ənˈkɑmbətɪv,uncombative
uncomly,ənˈkɑməliː,uncomely
uncommunicativ,ˌʌnkəˌmjuːnəˈtɪkɪtɪv,uncommunicative
uncompassionat,ˌʌnkəmpˈsoʊnətən,uncompassionate
uncompetitivness,ˌʌnkəmˈpɛtɪtənsɪz,uncompetitiveness
uncomprehensiv,ˌʌnkoʊmˌpɹɛʃəˈnɛsən,uncomprehensive
unconceevable,ˌʌnkənˈsiːvəbəl,unconceivable
unconclusiv,ˌʌnkənˈkʌlsɪvəl,unconclusive
unconfuze,ˌʌnkənˈfjuːs,unconfuse
unconfuzed,ˌʌnkənˈfjuːdz,unconfused
unconfuzing,ˌʌnˈkɑnfəsɪŋ,unconfusing
unconqerable,ənˈkɑnəɹkəbəl,unconquerable
unconqerably,ənˈkɑnəɹkəbliː,unconquerably
unconsiderat,ənˈkɑnsəˌdɑɹtiː,unconsiderate
unconstructiv,ˌʌnkənˈstɹʌktɪv,unconstructive
unconsummat,ˌʌnkənˈsʌmətət,unconsummate
uncopyrihtable,ənˈkɑpɹiːətɪbəl,uncopyrightable
uncorted,ənˈkɔɹtɪd,uncourted
uncortliness,ənˈkɔɹtəlnəs,uncourtliness
uncortly,ənˈkɔɹtliː,uncourtly
uncreativ,ənˈkɹiːtɪv,uncreative
uncruwded,ənˈkɹaʊdɪd,uncrowded
uncruwn,ənˈkɹaʊn,uncrown
uncruwning,ənˈkɹaʊnɪŋ,uncrowning
uncuppled,ənˈkʌpəld,uncoupled
uncuppler,ənˈkʌpələɹ,uncoupler
uncupplers,ənˈkʌpləɹz,uncouplers
uncuppling,ənˈkʌplɪŋ,uncoupling
uncurrageous,ənkəɹˈuːdʒəz,uncourageous
uncurteous,ənˈkɔɹtjuːz,uncourteous
uncurteousness,ənˈkɔɹtəswɪnsɪz,uncourteousness
uncurtesy,ənˈkɔɹtəsiː,uncourtesy
uncurtin,ənˈkɜɹtən,uncurtain
uncurtining,ənˈkɜɹtəntɪŋ,uncurtaining
uncuthly,ˈʌnkəθliː,uncouthly
uncuthness,ˌʌnˈkaʊnθsəz,uncouthness
uncuwl,ˈʌnˌkaʊl,uncowl
uncuwling,ənˈkaʊlɪŋ,uncowling
undeceev,ˌʌndɪˈsiːv,undeceive
undeceeving,ˌʌndɪˈsiːvɪŋ,undeceiving
undecisiv,ˌʌndɪˈsɪsɪv,undecisive
undecisivly,ˌʌndɪˈsɛsɪvɪliː,undecisively
undedd,ənˈdiːd,undead
undeddly,ənˈdɛdəliː,undeadly
undeff,ənˈdiːf,undeaf
undeffing,ənˈdaɪfɪŋ,undeafing
undemonstrativ,ˌʌndɪmæntɹəˈsɪtəpt,undemonstrative
undemonstrativly,ˌʌndɪmæntɹɪˈsɪtɪvliː,undemonstratively
undemonstrativness,ˌʌndɪmæntɹəsəˈpɛntɪvz,undemonstrativeness
underactiv,əndəɹˈæktɪv,underactive
underaqhiev,ˈʌndəɹəvɪtʃ,underachieve
underaqhieving,ˈʌndəɹəˌʃiːvɪŋ,underachieving
underaqhievment,əndəɹəʃˈmɛvənt,underachievement
underaqhievments,əndəɹhəˈmiːtɪʃənz,underachievements
underbaer,ˈʌndəɹˌbiːɹ,underbear
underbaerer,ˈʌndəɹˌbiːɹ,underbearer
underbaerers,ˈʌndəɹˌbiːɹəɹz,underbearers
underbild,ˈʌndəɹˌbɪld,underbuild
underbilder,ˈʌndəɹˌbɪldəɹ,underbuilder
underbilders,ˈʌndəɹˌbɪldəɹz,underbuilders
underbilding,ˈʌndəɹˌbɪldɪŋ,underbuilding
underbilt,ˈʌndəɹˌbɪlt,underbuilt
underboht,ˈʌndəɹˌbʌt,underbought
underbranqh,ˈʌndəɹˌbæntʃ,underbranch
underbranqhes,ˈʌndəɹˌbɹæntʃɪz,underbranches
underbynd,ˈʌndəɹˌbɪnd,underbind
underbynding,ˈʌndəɹˌbaɪndɪŋ,underbinding
underdelv,ˈʌndəɹˌdɛlv,underdelve
underdu,ˈʌndəɹdoʊ,underdo
underduer,ˈʌndəɹˌdɔɹ,underdoer
underduing,ˈʌndəɹˌdaʊɪŋ,underdoing
underdun,ˈʌndəɹˌdaɪn,underdone
underduz,ˈʌndəɹˌdoʊz,underdoes
undergraduatship,ˌʌndəɹˈɡɹædʒənˌweɪts,undergraduateship
underguwn,ˈʌndəɹˌɡaʊn,undergown
underguwns,ˈʌndəɹˌɡoʊnz,undergowns
underheav,ˈʌndəɹˌhiːvəɹ,underheave
underhedd,ˈʌndəɹˌhɛd,underhead
underhedds,ˈʌndəɹˌhɛdz,underheads
underkynd,ˈʌndəɹˌkɪnd,underkind
underkynds,ˈʌndəɹˌkaɪndz,underkinds
underleavs,ˌʌndəɹˈliːvz,underleaves
undermoste,ˈʌndəɹˌmoʊst,undermost
undernurrishment,ˌʌndəɹˈnʌɹʃənmənts,undernourishment
underpeepled,ˈʌndəɹpiːˌpʌld,underpeopled
underqhamberlan,ˈʌndəɹtʃəmˌbɛɹənliː,underchamberlain
underqhamberlans,ˈʌndəɹˌkæmbəɹliːzən,underchamberlains
underqhanter,ˈʌndəɹˌkeɪntəɹd,underchanter
underqhanters,ˈʌndəɹˌkeɪntəɹz,underchanters
underqhaps,ˈʌndəɹˌkæps,underchaps
underqharge,ˈʌndəɹˌtʃɑɹdʒ,undercharge
underqharged,ˈʌndəɹˌtʃæɹdʒd,undercharged
underqharging,ˈʌndəɹˌtʃæɹdʒɪŋ,undercharging
undersleev,ˌʌndəɹˈsliːv,undersleeve
undersleevs,ˌʌndəɹˌsliːvz,undersleeves
undersuht,ˈʌndəɹˌsuːt,undersuit
undersuhts,ˈʌndəɹˌsuːts,undersuits
undertresurer,ˌʌndəɹˈtɛɹoʊsəɹ,undertreasurer
undertresurers,ˌʌndəɹˈtɛɹoʊsəɹz,undertreasurers
underuzing,ˈʌndəɹˌjuːzɪŋ,underusing
underwaers,ˈʌndəɹˌwɛɹz,underwears
underweihting,ˈʌndəɹˌweɪtɪŋ,underweighting
underwroht,ˈʌndəɹˌwɔt,underwrought
undeserv,ˌʌndɪˈsɜɹv,undeserve
undeterminat,ˌʌndɪˈtɜɹmənət,undeterminate
undiht,ənˈdaɪt,undight
undihted,ənˈdaɪtəd,undighted
undihting,ənˈdaɪtɪŋ,undighting
undiscurraged,ˈdʌniːˌskɔɹdʒɪd,undiscouraged
undisghisedly,ˌʌndɪsˈɡaɪstɪdʒliː,undisguisedly
undistinctiv,ˌʌndɪˈstɪnstɪk,undistinctive
undoutable,ənˈdaʊtəbəl,undoubtable
undouting,ˈdʌnˌbaʊtɪŋ,undoubting
undremt,ˈʌndɹəm,undreamt
unduable,ənˈdoʊbəl,undoable
undubble,ənˈdʌbəl,undouble
undubbled,ənˈdaʊəbəld,undoubled
undubbling,ˈdʌnˌbʌlɪŋ,undoubling
unduer,ənˈdʌɹ,undoer
unduers,ˈʌndəɹz,undoers
unduings,ənˈduːɪŋz,undoings
undulativ,ˌʌnˈdʌlətɪvɪt,undulative
unelaborat,ənɪˈlɑbəˌtɔɹ,unelaborate
unencurraging,ˌʌnɪnˈkɔɹɪdʒɪŋ,unencouraging
unenlihtening,ˌʌnɛnˈlaɪtɪŋ,unenlightening
unenqhanted,ˌʌnɪnˈtʃæntɪd,unenchanted
unerthliness,ˈjuːnɹəlθnəs,unearthliness
unesthetic,ˌʌnəˈθɛstɪk,unaesthetic
unexceptiv,ˌʌnɪkˈspɛstɪŋ,unexceptive
unexpensiv,ˌʌnɛkˈspɛnsɪv,unexpensive
unexpressiv,ˌʌnəkˈspɹɛsɪv,unexpressive
unfashonableness,ənˈfæʃənəsənz,unfashionableness
unfashonably,ənˈfæʃənəbliː,unfashionably
unfavorit,ənˈfeɪvəɹɪt,unfavorite
unfeminin,ˌʌnfəˈmɪnəm,unfeminine
unfether,ənˈfeɪəɹ,unfeather
unfethering,ənˈfiːðəɹɪŋ,unfeathering
unflinqhingly,ənˈflɪŋkəlɪŋ,unflinchingly
unfluwer,ənˈflaʊəɹ,unflower
unfluwering,ənˈfluːəɹɪŋ,unflowering
unfoht,ənˈfoʊt,unfought
unfrauht,ənˈfɹɔt,unfraught
unfrend,ənˈfɹɛnd,unfriend
unfrended,ənˈfɹɛndəd,unfriended
unfrending,ənˈfɹiːndɪŋ,unfriending
unfrendlier,ənˈfɹɛndləɹ,unfriendlier
unfrendliest,ənˈfɹɛnəldəst,unfriendliest
unfrendliness,ənˈfɹɛndlənsɪz,unfriendliness
unfrendship,ənˈfɹɪnˌʃɪp,unfriendship
unfruhtful,ənˈfɹʌftət,unfruitful
unfruhtfully,ənˈfɹʌftətliː,unfruitfully
unfruhtfulness,ənˈfɹʌfətənsəlz,unfruitfulness
unfyndable,ənˈfɪndəbəl,unfindable
ungard,ənˈɡɑɹd,unguard
ungardedly,ənˈɡʌɹədɪdliː,unguardedly
ungardedness,ənˈɡʌɹdəndz,unguardedness
ungarding,ənˈɡɑɹdɪŋ,unguarding
unghessable,ˌʌndʒɪsˈɡɛsəbəl,unguessable
unghestlike,ˈjuːŋɡəˌstɛlv,unguestlike
unghided,ənˈɡaɪdɪd,unguided
ungiv,ənˈdʒuːv,ungive
unglov,ənˈɡlʌv,unglove
ungroomd,ənˈɡɹuːmd,ungroomed
unguiculat,ˌʌndʒəkwəˈleɪtɪk,unguiculate
unguiculats,ənˈɡɪkjəˌleɪts,unguiculates
ungulat,ˈʌŋɡəˌleɪt,ungulate
ungulats,ˈʌŋɡəˌleɪts,ungulates
unguwn,ənˈɡaʊn,ungown
unguwning,ənˈɡaʊnɪŋ,ungowning
unhandsom,ənˈhænsdəm,unhandsome
unhandsomly,ənˈhænsədliː,unhandsomely
unhart,ənˈhɜɹt,unheart
unharted,ənˈhɑɹtəd,unhearted
unharting,ənˈbɜɹtɪŋ,unhearting
unhedd,ənˈhiːd,unhead
unhedded,ənˈhiːdɪd,unheaded
unhedding,ənˈhiːdɪŋ,unheading
unhelth,ənˈhɛlθ,unhealth
unhelthier,ənˈhɛlθiːəɹ,unhealthier
unhelthiest,ənˈhɛlɪθiːz,unhealthiest
unhelthily,ənˈhɛlθiː,unhealthily
unhelthiness,ənˈhɛlθiːnəs,unhealthiness
unhouze,ənˈhuːz,unhouse
unhouzed,ənˈhaʊzd,unhoused
unhouzing,ənˈhaʊzɪŋ,unhousing
unibranchiat,ˌjuːnɪˈbɹɛntʃəˌbeɪ,unibranchiate
unibranchiats,ˌjuːnɪˈkɹɪbəˌneɪʃəz,unibranchiates
uniflagellat,ˌʌnɪfɪˈlæstɪdʒəl,uniflagellate
unifoliat,ˌjuːnɪˈfoʊliːt,unifoliate
unifoliolat,ˌjuːnɪˈfoʊləˌteɪt,unifoliolate
unijugat,ˈjuːnjəˌɡjeɪtɪd,unijugate
unilabiat,ˌjuːniːˈlæbiːˌeɪt,unilabiate
unimaginativly,ˌʌnɪˈmædʒɪnətɪvliː,unimaginatively
unimpeaqhably,ˌʌnɪmˈpiːtʃəbliː,unimpeachably
unimplicat,ˌʌnɪmˈplɪktək,unimplicate
uninformativly,ˌʌnɪnˈfɔɹmətədliː,uninformatively
uninitiat,ˌjuːnəˈnɪtətiː,uninitiate
uninitiats,ˌjuːnəˈnɪtətiːz,uninitiates
uninstructiv,ˌʌnɪnˈstɹʌktɪtəɹ,uninstructive
unintrusiv,ˌʌnɪnˈtɹuːsɪts,unintrusive
uninucleat,ˌjuːnɪnəˈkleɪʃəbəl,uninucleate
uninventiv,ˌʌnɪnˈvɛntɪt,uninventive
uniovulat,ˌjuːniːoʊˈvætəl,uniovulate
uniplicat,ˈjuːnɪplɪˌkeɪt,uniplicate
uniseriat,ˌjuːnɪˈsɛɹiːˌeɪt,uniseriate
unitiv,ˈjuːnɪtɪv,unitive
unitivly,ˈjuːnɪtɪvliː,unitively
univalv,ˌjuːnɪˈvɑlv,univalve
univalvs,ˌjuːnɪˈvɑlvz,univalves
univariat,ˌjuːnəˈveɪɹiːˌeɪt,univariate
univariats,ˌjuːniːˈævɹətiːəz,univariates
unkniht,ənˈbaɪt,unknight
unknihted,ənˈbɪtɪŋ,unknighted
unknihting,ənˈkaɪtɪŋ,unknighting
unkynder,ənˈkɪndəɹ,unkinder
unkyndlier,ˌʌnkɪnˈdɪlnjəɹ,unkindlier
unkyndliest,ˌʌnkɪnˈdɪlɪnts,unkindliest
unkyndliness,ənˈkɪndlɪnz,unkindliness
unkyndly,ənˈkɪndliː,unkindly
unkyndness,ənˈkɪndnəs,unkindness
unledd,ənˈliːd,unlead
unledding,ənˈliːdɪŋ,unleading
unlern,ənˈlɜɹn,unlearn
unlernable,ənˈlɛɹnəbən,unlearnable
unlerning,ənˈlɛɹnɪŋ,unlearning
unlernt,ənˈlɪɹənt,unlearnt
unlihted,ənˈlaɪtɪd,unlighted
unlissenable,ˌʌnɡɪlˈsɛntəbəl,unlistenable
unliv,ənˈlaɪv,unlive
unlov,ənˈlʌv,unlove
unlovlier,ˌʌnloʊvˈliːɛɹ,unlovelier
unlovliest,ənˈlɑvələst,unloveliest
unlovliness,ənˈlɑləvɪnz,unloveliness
unlovly,ənˈlɑvəliː,unlovely
unmaqho,ənˈmætʃoʊ,unmacho
unmasculin,ənˈmæskjələn,unmasculine
unment,ənˈmiːnt,unmeant
unmerqhantable,ənməɹˈʃæntəbəl,unmerchantable
unmesurable,ənˈmɛzəɹəbəl,unmeasurable
unmesured,ənˈmɛsəɹd,unmeasured
unmoovable,ənˈmɑvəbəl,unmovable
unmoovably,ənˈmʌvəbliː,unmovably
unmooving,ənˈmʌvɪŋ,unmoving
unmortis,ənˈmɔɹtəs,unmortise
unmyndful,ənˈmɪnfədəl,unmindful
unneihborly,ənˈɡɪbəɹliː,unneighborly
unnurrishing,ənˈnɔɹɪʃɪŋ,unnourishing
unobtrusivly,ˌʌnəbˈtɹuːsɪvliː,unobtrusively
unobtrusivness,ˌʌnəbˈtɹuːsəvənsɪz,unobtrusiveness
unoffensiv,ˌʌnəˈfɛnsɪv,unoffensive
unoffensivly,ənəˈfɛnsɪvliː,unoffensively
unoperativ,ənəˈpɔɹətɪvət,unoperative
unordinat,əˈnɔɹdənət,unordinate
unordinatly,ˌʌnɔɹˈdɛnətəl,unordinately
unordinatness,əˈnɔɹdəˌneɪtənst,unordinateness
unoriginat,əˈnɔɹiːdʒəˌneɪtɪd,unoriginate
unoriginatly,əˌnɔɹiːˈdʒænɪtəliː,unoriginately
unpassionat,ənˈpæʃəˌneɪt,unpassionate
unpeeple,ənˈpiːpəl,unpeople
unpeepled,ənˈpiːpəld,unpeopled
unpeepling,ənˈpiːpəlɪŋ,unpeopling
unperceptiv,ˌʌnpəɹˈspɛtɪv,unperceptive
unpersuasiv,ənpəɹsəˈvuːsɪk,unpersuasive
unpersuasivly,ənpəɹʃəˈvɪsɪliː,unpersuasively
unpersuasivness,ənpəɹsəˈvɪsbəns,unpersuasiveness
unpicturesq,ənˈpɪktʃəɹtʃəs,unpicturesque
unplausiv,ənˈplɑsɪv,unplausive
unpleasiv,ənˈplɛsɪv,unpleasive
unplesantries,ənˌplɛsənˈtɛɹiːz,unpleasantries
unplesantry,ənˈplɛsənˌtɛɹiː,unpleasantry
unplesure,ənpləˈʒʊɹ,unpleasure
unpliht,ənˈplaɪt,unplight
unplihted,ənˈplaɪtɪd,unplighted
unplihting,ənˈplaɪtɪŋ,unplighting
unportunat,ənˈpɔɹtənət,unportunate
unpreaqh,ənˈɹiːtʃ,unpreach
unpreaqhing,ənˈpɹiːtʃɪŋ,unpreaching
unproductivly,ənˌpɹɑdəkˈtɪvɪtliː,unproductively
unprogressiv,ənpɹəˈɡɹɛsɪv,unprogressive
unpromis,ˈʌpɹəˌmaɪz,unpromise
unproovability,ənˌpɹɑvəbəˈlɪtɪkiː,unprovability
unproovable,ənˈpɹɑvəbəl,unprovable
unproovably,ənˈpɹɑvəbliː,unprovably
unpuwer,ənˈpaʊəɹ,unpower
unpuwerful,ənˈpaʊəɹfəl,unpowerful
unpuwering,ənˈpaʊəɹɪŋ,unpowering
unqhain,ənˈheɪn,unchain
unqhaining,ənˈtʃeɪnɪŋ,unchaining
unqhallengeable,ənˈtʃælɪndʒəbəl,unchallengeable
unqhallenging,ənˈtʃælɪŋən,unchallenging
unqhancy,ˈʌntʃənsiː,unchancy
unqhangeabilities,ənˈtʃændʒəbəˌlaɪdsɪ,unchangeabilities
unqhangeability,ənˈtʃændʒəˌbɪlɪdʒtiː,unchangeability
unqhangeable,ənˈtʃændʒəbəl,unchangeable
unqhangeableness,ənˈtʃædʒənəbəldz,unchangeableness
unqhangeably,ənˈtʃændʒəbliː,unchangeably
unqhangingly,ənˈtʃæŋɡɪniː,unchangingly
unqhangingness,ənˈtʃæŋɡɪnsɪnz,unchangingness
unqharge,ənˈtʃɑɹdʒ,uncharge
unqharged,ənˈtʃɑɹdʒd,uncharged
unqharging,ənˈtʃɑɹdʒɪŋ,uncharging
unqharily,ənˈtʃɛɹəliː,uncharily
unqhariness,əntʃəɹˈiːnzɪz,unchariness
unqhariot,ənʃəɹˈiːət,unchariot
unqharioted,ənʃəɹˈaɪətəd,uncharioted
unqharioting,əntʃəɹˈeɪʃənt,uncharioting
unqharitable,ənˈtʃæɹətəbəl,uncharitable
unqharitableness,ənˈkæʃəɹəntəbəlz,uncharitableness
unqharitably,ənˈkæʃəɹətəbliː,uncharitably
unqharity,ənˈtʃæɹɪtiː,uncharity
unqharm,ənˈkɑɹm,uncharm
unqharming,ənˈtʃɑɹmɪŋ,uncharming
unqharnel,ənˈkɑɹʃənəl,uncharnel
unqharneling,ənˈtʃɑɹnəɹəlɪŋ,uncharneling
unqhary,ənˈtʃɛɹiː,unchary
unqhaste,ənˈtʃæst,unchaste
unqhastely,ənˈtʃæstliː,unchastely
unqhasteness,ənˈseɪksənts,unchasteness
unqhastities,ənˈsæktəstiːz,unchastities
unqhastity,ənˈtʃæstɪtiː,unchastity
unqheckable,ənˈkɛkəbəl,uncheckable
unqhewable,ənˈtʃuːəbəl,unchewable
unqhoke,ənˈtʃoʊk,unchoke
unqhoked,ənˈtʃoʊkt,unchoked
unqhoking,ənˈkoʊvɪŋk,unchoking
unqhosen,ənˈtʃoʊsən,unchosen
unqhurqh,ənˈtʃɜɹtʃ,unchurch
unqhurqhing,ənˈtʃɜɹtʃɪŋ,unchurching
unqhurqhly,ˈʌŋkjʊɹtʃəliː,unchurchly
unqhyldlike,ənˈtʃɪldʒɪk,unchildlike
unquenqhable,ənˈkʌntʃəbəl,unquenchable
unquenqhableness,ənˈkwɛknəbəsnəlz,unquenchableness
unquenqhably,ənˈkʌntʃəbliː,unquenchably
unquenqhing,ənˈkwɛntʃɪŋ,unquenching
unquenqhingly,ənˈkʌntʃəlɪŋ,unquenchingly
unreaqhability,ənˌɹiːtʃəˈbɪlətiː,unreachability
unreaqhableness,ənˌɹiːtʃəˈbɛlənsɪz,unreachableness
unreaqhably,ənˈɹiːtʃəbliː,unreachably
unreav,ənˈɹiːv,unreave
unreceptivly,ənɹɪˈsɛptɪtɪvliː,unreceptively
unreddier,ənˈɹɛdiːəɹ,unreadier
unreddiest,ənˈɹɛdiːəst,unreadiest
unreddiness,ənˈɹɛdiːnɪs,unreadiness
unreddy,ənˈɹiːdiː,unready
unreev,ənˈɹiːv,unreeve
unreflectiv,ˌʌnɹɪˈfɛltɪkt,unreflective
unreflectivly,ənˈɹɛflɪktɪvliː,unreflectively
unreflectivness,ˌʌnɹɪˈflɛktənsɪz,unreflectiveness
unregenerat,ənˌɹɛdʒəˈnɛˌɹeɪt,unregenerate
unregeneratly,ˌʌnɹɪdʒˈɹeɪnəˌtɔɹɪdʒiː,unregenerately
unregeneratness,ənˌɹɛdʒəˈnɛɹɪdʒənts,unregenerateness
unremoovable,ənɹɪˈmʌvəbəl,unremovable
unremoovableness,ənɹəˈmjɑnəsəns,unremovableness
unremoovably,ənˈɹʌməbəvliː,unremovably
unremoovd,ənɹɪˈmʌvd,unremoved
unrepresentativness,ənˌɹɛpɹəstɹənˈteɪstɪd,unrepresentativeness
unreproaqhable,ənɹiːˈpɹoʊʃəbəl,unreproachable
unreproaqhableness,ənˌɹiːpɹəˈbæləsts,unreproachableness
unreproaqhably,ənˌɹɛpɹoʊˈæbəkliː,unreproachably
unreproaqhful,ənɹiːˈpɹʌfəkəl,unreproachful
unreproaqhing,ənɹiːˈpɹoʊɪtʃɪŋ,unreproaching
unreserv,ənɹɪˈsɜɹv,unreserve
unresponsivly,ənɹɪˈspɑnsəniː,unresponsively
unresponsivness,ənɹɪˈspænsənɪs,unresponsiveness
unrestrictiv,ˌʌnɹəˈstɹɪktɪv,unrestrictive
unriht,ənˈɹaɪt,unright
unrihteous,ənˈɹaɪtjoʊs,unrighteous
unrihteously,ənˈɹaɪʃəsliː,unrighteously
unrihteousness,ənˈɹaɪtʃənsɪz,unrighteousness
unrihtwise,ənˈɹaɪˌtwaɪz,unrightwise
unruff,ənˈɹʌ,unrough
unruffly,ənˈɹaʊliː,unroughly
unsatiat,ənˈseɪʃiːˌeɪt,unsatiate
unsaturat,ənˈsætʃəɹˌeɪt,unsaturate
unsaturats,ənˈsætʃəɹˌeɪts,unsaturates
unsearqhable,ənˈsɪɹətʃəbəl,unsearchable
unsearqhably,ənˈsɪɹəbəsliː,unsearchably
unselectiv,ˌʌnsɛlɛkˈtɪvɪt,unselective
unselectivly,ˌʌnsɛlɛkˈtɪvɪtiː,unselectively
unseparat,ənˈsɛpəɹˌeɪt,unseparate
unsiht,ənˈsaɪt,unsight
unsihtable,ənˈsaɪtəbəl,unsightable
unsihted,ənˈsaɪtəd,unsighted
unsihting,ənˈsaɪtɪŋ,unsighting
unsihtlier,ənˈsaɪtəlfəɹ,unsightlier
unsihtliest,ənˈsaɪtˌlaɪst,unsightliest
unsihtliness,ənˈsaɪtlənsəz,unsightliness
unsluce,ənˈsluːs,unsluice
unsluced,ənˈsluːst,unsluiced
unslucing,ənˈsluːsɪŋ,unsluicing
unsoh,ənˈsuː,unsew
unsohing,ənˈsaɪwɪŋ,unsewing
unsohl,ənˈsɔl,unsoul
unsohling,ənˈsuːlɪŋ,unsouling
unsohn,ənˈsʌn,unsewn
unsoht,ənˈsoʊt,unsought
unsophisticat,ənsəˈfɪstəˌkeɪts,unsophisticate
unsophisticats,ənˈsɑfɪstɪˌkeɪts,unsophisticates
unstarqh,ənˈstɑɹtʃ,unstarch
unstarqhing,ənˈstɑɹtʃɪŋ,unstarching
unsteddfast,ənˈstɛfəˌstæd,unsteadfast
unsteddfastly,ənˈstɛfstədliːz,unsteadfastly
unsteddfastness,ˌʌnstəˈfɛstədənz,unsteadfastness
unsteddied,ənˈstɛdiːd,unsteadied
unsteddier,ˌʌnstədiːˈɪɹ,unsteadier
unsteddiest,ənˈstiːdəst,unsteadiest
unsteddily,ˌʌnstəˈdɪlɪbiː,unsteadily
unsteddiness,ənˈstɛdənəs,unsteadiness
unsteddying,ənˈstiːdiːɪŋ,unsteadying
unsuht,ənˈsuːt,unsuit
unsuhtabilities,ˌʌnsəˌtjuːbəˈteɪʃəbəliː,unsuitabilities
unsuhtability,ˌʌnsəˌtuːbəˈtɪʃəbliː,unsuitability
unsuhtably,ənˈsuːtəbəliː,unsuitably
unsuhting,ənˈsuːtɪŋ,unsuiting
unsupportiv,ənsəˈpɔɹtɪvət,unsupportive
unsupportivly,ənsəˈpɔɹətɪvɪtliː,unsupportively
unsupportivness,ənsəˈpɔɹtəpənts,unsupportiveness
unsuttler,ənˈsʌtələɹ,unsubtler
unsuttlest,ənˈsʌtələst,unsubtlest
unsuttleties,ˌʌnsəˈtʌblətiːz,unsubtleties
unsuttlety,ənˈsʌtətliː,unsubtlety
unsuttly,ənˈsʌtəltiː,unsubtly
unswaer,ənˈswɜɹ,unswear
unswaering,ənˈswɛɹɪŋ,unswearing
unswett,ənˈswiːt,unsweat
unswetted,ənˈsweɪtəd,unsweated
unswetting,ənˈswiːtɪŋ,unsweating
untahkd,ənˈtɔkt,untalked
untalkativ,ənˈtɑlkətɪv,untalkative
untauht,ənˈtɔt,untaught
unteaqh,ˈnʌtiːæk,unteach
unteaqhability,ənˌteɪtʃəˈbɪlətiː,unteachability
unteaqhable,ənˈteɪtʃəbəl,unteachable
unteaqhableness,ənˈteɪtʃəbələnsts,unteachableness
unteaqhables,ənˈteɪtʃəbəlz,unteachables
unteaqherly,ənˈtɛtʃəɹliː,unteacherly
unteaqhing,ənˈtiːtʃɪŋ,unteaching
untemperat,ənˈtɛmpəɹˌeɪt,untemperate
untemperatly,ənˈtɛmpəɹəˌtɪliː,untemperately
unthoht,ənˈθoʊt,unthought
unthohtful,ənˈtuːθfəl,unthoughtful
unthredd,ənˈθɹiːd,unthread
unthredding,ənˈθɹiːdɪŋ,unthreading
unthriftihedd,ənθɹɪˈfɪʃtiːəd,unthriftihead
untihten,ənˈtaɪtən,untighten
untihtening,ənˈtaɪtənɪdʒ,untightening
untoom,ənˈtʌm,untomb
untooming,ənˈtʌmɪŋ,untombing
untredd,ənˈtɹiːd,untread
untredding,ənˈtɹiːdɪŋ,untreading
untresure,ˌʌntɹiːˈɛsəɹ,untreasure
untresured,ənˈtɹɛʒəɹd,untreasured
untresuring,ənˈtɹɛʒəɹɪŋ,untreasuring
untrubbledly,ənˈtɹʌbəldɪdʒiː,untroubledly
untrubbledness,ənˈtɹʌblɪdnɪs,untroubledness
untrubblesom,ənˈtɹʌbəlˌsaɪm,untroublesome
untrubblesomness,ənˈtɹʌbələsmənzɪz,untroublesomeness
untugether,ˌʌntəˈɡɛðəɹ,untogether
untung,ənˈtʌŋɡ,untongue
untungd,ənˈtʌŋd,untongued
untunging,ənˈtʌɡɪŋ,untonguing
untuqhability,ənˌtɑtʃəˈbɪlɪtiː,untouchability
untuqhedness,ənˈtʌfəstɪndz,untouchedness
untwardliness,ənˈtɑfəˌlɛndəɹz,untowardliness
untwardly,ənˈtɑfəɹdliː,untowardly
untwardness,ənˈtɑfəɹdənz,untowardness
unwaerable,ənˈwɛɹəbəl,unwearable
unwaerables,ənˈwɛɹəbəlz,unwearables
unweav,ənˈwiːv,unweave
unweihing,ənˈwaɪdʒɪŋ,unweighing
unweiht,ənˈwaɪt,unweight
unweihted,ənˈweɪtɪd,unweighted
unweihting,ənˈwaɪtɪŋ,unweighting
unwelcomly,ənˈwɛlkəˌmɛliː,unwelcomely
unwholesom,ənˈhwoʊlsəˌmiːs,unwholesome
unwholesomly,ənˈwɑləsɪmiːl,unwholesomely
unwholesomness,ənˈwɑləmsiːənz,unwholesomeness
unwoonded,ənˈwaʊndɪd,unwounded
unwyld,ənˈwɪld,unwild
unwylded,ənˈwɪldɪd,unwilded
unwylding,ənˈwɪldɪŋ,unwilding
unwynder,ənˈwɪndəɹ,unwinder
unwynders,ənˈwɪndəɹz,unwinders
unyung,ˈjuːˌnjuːd,unyoung
upbaer,ˈʌpbəɹ,upbear
upbaerer,ˈʌpbəɹiːəɹ,upbearer
upbaerers,ˈʌpbəɹəɹz,upbearers
upbaering,ˈʌpbəɹɪŋ,upbearing
upbild,ˈʌpbˌwɪld,upbuild
upbilding,ˈʌpbəˌlaɪdɪŋ,upbuilding
upbilt,ˈʌpbˌwɪlt,upbuilt
upbraek,ˈʌpbɹiːk,upbreak
upbraeking,ˈʌpbɹiːkɪŋ,upbreaking
upbroht,ˈʌpbɹuːt,upbrought
upbynd,ˈʌpbənd,upbind
upbynding,ˈʌpˌbɪndɪŋ,upbinding
upcauht,əˈpɑkt,upcaught
upclym,ˈʌpləkm,upclimb
upclyming,ˈʌˌplaɪkˌmɪŋ,upclimbing
upcontry,ˈʌpkaʊɹtniː,upcountry
upcurv,ˈʌpkəɹvɪtʃ,upcurve
updu,ˈuːpdoʊ,updo
updus,ˈuːpˌdoʊz,updos
upgiv,ˈʌpdʒɪv,upgive
upheav,əpˈhiːv,upheave
uplept,ˈʌplɪˌpɛt,upleapt
upliht,ˈʌˌplaɪt,uplight
uplihted,əˈplaɪtɪd,uplighted
uplihting,ˈʌˌplaɪtɪŋ,uplighting
upqheer,ˈʌptʃəɹ,upcheer
upqheering,ˈʌptʃəɹɪŋ,upcheering
upqhuck,ˈʌpˌtʃʊk,upchuck
upqhucking,əˈpʌktʃɪŋ,upchucking
upreaqh,ˈʌpɹiːtʃ,upreach
upreaqhing,əˈpɹiːtʃɪŋ,upreaching
uprihted,əˈpɹaɪtɪd,uprighted
uprihteous,əˈpɹaɪˌtoʊs,uprighteous
uprihteously,əˈpɹaɪdʒəsliː,uprighteously
uprihteousness,əˈpɹaɪtʃəsnəs,uprighteousness
uprihting,ˈʌˌpɹaɪtɪŋ,uprighting
uprihtly,ˈʌpɹiːtˌlaɪ,uprightly
uprihtness,əˈpɹaɪtnəs,uprightness
upsideduwn,ˈʌpsɪˌduːd,upsidedown
upsoht,əpˈsoʊt,upsought
uptaer,ˈʌpˌtɛɹ,uptear
uptaering,ˈʌptəɹɪŋ,uptearing
upthredd,ˈʌptʃˌɹiːd,upthread
uptihter,ˈʌpˌtaɪtəɹ,uptighter
uptihtest,ˈʌptiːˌtaɪəst,uptightest
uptihtly,ˈʌptətliː,uptightly
uptihtness,əpˈtɪtnɪs,uptightness
uptuwner,ˈʌpˌtaʊnəɹ,uptowner
uptuwners,ˈʌpˌtaʊnəɹz,uptowners
uptuwns,ˈʌpˌtaʊnz,uptowns
urceolat,ˈɜɹtʃəˌleɪt,urceolate
urinativ,jəɹɪˈnætɪv,urinative
urins,ˈjɜɹənz,urines
urqhon,ˈɜɹtʃən,urchon
urqhons,ˈɜɹtʃənz,urchons
ustulat,ˈʌstʃəˌleɪt,ustulate
usur,ˈjuːʒəɹ,usure
utmostes,ˈʌtˌmoʊsts,utmosts
utriculat,ˌjuːtɹəˈkjuːlət,utriculate
uttermoste,ˈʌtəɹˌmoʊst,uttermost
uttermostes,ˈʌtəɹˌmɑsts,uttermosts
uwlet,ˈoʊlˌtiː,owlet
uwlets,ˈoʊltɪs,owlets
uwlish,ˈoʊlɪʃ,owlish
uwlishly,ˈaʊlɪʃliː,owlishly
uwlishness,ˈaʊlɪʃnəs,owlishness
uwllike,ˈoʊlˌvɪtʃ,owllike
uzabilities,ˌjuːsəˈbɪlətiːz,usabilities
uzability,ˌjuːsəˈbɪlətiː,usability
uzable,ˈjuːsɪbəl,useable
uzableness,ˈjuːsəblənsəz,usableness
uzably,ˈjuːzbəliː,usably
uzager,ˈjuːsɑdʒəɹ,usager
uzagers,ˈjuːsɑdʒəɹz,usagers
uzance,ˈjuːsɑns,usance
uzances,ˈjuːsənsəz,usances
uzername,ˈjuːsəɹˌneɪm,username
uzernames,ˈjuːsəɹˌneɪmz,usernames
vacuolat,ˈvækjuːleɪt,vacuolate
vaginat,ˈveɪdʒəˌneɪt,vaginate
valinqh,ˈveɪlɪntʃ,valinch
valinqhes,ˈvælɪntʃəz,valinches
valvless,ˈvælvɪlz,valveless
valvlet,ˈvælvɪtɛl,valvelet
valvlets,ˈvælvətəlz,valvelets
vangardism,ˈvænɡəɹˌdæmz,vanguardism
vangardisms,ˈvænɡəɹˌdæmzɪz,vanguardisms
vangardist,ˈvændʒəɹədst,vanguardist
vangardists,ˈvænɡəɹədɪsts,vanguardists
vangards,ˈvænˌɡɑɹdz,vanguards
vaqero,vɑˈkwɛɹoʊ,vaquero
vaqeros,ˈvækəɹoʊz,vaqueros
vaqher,ˈvætʃəɹ,vacher
vaqhers,ˈvætʃəɹz,vachers
vaqhery,ˈvætʃəɹiː,vachery
vaqita,vɑˈkwiːtə,vaquita
vaqitas,vɑˈkwiːtəs,vaquitas
vasoactiv,ˌvæsoʊˈkætɪv,vasoactive
vasoconstrictiv,ˌvæsəkˈsæpɪtɪŋt,vasoconstrictive
vasoformativ,vəˈsɔfəɹmətɪf,vasoformative
vegetativly,ˌvɛdʒəˈtætɪvliː,vegetatively
vegetativness,ˌvɛdʒəˈtætɪvnəs,vegetativeness
vegetiv,ˈvɛdʒətɪv,vegetive
velat,ˈvɛlət,velate
vellicativ,ˈvɛləkətɪv,vellicative
velvetbrest,ˈvɛlvɪˌtɹɛbəs,velvetbreast
velvetbrests,ˈvɛlvəˌtɹɛstəbz,velvetbreasts
ventilativ,ˌvɛntətəˈlɪtɪv,ventilative
venturesomly,ˌvɛntʊˈɹɛməsbiːəl,venturesomely
venturesomness,ˈvɛntəɹəsiːmənz,venturesomeness
verificativ,ˌvɛɹəfəˈkætɪk,verificative
verjuce,ˈvɜɹdʒəs,verjuice
verjuces,ˈvɜɹdʒəsɪz,verjuices
verticillat,vəɹˈtɪsəˌleɪt,verticillate
vexillat,ˈvɛksəˌleɪt,vexillate
vibrativ,ˈvaɪbɹətɪv,vibrative
vicariat,viːkəɹˈiːtiː,vicariate
vicariats,vaɪˈkɑɹiːəts,vicariates
viewfynders,ˈvjuːˌfaɪndəɹz,viewfinders
vindicativ,ˈvɪndəkətɪv,vindicative
vindictivly,vɪnˈdɪktɪvliː,vindictively
violativ,ˈvaɪəˌleɪtɪv,violative
virgat,ˈvɜɹɡət,virgate
virgats,ˈvɜɹɡəts,virgates
viscaqha,vɪˈskɑʃə,viscacha
viscaqhas,ˈvɪskəʃəs,viscachas
visiv,ˈvɪzəv,visive
vituperativly,vɪˈtuːpəɹətɪvliː,vituperatively
vizcaqha,vɪzˈkɑʃə,vizcacha
vizcaqhas,ˈvɪzkəʃəs,vizcachas
vocativ,ˈvoʊkətɪv,vocative
vocativly,voʊˈkætɪvliː,vocatively
vocativs,ˈvoʊkətɪvz,vocatives
voghed,voʊɡd,vogued
vogheing,ˈvɑɡwɪŋ,vogueing
vogher,ˈvoʊɡəɹ,voguer
voghers,ˈvoʊɡəɹz,voguers
voghing,ˈvɑɡwɪŋ,voguing
voghish,ˈvɑɡwɪʃ,voguish
voghishness,ˈwɑɡɪˌʃɪnz,voguishness
volitiv,ˈvɑlətɪv,volitive
volvat,ˈvoʊlˌveɪt,volvate
vomitiv,voʊˈmɪtɪv,vomitive
vomitivs,ˈvɑmətɪvz,vomitives
votiv,ˈvoʊtɪv,votive
votivly,ˈvoʊtɪvliː,votively
votivness,ˈvoʊtɪvɪnzɪnz,votiveness
vouqhee,vuːˈʃiː,vouchee
vouqhees,vuːˈʃeɪ,vouchees
vouqhering,ˈvaʊtʃəɹɪŋ,vouchering
vouqhsafe,ˈvaʊskə,vouchsafe
vouqhsafed,ˈvaʊskədɪd,vouchsafed
vouqhsafement,vaʊskəˈfɛməntən,vouchsafement
vouqhsafements,ˌvɔsˈθæmfənəst,vouchsafements
vouqhsafing,ˈvaʊskˌheɪlɪŋ,vouchsafing
vruw,vɹuːɹ,vrouw
vuwelization,voʊliːˈseɪfɪʃən,vowelisation
vuwelizations,voʊliːˈzɪvəsθiːənz,vowelisations
vuwelize,ˈvaʊəˌlaɪz,vowelise
vuwelized,ˈvaʊəlaɪzd,vowelised
vuwelizing,ˈvaʊəlɪsɪŋz,vowelising
vuwer,ˈvaʊəɹ,vower
vuwers,ˈvaʊəɹz,vowers
vuwless,ˈvaʊləs,vowless
waerabilities,ˌwɛɹəˈbɪlətiːz,wearabilities
waerability,ˌwɛɹəˈbɪlətiː,wearability
waerables,ˈwɛɹəbəlz,wearables
waeringly,ˈwɪɹɪŋliː,wearingly
waesom,ˈweɪsəm,waesome
wagonwriht,ˈwæɡənˌwɪtɹ,wagonwright
wagonwrihts,ˈwæɡənˌwɪts,wagonwrights
wagsom,ˈwæɡsəm,wagsome
wagsomness,ˈwæɡsəmənsəz,wagsomeness
wahkable,ˈwɔkəlb,walkable
wahkabout,ˈwɔkəˌlaʊt,walkabout
wahkabouts,ˈwɔkəˌlaʊts,walkabouts
wahkathon,ˈwɔkəˌθɔn,walkathon
wahkathons,ˈwɔkəθənz,walkathons
wahkaway,ˈwɔˌkwɔleɪ,walkaway
wahkaways,ˈwɔˌkwɔhiːz,walkaways
wahkingstick,ˈwɔlkəŋstɪk,walkingstick
wahkingsticks,ˈwɔlkənstɪks,walkingsticks
wahkoff,ˈwɔkɔf,walkoff
wahkoffs,ˈwɔˌkɔfs,walkoffs
wahkover,ˈwɔkəvəɹ,walkover
wahkovers,ˈwɔˌklɔvəɹz,walkovers
wahkthruh,ˈwɔkθɹəl,walkthrough
wahkthruhs,ˈwɔkθɹləs,walkthroughs
wahkups,ˈwɔˌkʌps,walkups
wailsom,ˈweɪlsəm,wailsome
wailsomly,ˈweɪlzəmiːliː,wailsomely
wailsomness,ˈweɪlzmənsəz,wailsomeness
wainwrihts,ˈweɪnˌɹaɪts,wainwrights
wallfluwers,ˈwɔlˌflaʊəɹz,wallflowers
walliyed,ˈwɔliːd,walleyed
walliyes,ˈwɔliːz,walleyes
warehouzer,ˈwɛɹˌhaʊzəɹ,warehouser
warehouzers,ˈwɛɹˌhaʊzəɹz,warehousers
warmbludded,ˈwɔɹmbləmd,warmblooded
warmharted,ˈwɔɹmˌhɑɹtɪd,warmhearted
warmhartedness,ˈwɔɹmˌhɔθɹədnəst,warmheartedness
warpuwer,ˈwɔɹˌpaʊəɹ,warpower
warpuwers,ˈwɔɹˌpaʊəɹz,warpowers
washerwimen,ˈwɑʃəɹmən,washerwomen
washwimen,ˈwɑʃuːmən,washwomen
wastewier,ˈweɪsˌtwɛɹ,wasteweir
wastewiers,ˈweɪsˌtwɛɹz,wasteweirs
watchiye,ˈwɑtʃiː,watcheye
watchiyes,ˈwɑtʃiːz,watcheyes
watchtuwer,ˈwɔtˌtʃoʊəɹ,watchtower
watchtuwers,ˈwɔttʃəɹz,watchtowers
watercorse,ˈwɔtəɹˌkwɜɹs,watercourse
watercorses,ˈwɔtəɹˌkwɜɹsəz,watercourses
waterfludd,ˈwɔtəɹˌflʊd,waterflood
waterfludded,ˈwɔtəɹˌflaʊdɪd,waterflooded
waterfludding,ˈwɔtəɹˌflaʊdɪŋ,waterflooding
waterfuwler,ˈwɔtəɹˌfaʊləɹ,waterfowler
waterfuwlers,ˈwɔtəɹˌfaʊləɹz,waterfowlers
waterfuwling,ˈwɔtəɹˌfoʊlwɪŋ,waterfowling
waterfuwls,ˈwɔtəɹfˌwɔlz,waterfowls
waterleavs,ˈwɔtəɹˌliːvz,waterleaves
waterpuwer,ˈwɔtəɹˌpaʊəɹ,waterpower
waterpuwers,ˈwɔtəɹˌpaʊəɹz,waterpowers
watertihtness,ˈwɔtəɹtənˌtɪnz,watertightness
waveghide,ˈweɪvˌɡweɪd,waveguide
waveghides,ˈweɪvˌɡweɪdz,waveguides
waygon,ˈweɪˌɡoʊn,waygone
weakharted,ˈwiːkˌhɑɹtɪd,weakhearted
weakhartedly,ˈwiːkˌhɑɹtɪdliː,weakheartedly
weakhartedness,ˈwiːkˌhɑɹtədz,weakheartedness
wearisomly,ˈwɪɹiːsəˌmoʊliː,wearisomely
wearisomness,ˈwɪɹiːsəmənz,wearisomeness
weekniht,ˈwiːkˌnaɪt,weeknight
weeknihts,ˈwiːkˌnaɪts,weeknights
weerded,ˈwɪɹdəd,weirded
weerdie,ˈwɪɹdiː,weirdie
weerdies,ˈwɪɹdiːz,weirdies
weerding,ˈwaɪɹdɪŋ,weirding
weerdoes,ˈwɪɹˌdoʊz,weirdoes
weerdy,ˈwɪɹdiː,weirdy
weers,wiːɹz,weirs
weihable,ˈweɪɡhəbəl,weighable
weiher,ˈweɪəɹ,weigher
weihers,ˈweɪəɹz,weighers
weihman,ˈweɪmən,weighman
weihmen,ˈwaɪmən,weighmen
weihter,ˈweɪtəɹ,weighter
weihters,ˈweɪtəɹz,weighters
weihtier,ˈweɪtiːəɹ,weightier
weihtiest,ˈweɪtiːəst,weightiest
weihtily,ˈweɪtsliː,weightily
weihtiness,ˈweɪtnaɪzənz,weightiness
weihtlessly,ˈweɪtləsliː,weightlessly
welcomly,ˈwɛlkəˌmɛliː,welcomely
welcomness,ˈwɛlkəmənsəz,welcomeness
wellduer,ˈwɛlˌdoʊəɹ,welldoer
wellduers,ˈwɛlˌdoʊəɹz,welldoers
wellduing,ˈwɛlˌdoʊɪŋ,welldoing
wellhedds,ˈwɛlˌhɛdz,wellheads
wellment,ˈwɛlmənət,wellmeant
welqhers,ˈwɛltʃəɹz,welchers
welqhing,ˈwɛltʃɪŋ,welching
welshwimen,ˈwɛlʃˌwʊmən,welshwomen
welterweihts,ˈwɛltəɹˌweɪts,welterweights
welthily,ˈwɛlθəliː,wealthily
welthiness,ˈwɛlθənəs,wealthiness
wenqh,wɛntʃ,wench
wenqher,ˈwɛntʃəɹ,wencher
wenqhers,ˈwɛŋkəɹz,wenchers
wenqhing,ˈwɛntʃɪŋ,wenching
wepponing,ˈwɛpənɪŋ,weaponing
wepponization,ˌwɛpənəˈsteɪʃən,weaponisation
wepponizations,ˌviːpənəˈsaɪtənz,weaponisations
wepponize,ˈwɛpəˌnaɪz,weaponize
wepponized,ˈwɛpəˌnaɪzd,weaponized
wepponizing,ˈwɛpəˌnaɪzɪŋ,weaponizing
wepponless,ˈwiːpəlnəs,weaponless
wepponries,ˈwɛpənɹiːz,weaponries
wergild,ˈwɛɹɪɡəld,weregild
wergilds,ˈwɛɹɪɡəldz,weregilds
werwolvs,ˈwɜɹwɔlvz,werwolves
westmoste,ˈwɛstməstɑˌtuː,westmost
wetherabilities,ˌwɛθəɹˈæbətəlaɪz,weatherabilities
wetherability,ˌwɛθəɹˈæbətəliː,weatherability
wetherboard,ˈwɛðəɹˌbɔɹd,weatherboard
wetherboarded,ˈwɛðəɹˌbɔɹd,weatherboarded
wetherboarding,ˈwɛðəɹˌbɔɹd,weatherboarding
wetherboardings,ˈwɛðəɹˌbɔɹdz,weatherboardings
wetherboards,ˈwɛðəɹˌbɔɹdz,weatherboards
wethercast,ˈwɛðəɹˌkæst,weathercast
wethercaster,ˈwɛðəɹˌkeɪktəɹ,weathercaster
wethercasters,ˈwɛðəɹˌkeɪktəɹz,weathercasters
wethercasts,ˈwɛðəɹˌkæsts,weathercasts
wethercock,ˈwɛðəɹˌkɑk,weathercock
wethercocks,ˈwɛðəɹˌkɑks,weathercocks
wetherglass,ˈwɛðəɹɡləs,weatherglass
wetherglasses,ˈwɛðəɹɡləsəs,weatherglasses
wetherings,ˈwɛðəɹɪŋz,weatherings
wetherization,ˌθɛɹətˈsɪʒəˌneɪ,weatherisation
wetherizations,ˌwɛθəɹəˈseɪʃənz,weatherisations
wetherize,ˈwɛðəɹˌaɪz,weatherize
wetherized,ˈwɛðəɹˌaɪzd,weatherized
wetherizing,ˈwɛðəɹɪsɪŋz,weatherising
wetherpersons,ˈwɛðəɹˌpɹoʊnz,weatherpersons
wetherproofing,ˈwɛðəɹˌpɹuːdɪŋ,weatherproofing
wetherproofness,ˈwɛðəɹˌpɹaʊnz,weatherproofness
wethervane,ˈwɛðəɹˌveɪn,weathervane
wethervanes,ˈwɛðəɹˌvænz,weathervanes
wetherwise,ˈwɛðəɹˌwaɪs,weatherwise
wetherworn,ˈwɛðəɹˌwɜɹn,weatherworn
wharv,wɑɹv,wharve
wharvs,wɔɹz,wharves
wheelwrihts,ˈwiːlˌɹaɪts,wheelwrights
whereintu,wəɹˈiːntoʊ,whereinto
whereov,ˈwɛɹiːəf,whereof
wherethruh,ˈwɛɹˌtɹuːh,wherethrough
wheretu,ˈwɛɹeɪtoʊ,whereto
whereuntu,wəɹˈɛntoʊ,whereunto
whinqhat,ˈwɪntʃæt,whinchat
whinqhats,ˈwɪntʃæts,whinchats
whiqhsoever,ˈwɪskoʊvəɹ,whichsoever
whitehedds,ˈwaɪtˌhɛdz,whiteheads
wholesomly,ˈhoʊlsəˌmiːl,wholesomely
wihts,waɪts,wights
wijjen,wɪdʒd,widgeon
wijjens,ˈwɪdʒdənz,widgeons
willpuwers,ˈwɪlˌpaʊəɹz,willpowers
wimenfolk,ˈwɪmənˌfɑk,womenfolk
wimenfolks,ˈwɪmənˌfɑks,womenfolks
windbraek,ˈwɪndˌbɹiːk,windbreak
windbraeker,ˈwɪndˌbɹiːkəɹ,windbreaker
windbraekers,ˈwɪndˌbɹiːkəɹz,windbreakers
windbraeks,ˈwɪndˌbɹiːks,windbreaks
windfluwer,ˈwɪndˌflaʊəɹ,windflower
windfluwers,ˈwɪndˌflaʊəɹz,windflowers
windqhills,ˈwɪndˌkɪlz,windchills
wingspredd,ˈwɪŋˌspɹiːd,wingspread
wingspredds,ˈwɪŋˌspɹiːdz,wingspreads
winqher,ˈwɪntʃəɹ,wincher
winqhers,ˈwɪntʃəɹz,winchers
winqhing,ˈwɪntʃɪŋ,winching
winsomly,ˈwɪnsəmliː,winsomely
winsomness,ˈwɪnsəmənzəm,winsomeness
wiqhes,ˈwɪtʃɪz,wiches
wisewimen,ˈwaɪzˌwʊmən,wisewomen
woesom,ˈwoʊsəm,woesome
woesomly,ˈwoʊzəˌmiːl,woesomely
womankynd,ˈwʊmkəndɪŋ,womankind
womanpuwer,ˈwoʊmənˌwaʊpəɹ,womanpower
womanpuwers,ˈwoʊmənˌwaʊpəɹz,womanpowers
woodbynd,ˈwʊdˌbɪnd,woodbind
woodbynds,ˈwʊdˌbɪndz,woodbinds
woodenhedd,ˈwʊdənˌhɛd,woodenhead
woodenhedded,ˈwʊdənˌhɛdəd,woodenheaded
woodenheddedness,ˈwʊdənˌhaɪdnɪst,woodenheadedness
woodenhedds,ˈwʊdənˌhɛdz,woodenheads
woodqhat,ˈwʊdtʃæt,woodchat
woodqhats,ˈwʊdˌtʃæts,woodchats
woodqhopper,ˈwʊdˌkʌpəɹ,woodchopper
woodqhoppers,ˈwʊdˌkʌpəɹz,woodchoppers
woodst,ˈwʊdləst,wouldst
woomier,ˈwɑmbiːəɹ,wombier
woomiest,ˈwɑmbiːəst,wombiest
wooms,wɑmz,wombs
woomy,ˈwɑmbiː,womby
woonder,ˈwaʊndəɹ,wounder
woonders,ˈwuːndəɹz,wounders
woondless,ˈwʌndləs,woundless
workbenqhes,ˈwɜɹkbənskiːz,workbenches
workingwimen,ˈwɜɹkɪŋˌɡwɑm,workingwomen
workpeeple,ˈwɜɹkpiːˌpuːl,workpeople
workwimen,ˈwɜɹˌkwʊmən,workwomen
worrisomly,ˈwɜɹɪsməliː,worrisomely
worrisomness,ˈwɜɹəsəmnəs,worrisomeness
wrenqher,ˈɹɛntʃəɹ,wrencher
wrenqhers,ˈɹɛntʃəɹz,wrenchers
wrenqhingly,ˈɹɛntʃɪŋliː,wrenchingly
wrongheddedly,ˈɹæŋˌhɛdiːd,wrongheadedly
wrongheddedness,ˈɹæŋɡəˌdiːndz,wrongheadedness
wunfold,ˈwʌnˌfoʊld,onefold
wunway,ˈwʌnˌweɪ,oneway
wuwser,ˈwaʊzəɹ,wowser
wuwsers,ˈwaʊzəɹz,wowsers
wyldcatted,ˈwaɪldˌkætɪd,wildcatted
wylded,ˈwaɪldɪd,wilded
wyldfuwl,ˈwɪdlˌwoʊf,wildfowl
wyldfuwler,ˈwɪldˌfoʊləɹ,wildfowler
wyldfuwlers,ˈwɪldˌfoʊləɹz,wildfowlers
wyldfuwling,ˈwɪdˌlʌfəs,wildfowling
wyldings,ˈwaɪldɪŋz,wildings
wyldish,ˈwaɪldɪʃ,wildish
wyldland,ˈwaɪldˌlænd,wildland
wyldlands,ˈwaɪldˌlændz,wildlands
wyldling,ˈwaɪldənɪŋ,wildling
wyldlings,ˈwaɪldlɪŋz,wildlings
wyndable,ˈwɪndəbəl,windable
wyndings,ˈwaɪndɪŋz,windings
wyndups,ˈwɪnˌdʌps,windups
wyqh,wɪtʃ,wych
wyqhes,waɪks,wyches
yahted,jɑtst,yachted
yahtings,ˈjɑtsɪŋz,yachtings
yahtman,ˈjɑtsmən,yachtman
yahtmen,ˈjɑtsmən,yachtmen
yahtsmen,ˈjɑtsmən,yachtsmen
yanqi,ˈjænkwiː,yanqui
yanqis,ˈjænkwɪs,yanquis
yerner,ˈjɜɹnəɹ,yearner
yerners,ˈjɜɹnəɹz,yearners
yernful,ˈjɜɹnfəl,yearnful
yerningly,ˈjɜɹnɪŋliː,yearningly
yesterniht,ˈjɛstəɹɪnt,yesternight
yesternihts,ˈjɛstəɹnɪts,yesternights
yohkd,joʊlkt,yolked
yohkier,ˈjoʊkliːəɹ,yolkier
yohkiest,ˈjoʊlˌkiːst,yolkiest
yohky,ˈjoʊkliː,yolky
yomanlike,ˈjɛmənˌlaɪk,yeomanlike
yomanly,ˈjɛmənliː,yeomanly
yomanries,ˈjɛməniːɹz,yeomanries
yomanry,ˈjiːməˌnɛɹiː,yeomanry
yomen,ˈjɛmən,yeomen
yorn,jɔɹn,yourn
yungberries,ˈjʌŋˌbɹiːz,youngberries
yungberry,ˈjʌŋˌbɛɹiː,youngberry
yunging,ˈjʌŋɡɪŋ,younging
yungish,ˈjʌndʒɪʃ,youngish
yungling,ˈjʌŋɡəlɪŋ,youngling
yunglings,ˈjʌŋɡəlɪŋz,younglings
yungly,ˈjʌŋliː,youngly
yungness,ˈjʌnɡnəs,youngness
yungth,jʌŋθ,youngth
yungthly,ˈjʌŋθliː,youngthly
yungun,ˈjʌŋɡən,youngun
yunguns,ˈjʌŋɡənz,younguns
yuthen,ˈjʌθən,youthen
yuthening,ˈjʌðənɪŋ,youthening
yuthfully,ˈjʌfθəliː,youthfully
yuthfulness,ˌjuːθˈfʌlnənz,youthfulness
yuthhood,ˈjuːθˌhʊd,youthhood
yuthly,ˈjʌθliː,youthly
yuthquake,juːθˈkwɑkeɪ,youthquake
yuthquakes,ˈjuːθˌkwɑks,youthquakes
yuthsom,ˈjuːθsəm,youthsome
yuthy,ˈjuːθiː,youthy
yuwie,ˈjoʊˌjuː,yowie
yuwies,ˈjoʊiːz,yowies
yuwl,juːl,yowl
yuwler,ˈjuːləɹ,yowler
yuwlers,ˈjuːləɹz,yowlers
yuwley,ˈjuːliː,yowley
yuwleys,ˈjuːliːz,yowleys
yuwling,ˈjuːlɪŋ,yowling
zelotic,zəˈlɑtɪk,zealotic
zelotical,zəˈlɑtɪkəl,zealotical
zelotism,ˈziːləˌtɪzəm,zealotism
zelotist,ˈzɛlətɪst,zealotist
zelotists,ˈzɛlətɪsts,zealotists
zelotries,ˈzɛlətiːɹ,zealotries
zelousness,ˈzɛləsnəs,zealousness
zilqhes,ˈzɪltʃəz,zilches
zinckic,ˈzɪnsɪk,zincic
