# GENERATED by build/derive-ipa.py --enc 101 --syllables 0 (CMUdict, General American).
# grapheme = euspelling; ipa = headword pronunciation; gloss = headword.
grapheme,ipa,gloss
abortiv,əˈbɔɹtɪv,abortive
abov,əˈbʌv,above
abovboard,əˈbʌvˌbɔɹd,aboveboard
abrasiv,əˈbɹeɪsɪv,abrasive
abrasivs,əˈbɹeɪsɪvz,abrasives
abrest,əˈbɹɛst,abreast
abridgment,əˈbɹɪdʒmənt,abridgement
abrodd,əˈbɹɔd,abroad
absinth,ˈæbsɪnθ,absinthe
absolv,əbˈzɑlv,absolve
absolvd,əbˈzɑlvd,absolved
abusiv,əˈbjuːsɪv,abusive
abuzed,əˈbjuːzd,abused
abuzer,əˈbjuːzɚ,abuser
abuzers,əˈbjuːzɚz,abusers
abuzing,əˈbjuːzɪŋ,abusing
accommodativ,əˈkɑməˌdeɪtɪv,accommodative
accooterment,əˈkuːtɚmənt,accoutrement
accooterments,əˈkuːtɚmənts,accoutrements
accumulativ,əˈkjuːmjəˌleɪtɪv,accumulative
accumulativly,əˈkjuːmjəˌleɪtɪvliː,accumulatively
accurat,ˈækjɚət,accurate
accuratly,ˈækjɚətliː,accurately
accusativ,əˈkjuːzətɪv,accusative
acknoledge,ækˈnɑlɪdʒ,acknowledge
acknoledged,ækˈnɑlɪdʒd,acknowledged
acknoledging,ækˈnɑlɪdʒɪŋ,acknowledging
acknoledgment,ækˈnɑlɪdʒmənt,acknowledgment
acknoledgments,ækˈnɑlɪdʒmənts,acknowledgements
acoostic,əˈkuːstɪk,acoustic
acoostical,əˈkuːstɪkəl,acoustical
acoostically,əˈkuːstɪkliː,acoustically
acoostics,əˈkuːstɪks,acoustics
acquisitiv,əˈkwɪzətɪv,acquisitive
activ,ˈæktɪv,active
activly,ˈæktɪvliː,actively
adaptiv,əˈdæptɪv,adaptive
addictiv,əˈdɪktɪv,addictive
additiv,ˈædətɪv,additive
additivs,ˈædətɪvz,additives
adequat,ˈædəkwət,adequate
adequatly,ˈædəkwətliː,adequately
adhesiv,ædˈhiːsɪv,adhesive
adhesivs,ædˈhiːsɪvz,adhesives
adjectiv,ˈædʒɪktɪv,adjective
adjectivs,ˈædʒɪktɪvz,adjectives
adjurn,əˈdʒɝn,adjourn
adjurning,əˈdʒɝnɪŋ,adjourning
adjurnment,əˈdʒɝnmənt,adjournment
administrativ,ədˈmɪnəˌstɹeɪtɪv,administrative
administrativly,ædˌmɪnəˈstɹeɪtɪvliː,administratively
adoptiv,əˈdɑptɪv,adoptive
adu,əˈduː,ado
adventuresom,ædˈvɛntʃɚsəm,adventuresome
affectionat,əˈfɛkʃənət,affectionate
affectionatly,əˈfɛkʃənətliː,affectionately
affectiv,əˈfɛktɪv,affective
affectivly,əˈfɛktɪvliː,affectively
affirmativ,əˈfɝmətɪv,affirmative
affirmativly,əˈfɝmətɪvliː,affirmatively
affricat,ˈæfɹəkət,affricate
affricats,ˈæfɹəkəts,affricates
aforethoht,əˈfɔɹˌθɑt,aforethought
afterthoht,ˈæftɚˌθɑt,afterthought
afterthohts,ˈæftɚˌθɑts,afterthoughts
aggressiv,əˈɡɹɛsɪv,aggressive
aggressivly,əˈɡɹɛsɪvliː,aggressively
aggressivness,əˈɡɹɛsɪvnəs,aggressiveness
aggriev,əˈɡɹiːv,aggrieve
agribisness,ˈæɡɹəˌbɪznəs,agribusiness
ahedd,əˈhɛd,ahead
airfreiht,ˈɛɹˌfɹeɪt,airfreight
airhedd,ˈɛɹˌhɛd,airhead
airpuwer,ˈɛɹˌpaʊɚ,airpower
airtiht,ˈɛɹˌtaɪt,airtight
aliht,əˈlaɪt,alight
allbeit,ɔlˈbiːɪt,albeit
alliterativ,əˈlɪtɚətɪv,alliterative
allmihty,ɔlˈmaɪtiː,almighty
allmoste,ˈɔlˌmoʊst,almost
allreddy,ɔlˈɹɛdiː,already
allriht,ɑlˈɹaɪt,allright
allthoh,ˌɔlˈðoʊ,although
alltugether,ˌɔltəˈɡɛðɚ,altogether
allusiv,əˈluːsɪv,allusive
alluw,əˈlaʊ,allow
alluwable,əˈlaʊəbəl,allowable
alluwance,əˈlaʊəns,allowance
alluwances,əˈlaʊənsɪz,allowances
alluwing,əˈlaʊɪŋ,allowing
allways,ˈɔlˌweɪz,always
alternativ,ɔlˈtɝnətɪv,alternative
alternativly,ɔlˈtɝnətɪvliː,alternatively
alternativs,ɔlˈtɝnətɪvz,alternatives
alternatly,ˈɔltɚnətliː,alternately
amadu,ˈæməˌduː,amadou
ancor,ˈæŋkɚ,anchor
ancorage,ˈæŋkɚədʒ,anchorage
ancoring,ˈæŋkɚɪŋ,anchoring
ancorman,ˈæŋkɚˌmæn,anchorman
ancormen,ˈæŋkɚˌmɛn,anchormen
anqhovies,ænˈtʃoʊviːz,anchovies
anqhovy,ænˈtʃoʊviː,anchovy
anser,ˈænsɚ,answer
anserable,ˈænsɚəbəl,answerable
ansering,ˈænsɚɪŋ,answering
anticompetitiv,ˌæntɪkəmˈpɛtɪtɪv,anticompetitive
antiqe,ænˈtiːk,antique
antiqes,ænˈtiːks,antiques
anyhuw,ˈɛniːˌhaʊ,anyhow
anywun,ˈɛniːˌwʌn,anyone
apparatqhik,ˌæpɚˈætʃɪk,apparatchik
apparatqhiks,ˌæpɚˈætʃɪks,apparatchiks
appellat,əˈpɛlɪt,appellate
appointiv,əˈpɔɪntɪv,appointive
appreciativ,əˈpɹiːʃiːˌeɪtɪv,appreciative
appreciativly,əˈpɹiːʃiːˌeɪtɪvliː,appreciatively
apprehensiv,ˌæpɹɪˈhɛnsɪv,apprehensive
approaqh,əˈpɹoʊtʃ,approach
approaqhable,əˈpɹoʊtʃəbəl,approachable
approaqhing,əˈpɹoʊtʃɪŋ,approaching
approov,əˈpɹuːv,approve
approovable,əˈpɹuːvəbəl,approvable
approoval,əˈpɹuːvəl,approval
approovals,əˈpɹuːvəlz,approvals
approoving,əˈpɹuːvɪŋ,approving
approovingly,əˈpɹuːvɪŋliː,approvingly
appropriatly,əˈpɹoʊpɹiːɪtliː,appropriately
appropriatness,əˈpɹoʊpɹiːətnəs,appropriateness
approximatly,əˈpɹɑksəmətliː,approximately
aqhiev,əˈtʃiːv,achieve
aqhievable,əˈtʃiːvəbəl,achievable
aqhiever,əˈtʃiːvɚ,achiever
aqhievers,əˈtʃiːvɚz,achievers
aqhieving,əˈtʃiːvɪŋ,achieving
aqhievment,əˈtʃiːvmənt,achievement
aqhievments,əˈtʃiːvmənts,achievements
argumentativ,ˌɑɹɡjəˈmɛntətɪv,argumentative
armqhair,ˈɑɹmˌtʃɛɹ,armchair
armqhairs,ˈɑɹmˌtʃɛɹz,armchairs
arqhbishop,ˈɑɹtʃˌbɪʃəp,archbishop
arqhdiocese,ˈɑɹtʃˌdaɪəsəs,archdiocese
arqhduke,ˈɑɹtʃˌduːk,archduke
arqhenemy,ˈɑɹˌtʃɛnəmiː,archenemy
arqher,ˈɑɹtʃɚ,archer
arqhery,ˈɑɹtʃɚiː,archery
arqhing,ˈɑɹtʃɪŋ,arching
arqhly,ˈɑɹtʃliː,archly
arqhrival,ˈɑɹtʃˌɹaɪvəl,archrival
arqhrivals,ˈɑɹtʃˌɹaɪvəlz,archrivals
arqhway,ˈɑɹtʃˌweɪ,archway
arrowhedd,ˈæɹoʊˌhɛd,arrowhead
arrowhedds,ˈæɹoʊˌhɛdz,arrowheads
artiqhoke,ˈɑɹtəˌtʃoʊk,artichoke
artiqhokes,ˈɑɹtɪˌtʃoʊks,artichokes
assaultiv,əˈsɔltɪv,assaultive
assertiv,əˈsɝtɪv,assertive
assertivly,əˈsɝtɪvliː,assertively
assertivness,əˈsɝtɪvnəs,assertiveness
attaqh,əˈtætʃ,attach
attaqhing,əˈtætʃɪŋ,attaching
attaqhment,əˈtætʃmənt,attachment
attaqhments,əˈtætʃmənts,attachments
attentiv,əˈtɛntɪv,attentive
attentivly,əˈtɛntɪvliː,attentively
attentivness,əˈtɛntɪvnəs,attentiveness
attractiv,əˈtɹæktɪv,attractive
attractivly,əˈtɹæktɪvliː,attractively
attractivness,əˈtɹæktɪvnəs,attractiveness
authoritativ,əˈθɔɹəˌteɪtɪv,authoritative
authoritativly,əˌθɔɹəˈteɪtɪvliː,authoritatively
automotiv,ˌɔtəˈmoʊtɪv,automotive
aversiv,əˈvɝsəv,aversive
avuw,əˈvaʊ,avow
avuwedly,əˈvaʊədliː,avowedly
awsom,ˈɑsəm,awesome
awsomly,ˈɑsəmliː,awesomely
awstruck,ˈɑˌstɹʌk,awestruck
baccalaureat,ˌbækəˈlɔɹiːət,baccalaureate
backdorr,ˈbækˌdɔɹ,backdoor
backliht,ˈbæˌklaɪt,backlight
baerable,ˈbɛɹəbəl,bearable
baerably,ˈbɛɹəbliː,bearably
baerer,ˈbɛɹɚ,bearer
baerers,ˈbɛɹɚz,bearers
baering,ˈbɛɹɪŋ,bearing
baerings,ˈbɛɹɪŋz,bearings
bahking,ˈbɔkɪŋ,balking
bahky,ˈbɔkiː,balky
bahmy,ˈbɑmiː,balmy
bairish,ˈbɛɹɪʃ,bearish
bairishly,ˈbɛɹɪʃliː,bearishly
bairishness,ˈbɛɹɪʃnəs,bearishness
baluqhi,bəˈluːtʃiː,baluchi
baqhelor,ˈbætʃəlɚ,bachelor
baqhelors,ˈbætʃlɚz,bachelors
bargan,ˈbɑɹɡən,bargain
barganer,ˈbɑɹɡɪnɚ,bargainer
barganers,ˈbɑɹɡɪnɚz,bargainers
barganing,ˈbɑɹɡɪnɪŋ,bargaining
baroqe,bɚˈoʊk,baroque
beaqhball,ˈbiːtʃˌbɑl,beachball
beaqhballs,ˈbiːtʃˌbɑlz,beachballs
beaqhcohmer,ˈbiːtʃˌkoʊmɚ,beachcomber
beaqhcohmers,ˈbiːtʃˌkoʊmɚz,beachcombers
beaqhfront,ˈbiːtʃfɹɑnt,beachfront
beaqhfronts,ˈbiːtʃfɹɑnts,beachfronts
beaqhhedd,ˈbiːtʃˌhɛd,beachhead
beaqhhedds,ˈbiːtʃˌhɛdz,beachheads
beaqhing,ˈbiːtʃɪŋ,beaching
beaqhy,ˈbiːtʃiː,beachy
becahm,bɪˈkɑm,becalm
becom,bɪˈkʌm,become
bedqhamber,ˈbɛdˌtʃeɪmbɚ,bedchamber
bedspredd,ˈbɛdˌspɹɛd,bedspread
beduin,ˈbɛdoʊən,bedouin
beduins,ˈbɛdoʊənz,bedouins
beefstaek,ˈbiːfˌsteɪk,beefsteak
beeqhwood,ˈbiːtʃˌwʊd,beechwood
beeqhy,ˈbiːtʃiː,beechy
befrend,bɪˈfɹɛnd,befriend
befrended,bɪˈfɹɛndɪd,befriended
befrending,bɪˈfɹɛndɪŋ,befriending
beghile,bɪˈɡaɪl,beguile
beghiled,bɪˈɡaɪld,beguiled
beghiling,bɪˈɡaɪlɪŋ,beguiling
behaff,bɪˈhæf,behalf
behedd,bɪˈhɛd,behead
behedded,bɪˈhɛdɪd,beheaded
behedding,bɪˈhɛdɪŋ,beheading
beheddings,bɪˈhɛdɪŋz,beheadings
behoov,bɪˈhuːv,behoove
behynd,bɪˈhaɪnd,behind
behynds,bɪˈhaɪndz,behinds
beleagher,bɪˈliːɡɚ,beleaguer
beleaghering,bɪˈliːɡɚɪŋ,beleaguering
believ,bɪˈliːv,believe
bellfluwer,ˈbɛlˌflaʊɚ,bellflower
bellfluwers,ˈbɛlˌflaʊɚz,bellflowers
belqher,ˈbɛltʃɚ,belcher
belqhing,ˈbɛltʃɪŋ,belching
beniht,biːˈnaɪt,benight
benihted,bɪˈnaɪtɪd,benighted
benihting,biːˈnaɪtɪŋ,benighting
benqher,ˈbɛntʃɚ,bencher
benqhers,ˈbɛntʃɚz,benchers
benqhmark,ˈbɛntʃˌmɑɹk,benchmark
bequeathe,bɪˈkwiːθ,bequeath
bereav,bɚˈiːv,bereave
bereavment,bɚˈiːvmənt,bereavement
beseeqh,biːˈsiːtʃ,beseech
beseeqhing,biːˈsiːtʃɪŋ,beseeching
beutician,ˈbjuːˌtɪʃən,beautician
beuties,ˈbjuːtiːz,beauties
beutiful,ˈbjuːtəfəl,beautiful
beutifully,ˈbjuːtəfliː,beautifully
beutify,ˈbjuːtɪˌfaɪ,beautify
beuty,ˈbjuːtiː,beauty
bigiyes,ˈbɪˌɡaɪz,bigeyes
bildable,ˈbɪldəbəl,buildable
bilder,ˈbɪldɚ,builder
bilders,ˈbɪldɚz,builders
bilding,ˈbɪldɪŋ,building
bildings,ˈbɪldɪŋz,buildings
bildup,ˈbɪlˌdʌp,buildup
bildups,ˈbɪlˌdʌps,buildups
birqher,ˈbɝtʃɚ,bircher
birthriht,ˈbɝˌθɹaɪt,birthright
birthrihts,ˈbɝˌθɹaɪts,birthrights
bisied,ˈbɪziːd,busied
bisier,ˈbɪziːɚ,busier
bisiest,ˈbɪziːəst,busiest
bisily,ˈbɪzəliː,busily
bisness,ˈbɪznəs,business
bisnesslike,ˈbɪznɪˌslaɪk,businesslike
bisnessman,ˈbɪznəˌsmæn,businessman
bisnessmen,ˈbɪznɪˌsmɛn,businessmen
bisnesspeeple,ˈbɪznəˌspiːpəl,businesspeople
bisnessperson,ˈbɪznəˌspɝsən,businessperson
bisnesswimen,ˈbɪznəˌswoʊmən,businesswomen
bisnesswoman,ˈbɪznɪˌswʊmən,businesswoman
bisy,ˈbɪziː,busy
bivalv,ˈbaɪˌvælv,bivalve
bivalvs,ˈbaɪˌvælvz,bivalves
bivuac,ˈbɪvwæk,bivouac
bleaqher,ˈbliːtʃɚ,bleacher
bleaqhers,ˈbliːtʃɚz,bleachers
bleaqhing,ˈbliːtʃɪŋ,bleaching
blihted,ˈblaɪtɪd,blighted
blockhedd,ˈblɑkˌhɛd,blockhead
blockhedds,ˈblɑkˌhɛdz,blockheads
blowtorqh,ˈbloʊˌtɔɹtʃ,blowtorch
blowtorqhes,ˈbloʊˌtɔɹtʃəz,blowtorches
bluddbath,ˈblʌdˌbæθ,bloodbath
bludded,ˈblʌdɪd,blooded
bluddhound,ˈblʌdhaʊnd,bloodhound
bluddhounds,ˈblʌdhaʊndz,bloodhounds
bluddied,ˈblʌdiːd,bloodied
bluddier,ˈblʌdiːɚ,bloodier
bluddiest,ˈblʌdiːəst,bloodiest
bluddless,ˈblʌdləs,bloodless
bluddletting,ˈblʌdˌlɛtɪŋ,bloodletting
bluddline,ˈblʌdˌlaɪn,bloodline
bluddlines,ˈblʌdˌlaɪnz,bloodlines
bluddshed,ˈblʌdˌʃɛd,bloodshed
bluddstain,ˈblʌdˌsteɪn,bloodstain
bluddstains,ˈblʌdˌsteɪnz,bloodstains
bluddstone,ˈblʌdˌstoʊn,bloodstone
bluddstream,ˈblʌdˌstɹiːm,bloodstream
bluddsucker,ˈblʌdˌsʌkɚ,bloodsucker
bluddsuckers,ˈblʌdˌsʌkɚz,bloodsuckers
bluddsucking,ˈblʌdˌsʌkɪŋ,bloodsucking
bluddthirsty,ˈblʌdˌθɝstiː,bloodthirsty
bluddy,ˈblʌdiː,bloody
bluing,ˈbluːɪŋ,blueing
bluish,ˈbluːɪʃ,blueish
blujjen,ˈblʌdʒən,bludgeon
blujjening,ˈblʌdʒənɪŋ,bludgeoning
blynded,ˈblaɪndɪd,blinded
blynder,ˈblaɪndɚ,blinder
blynders,ˈblaɪndɚz,blinders
blyndfold,ˈblaɪndˌfoʊld,blindfold
blyndfolded,ˈblaɪndˌfoʊldɪd,blindfolded
blynding,ˈblaɪndɪŋ,blinding
blyndly,ˈblaɪndliː,blindly
blyndness,ˈblaɪndnəs,blindness
blyndside,ˈblaɪndˌsaɪd,blindside
blyndsided,ˈblaɪndˌsaɪdɪd,blindsided
boardwahk,ˈbɔɹˌdwɔk,boardwalk
boardwahks,ˈbɔɹˌdwɔks,boardwalks
boatsan,ˈboʊtsweɪn,boatswain
bodygard,ˈbɑdiːˌɡɑɹd,bodyguard
bodygards,ˈbɑdiːˌɡɑɹdz,bodyguards
bohten,ˈbɔtən,boughten
bookbynder,ˈbʊkˌbaɪndɚ,bookbinder
bookbynders,ˈbʊkˌbaɪndɚz,bookbinders
bookshelvs,ˈbʊkˌʃɛlvz,bookshelves
boomtuwn,ˈbuːmˌtaʊn,boomtown
bootiqe,buːˈtiːk,boutique
bootiqes,buːˈtiːks,boutiques
booy,ˈbuːiː,buoy
booyancy,ˈbɔɪənsiː,buoyancy
booyant,ˈbɔɪənt,buoyant
booying,ˈbɔɪɪŋ,buoying
bothersom,ˈbɑðɚsəm,bothersome
boyfrend,ˈbɔɪˌfɹɛnd,boyfriend
boyfrends,ˈbɔɪˌfɹɛndz,boyfriends
braekable,ˈbɹeɪkəbəl,breakable
braekage,ˈbɹeɪkɪdʒ,breakage
braekaway,ˈbɹeɪkəˌweɪ,breakaway
braekduwn,ˈbɹeɪkˌdaʊn,breakdown
braekduwns,ˈbɹeɪkˌdaʊnz,breakdowns
braeker,ˈbɹeɪkɚ,breaker
braekers,ˈbɹeɪkɚz,breakers
braekeven,ˈbɹeɪˌkiːvən,breakeven
braekfast,ˈbɹɛkfəst,breakfast
braeking,ˈbɹeɪkɪŋ,breaking
braekneck,ˈbɹeɪkˌnɛk,breakneck
braekout,ˈbɹeɪˌkaʊt,breakout
braekouts,ˈbɹeɪˌkaʊts,breakouts
braekthruh,ˈbɹeɪkˌθɹuː,breakthrough
braekthruhs,ˈbɹeɪkˌθɹuːz,breakthroughs
braekup,ˈbɹeɪˌkʌp,breakup
braekups,ˈbɹeɪkəps,breakups
braekwater,ˈbɹeɪˌkwɔtɚ,breakwater
brainpuwer,ˈbɹeɪnˌpaʊɚ,brainpower
brainqhyld,ˈbɹeɪnˌtʃaɪld,brainchild
branqhing,ˈbɹæntʃɪŋ,branching
branqhlet,ˈbɹæntʃlət,branchlet
branqhlets,ˈbɹæntʃləts,branchlets
breaqhing,ˈbɹiːtʃɪŋ,breaching
breddbasket,ˈbɹɛdˌbæskət,breadbasket
breddbox,ˈbɹɛdˌbɑks,breadbox
bredded,ˈbɹɛdɪd,breaded
breddfruht,ˈbɹɛdˌfɹuːt,breadfruit
bredding,ˈbɹɛdɪŋ,breading
breddwinner,ˈbɹɛˌdwɪnɚ,breadwinner
breddwinners,ˈbɹɛˌdwɪnɚz,breadwinners
breddy,ˈbɹɛdiː,bready
breeqhing,ˈbɹiːtʃɪŋ,breeching
brested,ˈbɹɛstəd,breasted
brestfed,ˈbɹɛstˌfɛd,breastfed
brestfeed,ˈbɹɛstfiːd,breastfeed
brestfeeding,ˈbɹɛstfiːdɪŋ,breastfeeding
bresting,ˈbɹɛstɪŋ,breasting
brestplate,ˈbɹɛstˌpleɪt,breastplate
brethless,ˈbɹɛθləs,breathless
brethlessly,ˈbɹɛθləsliː,breathlessly
brethtaking,ˈbɹɛθˌteɪkɪŋ,breathtaking
brethtakingly,ˈbɹɛθˌteɪkɪŋliː,breathtakingly
brethy,ˈbɹɛθiː,breathy
bridgehedd,ˈbɹɪdʒˌhɛd,bridgehead
brihten,ˈbɹaɪtən,brighten
brihtening,ˈbɹaɪtənɪŋ,brightening
brihter,ˈbɹaɪtɚ,brighter
brihtest,ˈbɹaɪtəst,brightest
brihtly,ˈbɹaɪtliː,brightly
brihtness,ˈbɹaɪtnəs,brightness
broaqhing,ˈbɹoʊtʃɪŋ,broaching
broddband,ˈbɹɔdˌbænd,broadband
broddcast,ˈbɹɔdˌkæst,broadcast
broddcaster,ˈbɹɔdˌkæstɚ,broadcaster
broddcasters,ˈbɹɔdˌkæstɚz,broadcasters
broddcasting,ˈbɹɔdˌkæstɪŋ,broadcasting
brodden,ˈbɹɔdən,broaden
broddening,ˈbɹɔdənɪŋ,broadening
brodder,ˈbɹɔdɚ,broader
broddest,ˈbɹɔdɪst,broadest
broddly,ˈbɹɔdliː,broadly
broddside,ˈbɹɔdˌsaɪd,broadside
broddsided,ˈbɹɔdˌsaɪdɪd,broadsided
broddsord,ˈbɹɔdˌsɔɹd,broadsword
broddway,ˈbɹɔˌdweɪ,broadway
bruhaha,ˈbɹuːhɑhɑ,brouhaha
bruham,ˈbɹuːɡəm,brougham
brusing,ˈbɹuːzɪŋ,bruising
bruwbeat,ˈbɹaʊˌbiːt,browbeat
bruwner,ˈbɹaʊnɚ,browner
bruwnest,ˈbɹaʊnɪst,brownest
bruwnfield,ˈbɹaʊnˌfiːld,brownfield
bruwnfields,ˈbɹaʊnˌfiːldz,brownfields
bruwnie,ˈbɹaʊniː,brownie
bruwnies,ˈbɹaʊniːz,brownies
bruwning,ˈbɹaʊnɪŋ,browning
bruwnish,ˈbɹaʊnɪʃ,brownish
bruwnout,ˈbɹaʊˌnaʊt,brownout
bruwnouts,ˈbɹaʊˌnaʊts,brownouts
bruwnstone,ˈbɹaʊnˌstoʊn,brownstone
bruwser,ˈbɹaʊzɚ,browser
bruwsers,ˈbɹaʊzɚz,browsers
bruwsing,ˈbɹaʊzɪŋ,browsing
buckiye,ˈbʌˌkaɪ,buckeye
buckiyes,ˈbʌˌkaɪz,buckeyes
bugiye,ˈbʌˌɡaɪ,bugeye
bugiyed,ˈbʌˌɡaɪd,bugeyed
bulevard,ˈbʊləˌvɑɹd,boulevard
bulevards,ˈbʊləˌvɑɹdz,boulevards
bulkhedd,ˈbʌlkˌhɛd,bulkhead
bulkhedds,ˈbʌlkˌhɛdz,bulkheads
bullfiht,ˈbʊlˌfaɪt,bullfight
bullfihter,ˈbʊlˌfaɪtɚ,bullfighter
bullfihting,ˈbʊlˌfaɪtɪŋ,bullfighting
bullfihts,ˈbʊlˌfaɪtz,bullfights
bullhedd,ˈbʊlˌhɛd,bullhead
bullhedds,ˈbʊlˌhɛdz,bullheads
bunqhing,ˈbʌntʃɪŋ,bunching
bunqhy,ˈbʌntʃiː,bunchy
burdensom,ˈbɝdənsəm,burdensome
burjen,ˈbɝdʒən,burgeon
burjening,ˈbɝdʒənɪŋ,burgeoning
burlesq,bɚˈlɛsk,burlesque
burrial,ˈbɛɹiːəl,burial
burrials,ˈbɛɹiːəlz,burials
burry,ˈbɛɹiː,bury
burrying,ˈbɛɹiːɪŋ,burying
buwel,ˈbaʊəl,bowel
buwer,ˈbaʊɚ,bower
buwery,ˈbaʊɚiː,bowery
buwsing,ˈbaʊzɪŋ,bowsing
bygon,ˈbaɪˌɡɔn,bygone
bygons,ˈbaɪˌɡɔnz,bygones
bynder,ˈbaɪndɚ,binder
bynders,ˈbaɪndɚz,binders
bynding,ˈbaɪndɪŋ,binding
caciqe,kəˈsiːk,cacique
cahmer,ˈkɑmɚ,calmer
cahmest,ˈkɑməst,calmest
cahming,ˈkɑmɪŋ,calming
cahmly,ˈkɑmliː,calmly
cahmness,ˈkɑmnəs,calmness
candleliht,ˈkændəlˌlaɪt,candlelight
canue,kəˈnuː,canoe
canued,kəˈnuːd,canoed
canuing,kəˈnuːɪŋ,canoeing
canuist,kəˈnuːəst,canoeist
captiv,ˈkæptɪv,captive
captivs,ˈkæptɪvz,captives
caribu,ˈkɛɹɪˌbuː,caribou
caroqhe,kɚˈoʊtʃ,caroche
cartwriht,ˈkɑɹˌtɹaɪt,cartwright
catacohm,ˈkætəˌkoʊm,catacomb
catacohms,ˈkætəˌkoʊmz,catacombs
catwahk,ˈkæˌtwɑk,catwalk
cauhking,ˈkɔkɪŋ,caulking
causativ,ˈkɑzətɪv,causative
cavving,ˈkævɪŋ,calving
ceeling,ˈsiːlɪŋ,ceiling
ceelings,ˈsiːlɪŋz,ceilings
celacanth,ˈsiːləˌkænθ,coelacanth
celibat,ˈsɛlɪbət,celibate
certan,ˈsɝtən,certain
certanly,ˈsɝtənliː,certainly
certanties,ˈsɝtəntiːz,certainties
certanty,ˈsɝtəntiː,certainty
choire,ˈkwaɪɚ,choir
ciliats,ˈsɪliːəts,ciliates
clampduwn,ˈklæmpˌdaʊn,clampdown
clandestin,klænˈdɛstɪn,clandestine
clandestinly,klænˈdɛstənliː,clandestinely
clenliness,ˈklɛnliːnɪs,cleanliness
clenqher,ˈklɛntʃɚ,clencher
clenser,ˈklɛnzɚ,cleanser
clensers,ˈklɛnzɚz,cleansers
clensing,ˈklɛnzɪŋ,cleansing
climat,ˈklaɪmət,climate
climats,ˈklaɪməts,climates
clinqher,ˈklɪntʃɚ,clincher
clinqhing,ˈklɪntʃɪŋ,clinching
clozeduwn,ˈkloʊzˌdaʊn,closedown
clozeduwns,ˈkloʊzˌdaʊnz,closedowns
clozing,ˈkloʊzɪŋ,closing
clozings,ˈkloʊzɪŋz,closings
cluwning,ˈklaʊnɪŋ,clowning
clymer,ˈklaɪmɚ,climber
clymers,ˈklaɪmɚz,climbers
clyming,ˈklaɪmɪŋ,climbing
coaqhing,ˈkoʊtʃɪŋ,coaching
coaqhman,ˈkoʊtʃmən,coachman
cockiyed,ˈkɑˌkaɪd,cockeyed
cockroaqh,ˈkɑˌkɹoʊtʃ,cockroach
cockroaqhes,ˈkɑˌkɹoʊtʃɪz,cockroaches
codebraeker,ˈkoʊdˌbɹeɪkɚ,codebreaker
codebraekers,ˈkoʊdˌbɹeɪkɚz,codebreakers
coerciv,koʊˈɝsɪv,coercive
coffing,ˈkɑfɪŋ,coughing
cognitiv,ˈkɑɡnɪtɪv,cognitive
cohesiv,koʊˈhiːsɪv,cohesive
cohesivly,koʊˈhiːsɪvliː,cohesively
cohesivness,koʊˈhiːsɪvnəs,cohesiveness
cohmer,ˈkoʊmɚ,comber
cohming,ˈkoʊmɪŋ,combing
cohoste,ˈkoʊˌhoʊst,cohost
collaborativ,kəˈlæbɚˌeɪtɪv,collaborative
colleag,ˈkɑliːɡ,colleague
colleags,ˈkɑliːɡz,colleagues
collectiv,kəˈlɛktɪv,collective
collectivly,kəˈlɛktɪvliː,collectively
collectivs,kəˈlɛktɪvz,collectives
collegiat,kəˈliːdʒɪt,collegiate
collusiv,kəˈluːsɪv,collusive
colorblynd,ˈkʌlɚˌblaɪnd,colorblind
colords,ˈkɑlɚədz,coloreds
comback,ˈkʌmˌbæk,comeback
combacks,ˈkʌmˌbæks,comebacks
combativ,kəmˈbætɪv,combative
combativness,kəmˈbætɪvnəs,combativeness
comduwn,ˈkʌmˌdaʊn,comedown
comly,ˈkʌmliː,comely
commemorativ,kəˈmɛmɹətɪv,commemorative
commensurat,kəˈmɛnsɚət,commensurate
commensuratly,kəˈmɛnsɚətliː,commensurately
commonwelth,ˈkɑmənˌwɛlθ,commonwealth
communicativ,kəˈmjuːnəkətɪv,communicative
communiqeh,kəˈmjuːnəˌkeɪ,communique
communiqehs,kəˌmjuːnɪˈkeɪz,communiques
comparativ,kəmˈpɛɹətɪv,comparative
comparativly,kəmˈpɛɹətɪvliː,comparatively
compassionat,kəmˈpæʃənət,compassionate
compassionatly,kəmˈpæʃənətliː,compassionately
competitiv,kəmˈpɛtətɪv,competitive
competitivly,kəmˈpɛtɪtɪvliː,competitively
competitivness,kəmˈpɛtɪtɪvnɪs,competitiveness
composit,kəmˈpɑzət,composite
composte,ˈkɑmpoʊst,compost
comprehensiv,ˌkɑmpɹiːˈhɛnsɪv,comprehensive
comprehensivly,ˌkɑmpɹɪˈhɛnsɪvliː,comprehensively
compulsiv,kəmˈpʌlsɪv,compulsive
compulsivly,kəmˈpʌlsɪvliː,compulsively
comrad,ˈkɑmˌɹæd,comrade
comrads,ˈkɑmˌɹædz,comrades
comuppance,ˌkʌˈmʌpəns,comeuppance
conceet,kənˈsiːt,conceit
conceeted,kənˈsiːtəd,conceited
conceev,kənˈsiːv,conceive
conceevable,kənˈsiːvəbəl,conceivable
conceevably,kənˈsiːvəbliː,conceivably
conceeving,kənˈsiːvɪŋ,conceiving
conclusiv,kənˈkluːsɪv,conclusive
conclusivly,kənˈkluːsɪvliː,conclusively
concorse,ˈkɑnˌkɔɹs,concourse
concorses,ˈkɑnˌkɔɹsɪz,concourses
conduciv,kənˈduːsɪv,conducive
conductiv,kənˈdʌktɪv,conductive
conefluwer,ˈkoʊnˌflaʊɚ,coneflower
confuze,kənˈfjuːz,confuse
confuzed,kənˈfjuːzd,confused
confuzing,kənˈfjuːzɪŋ,confusing
confuzingly,kənˈfjuːzɪŋliː,confusingly
congestiv,kənˈdʒɛstɪv,congestive
congresspeeple,ˈkɑŋɡɹəˌspiːpəl,congresspeople
congresswimen,ˈkɑŋɡɹəˌswɪmɪn,congresswomen
conjur,ˈkɑndʒɚ,conjure
connectiv,kəˈnɛktɪv,connective
conqer,ˈkɑŋkɚ,conquer
conqering,ˈkɑŋkɚɪŋ,conquering
conqeror,ˈkɑŋkɚɚ,conqueror
conqerors,ˈkɑŋkɚɚz,conquerors
consecutiv,kənˈsɛkjətɪv,consecutive
consecutivly,kənˈsɛkjətɪvliː,consecutively
conserv,kənˈsɝv,conserve
conservativ,kənˈsɝvətɪv,conservative
conservativly,kənˈsɝvətɪvliː,conservatively
conservativs,kənˈsɝvətɪvz,conservatives
considerat,kənˈsɪdɚət,considerate
constructiv,kənˈstɹʌktɪv,constructive
constructivly,kənˈstɹʌktɪvliː,constructively
consulat,ˈkɑnsələt,consulate
consulats,ˈkɑnsələts,consulates
consultativ,kənˈsʌltətɪv,consultative
contemplativ,kənˈtɛmplətɪv,contemplative
contoor,ˈkɑnˌtʊɹ,contour
contraceptiv,ˌkɑntɹəˈsɛptɪv,contraceptive
contraceptivs,ˌkɑntɹəˈsɛptɪvz,contraceptives
contries,ˈkʌntɹiːz,countries
contry,ˈkʌntɹiː,country
contryman,ˈkʌntɹiːmən,countryman
contrymen,ˈkʌntɹiːmɪn,countrymen
contryside,ˈkʌntɹiːˌsaɪd,countryside
contrywide,ˈkʌntɹiːˌwaɪd,countrywide
convectiv,kənˈvɛktɪv,convective
convulsiv,kənˈvʌlsɪv,convulsive
coogar,ˈkuːɡɚ,cougar
coogars,ˈkuːɡɚz,cougars
cooperativ,koʊˈɑpɚˌeɪtɪv,cooperative
cooperativly,koʊˈɑpɹətɪvliː,cooperatively
cooperativs,koʊˈɑpɹətɪvz,cooperatives
cooqhie,ˈkuːtʃiː,coochie
coorant,ˈkʊɹənt,courant
copperhedd,ˈkɑpɚˌhɛd,copperhead
copperhedds,ˈkɑpɚˌhɛdz,copperheads
copyriht,ˈkɑpiːˌɹaɪt,copyright
copyrihtable,ˈkɑpiːˌɹaɪtəbəl,copyrightable
copyrihted,ˈkɑpiːˌɹaɪtɪd,copyrighted
coqhairman,ˈkoʊˌtʃɛɹmən,cochairman
coqhin,ˈkoʊtʃɪn,cochin
corman,ˈkɔɹmən,corpsman
cornbredd,ˈkɔɹnˌbɹɛd,cornbread
cornfluwer,ˈkɔɹnˌflaʊɚ,cornflower
cornfluwers,ˈkɔɹnˌflaʊɚz,cornflowers
cornstahk,ˈkɔɹnˌstɔk,cornstalk
cornstahks,ˈkɔɹnˌstɔks,cornstalks
cornstarqh,ˈkɔɹnˌstɑɹtʃ,cornstarch
corporat,ˈkɔɹpɚət,corporate
corporats,ˈkɔɹpɚəts,corporates
correctiv,kɚˈɛktɪv,corrective
corroborativ,kɚˈɑbɚəˌtɪv,corroborative
corrosiv,kɚˈoʊsɪv,corrosive
corruptiv,kɚˈʌptɪv,corruptive
corser,ˈkɔɹsɚ,courser
corsing,ˈkɔɹsɪŋ,coursing
corted,ˈkɔɹtɪd,courted
corter,ˈkɔɹtɚ,courter
corthouse,ˈkɔɹtˌhaʊs,courthouse
corthouses,ˈkɔɹtˌhaʊsɪz,courthouses
cortier,ˈkɔɹtiːɚ,courtier
cortiers,ˈkɔɹtiːɚz,courtiers
corting,ˈkɔɹtɪŋ,courting
cortly,ˈkɔɹtliː,courtly
cortroom,ˈkɔɹˌtɹuːm,courtroom
cortrooms,ˈkɔɹˌtɹuːmz,courtrooms
cortship,ˈkɔɹˌtʃɪp,courtship
cortyard,ˈkɔɹˌtjɑɹd,courtyard
cortyards,ˈkɔɹˌtjɑɹdz,courtyards
cosin,ˈkʌzən,cousin
cosins,ˈkʌzənz,cousins
councilwimen,ˈkaʊnsəlˌwɪmən,councilwomen
countduwn,ˈkaʊntˌdaʊn,countdown
countduwns,ˈkaʊntˌdaʊnz,countdowns
counterfet,ˈkaʊntɚˌfɪt,counterfeit
counterfeted,ˈkaʊntɚˌfɪtɪd,counterfeited
counterfeter,ˈkaʊntɚˌfɪtɚ,counterfeiter
counterfeters,ˈkaʊntɚˌfɪtɚz,counterfeiters
counterfeting,ˈkaʊntɚˌfɪtɪŋ,counterfeiting
countermesure,ˈkaʊntɚˌmɛʒɚ,countermeasure
countermesures,ˈkaʊntɚˌmɛʒɚz,countermeasures
countermoov,ˈkaʊntɚˌmuːv,countermove
counteroffensiv,ˌkaʊntɚɔˈfɛnsɪv,counteroffensive
counteroffensivs,ˌkaʊntɚɔˈfɛnsɪvz,counteroffensives
counterproductiv,ˈkaʊntɚpɹəˌdʌktɪv,counterproductive
counterpunqh,ˈkaʊntɚˌpʌntʃ,counterpunch
counterqharge,ˈkaʊntɚˌtʃɑɹdʒ,countercharge
countersuht,ˈkaʊntɚˌsuːt,countersuit
counterweiht,ˈkaʊntɚˌweɪt,counterweight
counterweihts,ˈkaʊntɚˌweɪts,counterweights
couqhing,ˈkaʊtʃɪŋ,couching
crackduwn,ˈkɹækˌdaʊn,crackdown
crackduwns,ˈkɹækˌdaʊnz,crackdowns
craftspeeple,ˈkɹæftˌspiːpəl,craftspeople
creativ,kɹiːˈeɪtɪv,creative
creativly,kɹiːˈeɪtɪvliː,creatively
creativness,kɹiːˈeɪtɪvnəs,creativeness
critiqe,kɹəˈtiːk,critique
critiqed,kɹɪˈtiːkt,critiqued
critiqing,kɹɪˈtiːkɪŋ,critiquing
crosstahk,ˈkɹɔˌstɔk,crosstalk
crosstuwn,ˈkɹɔˌstaʊn,crosstown
crosswahk,ˈkɹɑˌswɑk,crosswalk
crosswahks,ˈkɹɑˌswɑks,crosswalks
crouqhing,ˈkɹaʊtʃɪŋ,crouching
crunqher,ˈkɹʌntʃɚ,cruncher
crunqhers,ˈkɹʌntʃɚz,crunchers
crunqhing,ˈkɹʌntʃɪŋ,crunching
crunqhy,ˈkɹʌntʃiː,crunchy
cruser,ˈkɹuːzɚ,cruiser
crusers,ˈkɹuːzɚz,cruisers
crusing,ˈkɹuːzɪŋ,cruising
cruwded,ˈkɹaʊdəd,crowded
cruwder,ˈkɹaʊdɚ,crowder
cruwding,ˈkɹaʊdɪŋ,crowding
cruwner,ˈkɹaʊnɚ,crowner
cruwning,ˈkɹaʊnɪŋ,crowning
cumbersom,ˈkʌmbɚsəm,cumbersome
cumulativ,ˈkjuːmjələtɪv,cumulative
cumulativly,ˈkjuːmjələtɪvliː,cumulatively
cupple,ˈkʌpəl,couple
cuppled,ˈkʌpəld,coupled
cuppler,ˈkʌplɚ,coupler
cupplers,ˈkʌplɚz,couplers
cuppling,ˈkʌplɪŋ,coupling
cupplings,ˈkʌplɪŋz,couplings
curativ,ˈkjʊɹətɪv,curative
curmujjen,kɚˈmʌdʒɪn,curmudgeon
curmujjens,kɚˈmʌdʒɪnz,curmudgeons
currage,ˈkɝədʒ,courage
currageous,kɚˈeɪdʒəs,courageous
currageously,kɚˈeɪdʒəsliː,courageously
currier,ˈkɝiːɚ,courier
curriers,ˈkɝiːɚz,couriers
curteous,ˈkɝtiːəs,courteous
curtesy,ˈkɝtəsiː,courtesy
cushon,ˈkʊʃən,cushion
cushoning,ˈkʊʃənɪŋ,cushioning
cuward,ˈkaʊɚd,coward
cuwardice,ˈkaʊɚdəs,cowardice
cuwardly,ˈkaʊɚdliː,cowardly
cuwards,ˈkaʊɚdz,cowards
cuwbell,ˈkaʊˌbɛl,cowbell
cuwbells,ˈkaʊˌbɛlz,cowbells
cuwboy,ˈkaʊˌbɔɪ,cowboy
cuwboys,ˈkaʊˌbɔɪz,cowboys
cuwer,ˈkaʊɚ,cower
cuwering,ˈkaʊɚɪŋ,cowering
cuwgirl,ˈkaʊˌɡɝl,cowgirl
cuwgirls,ˈkaʊˌɡɝlz,cowgirls
cuwherd,ˈkaʊˌhɝd,cowherd
cuwing,ˈkaʊɪŋ,cowing
cuwlick,ˈkaʊlɪk,cowlick
cuwlicks,ˈkaʊlɪks,cowlicks
cuwling,ˈkaʊlɪŋ,cowling
cuwlings,ˈkaʊlɪŋz,cowlings
cuwman,ˈkaʊmən,cowman
cuwries,ˈkaʊɹiːz,cowries
cuwslip,ˈkaʊslɪp,cowslip
dabqhick,ˈdæbtʃɪk,dabchick
daqha,ˈdɑtʃə,dacha
daqiri,ˈdækɚiː,daiquiri
darndest,ˈdɑɹndɛst,darnedest
dauhter,ˈdɔtɚ,daughter
dauhters,ˈdɔtɚz,daughters
daybraek,ˈdeɪˌbɹeɪk,daybreak
dayliht,ˈdeɪˌlaɪt,daylight
debauqhery,dəˈbɔtʃɚiː,debauchery
deceet,dəˈsiːt,deceit
deceetful,dəˈsiːtfəl,deceitful
deceets,dəˈsiːts,deceits
deceev,dɪˈsiːv,deceive
deceeving,dɪˈsiːvɪŋ,deceiving
deceptiv,dɪˈsɛptɪv,deceptive
deceptivly,dɪˈsɛptɪvliː,deceptively
decisiv,dɪˈsaɪsɪv,decisive
decisivly,dɪˈsaɪsɪvliː,decisively
decisivness,dɪˈsaɪsɪvnəs,decisiveness
decorativ,ˈdɛkɹətɪv,decorative
decupple,diːˈkʌpəl,decouple
decuppling,diːˈkʌplɪŋ,decoupling
deddbeat,ˈdɛdˌbiːt,deadbeat
deddbeats,ˈdɛdˌbiːts,deadbeats
deddbolt,ˈdɛdˌboʊlt,deadbolt
dedden,ˈdɛdən,deaden
deddening,ˈdɛdənɪŋ,deadening
dedder,ˈdɛdɚ,deader
deddhedd,ˈdɛdˌhɛd,deadhead
deddlier,ˈdɛdliːɚ,deadlier
deddliest,ˈdɛdliːəst,deadliest
deddline,ˈdɛdˌlaɪn,deadline
deddliness,ˈdɛdliːnəs,deadliness
deddlock,ˈdɛdˌlɑk,deadlock
deddly,ˈdɛdliː,deadly
deddpan,ˈdɛdˌpæn,deadpan
deddweiht,ˈdɛˌdweɪt,deadweight
deddwood,ˈdɛˌdwʊd,deadwood
deductiv,dɪˈdʌktəv,deductive
deductivly,dɪˈdʌktəvliː,deductively
defectiv,dɪˈfɛktɪv,defective
defensiv,dɪˈfɛnsɪv,defensive
defensivly,dɪˈfɛnsɪvliː,defensively
defensivness,dɪˈfɛnsɪvnəs,defensiveness
deffen,ˈdɛfən,deafen
deffening,ˈdɛfənɪŋ,deafening
deffness,ˈdɛfnəs,deafness
definit,ˈdɛfənət,definite
definitiv,dɪˈfɪnɪtɪv,definitive
definitivly,dɪˈfɪnɪtɪvliː,definitively
definitly,ˈdɛfənətliː,definitely
degenerativ,dɪˈdʒɛnɚətɪv,degenerative
deliberativ,dɪˈlɪbɚˌeɪtɪv,deliberative
deliberatly,dɪˈlɪbɚətliː,deliberately
delicat,ˈdɛləkət,delicate
delicatly,ˈdɛləkətliː,delicately
deliht,dɪˈlaɪt,delight
delihted,dɪˈlaɪtəd,delighted
delihtful,dɪˈlaɪtfəl,delightful
delihtfully,dɪˈlaɪtfəliː,delightfully
delihting,dɪˈlaɪtɪŋ,delighting
demonstrativ,dɪˈmɑnstɹətɪv,demonstrative
depressiv,dɪˈpɹɛsɪv,depressive
derisiv,dɚˈɪsɪv,derisive
derisivly,dɚˈɪsɪvliː,derisively
derivativ,dɚˈɪvətɪv,derivative
derivativs,dɚˈɪvətɪvz,derivatives
descriptiv,dɪˈskɹɪptɪv,descriptive
deserv,dɪˈzɝv,deserve
desperat,ˈdɛspɹɪt,desperate
desperatly,ˈdɛspɚətliː,desperately
destructiv,dɪˈstɹʌktɪv,destructive
destructivness,dɪˈstɹʌktɪvnɪs,destructiveness
detaqh,dɪˈtætʃ,detach
detaqhable,dɪˈtætʃəbəl,detachable
detaqhment,dɪˈtætʃmənt,detachment
detectiv,dɪˈtɛktɪv,detective
detectivs,dɪˈtɛktɪvz,detectives
determin,dəˈtɝmən,determine
determinat,dɪˈtɝməˌneɪt,determinate
determinativ,dɪˈtɝmɪnəˌtɪv,determinative
dethbed,ˈdɛθˌbɛd,deathbed
dethly,ˈdɛθliː,deathly
dethwatch,ˈdɛˌθwɑtʃ,deathwatch
detoor,dɪˈtʊɹ,detour
dettor,ˈdɛtɚ,debtor
dettors,ˈdɛtɚz,debtors
devolv,dɪˈvɑlv,devolve
diffuze,dɪˈfjuːs,diffuse
diffuzed,dɪˈfjuːzd,diffused
diffuzing,dɪˈfjuːzɪŋ,diffusing
digestiv,daɪˈdʒɛstɪv,digestive
dilutiv,dəˈluːtɪv,dilutive
diminutiv,dɪˈmɪnjətɪv,diminutive
directiv,dɚˈɛktɪv,directive
directivs,daɪˈɹɛktɪvz,directives
directorat,dɚˈɛktɚət,directorate
disabuze,dɪsəˈbjuːs,disabuse
disabuzed,dɪsəˈbjuːzd,disabused
disalluw,ˌdɪsəˈlaʊ,disallow
disalluwance,ˌdɪsəˈlaʊəns,disallowance
disalluwances,ˌdɪsəˈlaʊənsɪz,disallowances
disalluwing,dɪsəˈlaʊɪŋ,disallowing
disapproov,ˌdɪsəˈpɹuːv,disapprove
disapprooval,dɪsəˈpɹuːvəl,disapproval
disapprooving,dɪsəˈpɹuːvɪŋ,disapproving
disavuw,ˌdɪsəˈvaʊ,disavow
disavuwing,dɪsəˈvaʊɪŋ,disavowing
disbeliev,dɪsbəˈliːv,disbelieve
disciplin,ˈdɪsəplən,discipline
discloze,dɪˈskloʊz,disclose
disclozed,dɪˈskloʊzd,disclosed
disclozing,dɪˈskloʊzɪŋ,disclosing
discorse,ˈdɪskɔɹs,discourse
discotheq,ˈdɪskoʊˌtɛk,discotheque
discriminativ,dɪˈskɹɪmənətɪv,discriminative
discurrage,dɪˈskɝɪdʒ,discourage
discurraged,dɪˈskɝədʒd,discouraged
discurragement,dɪˈskɝɪdʒmənt,discouragement
discurraging,dɪˈskɝədʒɪŋ,discouraging
discursiv,dɪˈskɝsɪv,discursive
disenfranqhise,dɪsɪnˈfɹænˌtʃaɪz,disenfranchise
disenfranqhised,dɪsɪnˈfɹænˌtʃaɪzd,disenfranchised
disenfranqhisement,dɪsɪnˈfɹænˌtʃaɪzmənt,disenfranchisement
disenqhanted,dɪsɪnˈtʃæntɪd,disenchanted
disenqhantment,dɪsɪnˈtʃæntmənt,disenchantment
disghise,dɪsˈɡaɪz,disguise
disghised,dɪsˈɡaɪzd,disguised
disghising,dɪsˈɡaɪzɪŋ,disguising
dishartening,dɪsˈhɑɹtənɪŋ,disheartening
disincentiv,ˌdɪsɪnˈsɛntɪv,disincentive
disincentivs,ˌdɪsɪnˈsɛntɪvz,disincentives
dismissiv,dɪˈsmɪsɪv,dismissive
disparat,ˈdɪspɚɪt,disparate
dispassionat,dɪˈspæʃənət,dispassionate
dispassionatly,dɪˈspæʃənətliː,dispassionately
dispersiv,dɪˈspɝsɪv,dispersive
displesure,dɪˈsplɛʒɚ,displeasure
dispositiv,ˌdɪˈspɑzətɪv,dispositive
disproov,dɪˈspɹuːv,disprove
disprooven,dɪˈspɹuːvɪn,disproven
disproportionatly,ˌdɪspɹəˈpɔɹʃənətliː,disproportionately
disqharge,dɪsˈtʃɑɹdʒ,discharge
disqharged,dɪsˈtʃɑɹdʒd,discharged
disqharging,dɪsˈtʃɑɹdʒɪŋ,discharging
disruptiv,dɪsˈɹʌptɪv,disruptive
dissipativ,ˈdɪsəˌpeɪtɪv,dissipative
dissolv,dɪˈzɑlv,dissolve
distill,dɪˈstɪl,distil
distillat,ˈdɪstəˌleɪt,distillate
distillats,ˈdɪstəˌleɪts,distillates
distinctiv,dɪˈstɪŋktɪv,distinctive
distinctivly,dɪˈstɪŋktɪvliː,distinctively
distinctivness,dɪˈstɪŋktɪvnəs,distinctiveness
distrauht,dɪˈstɹɔt,distraught
distributiv,dɪˈstɹɪbjuːtɪv,distributive
divisiv,dɪˈvaɪsɪv,divisive
divisivness,dɪˈvaɪsɪvnəs,divisiveness
doctorat,ˈdɑktɚət,doctorate
doctorats,ˈdɑktɚəts,doctorates
doctrin,ˈdɑktɹən,doctrine
doctrins,ˈdɑktɹənz,doctrines
dogfiht,ˈdɑɡˌfaɪt,dogfight
doggon,ˈdɔɡɔn,doggone
dohboy,ˈdoʊˌbɔɪ,doughboy
dohnut,ˈdoʊˌnʌt,doughnut
dohy,ˈdoʊiː,doughy
dorrbell,ˈdɔɹˌbɛl,doorbell
dorrkeeper,ˈdɔɹˌkiːpɚ,doorkeeper
dorrknob,ˈduːɹnɑb,doorknob
dorrman,ˈdɔɹˌmæn,doorman
dorrmat,ˈdɔɹˌmæt,doormat
dorrmats,ˈdɔɹˌmæts,doormats
dorrnail,ˈdɔɹˌneɪl,doornail
dorrsill,ˈdɔɹsɪl,doorsill
dorrstep,ˈdɔɹˌstɛp,doorstep
dorrsteps,ˈdɔɹˌstɛps,doorsteps
dorrway,ˈdɔɹˌweɪ,doorway
douhty,ˈdɔtiː,doughty
dounuts,ˈdoʊˌnʌts,doughnuts
douted,ˈdaʊtɪd,doubted
douter,ˈdaʊtɚ,doubter
douters,ˈdaʊtɚz,doubters
doutful,ˈdaʊtfəl,doubtful
douting,ˈdaʊtɪŋ,doubting
doutless,ˈdaʊtləs,doubtless
dovtail,ˈdʌvˌteɪl,dovetail
dragonhedd,ˈdɹæɡənˌhɛd,dragonhead
drawduwn,ˈdɹɔˌdaʊn,drawdown
drawduwns,ˈdɹɔˌdaʊnz,drawdowns
dredded,ˈdɹɛdɪd,dreaded
dreddful,ˈdɹɛdfəl,dreadful
dreddfully,ˈdɹɛdfəliː,dreadfully
dredding,ˈdɹɛdɪŋ,dreading
dreddnoht,ˈdɹɛdˌnɔt,dreadnought
drenqhing,ˈdɹɛntʃɪŋ,drenching
drumhedd,ˈdɹʌmˌhɛd,drumhead
druwning,ˈdɹaʊnɪŋ,drowning
druwsiness,ˈdɹaʊziːnəs,drowsiness
druwsy,ˈdɹaʊziː,drowsy
duable,ˈduːəbəl,doable
dubble,ˈdʌbəl,double
dubbled,ˈdʌbəld,doubled
dubblespeak,ˈdʌbəlˌspiːk,doublespeak
dubblethink,ˈdʌbəlˌθɪŋk,doublethink
dubbling,ˈdʌbəlɪŋ,doubling
dubbly,ˈdʌbliː,doubly
duers,ˈduːɚz,doers
duing,ˈduːɪŋ,doing
duings,ˈduːɪŋz,doings
dujjen,ˈdʌdʒən,dudgeon
duma,ˈdoʊmə,douma
dummer,ˈdʌmɚ,dumber
dummest,ˈdʌməst,dumbest
dummfound,ˈdʌmfaʊnd,dumbfound
dummfounded,ˈdʌmfaʊndɪd,dumbfounded
dummfounding,ˈdʌmfaʊndɪŋ,dumbfounding
dumming,ˈdʌmɪŋ,dumbing
dummstruck,ˈdʌmˌstɹʌk,dumbstruck
dunjen,ˈdʌndʒən,dungeon
duplicativ,duːˈplɪkətɪv,duplicative
duqhess,ˈdʌtʃəs,duchess
duqhy,ˈdʌtʃiː,duchy
duwager,ˈdaʊədʒɚ,dowager
duwdy,ˈdaʊdiː,dowdy
duwel,ˈdaʊəl,dowel
duwie,ˈdaʊiː,dowie
duwnbeat,daʊnˈbiːt,downbeat
duwncast,ˈdaʊnˌkæst,downcast
duwndraft,ˈdaʊnˌdɹæft,downdraft
duwner,ˈdaʊnɚ,downer
duwners,ˈdaʊnɚz,downers
duwnfall,ˈdaʊnˌfɔl,downfall
duwngrade,ˈdaʊnˌɡɹeɪd,downgrade
duwngraded,ˈdaʊnˌɡɹeɪdəd,downgraded
duwngrading,ˈdaʊnˌɡɹeɪdɪŋ,downgrading
duwnhill,ˈdaʊnˌhɪl,downhill
duwning,ˈdaʊnɪŋ,downing
duwnload,ˈdaʊnˌloʊd,download
duwnloaded,ˈdaʊnˌloʊdɪd,downloaded
duwnloading,ˈdaʊnˌloʊdɪŋ,downloading
duwnplay,ˈdaʊnˌpleɪ,downplay
duwnplaying,ˈdaʊnˌpleɪɪŋ,downplaying
duwnporr,ˈdaʊnpɔɹ,downpour
duwnporrs,ˈdaʊnˌpɔɹz,downpours
duwnrange,ˈdaʊnˌɹeɪndʒ,downrange
duwnriht,ˈdaʊnˌɹaɪt,downright
duwnriver,ˌdaʊnˈɹɪvɚ,downriver
duwnscale,ˈdaʊnˌskeɪl,downscale
duwnside,ˈdaʊnˌsaɪd,downside
duwnsides,ˈdaʊnˌsaɪdz,downsides
duwnsize,ˈdaʊnˌsaɪz,downsize
duwnsized,ˈdaʊnˌsaɪzd,downsized
duwnsizing,ˈdaʊnˌsaɪzɪŋ,downsizing
duwnstage,ˈdaʊnˌsteɪdʒ,downstage
duwnstairs,ˈdaʊnˌstɛɹz,downstairs
duwnstate,ˈdaʊnˌsteɪt,downstate
duwnstream,ˈdaʊnˌstɹiːm,downstream
duwnswing,ˈdaʊnˌswɪŋ,downswing
duwntime,ˈdaʊnˌtaɪm,downtime
duwntrend,ˈdaʊnˌtɹɛnd,downtrend
duwntrodden,ˌdaʊnˈtɹɑdən,downtrodden
duwnturn,ˈdaʊnˌtɝn,downturn
duwnturns,ˈdaʊnˌtɝnz,downturns
duwntuwn,ˈdaʊnˌtaʊn,downtown
duwntuwns,ˈdaʊnˌtaʊnz,downtowns
duwnward,ˈdaʊnwɚd,downward
duwnwardly,ˈdaʊnwɚdliː,downwardly
duwnwards,ˈdaʊnwɚdz,downwards
duwnwind,daʊnˈwɪnd,downwind
duwny,ˈdaʊniː,downy
duwry,ˈdaʊɹiː,dowry
duwsing,ˈdaʊsɪŋ,dowsing
eavsdrop,ˈiːvzˌdɹɑp,eavesdrop
eavsdropping,ˈiːvzˌdɹɑpɪŋ,eavesdropping
effectiv,ɪˈfɛktɪv,effective
effectivly,ɪˈfɛktɪvliː,effectively
effectivness,ɪˈfɛktɪvnəs,effectiveness
effusiv,ˈɛfjuːsɪv,effusive
effusivly,ɪˈfjuːsɪvliː,effusively
egghedd,ˈɛɡˌhɛd,egghead
egghedds,ˈɛɡˌhɛdz,eggheads
eihteen,eɪˈtiːn,eighteen
eihteens,eɪˈtiːnz,eighteens
eihteenth,eɪˈtiːnθ,eighteenth
eihtfold,ˈeɪtˌfoʊld,eightfold
eihties,ˈeɪtiːz,eighties
eihtieth,ˈeɪtiːɪθ,eightieth
eihty,ˈeɪtiː,eighty
elaboratly,ɪˈlæbɹətliː,elaborately
electiv,ɪˈlɛktɪv,elective
electivs,ɪˈlɛktɪvz,electives
electorat,ɪˈlɛktɚət,electorate
electorats,ɪˈlɛktɚəts,electorates
elucidativ,ɪˈluːsəˌdeɪtɪv,elucidative
elusiv,ɪˈluːsɪv,elusive
elusivness,ɪˈluːsɪvnəs,elusiveness
embahm,ɛmˈbɑm,embalm
embahming,ɛmˈbɑmɪŋ,embalming
emotiv,ɪˈmoʊtɪv,emotive
empuwer,ɪmˈpaʊɚ,empower
empuwering,ɪmˈpaʊɚɪŋ,empowering
empuwerment,ɪmˈpaʊɚmənt,empowerment
encroaqh,ɪnˈkɹoʊtʃ,encroach
encroaqhing,ɪnˈkɹoʊtʃɪŋ,encroaching
encroaqhment,ɛnˈkɹoʊtʃmənt,encroachment
encroaqhments,ɪnˈkɹoʊtʃmənts,encroachments
encurrage,ɛnˈkɝɪdʒ,encourage
encurraged,ɛnˈkɝɪdʒd,encouraged
encurragement,ɛnˈkɝɪdʒmənt,encouragement
encurraging,ɛnˈkɝɪdʒɪŋ,encouraging
encyclopedia,ɪnˌsaɪkləˈpiːdiːə,encyclopaedia
endevor,ɪnˈdɛvɚ,endeavour
endevoring,ɪnˈdɛvɚɪŋ,endeavoring
enduw,ɛnˈdaʊ,endow
enduwing,ɛnˈdaʊɪŋ,endowing
enduwment,ɛnˈdaʊmənt,endowment
enduwments,ɛnˈdaʊmənts,endowments
enfranqhise,ɪnˈfɹænˌtʃaɪz,enfranchise
enfranqhised,ɛnˈfɹænˌtʃaɪzd,enfranchised
engin,ˈɛndʒən,engine
engind,ˈɛndʒənd,engined
engins,ˈɛndʒənz,engines
enlihten,ɛnˈlaɪtən,enlighten
enlihtening,ɛnˈlaɪtənɪŋ,enlightening
enlihtenment,ɛnˈlaɪtənmənt,enlightenment
enqhant,ɛnˈtʃænt,enchant
enqhanted,ɛnˈtʃæntɪd,enchanted
enqhanter,ɛnˈtʃæntɚ,enchanter
enqhanters,ɛnˈtʃæntɚz,enchanters
enqhanting,ɛnˈtʃæntɪŋ,enchanting
enqhantment,ɛnˈtʃæntmənt,enchantment
enqhilada,ɛntʃɪˈlɑdə,enchilada
enriqh,ɛnˈɹɪtʃ,enrich
enriqhing,ɛnˈɹɪtʃɪŋ,enriching
enriqhment,ɛnˈɹɪtʃmənt,enrichment
ensin,ˈɛnsən,ensign
entoom,ɛnˈtuːm,entomb
entoomment,ɪnˈtuːmmənt,entombment
entrenqh,ɛnˈtɹɛntʃ,entrench
entrenqhing,ɛnˈtɹɛntʃɪŋ,entrenching
entrenqhment,ɛnˈtɹɛntʃmənt,entrenchment
enuff,ɪˈnʌf,enough
erldom,ˈɝldəm,earldom
erlier,ˈɝliːɚ,earlier
erliest,ˈɝliːəst,earliest
erly,ˈɝliː,early
ermin,ˈɝmən,ermine
erner,ˈɝnɚ,earner
erners,ˈɝnɚz,earners
ernest,ˈɝnɪst,earnest
ernestly,ˈɝnəstliː,earnestly
ernestness,ˈɝnəstnəs,earnestness
erning,ˈɝnɪŋ,earning
ernings,ˈɝnɪŋz,earnings
erosiv,ɪˈɹoʊsɪv,erosive
erthbound,ˈɝθˌbaʊnd,earthbound
erthen,ˈɝθən,earthen
erthenware,ˈɝθənˌwɛɹ,earthenware
erthling,ˈɝθlɪŋ,earthling
erthlings,ˈɝθlɪŋz,earthlings
erthly,ˈɝθliː,earthly
erthmooving,ˈɝθˌmuːvɪŋ,earthmoving
erthquake,ˈɝθˌkweɪk,earthquake
erthquakes,ˈɝθˌkweɪks,earthquakes
erthshaking,ˈɝθˌʃeɪkɪŋ,earthshaking
erthshine,ˈɝθˌʃaɪn,earthshine
erthstar,ˈɝθˌstɑɹ,earthstar
erthwork,ˈɝˌθwɝk,earthwork
erthworm,ˈɝˌθwɝm,earthworm
erthworms,ˈɝˌθwɝmz,earthworms
erthy,ˈɝθiː,earthy
eruptiv,ɪˈɹʌptɪv,eruptive
esqhew,ɛsˈtʃuː,eschew
esqhewing,ˌɛˈʃuːɪŋ,eschewing
etiqet,ˈɛtəkət,etiquette
evasiv,ɪˈveɪsɪv,evasive
evilduer,ˈiːvəlˌduːɚ,evildoer
evilduers,ˈiːvəlˌduːɚz,evildoers
evocativ,ɪˈvɑkətɪv,evocative
evolv,ɪˈvɑlv,evolve
evry,ˈɛvɚiː,every
evrybody,ˈɛvɹiːˌbɑdiː,everybody
evryday,ˈɛvɹiːˌdeɪ,everyday
evryman,ˈɛvɹiːmən,everyman
evryplace,ˈɛvɹiːˌpleɪs,everyplace
evrything,ˈɛvɹiːˌθɪŋ,everything
evrywhere,ˈɛvɹiːˌwɛɹ,everywhere
evrywun,ˈɛvɹiːˌwʌn,everyone
examin,ɪɡˈzæmɪn,examine
excessiv,ɪkˈsɛsɪv,excessive
excessivly,ɪkˈsɛsɪvliː,excessively
exclusiv,ɪkˈskluːsɪv,exclusive
exclusivly,ɪkˈskluːsɪvliː,exclusively
exclusivs,ɪkˈskluːsɪvz,exclusives
executiv,ɪɡˈzɛkjətɪv,executive
executivs,ɪɡˈzɛkjətɪvz,executives
exhaustiv,ɪɡˈzɔstɪv,exhaustive
exhaustivly,ɪɡˈzɑstɪvliː,exhaustively
expansiv,ɪkˈspænsɪv,expansive
expensiv,ɪkˈspɛnsɪv,expensive
expensivly,ˌɛkˈspɛnsɪvliː,expensively
expletiv,ˈɛksplətɪv,expletive
expletivs,ˈɛksplətɪvz,expletives
exploitativ,ˌɛkˈsplɔɪtətɪv,exploitative
exploitiv,ɪkˈsplɔɪtɪv,exploitive
explosiv,ɪkˈsploʊsɪv,explosive
explosivly,ˌɛkˈsploʊsɪvliː,explosively
explosivs,ɪkˈsploʊsɪvz,explosives
expressiv,ɪkˈspɹɛsɪv,expressive
exqhange,ɪksˈtʃeɪndʒ,exchange
exqhangeable,ɪksˈtʃeɪndʒəbəl,exchangeable
exqhanged,ɪksˈtʃeɪndʒd,exchanged
exqhanger,ɪksˈtʃeɪndʒɚ,exchanger
exqhangers,ɪksˈtʃeɪndʒɚz,exchangers
exqhanging,ɪksˈtʃeɪndʒɪŋ,exchanging
exqhecker,ˈɛksˌtʃɛkɚ,exchequer
exquisit,ˈɛkskwəzət,exquisite
exquisitly,ˌɛkˈskwɪzɪtliː,exquisitely
extensiv,ɪkˈstɛnsɪv,extensive
extensivly,ɪkˈstɛnsɪvliː,extensively
extortionat,ɪkˈstɔɹʃənət,extortionate
faceduwn,ˈfeɪsˌdaʊn,facedown
facultativ,ˈfækəlˌteɪtɪv,facultative
faintharted,ˈfeɪntˌhɑɹtɪd,fainthearted
fairwether,ˈfɛɹˌwɛðɚ,fairweather
famin,ˈfæmən,famine
famins,ˈfæmənz,famines
farmstedd,ˈfɑɹmˌstɛd,farmstead
farsihted,ˈfɑɹˌsaɪtəd,farsighted
farsihtedness,ˌfɑɹˈsaɪtɪdnəs,farsightedness
fashon,ˈfæʃən,fashion
fashonable,ˈfæʃənəbəl,fashionable
fashonably,ˈfæʃənəbliː,fashionably
fashoning,ˈfæʃənɪŋ,fashioning
fatighe,fəˈtiːɡ,fatigue
fatighed,fəˈtiːɡd,fatigued
fatighing,fəˈtiːɡɪŋ,fatiguing
favorit,ˈfeɪvɚɪt,favorite
favorits,ˈfeɪvɚɪts,favorites
fearsom,ˈfɪɹsəm,fearsome
federativ,ˈfɛdɚətɪv,federative
feminin,ˈfɛmənən,feminine
festiv,ˈfɛstɪv,festive
fether,ˈfɛðɚ,feather
fetherbed,ˈfɛðɚˌbɛd,featherbed
fetherbedding,ˈfɛðɚˌbɛdɪŋ,featherbedding
fethering,ˈfɛðɚɪŋ,feathering
fetherless,ˈfɛðɚləs,featherless
fetherly,ˈfɛðɚliː,featherly
fetherweiht,ˈfɛðɚˌweɪt,featherweight
fethery,ˈfɛðɚiː,feathery
figurativ,ˈfɪɡjɚətɪv,figurative
figurativly,fɪˈɡjʊɹətɪvliː,figuratively
figurehedd,ˈfɪɡjɚˌhɛd,figurehead
fihter,ˈfaɪtɚ,fighter
fihters,ˈfaɪtɚz,fighters
fihting,ˈfaɪtɪŋ,fighting
fihtings,ˈfaɪtɪŋz,fightings
firefiht,ˈfaɪɹˌfaɪt,firefight
firefihter,ˈfaɪɹˌfaɪtɚ,firefighter
firefihters,ˈfaɪɚˌfaɪtɚz,firefighters
firefihting,ˈfaɪɹˌfaɪtɪŋ,firefighting
firefihts,ˈfaɪɹˌfaɪts,firefights
firepuwer,ˈfaɪɹˌpaʊɚ,firepower
firy,ˈfaɪɚiː,fiery
fixativ,ˈfɪksətɪv,fixative
fixativs,ˈfɪksətɪvz,fixatives
flashliht,ˈflæʃˌlaɪt,flashlight
flashlihts,ˈflæʃˌlaɪts,flashlights
flathedd,ˈflætˌhɛd,flathead
flathedds,ˈflætˌhɛdz,flatheads
flihtier,ˈflaɪtiːɚ,flightier
flihtiest,ˈflaɪtiːəst,flightiest
flihtless,ˈflaɪtləs,flightless
flihty,ˈflaɪtiː,flighty
flinqhing,ˈflɪntʃɪŋ,flinching
florrboard,ˈflɔɹˌbɔɹd,floorboard
florrboards,ˈflɔɹˌbɔɹdz,floorboards
florring,ˈflɔɹɪŋ,flooring
flowqhart,ˈfloʊˌtʃɑɹt,flowchart
flowqharts,ˈfloʊˌtʃɑɹts,flowcharts
fluddgate,ˈflʌdˌɡeɪt,floodgate
fluddgates,ˈflʌdˌɡeɪts,floodgates
fludding,ˈflʌdɪŋ,flooding
fluddliht,ˈflʌdˌlaɪt,floodlight
fluddplain,ˈflʌdˌpleɪn,floodplain
fluddwater,ˈflʌˌdwɔtɚ,floodwater
fluddwaters,ˈflʌˌdwɔtɚz,floodwaters
flurrish,ˈflɝɪʃ,flourish
flurrishing,ˈflɝɪʃɪŋ,flourishing
fluwer,ˈflaʊɚ,flower
fluwering,ˈflaʊɚɪŋ,flowering
fluwerpot,ˈflaʊɚˌpɑt,flowerpot
fluwery,ˈflaʊɚiː,flowery
footliht,ˈfʊtˌlaɪt,footlight
footlihts,ˈfʊtˌlaɪts,footlights
footwaer,ˈfʊˌtwɛɹ,footwear
forbaerance,fɔɹˈbɛɹəns,forbearance
forebaer,ˈfɔɹˌbɛɹ,forebear
forebaers,ˈfɔɹˌbɛɹz,forebears
forecloze,fɔɹˈkloʊz,foreclose
foreclozed,fɔɹˈkloʊzd,foreclosed
foreclozing,fɔɹˈkloʊzɪŋ,foreclosing
foregon,ˈfɔɹˌɡɔn,foregone
forehedd,ˈfɔɹhɛd,forehead
forehedds,ˈfɔɹˌhɛdz,foreheads
forelimm,ˈfɔɹˌlɪm,forelimb
forelimms,ˈfɔɹˌlɪmz,forelimbs
foremoste,ˈfɔɹˌmoʊst,foremost
foren,ˈfɔɹən,foreign
forener,ˈfɔɹənɚ,foreigner
foreners,ˈfɔɹənɚz,foreigners
foresiht,ˈfɔɹˌsaɪt,foresight
forewimen,ˈfɔɹwɪmɛn,forewomen
forfet,ˈfɔɹfɪt,forfeit
forfetable,ˈfɔɹfətəbəl,forfeitable
forfeted,ˈfɔɹfɪtɪd,forfeited
forfeting,ˈfɔɹfətɪŋ,forfeiting
forfeture,ˈfɔɹfətʃɚ,forfeiture
forfetures,ˈfɔɹfətʃɚz,forfeitures
forgiv,fɚˈɡɪv,forgive
forgivness,fɚˈɡɪvnəs,forgiveness
forgon,fɔɹˈɡɑn,forgone
formativ,ˈfɔɹmətɪv,formative
forrfold,ˈfɔɹˌfoʊld,fourfold
forrsom,ˈfɔɹsəm,foursome
forrsquare,ˈfɔɹˌskwɛɹ,foursquare
forrteen,ˈfɔɹˌtiːn,fourteen
forrteens,ˈfɔɹˌtiːnz,fourteens
forrteenth,ˈfɔɹˌtiːnθ,fourteenth
forrthly,ˈfɔɹθliː,fourthly
forswaer,fɔɹˈswɛɹ,forswear
forthriht,ˈfɔɹˌθɹaɪt,forthright
forthrihtly,ˈfɔɹˌθɹaɪtliː,forthrightly
forthrihtness,ˈfɔɹˌθɹaɪtnəs,forthrightness
fortniht,ˈfɔɹtˌnaɪt,fortnight
fortnihtly,ˈfɔɹtˌnaɪtliː,fortnightly
fortnihts,ˈfɔɹtˌnaɪts,fortnights
fortunat,ˈfɔɹtʃənət,fortunate
fortunatly,ˈfɔɹtʃənətliː,fortunately
fountan,ˈfaʊntən,fountain
foxglov,ˈfɑksˌɡlʌv,foxglove
franqhise,ˈfɹænˌtʃaɪz,franchise
franqhised,ˈfɹæntʃaɪzd,franchised
franqhisee,ˈfɹænˌtʃaɪˌziː,franchisee
franqhisees,ˌfɹæntʃaɪˈziːz,franchisees
franqhiser,ˈfɹænˌtʃaɪzɚ,franchiser
franqhisers,ˈfɹænˌtʃaɪzɚz,franchisers
franqhising,ˈfɹæntʃaɪzɪŋ,franchising
freihter,ˈfɹeɪtɚ,freighter
freihters,ˈfɹeɪtɚz,freighters
frendlier,ˈfɹɛndliːɚ,friendlier
frendliest,ˈfɹɛndliːəst,friendliest
frendliness,ˈfɹɛndliːnɪs,friendliness
frendly,ˈfɹɛndliː,friendly
frendship,ˈfɹɛndʃɪp,friendship
frendships,ˈfɹɛndʃɪps,friendships
frenqhman,ˈfɹɛntʃmæn,frenchman
frenqhmen,ˈfɹɛntʃmɛn,frenchmen
frigat,ˈfɹɪɡət,frigate
frigats,ˈfɹɪɡəts,frigates
frihten,ˈfɹaɪtən,frighten
frihtening,ˈfɹaɪtənɪŋ,frightening
frihteningly,ˈfɹaɪtənɪŋliː,frighteningly
frihtful,ˈfɹaɪtfəl,frightful
frihtfully,ˈfɹaɪtfəliː,frightfully
fruhtcake,ˈfɹuːtˌkeɪk,fruitcake
fruhtcakes,ˈfɹuːtˌkeɪks,fruitcakes
fruhtful,ˈfɹuːtfəl,fruitful
fruhting,ˈfɹuːtɪŋ,fruiting
fruhtless,ˈfɹuːtləs,fruitless
fruhtlessly,ˈfɹuːtləsliː,fruitlessly
fruhty,ˈfɹuːtiː,fruity
fruwning,ˈfɹaʊnɪŋ,frowning
fruwningly,ˈfɹaʊnɪŋliː,frowningly
fugitiv,ˈfjuːdʒətɪv,fugitive
fugitivs,ˈfjuːdʒɪtɪvz,fugitives
fulsom,ˈfʊlsəm,fulsome
furloh,ˈfɝloʊ,furlough
furtiv,ˈfɝtɪv,furtive
furtivly,ˈfɝtɪvliː,furtively
fuwler,ˈfaʊlɚ,fowler
fuzible,ˈfjuːzəbəl,fusible
fynder,ˈfaɪndɚ,finder
fynders,ˈfaɪndɚz,finders
fynding,ˈfaɪndɪŋ,finding
fyndings,ˈfaɪndɪŋz,findings
gaiger,ˈɡeɪdʒɚ,gauger
gaiging,ˈɡeɪdʒɪŋ,gauging
garantee,ˌɡɛɹənˈtiː,guarantee
garanteed,ˌɡɛɹənˈtiːd,guaranteed
garanteeing,ˌɡɛɹənˈtiːɪŋ,guaranteeing
garantor,ˌɡɛɹənˈtɔɹ,guarantor
garantors,ˌɡɛɹənˈtɔɹz,guarantors
garanty,ˌɡɛɹənˈtiː,guaranty
garded,ˈɡɑɹdəd,guarded
gardedly,ˈɡɑɹdɪdliː,guardedly
gardfish,ˈɡɑɹdˌfɪʃ,guardfish
gardian,ˈɡɑɹdiːən,guardian
gardians,ˈɡɑɹdiːənz,guardians
gardianship,ˈɡɑɹdiːənʃɪp,guardianship
garding,ˈɡɑɹdɪŋ,guarding
gardrail,ˈɡɑɹˌdɹeɪl,guardrail
gardrails,ˈɡɑɹˌdɹeɪlz,guardrails
gardsman,ˈɡɑɹdzˌmæn,guardsman
gardsmen,ˈɡɑɹdzmɪn,guardsmen
gargoyl,ˈɡɑɹˌɡɔɪl,gargoyle
gargoyls,ˈɡɑɹˌɡɔɪlz,gargoyles
gasliht,ˈɡæslaɪt,gaslight
gauqho,ˈɡaʊtʃoʊ,gaucho
gauqhos,ˈɡaʊtʃoʊz,gauchos
generativ,ˈdʒɛnɚətɪv,generative
gentlewimen,ˈdʒɛntəlˌwɪmən,gentlewomen
genuin,ˈdʒɛnjəwən,genuine
genuinly,ˈdʒɛnjəwənliː,genuinely
genuinness,ˈdʒɛnjəwənɪs,genuineness
gherrilla,ɡɚˈɪlə,guerrilla
gherrillas,ɡɚˈɪləz,guerrillas
ghesser,ˈɡɛsɚ,guesser
ghessers,ˈɡɛsɚz,guessers
ghessing,ˈɡɛsɪŋ,guessing
ghesswork,ˈɡɛˌswɝk,guesswork
ghested,ˈɡɛstɪd,guested
ghesthouse,ˈɡɛstˌhaʊs,guesthouse
ghesthouses,ˈɡɛstˌhaʊsɪz,guesthouses
ghidance,ˈɡaɪdəns,guidance
ghidebook,ˈɡaɪdˌbʊk,guidebook
ghidebooks,ˈɡaɪdˌbʊks,guidebooks
ghided,ˈɡaɪdəd,guided
ghideline,ˈɡaɪdˌlaɪn,guideline
ghidelines,ˈɡaɪdˌlaɪnz,guidelines
ghideposte,ˈɡaɪdˌpoʊst,guidepost
ghidepostes,ˈɡaɪdˌpoʊsts,guideposts
ghider,ˈɡaɪdɚ,guider
ghiding,ˈɡaɪdɪŋ,guiding
ghildhall,ˈɡɪldˌhɔl,guildhall
ghileless,ˈɡaɪlləs,guileless
ghiltless,ˈɡɪltlɪs,guiltless
ghilty,ˈɡɪltiː,guilty
ghitar,ɡɪˈtɑɹ,guitar
ghitarist,ˌɡɪˈtɑɹəst,guitarist
ghitarists,ˌɡɪˈtɑɹəsts,guitarists
ghitars,ɡɪˈtɑɹz,guitars
ghoolish,ˈɡuːlɪʃ,ghoulish
ghoolishly,ˈɡuːlɪʃliː,ghoulishly
gingerbredd,ˈdʒɪndʒɚˌbɹɛd,gingerbread
giraff,dʒɚˈæf,giraffe
giraffs,dʒɚˈæfs,giraffes
girlfrend,ˈɡɝlˌfɹɛnd,girlfriend
girlfrends,ˈɡɝlˌfɹɛndz,girlfriends
givaway,ˈɡɪvəˌweɪ,giveaway
givaways,ˈɡɪvəˌweɪz,giveaways
givback,ˈɡɪvˌbæk,giveback
givbacks,ˈɡɪvˌbæks,givebacks
glissen,ˈɡlɪsən,glisten
glissening,ˈɡlɪsənɪŋ,glistening
gluwer,ˈɡlaʊɚ,glower
gluwering,ˈɡlaʊɚɪŋ,glowering
goalposte,ˈɡoʊlˌpoʊst,goalpost
godhedd,ˈɡɑdˌhɛd,godhead
goduwn,ˈɡoʊˌdaʊn,godown
goldeniye,ˈɡoʊldəˌnaɪ,goldeneye
goldfinqh,ˈɡoʊldˌfɪntʃ,goldfinch
goldfinqhes,ˈɡoʊldˌfɪntʃɪz,goldfinches
gostelike,ˈɡoʊstˌlaɪk,ghostlike
gostely,ˈɡoʊstliː,ghostly
graeter,ˈɡɹeɪtɚ,greater
graetest,ˈɡɹeɪtəst,greatest
graetly,ˈɡɹeɪtliː,greatly
graetness,ˈɡɹeɪtnəs,greatness
granddauhter,ˈɡɹænˌdɔtɚ,granddaughter
granddauhters,ˈɡɹænˌdɔtɚz,granddaughters
grandqhildren,ˈɡɹænˌtʃɪldɹən,grandchildren
grandqhyld,ˈɡɹændˌtʃaɪld,grandchild
granit,ˈɡɹænət,granite
grapefruht,ˈɡɹeɪpˌfɹuːt,grapefruit
grapefruhts,ˈɡɹeɪpˌfɹuːts,grapefruits
grotesq,ɡɹoʊˈtɛsk,grotesque
grotesqly,ɡɹoʊˈtɛskliː,grotesquely
groundbraeking,ˈɡɹaʊndˌbɹeɪkɪŋ,groundbreaking
grouqhy,ˈɡɹaʊtʃiː,grouchy
gruesom,ˈɡɹuːsəm,gruesome
gruwling,ˈɡɹoʊlɪŋ,growling
grynder,ˈɡɹaɪndɚ,grinder
grynders,ˈɡɹaɪndɚz,grinders
grynding,ˈɡɹaɪndɪŋ,grinding
gryndstone,ˈɡɹaɪndˌstoʊn,grindstone
gujjen,ˈɡʌdʒən,gudgeon
gulash,ˈɡuːˌlɑʃ,goulash
gumshue,ˈɡʌmˌʃuː,gumshoe
gunfiht,ˈɡʌnˌfaɪt,gunfight
gunfihter,ˈɡʌnˌfaɪtɚ,gunfighter
gunfihters,ˈɡʌnˌfaɪtɚz,gunfighters
gunfihting,ˈɡʌnˌfaɪtɪŋ,gunfighting
gunfihts,ˈɡʌnˌfaɪts,gunfights
guwan,ˈɡaʊən,gowan
guwans,ˈɡaʊənz,gowans
haffback,ˈhæfˌbæk,halfback
haffbacks,ˈhæfˌbæks,halfbacks
haffharted,ˈhæfˌhɑɹtɪd,halfhearted
hafftime,ˈhæfˌtaɪm,halftime
hafftimes,ˈhæfˌtaɪmz,halftimes
hafftone,ˈhæfˌtoʊn,halftone
hafftones,ˈhæfˌtoʊnz,halftones
haffway,ˈhæfˌweɪ,halfway
hairdu,ˈhɛɹˌduː,hairdo
hairdus,ˈhɛɹˌduːz,hairdos
handkerqhif,ˈhæŋkɚtʃɪf,handkerchief
handkerqhifs,ˈhæŋkɚtʃəfs,handkerchiefs
handsom,ˈhænsəm,handsome
handsomly,ˈhænsəmliː,handsomely
harang,hɚˈæŋ,harangue
haranging,hɚˈæŋɪŋ,haranguing
hardhedd,ˈhɑɹdˌhɛd,hardhead
hardhedded,ˈhɑɹdˌhɛdɪd,hardheaded
hartache,ˈhɑɹˌteɪk,heartache
hartbeat,ˈhɑɹtˌbiːt,heartbeat
hartbeats,ˈhɑɹtˌbiːts,heartbeats
hartbraek,ˈhɑɹtˌbɹeɪk,heartbreak
hartbraeking,ˈhɑɹtˌbɹeɪkɪŋ,heartbreaking
hartbraeks,ˈhɑɹtˌbɹeɪks,heartbreaks
hartbroken,ˈhɑɹtˌbɹoʊkən,heartbroken
hartburn,ˈhɑɹtˌbɝn,heartburn
harted,ˈhɑɹtəd,hearted
harten,ˈhɑɹtən,hearten
hartening,ˈhɑɹtənɪŋ,heartening
hartfelt,ˈhɑɹtˌfɛlt,heartfelt
hartier,ˈhɑɹtiːɚ,heartier
hartiest,ˈhɑɹtiːəst,heartiest
hartily,ˈhɑɹtəliː,heartily
hartland,ˈhɑɹtˌlænd,heartland
hartless,ˈhɑɹtləs,heartless
hartthrob,ˈhɑɹtˌθɹɑb,heartthrob
hartthrobs,ˈhɑɹtˌθɹɑbz,heartthrobs
hartwarming,ˈhɑɹˌtwɔɹmɪŋ,heartwarming
hartwood,ˈhɑɹˌtwʊd,heartwood
harty,ˈhɑɹtiː,hearty
hauhtily,ˈhɔtɪliː,haughtily
hauhty,ˈhɔtiː,haughty
havlock,ˈhævˌlɑk,havelock
havving,ˈhævɪŋ,halving
heddache,ˈhɛˌdeɪk,headache
heddaches,ˈhɛˌdeɪks,headaches
heddband,ˈhɛdˌbænd,headband
heddbands,ˈhɛdˌbændz,headbands
heddboard,ˈhɛdˌbɔɹd,headboard
heddboards,ˈhɛdˌbɔɹdz,headboards
heddcount,ˈhɛdˌkaʊnt,headcount
heddcounts,ˈhɛdˌkaʊnts,headcounts
hedded,ˈhɛdəd,headed
hedder,ˈhɛdɚ,header
hedders,ˈhɛdɚz,headers
heddfirst,ˈhɛdˌfɝst,headfirst
heddgear,ˈhɛdˌɡɪɹ,headgear
heddhunter,ˈhɛdˌhʌntɚ,headhunter
heddhunters,ˈhɛdˌhʌntɚz,headhunters
hedding,ˈhɛdɪŋ,heading
heddings,ˈhɛdɪŋz,headings
heddless,ˈhɛdləs,headless
heddliht,ˈhɛdˌlaɪt,headlight
heddlihts,ˈhɛdˌlaɪts,headlights
heddline,ˈhɛdˌlaɪn,headline
heddlined,ˈhɛdˌlaɪnd,headlined
heddliner,ˈhɛdˌlaɪnɚ,headliner
heddliners,ˈhɛdˌlaɪnɚz,headliners
heddlining,ˈhɛdˌlaɪnɪŋ,headlining
heddlong,ˈhɛdˌlɔŋ,headlong
heddman,ˈhɛdmən,headman
heddmaster,ˈhɛdˌmæstɚ,headmaster
heddmasters,ˈhɛdˌmæstɚz,headmasters
heddmistress,ˈhɛdˌmɪstɹəs,headmistress
heddmistresses,ˈhɛdˌmɪstɹəsəz,headmistresses
heddphone,ˈhɛdˌfoʊn,headphone
heddphones,ˈhɛdˌfoʊnz,headphones
heddqheese,ˈhɛdˌtʃiːz,headcheese
heddquarter,ˈhɛdˌkwɔɹtɚ,headquarter
heddress,ˈhɛˌdɹɛs,headdress
heddresses,ˈhɛdˌdɹɛsəz,headdresses
heddrest,ˈhɛˌdɹɛst,headrest
heddrests,ˈhɛˌdɹɛsts,headrests
heddroom,ˈhɛˌdɹuːm,headroom
heddset,ˈhɛdˌsɛt,headset
heddsets,ˈhɛdˌsɛts,headsets
heddship,ˈhɛdˌʃɪp,headship
heddsman,ˈhɛdzmən,headsman
heddstart,ˈhɛdˌstɑɹt,headstart
heddstarts,ˈhɛdˌstɑɹts,headstarts
heddstone,ˈhɛdˌstoʊn,headstone
heddstones,ˈhɛdˌstoʊnz,headstones
heddstrong,ˈhɛdˌstɹɔŋ,headstrong
heddwater,ˈhɛˌdwɔtɚ,headwater
heddwaters,ˈhɛˌdwɔtɚz,headwaters
heddway,ˈhɛˌdweɪ,headway
heddwind,ˈhɛˌdwɪnd,headwind
heddwinds,ˈhɛˌdwɪndz,headwinds
heddy,ˈhɛdiː,heady
heffer,ˈhaɪfɚ,heifer
heffers,ˈhɛfɚz,heifers
helthful,ˈhɛlθfəl,healthful
helthier,ˈhɛlθiːɚ,healthier
helthiest,ˈhɛlθiːɪst,healthiest
helthiness,ˈhɛlθiːnəs,healthiness
helthy,ˈhɛlθiː,healthy
henqhman,ˈhɛntʃmən,henchman
henqhmen,ˈhɛntʃmən,henchmen
hether,ˈhɛðɚ,heather
hethers,ˈhɛðɚz,heathers
heven,ˈhɛvən,heaven
hevenly,ˈhɛvənliː,heavenly
hevier,ˈhɛviːɚ,heavier
hevies,ˈhɛviːz,heavies
heviest,ˈhɛviːəst,heaviest
hevily,ˈhɛvəliː,heavily
hevy,ˈhɛviː,heavy
hevyset,ˈhɛviːˌsɛt,heavyset
hevyweiht,ˈhɛviːˌweɪt,heavyweight
hevyweihts,ˈhɛviːˌweɪts,heavyweights
hibaqhi,həˈbɑtʃiː,hibachi
hiccoff,ˈhɪkəp,hiccough
hihboy,ˈhaɪˌbɔɪ,highboy
hihbruw,ˈhaɪˌbɹaʊ,highbrow
hihbruws,ˈhaɪˌbɹaʊz,highbrows
hiher,ˈhaɪɚ,higher
hihest,ˈhaɪəst,highest
hihfalutin,ˌhaɪfəˈluːtɪn,highfalutin
hihflier,ˈhaɪˌflaɪɚ,highflier
hihfliers,ˈhaɪˌflaɪɚz,highfliers
hihflying,ˈhaɪˌflaɪɪŋ,highflying
hihland,ˈhaɪlənd,highland
hihlander,ˈhaɪˌlændɚ,highlander
hihlanders,ˈhaɪˌlændɚz,highlanders
hihlands,ˈhaɪləndz,highlands
hihliht,ˈhaɪˌlaɪt,highlight
hihlihted,ˈhaɪˌlaɪtɪd,highlighted
hihlihting,ˈhaɪˌlaɪtɪŋ,highlighting
hihly,ˈhaɪliː,highly
hihman,ˈhaɪmən,highman
hihness,ˈhaɪnəs,highness
hihschool,ˈhaɪˌskuːl,highschool
hihschools,ˈhaɪˌskuːlz,highschools
hihten,ˈhaɪtən,heighten
hihtening,ˈhaɪtənɪŋ,heightening
hihway,ˈhaɪˌweɪ,highway
hihways,ˈhaɪˌweɪz,highways
hithertu,ˈhɪˌðɝˌtuː,hitherto
hoeduwn,ˈhoʊˌdaʊn,hoedown
homebilder,ˈhoʊmˌbɪldɚ,homebuilder
homebilders,ˈhoʊmˌbɪldɚz,homebuilders
homebilding,ˈhoʊmˌbɪldɪŋ,homebuilding
homestedd,ˈhoʊmˌstɛd,homestead
homestedded,ˈhoʊmˌstɛdɪd,homesteaded
homestedder,ˈhoʊmstɛdɚ,homesteader
homestedders,ˈhoʊmstɛdɚz,homesteaders
hometuwn,ˈhoʊmˌtaʊn,hometown
hometuwns,ˈhoʊmˌtaʊnz,hometowns
honny,ˈhʌniː,honey
honnybee,ˈhʌniːˌbiː,honeybee
honnybees,ˈhʌniːˌbiːz,honeybees
honnycohm,ˈhʌniːˌkoʊm,honeycomb
honnydew,ˈhʌniːˌduː,honeydew
honnymoon,ˈhʌniːˌmuːn,honeymoon
honnymooner,ˈhʌniːˌmuːnɚ,honeymooner
honnymooners,ˈhʌniːˌmuːnɚz,honeymooners
honnysuckle,ˈhʌniːˌsʌkəl,honeysuckle
honnysuckles,ˈhʌniːˌsʌkəlz,honeysuckles
honqho,ˈhɔntʃoʊ,honcho
hoodunit,huːˈdʌnɪt,whodunit
hoodunits,huːˈdʌnɪts,whodunits
hooever,huːˈɛvɚ,whoever
hoomever,huːˈmɛvɚ,whomever
hoomsoever,ˌhuːmsoʊˈɛvɚ,whomsoever
hooqhie,ˈhuːtʃiː,hoochie
hoosoever,ˌhuːsoʊˈɛvɚ,whosoever
horsehedd,ˈhɔɹsˌhɛd,horsehead
horsepuwer,ˈhɔɹˌspaʊɚ,horsepower
horseshue,ˈhɔɹsˌʃuː,horseshoe
houseghest,ˈhaʊsɡɛst,houseguest
houseghests,ˈhaʊsɡɛsts,houseguests
housewriht,ˈhaʊsˌɹaɪt,housewright
houzing,ˈhaʊzɪŋ,housing
humankynd,ˈhjuːmənˌkaɪnd,humankind
hundredweiht,ˈhʌndɹəˌdweɪt,hundredweight
hunqhback,ˈhʌntʃˌbæk,hunchback
hussle,ˈhʌsəl,hustle
hussled,ˈhʌsəld,hustled
hussler,ˈhʌsəlɚ,hustler
husslers,ˈhʌsəlɚz,hustlers
hussling,ˈhʌsəlɪŋ,hustling
huwdy,ˈhaʊdiː,howdy
huwever,ˌhaʊˈɛvɚ,however
huwitzer,ˈhaʊətsɚ,howitzer
huwitzers,ˈhaʊətsɚz,howitzers
huwler,ˈhaʊlɚ,howler
huwling,ˈhaʊlɪŋ,howling
hydropuwer,ˈhaɪdɹoʊˌpaʊɹ,hydropower
hyndquarter,ˈhaɪndˌkwɔɹtɚ,hindquarter
hyndquarters,ˈhaɪndˌkwɔɹtɚz,hindquarters
hyndsiht,ˈhaɪndˌsaɪt,hindsight
hyperactiv,ˌhaɪpɚˈæktɪv,hyperactive
hypersensitiv,ˌhaɪpɚˈsɛnsɪtɪv,hypersensitive
hypertensiv,ˌhaɪpɚˈtɛnsɪv,hypertensive
hypocrit,ˈhɪpəˌkɹɪt,hypocrite
hypocrits,ˈhɪpəˌkɹɪts,hypocrites
icebraeker,ˈaɪsˌbɹeɪkɚ,icebreaker
icebraekers,ˈaɪsˌbɹeɪkɚz,icebreakers
ihland,ˈaɪlənd,island
ihlander,ˈaɪləndɚ,islander
ihlanders,ˈaɪləndɚz,islanders
ihlet,ˈaɪlɪt,islet
ihlets,ˈaɪlɪts,islets
illiterat,ɪˈlɪtɚət,illiterate
illiterats,ˌɪˈlɪtɚəts,illiterates
illusiv,ɪˈluːsɪv,illusive
illustrativ,ɪˈlʌstɹətɪv,illustrative
imagin,ɪˈmædʒən,imagine
imaginativ,ɪˈmædʒənətɪv,imaginative
imaginativly,ɪˈmædʒənətɪvliː,imaginatively
imitativ,ˈɪməˌteɪtɪv,imitative
immaculat,ɪˈmækjuːlɪts,immaculate
immaculatly,ɪˈmækjələtliː,immaculately
immediat,ɪˈmiːdiːət,immediate
immediatly,ɪˈmiːdiːətliː,immediately
immesurable,ɪˈmɛʒɚˌæbəl,immeasurable
immesurably,ɪˈmɛʒɚˌæbliː,immeasurably
immoovable,ɪˈmuːvəbəl,immovable
impassiv,ɪmˈpæsɪv,impassive
impassivly,ɪmˈpæsɪvliː,impassively
impeaqh,ɪmˈpiːtʃ,impeach
impeaqhable,ɪmˈpiːtʃəbəl,impeachable
impeaqhing,ɪmˈpiːtʃɪŋ,impeaching
impeaqhment,ɪmˈpiːtʃmənt,impeachment
impeaqhments,ɪmˈpiːtʃmənts,impeachments
imperativ,ɪmˈpɛɹətɪv,imperative
imperativs,ɪmˈpɛɹətɪvz,imperatives
impressiv,ɪmˈpɹɛsɪv,impressive
impressivly,ɪmˈpɹɛsɪvliː,impressively
improov,ɪmˈpɹuːv,improve
improoving,ɪmˈpɹuːvɪŋ,improving
improovment,ɪmˈpɹuːvmənt,improvement
improovments,ɪmˈpɹuːvmənts,improvements
impulsiv,ɪmˈpʌlsɪv,impulsive
impulsivly,ɪmˈpʌlsɪvliː,impulsively
inaccurat,ɪˈnækjɚət,inaccurate
inaccuratly,ɪˈnækjɚətliː,inaccurately
inactiv,ɪˈnæktɪv,inactive
inadequat,ɪˈnædəkwət,inadequate
inadequatly,ɪˈnædəkwətliː,inadequately
inanimat,ɪˈnænəmət,inanimate
inappropriat,ˌɪnəˈpɹoʊpɹiːɪt,inappropriate
inappropriatly,ɪnəˈpɹɑpɹiːətliː,inappropriately
inarticulat,ɪnɑɹˈtɪkjələt,inarticulate
inasmuqh,ɪˈnæsmək,inasmuch
inattentiv,ˌɪnəˈtɛntɪv,inattentive
incentiv,ɪnˈsɛntɪv,incentive
incentivs,ɪnˈsɛntɪvz,incentives
incisiv,ɪnˈsaɪsɪv,incisive
inclusiv,ɪnˈkluːsɪv,inclusive
inclusivness,ɪnˈkluːsɪvnɪs,inclusiveness
incom,ˈɪnˌkʌm,income
incoms,ˈɪnˌkʌmz,incomes
inconclusiv,ɪnkənˈkluːsɪv,inconclusive
inconclusivly,ɪŋˈkɑnkluːsɪvliː,inconclusively
indecisiv,ˌɪndɪˈsaɪsɪv,indecisive
indecisivness,ɪnˈdɛsɪsɪvnəs,indecisiveness
indefinit,ɪnˈdɛfənət,indefinite
indefinitly,ɪnˈdɛfənətliː,indefinitely
indelicat,ɪnˈdɛlɪkət,indelicate
indeterminat,ˌɪndɪˈtɝmɪnɪt,indeterminate
indetted,ɪnˈdɛtəd,indebted
indettedness,ɪnˈdɛtɪdnɪs,indebtedness
indicativ,ɪnˈdɪkətɪv,indicative
indiscriminat,ɪndɪˈskɹɪmənət,indiscriminate
indiscriminatly,ˌɪndɪˈskɹɪmənətliː,indiscriminately
indorr,ˈɪnˌdɔɹ,indoor
indorrs,ˈɪnˌdɔɹz,indoors
ineffectiv,ɪnɪˈfɛktɪv,ineffective
ineffectivness,ˌɪnəˈfɛktɪvnəs,ineffectiveness
inexpensiv,ˌɪnɪkˈspɛnsɪv,inexpensive
inexpensivly,ˌɪnəkˈspɛnsɪvliː,inexpensively
infectiv,ɪnˈfɛktɪv,infective
infihting,ˈɪnˌfaɪtɪŋ,infighting
infinit,ˈɪnfənət,infinite
infinitiv,ɪnˈfɪnɪtɪv,infinitive
infinitly,ˈɪnfənətliː,infinitely
infliht,ˈɪnˌflaɪt,inflight
informativ,ɪnˈfɔɹmətɪv,informative
infuze,ɪnˈfjuːz,infuse
infuzed,ɪnˈfjuːzd,infused
infuzing,ɪnˈfjuːzɪŋ,infusing
initiativ,ɪˈnɪʃətɪv,initiative
initiativs,ɪˈnɪʃətɪvz,initiatives
injunctiv,ɪnˈdʒʌŋktɪv,injunctive
injur,ˈɪndʒɚ,injure
innermoste,ˈɪnɚˌmoʊst,innermost
innominat,ɪˈnɑmənət,innominate
innovativ,ˈɪnəˌveɪtɪv,innovative
inoffensiv,ɪnəˈfɛnsɪv,inoffensive
inoperativ,ɪˈnɑpɚətɪv,inoperative
inordinat,ɪˈnɔɹdənɪt,inordinate
inordinatly,ɪˈnɔɹdənətliː,inordinately
inqhing,ˈɪntʃɪŋ,inching
inquisitiv,ɪnˈkwɪzɪtɪv,inquisitive
insensitiv,ɪnˈsɛnsətɪv,insensitive
insiht,ˈɪnˌsaɪt,insight
insihtful,ˈɪnˌsaɪtfəl,insightful
insihts,ˈɪnˌsaɪts,insights
inspectorat,ɪnˈspɛktɚət,inspectorate
instedd,ɪnˈstɛd,instead
instinctiv,ɪnˈstɪŋktɪv,instinctive
instinctivly,ɪnˈstɪŋktɪvliː,instinctively
instructiv,ɪnˈstɹʌktɪv,instructive
insubordinat,ɪnsəˈbɔɹdəˌneɪt,insubordinate
intemperat,ɪnˈtɛmpɚət,intemperate
intensiv,ɪnˈtɛnsɪv,intensive
intensivly,ɪnˈtɛnsɪvliː,intensively
interactiv,ˌɪntɚˈæktɪv,interactive
intercollegiat,ˌɪntɚkəˈliːdʒət,intercollegiate
intercorse,ˈɪntɚˌkɔɹs,intercourse
interleav,ˌɪntɚˈliːv,interleave
intermountan,ɪntɚˈmaʊntɪn,intermountain
interpretiv,ɪnˈtɝpɹətɪv,interpretive
interqhange,ˌɪntɚˈtʃeɪndʒ,interchange
interqhangeable,ˌɪntɚˈtʃeɪndʒəbəl,interchangeable
interqhangeably,ˌɪntɚˈtʃeɪndʒəbliː,interchangeably
interscolastic,ˌɪntɚskəˈlæstɪk,interscholastic
interweav,ˌɪntɚˈwiːv,interweave
intestin,ɪnˈtɛstən,intestine
intestins,ɪnˈtɛstənz,intestines
intimatly,ˈɪntəmətliː,intimately
intricat,ˈɪntɹəkət,intricate
intricatly,ˈɪntɹəkətliː,intricately
intrighe,ɪnˈtɹiːɡ,intrigue
intrighed,ˈɪntɹiːɡd,intrigued
intrighing,ɪnˈtɹiːɡɪŋ,intriguing
intrighingly,ɪnˈtɹiːɡɪŋliː,intriguingly
introspectiv,ˌɪntɹəˈspɛktɪv,introspective
intrusiv,ɪnˈtɹuːsɪv,intrusive
intrusivness,ɪnˈtɹuːsɪvnɛs,intrusiveness
intu,ɪnˈtuː,into
intuitiv,ɪnˈtuːətɪv,intuitive
intuitivly,ɪnˈtuːɪtɪvliː,intuitively
invasiv,ɪnˈveɪsɪv,invasive
invectiv,ɪnˈvɛktɪv,invective
inventiv,ɪnˈvɛntɪv,inventive
inventivness,ɪnˈvɛntɪvnəs,inventiveness
invertebrat,ˌɪnˈvɝtəbɹət,invertebrate
invertebrats,ɪnˈvɝtəbɹəts,invertebrates
investigativ,ɪnˈvɛstəˌɡeɪtɪv,investigative
inveterat,ɪnˈvɛtɚət,inveterate
inviolat,ɪnˈvaɪəlɪt,inviolate
involv,ɪnˈvɑlv,involve
involvd,ɪnˈvɑlvd,involved
involvment,ɪnˈvɑlvmənt,involvement
involvments,ɪnˈvɑlvmənts,involvements
irksom,ˈɝksəm,irksome
irrespectiv,ɪɹəˈspɛktɪv,irrespective
iterativ,ˈɪtɚˌeɪtɪv,iterative
iyeball,ˈaɪˌbɔl,eyeball
iyebruw,ˈaɪˌbɹaʊ,eyebrow
iyebruws,ˈaɪˌbɹaʊz,eyebrows
iyedropper,ˈaɪˌdɹɑpɚ,eyedropper
iyedrops,ˈaɪˌdɹɑps,eyedrops
iyeglass,ˈaɪˌɡlæs,eyeglass
iyeglasses,ˈaɪˌɡlæsəz,eyeglasses
iyeing,ˈaɪɪŋ,eyeing
iyelash,ˈaɪˌlæʃ,eyelash
iyelashes,ˈaɪˌlæʃɪz,eyelashes
iyeless,ˈaɪləs,eyeless
iyelet,ˈaɪlət,eyelet
iyelid,ˈaɪˌlɪd,eyelid
iyelids,ˈaɪˌlɪdz,eyelids
iyelike,ˈaɪˌlaɪk,eyelike
iyeliner,ˈaɪˌlaɪnɚ,eyeliner
iyepiece,ˈaɪˌpiːs,eyepiece
iyer,ˈaɪɚ,eyer
iyeshade,ˈaɪˌʃeɪd,eyeshade
iyesiht,ˈaɪˌsaɪt,eyesight
iyesore,ˈaɪˌsɔɹ,eyesore
iyespot,ˈaɪˌspɑt,eyespot
iyestone,ˈaɪˌstoʊn,eyestone
iyestrain,ˈaɪˌstɹeɪn,eyestrain
iyewaer,ˈaɪˌwɛɹ,eyewear
iyewitness,ˈaɪˌwɪtnəs,eyewitness
iyewitnesses,ˈaɪˌwɪtnəsɪz,eyewitnesses
jaywahk,ˈdʒeɪˌwɔk,jaywalk
jaywahking,ˈdʒeɪˌwɔkɪŋ,jaywalking
jelous,ˈdʒɛləs,jealous
jelousies,ˈdʒɛləsiːz,jealousies
jelously,ˈdʒɛləsliː,jealously
jelousness,ˈdʒɛləsnɪs,jealousness
jelousy,ˈdʒɛləsiː,jealousy
jeppardize,ˈdʒɛpɚˌdaɪz,jeopardize
jeppardized,ˈdʒɛpɚˌdaɪzd,jeopardized
jeppardizing,ˈdʒɛpɚˌdaɪzɪŋ,jeopardizing
jeppardy,ˈdʒɛpɚdiː,jeopardy
jossle,ˈdʒɑsəl,jostle
jossled,ˈdʒɑsəld,jostled
jossling,ˈdʒɑsəlɪŋ,jostling
jucier,dʒuːˈɪsjɚ,juicier
juciest,ˈdʒuːsiːəst,juiciest
jucy,ˈdʒuːsiː,juicy
judgment,ˈdʒʌdʒmənt,judgement
judgments,ˈdʒʌdʒmənts,judgements
jumpsuht,ˈdʒʌmpˌsuːt,jumpsuit
jumpsuhts,ˈdʒʌmpˌsuːts,jumpsuits
jurnal,ˈdʒɝnəl,journal
jurnalese,ˌdʒɝnəˈliːz,journalese
jurnalism,ˈdʒɝnəˌlɪzəm,journalism
jurnalist,ˈdʒɝnələst,journalist
jurnalistic,ˌdʒɝnəˈlɪstɪk,journalistic
jurnalistically,ˌdʒɝnəˈlɪstɪkəliː,journalistically
jurnalists,ˈdʒɝnələsts,journalists
jurney,ˈdʒɝniː,journey
jurneying,ˈdʒɝniːɪŋ,journeying
jurneyman,ˈdʒɝniːˌmæn,journeyman
juwly,ˈdʒaʊliː,jowly
kafkaesq,ˈkɑfkəˌɛsk,kafkaesque
keester,ˈkiːɪstɚ,keister
kerqher,ˈkɝkɚ,kercher
kerqhif,ˈkɝtʃəf,kerchief
kerqhifs,ˈkɝtʃəfs,kerchiefs
kimqhee,ˈkɪmtʃiː,kimchee
kimqhi,ˈkɪmtʃiː,kimchi
knihted,ˈnaɪtɪd,knighted
knihthood,ˈnaɪtˌhʊd,knighthood
knihtly,ˈnaɪtliː,knightly
knitwaer,ˈnɪˌtwɛɹ,knitwear
knockduwn,ˈnɑkˌdaʊn,knockdown
knoledge,ˈnɑlədʒ,knowledge
knoledgeable,ˈnɑlədʒəbəl,knowledgeable
knoledgeably,ˈnɑlɪdʒəbliː,knowledgeably
kuwtuw,ˈkaʊˌtaʊ,kowtow
kynda,ˈkɪndə,kinda
kynder,ˈkaɪndɚ,kinder
kyndest,ˈkaɪndəst,kindest
kyndly,ˈkaɪndliː,kindly
kyndness,ˈkaɪndnəs,kindness
lacqer,ˈlækɚ,lacquer
laffable,ˈlæfəbəl,laughable
laffer,ˈlɑkɚ,laugher
laffing,ˈlæfɪŋ,laughing
laffingly,ˈlæfɪŋliː,laughingly
laffingstock,ˈlæfɪŋˌstɑk,laughingstock
laffter,ˈlæftɚ,laughter
lammie,ˈlæmbiː,lambie
lamming,ˈlæmɪŋ,lambing
lammy,ˈlæmbiː,lamby
lamplihter,ˈlæmˌplaɪtɚ,lamplighter
lamplihters,ˈlæmˌplaɪtɚz,lamplighters
lampposte,ˈlæmpˌpoʊst,lamppost
lamppostes,ˈlæmpˌpoʊsts,lampposts
lanceolat,ˈlænsiːəˌleɪt,lanceolate
launqher,ˈlɔntʃɚ,launcher
launqhers,ˈlɔntʃɚz,launchers
launqhing,ˈlɔntʃɪŋ,launching
lawbraeker,ˈlɔˌbɹeɪkɚ,lawbreaker
lawbraekers,ˈlɔˌbɹeɪkɚz,lawbreakers
lawbraeking,ˈlɔˌbɹeɪkɪŋ,lawbreaking
lawsuht,ˈlɔˌsuːt,lawsuit
lawsuhts,ˈlɔˌsuːts,lawsuits
laxativ,ˈlæksətɪv,laxative
laxativs,ˈlæksətɪvz,laxatives
laypeeple,leɪˈpiːpəl,laypeople
leagher,ˈliːɡɚ,leaguer
leaqhing,ˈliːtʃɪŋ,leaching
ledded,ˈlɛdɪd,leaded
ledden,ˈlɛdən,leaden
leddwork,ˈlɛˌdwɝk,leadwork
leester,ˈliːstɚ,leister
legislativ,ˈlɛdʒəˌsleɪtɪv,legislative
legislativly,ˈlɛdʒɪˌsleɪtɪvliː,legislatively
legitimatly,ləˈdʒɪtəmətliː,legitimately
leppard,ˈlɛpɚd,leopard
leppards,ˈlɛpɚdz,leopards
leqher,ˈlɛtʃɚ,lecher
leqherous,ˈlɛtʃɚəs,lecherous
lerner,ˈlɝnɚ,learner
lerners,ˈlɝnɚz,learners
lerning,ˈlɝnɪŋ,learning
lesure,ˈlɛʒɚ,leisure
lesurely,ˈliːzɚliː,leisurely
letduwn,ˈlɛtˌdaʊn,letdown
lether,ˈlɛðɚ,leather
letherback,ˈlɛðɚˌbæk,leatherback
letherbacks,ˈlɛðɚˌbæks,leatherbacks
lethers,ˈlɛðɚz,leathers
letherwood,ˈlɛðɚˌwʊd,leatherwood
lethery,ˈlɛðɚiː,leathery
letterhedd,ˈlɛtɚˌhɛd,letterhead
leven,ˈlɛvən,leaven
levening,ˈlɛvənɪŋ,leavening
lifebludd,ˈlaɪfˌblʌd,lifeblood
lifegard,ˈlaɪfˌɡɑɹd,lifeguard
lifegards,ˈlaɪfˌɡɑɹdz,lifeguards
lihle,ˈlaɪəl,lisle
lihtbulb,ˈlaɪtˌbʌlb,lightbulb
lihtbulbs,ˈlaɪtˌbʌlbz,lightbulbs
lihted,ˈlaɪtəd,lighted
lihten,ˈlaɪtən,lighten
lihtening,ˈlaɪtənɪŋ,lightening
lihter,ˈlaɪtɚ,lighter
lihtest,ˈlaɪtəst,lightest
lihtfast,ˈlaɪtˌfæst,lightfast
lihtfastness,ˈlaɪtˌfæstnəs,lightfastness
lihtfoot,ˈlaɪtˌfʊt,lightfoot
lihtharted,ˈlaɪtˌhɑɹtɪd,lighthearted
lihthedded,ˌlaɪtˈhɛdəd,lightheaded
lihtheddedness,ˈlaɪtˌhɛdədnəs,lightheadedness
lihthouse,ˈlaɪtˌhaʊs,lighthouse
lihthouses,ˈlaɪtˌhaʊsɪz,lighthouses
lihting,ˈlaɪtɪŋ,lighting
lihtly,ˈlaɪtliː,lightly
lihtness,ˈlaɪtnəs,lightness
lihtning,ˈlaɪtnɪŋ,lightning
lihtnings,ˈlaɪtnɪŋz,lightnings
lihtship,ˈlaɪtˌʃɪp,lightship
lihtships,ˈlaɪtˌʃɪps,lightships
lihtweiht,ˈlaɪˌtweɪt,lightweight
lihty,ˈlaɪtiː,lighty
limeliht,ˈlaɪmˌlaɪt,limelight
limmless,ˈlɪmləs,limbless
linqhpin,ˈlɪntʃˌpɪn,linchpin
lionhart,ˈlaɪənˌhɑɹt,lionheart
liqeur,lɪˈkɝ,liqueur
liqeurs,lɪˈkɝz,liqueurs
liqor,ˈlɪkɚ,liquor
lissen,ˈlɪsən,listen
lissener,ˈlɪsənɚ,listener
lisseners,ˈlɪsənɚz,listeners
lissening,ˈlɪsənɪŋ,listening
literat,ˈlɪtɚət,literate
loathsom,ˈloʊðsəm,loathsome
lockduwn,ˈlɑkˌdaʊn,lockdown
locomotiv,ˌloʊkəˈmoʊtɪv,locomotive
locomotivs,ˌloʊkəˈmoʊtɪvz,locomotives
loggerhedd,ˈlɑɡɚˌhɛd,loggerhead
loggerhedds,ˈlɑɡɚˌhɛdz,loggerheads
lonesom,ˈloʊnsəm,lonesome
loover,ˈluːvɹə,louvre
lovless,ˈlʌvləs,loveless
lovly,ˈlʌvliː,lovely
lovmaking,ˈlʌvmeɪkɪŋ,lovemaking
lowduwn,ˈloʊˌdaʊn,lowdown
lucrativ,ˈluːkɹətɪv,lucrative
lunqhing,ˈlʌntʃɪŋ,lunching
lunqhon,ˈlʌntʃən,luncheon
lunqhonette,ˌlʌntʃɪˈnɛt,luncheonette
lunqhonettes,ˌlʌntʃɪˈnɛts,luncheonettes
lunqhons,ˈlʌntʃənz,luncheons
lunqhroom,ˈlʌntʃˌɹuːm,lunchroom
lunqhrooms,ˈlʌntʃˌɹuːmz,lunchrooms
lunqhtime,ˈlʌntʃˌtaɪm,lunchtime
lurqhing,ˈlɝtʃɪŋ,lurching
luser,ˈluːzɚ,loser
lusers,ˈluːzɚz,losers
lusing,ˈluːzɪŋ,losing
luster,ˈlʌstɚ,lustre
luwery,ˈlaʊɚiː,lowery
lynqhing,ˈlɪntʃɪŋ,lynching
lynqhings,ˈlɪntʃɪŋz,lynchings
macaqs,məˈkɑks,macaques
malnurrish,mælˈnɝɪʃ,malnourish
manipulativ,məˈnɪpjəˌleɪtɪv,manipulative
mankynd,ˈmænˌkaɪnd,mankind
mannekin,ˈmænəkɪn,mannequin
mannekins,ˈmænəkɪnz,mannequins
manpuwer,ˈmænˌpaʊɚ,manpower
manqhu,ˈmæntʃuː,manchu
manqhuria,mænˈtʃʊɹiːə,manchuria
manslauhter,ˈmænˌslɔtɚ,manslaughter
maqhismo,məˈtʃɪzmoʊ,machismo
maqho,ˈmɑtʃoʊ,macho
maqiladora,ˌmækwɪˈlædɚə,maquiladora
maqiladoras,mæˌkiːjəˈdɔɹəs,maquiladoras
marabu,ˈmɛɹəˌbuː,marabou
margherite,ˌmɑɹɡɚˈiːt,marguerite
mariaqhi,ˌmɑɹiːˈɑtʃiː,mariachi
markduwn,ˈmɑɹkˌdaʊn,markdown
markduwns,ˈmɑɹkˌdaʊnz,markdowns
marqee,mɑɹˈkiː,marquee
marqher,ˈmɑɹtʃɚ,marcher
marqhers,ˈmɑɹtʃɚz,marchers
marqhing,ˈmɑɹtʃɪŋ,marching
masculin,ˈmæskjələn,masculine
masqerade,ˌmæskɚˈeɪd,masquerade
masqerading,ˌmæskɚˈeɪdɪŋ,masquerading
massiv,ˈmæsɪv,massive
massivly,ˈmæsɪvliː,massively
mastermynd,ˈmæstɚˌmaɪnd,mastermind
mastermynded,ˈmæstɚˌmaɪndɪd,masterminded
mastermynding,ˈmæstɚˌmaɪndɪŋ,masterminding
masthedd,ˈmæstˌhɛd,masthead
mayfluwer,ˈmeɪˌflaʊɚ,mayflower
meddlesom,ˈmɛdəlsəm,meddlesome
meddow,ˈmɛˌdoʊ,meadow
meddowland,ˈmɛdoʊˌlænd,meadowland
meddowlands,ˈmɛdoʊˌlændz,meadowlands
meddowlark,ˈmɛdoʊˌlɑɹk,meadowlark
meddows,ˈmɛˌdoʊz,meadows
medicin,ˈmɛdəsən,medicine
medicins,ˈmɛdəsənz,medicines
meditativ,ˈmɛdəˌteɪtɪv,meditative
megadeth,ˈmɛɡəˌdɛθ,megadeath
meltduwn,ˈmɛltˌdaʊn,meltdown
menswaer,ˈmɛnzˌweɪɹ,menswear
merenghe,mɚˈeɪŋ,merengue
merqhandise,ˈmɝtʃənˌdaɪz,merchandise
merqhandiser,ˈmɝtʃənˌdaɪzɚ,merchandiser
merqhandisers,ˈmɝtʃənˌdaɪzɚz,merchandisers
merqhandising,ˈmɝtʃənˌdaɪzɪŋ,merchandising
merqhant,ˈmɝtʃənt,merchant
merqhantmen,ˈmɝtʃəntmɪn,merchantmen
mesqite,ˈmɛˌskiːt,mesquite
mesurable,ˈmɛʒɚəbəl,measurable
mesurably,ˈmɛʒɚəbliː,measurably
mesure,ˈmɛʒɚ,measure
mesured,ˈmɛʒɚd,measured
mesurement,ˈmɛʒɚmənt,measurement
mesurements,ˈmɛʒɚmənts,measurements
mesuring,ˈmɛʒɚɪŋ,measuring
meuw,miːˈaʊ,meow
microclimat,ˈmaɪkɹoʊˌklaɪmət,microclimate
microclimats,ˈmaɪkɹoʊˌklaɪməts,microclimates
microqhip,ˈmaɪˌkɹoʊˌtʃɪp,microchip
microqhips,ˈmaɪˌkɹoʊˌtʃɪps,microchips
midcorse,ˈmɪdˌkɔɹs,midcourse
middleweiht,ˈmɪdəlˌweɪt,middleweight
midniht,ˈmɪdˌnaɪt,midnight
midtuwn,ˈmɪdˌtaʊn,midtown
mihtier,ˈmaɪtiːɚ,mightier
mihtiest,ˈmaɪtiːəst,mightiest
mihtily,ˈmaɪtəliː,mightily
mihty,ˈmaɪtiː,mighty
minutman,ˈmɪnətˌmæn,minuteman
minutmen,ˈmɪnətˌmɛn,minutemen
misconceev,mɪskənˈsiːv,misconceive
misconceeving,mɪskənˈsiːvɪŋ,misconceiving
misghide,mɪsˈɡaɪd,misguide
misghided,mɪsˈɡaɪdɪd,misguided
misgiv,mɪsˈɡɪv,misgive
misherdd,ˌmɪsˈhɝd,misheard
misperceev,mɪspɚˈsiːv,misperceive
misqharge,mɪsˈtʃɑɹdʒ,mischarge
misqharged,mɪsˈtʃɑɹdʒd,mischarged
misqharging,mɪsˈtʃɑɹdʒɪŋ,mischarging
misqhif,ˈmɪstʃəf,mischief
misqhivous,ˈmɪstʃəvəs,mischievous
missiv,ˈmɪsɪv,missive
misuzed,mɪˈsjuːzd,misused
misuzing,mɪˈsjuːzɪŋ,misusing
moderatly,ˈmɑdɚətliː,moderately
monnies,ˈmʌniːz,monies
monny,ˈmʌniː,money
monnyless,ˈmʌniːlɪs,moneyless
monnymaker,ˈmʌniːˌmeɪkɚ,moneymaker
monnymakers,ˈmʌniːˌmeɪkɚz,moneymakers
monnymaking,ˈmʌniːˌmeɪkɪŋ,moneymaking
moonliht,ˈmuːnˌlaɪt,moonlight
moonlihting,ˈmuːnˌlaɪtɪŋ,moonlighting
mooton,ˈmuːtɔn,mouton
moovable,ˈmuːvəbəl,movable
moover,ˈmuːvɚ,mover
moovers,ˈmuːvɚz,movers
moovie,ˈmuːviː,movie
mooviegoer,ˈmuːˌviːˌɡoʊɚ,moviegoer
mooviegoers,ˈmuːˌviːˌɡoʊɚz,moviegoers
mooviegoing,ˈmuːˌviːˌɡoʊɪŋ,moviegoing
mooviemaker,ˈmuːˌviːˌmeɪkɚ,moviemaker
mooviemakers,ˈmuːˌviːˌmeɪkɚz,moviemakers
mooviemaking,ˈmuːˌviːˌmeɪkɪŋ,moviemaking
moovies,ˈmuːviːz,movies
mooving,ˈmuːvɪŋ,moving
moovingly,ˈmuːvɪŋliː,movingly
moovment,ˈmuːvmənt,movement
moovments,ˈmuːvmənts,movements
morgage,ˈmɔɹɡədʒ,mortgage
morgaged,ˈmɔɹɡɪdʒd,mortgaged
morgaging,ˈmɔɹɡɪdʒɪŋ,mortgaging
morrner,ˈmɔɹnɚ,mourner
morrners,ˈmɔɹnɚz,mourners
morrnful,ˈmɔɹnfəl,mournful
morrning,ˈmɔɹnɪŋ,mourning
mosqito,məˈskiːtoʊ,mosquito
mosqitoes,məˈskiːtoʊz,mosquitoes
mosqitos,məˈskiːtoʊz,mosquitos
mostely,ˈmoʊstliː,mostly
motiv,ˈmoʊtɪv,motive
mountan,ˈmaʊntən,mountain
mountaneer,ˈmaʊntɪˌnɪɹ,mountaineer
mountaneering,ˈmaʊntɪˌnɪɹɪŋ,mountaineering
mountanous,ˈmaʊntənəs,mountainous
mountans,ˈmaʊntənz,mountains
mountanside,ˈmaʊntənˌsaɪd,mountainside
mountansides,ˈmaʊntənˌsaɪdz,mountainsides
mountantop,ˈmaʊntənˌtɑp,mountaintop
mountantops,ˈmaʊntənˌtɑps,mountaintops
muddlehedded,ˈmʌdəlˌhɛdəd,muddleheaded
mulin,muːˈlæn,moulin
mulqhing,ˈmʌltʃɪŋ,mulching
multipurpos,ˌmʌltiːˈpɝpəs,multipurpose
munqhies,ˈmʌnˌtʃiːz,munchies
munqhing,ˈmʌntʃɪŋ,munching
mustash,ˈmʌˌstæʃ,moustache
mylder,ˈmaɪldɚ,milder
myldest,ˈmaɪldəst,mildest
myldly,ˈmaɪldliː,mildly
myndboggling,ˈmaɪndˌbɔɡlɪŋ,mindboggling
mynded,ˈmaɪndəd,minded
myndedness,ˈmaɪndɪdnəs,mindedness
mynder,ˈmaɪndɚ,minder
myndful,ˈmaɪndfəl,mindful
myndfully,ˈmaɪndfəliː,mindfully
mynding,ˈmaɪndɪŋ,minding
myndless,ˈmaɪndləs,mindless
myndlessly,ˈmaɪndləsliː,mindlessly
myndset,ˈmaɪndˌsɛt,mindset
myndsets,ˈmaɪndˌsɛts,mindsets
mystiqe,mɪˈstiːk,mystique
naiiv,ˌnaɪˈiːv,naive
naiiveteh,nɑˌiːvəˈteɪ,naivete
naiivly,nɑˈiːvliː,naively
naqho,ˈnætʃoʊ,nacho
naqhos,ˈnɑtʃoʊz,nachos
narrativ,ˈnæɹətɪv,narrative
narrativs,ˈnæɹətɪvz,narratives
nativ,ˈneɪtɪv,native
nativs,ˈneɪtɪvz,natives
nauhty,ˈnɔtiː,naughty
nearsihted,ˈniːɹˌsaɪtɪd,nearsighted
nearsihtedness,ˈniːɹˌsaɪtɪdnəs,nearsightedness
neckwaer,ˈnɛˌkwɛɹ,neckwear
negativ,ˈnɛɡətɪv,negative
negativly,ˈnɛɡətɪvliː,negatively
neihbor,ˈneɪbɚ,neighbor
neihborhood,ˈneɪbɚˌhʊd,neighborhood
neihborhoods,ˈneɪbɚˌhʊdz,neighborhoods
neihboring,ˈneɪbɚɪŋ,neighboring
neihborly,ˈneɪbɚliː,neighborly
neoconservativ,ˌniːoʊkənˈsɝvətɪv,neoconservative
neoconservativs,ˌniːoʊkənˈsɝvətɪvz,neoconservatives
nettlesom,ˈnɛtəlsəm,nettlesome
neurosurjen,ˈnʊɹoʊˌsɝdʒən,neurosurgeon
neurosurjens,ˈnʊɹoʊˌsɝdʒənz,neurosurgeons
neves,niːˈɛvɛs,nieves
newcom,ˈnuːkəm,newcome
newspeeple,ˈnuːzpiːpəl,newspeople
newswimen,ˈnuːzwɪmən,newswomen
nihtclub,ˈnaɪtˌklʌb,nightclub
nihtfall,ˈnaɪtˌfɔl,nightfall
nihthawk,ˈnaɪtˌhɔk,nighthawk
nihthawks,ˈnaɪtˌhɔks,nighthawks
nihtingale,ˈnaɪtɪŋɡeɪl,nightingale
nihtlife,ˈnaɪtˌlaɪf,nightlife
nihtly,ˈnaɪtliː,nightly
nihtmare,ˈnaɪtˌmɛɹ,nightmare
nihtmares,ˈnaɪtˌmɛɹz,nightmares
nihtmarish,ˈnaɪtˌmɛɹɪʃ,nightmarish
nihtshade,ˈnaɪˌtʃeɪd,nightshade
nihtshirt,ˈnaɪˌtʃɝt,nightshirt
nihtshirts,ˈnaɪˌtʃɝts,nightshirts
nihtstand,ˈnaɪtˌstænd,nightstand
nihtstands,ˈnaɪtˌstændz,nightstands
nihtstick,ˈnaɪtˌstɪk,nightstick
nihtsticks,ˈnaɪtˌstɪks,nightsticks
nihttime,ˈnaɪtˌtaɪm,nighttime
nihttimes,ˈnaɪtˌtaɪmz,nighttimes
nonautomotiv,ˌnɑˌnɔtoʊˈmoʊtɪv,nonautomotive
nonbilding,ˈnɑnˌbɪldɪŋ,nonbuilding
nonbisness,ˈnɑnˌbɪznəs,nonbusiness
nonbynding,ˈnɑnˌbaɪndɪŋ,nonbinding
noncompetitiv,ˌnɑnkəmˈpɛtətɪv,noncompetitive
noncorporat,nɑnˈkɔɹpɹət,noncorporate
noncumulativ,nɑnˈkjuːmjələtɪv,noncumulative
nonexclusiv,ˌnɑnɪkˈskluːsɪv,nonexclusive
nonexecutiv,ˈnɑnɪɡˌzɛkjətɪv,nonexecutive
nonnativ,ˈnɑˌneɪtɪv,nonnative
nonnativs,ˈnɑˌneɪtɪvz,nonnatives
nonnsuqh,ˈnʌnˌsʌtʃ,nonesuch
nonntheless,ˌnʌnðəˈlɛs,nonetheless
nonproductiv,ˌnɑnpɹəˈdʌktɪv,nonproductive
nonresponsiv,nɑnɹɪˈspɑnsɪv,nonresponsive
normativ,ˈnɔɹmətɪv,normative
northernmoste,ˈnɔɹðɚnˌmoʊst,northernmost
numming,ˈnʌmɪŋ,numbing
nummingly,ˈnʌmɪŋliː,numbingly
nummness,ˈnʌmnəs,numbness
nurrish,ˈnɝɪʃ,nourish
nurrishing,ˈnɝɪʃɪŋ,nourishing
nurrishment,ˈnɝɪʃmənt,nourishment
nutritiv,ˈnuːtɹətɪv,nutritive
nuwadays,ˈnaʊəˌdeɪz,nowadays
objectiv,əbˈdʒɛktɪv,objective
objectivly,ɑbˈdʒɛktɪvliː,objectively
objectivs,əbˈdʒɛktɪvz,objectives
obliqe,əˈbliːk,oblique
obliqely,əˈbliːkliː,obliquely
observ,əbˈzɝv,observe
obsessiv,əbˈsɛsɪv,obsessive
obsessivly,ɑbˈsɛsɪvliː,obsessively
obstinat,ˈɑbstənət,obstinate
obstructiv,əbˈstɹʌktɪv,obstructive
obtrusiv,əbˈtɹuːsɪv,obtrusive
offensiv,əˈfɛnsɪv,offensive
offensivly,əˈfɛnsɪvliː,offensively
offensivs,əˈfɛnsɪvz,offensives
oliv,ˈɑləv,olive
olivs,ˈɑlɪvz,olives
onely,ˈoʊnliː,only
onslauht,ˈɔnˌslɔt,onslaught
ontu,ˈɑntuː,onto
opaqe,oʊˈpeɪk,opaque
operativ,ˈɑpɚətɪv,operative
operativs,ˈɑpɚətɪvz,operatives
opposit,ˈɑpəzət,opposite
opposits,ˈɑpəzəts,opposites
oppressiv,əˈpɹɛsɪv,oppressive
orqhard,ˈɔɹtʃɚd,orchard
orqhards,ˈɔɹtʃɚdz,orchards
ostriqh,ˈɔstɹɪtʃ,ostrich
ostriqhes,ˈɑstɹɪtʃɪz,ostriches
ourselvs,aʊɚˈsɛlvz,ourselves
outbraek,ˈaʊtˌbɹeɪk,outbreak
outbraeks,ˈaʊtˌbɹeɪks,outbreaks
outcom,ˈaʊtˌkʌm,outcome
outcoms,ˈaʊtˌkʌmz,outcomes
outdorr,ˈaʊtˌdɔɹ,outdoor
outdorrs,ˈaʊtˌdɔɹz,outdoors
outdorrsman,ˈaʊtˌdɔɹzmən,outdoorsman
outdu,ˌaʊtˈduː,outdo
outduing,ˌaʊtˈduːɪŋ,outdoing
outdun,ˈaʊtˌdʌn,outdone
outermoste,ˈaʊtɚˌmoʊst,outermost
outerwaer,ˈaʊtɚˌwɛɹ,outerwear
outghess,ˈaʊtˌɡɛs,outguess
outghessing,ˈaʊtˌɡɛsɪŋ,outguessing
outliv,ˌaʊtˈlɪv,outlive
outporr,ˌaʊtˈpɔɹ,outpour
outporring,ˌaʊtˈpɔɹɪŋ,outpouring
outposte,ˈaʊtˌpoʊst,outpost
outpostes,ˈaʊtˌpoʊsts,outposts
outreaqh,ˈaʊˌtɹiːtʃ,outreach
outriht,ˈaʊˌtɹaɪt,outright
outsorce,ˌaʊtˈsɔɹs,outsource
outsorcing,ˌaʊtˈsɔɹsɪŋ,outsourcing
outweih,ˈaʊˌtweɪ,outweigh
outweihing,ˈaʊˌtweɪɪŋ,outweighing
overactiv,ˈoʊvɚˌæktɪv,overactive
overarqhing,ˈoʊvɚˌɑɹtʃɪŋ,overarching
overbaering,ˈoʊvɚˌbɛɹɪŋ,overbearing
overbilding,ˈoʊvɚˌbɪldɪŋ,overbuilding
overbilt,ˈoʊvɚˌbɪlt,overbuilt
overboht,ˈoʊvɚˌbɔt,overbought
overcom,ˈoʊvɚˌkʌm,overcome
overcruwd,ˌoʊvɚˈkɹaʊd,overcrowd
overcruwded,ˈoʊvɚˌkɹaʊdɪd,overcrowded
overcruwding,ˈoʊvɚˌkɹaʊdɪŋ,overcrowding
overdu,ˈoʊvɚˌduː,overdo
overduing,ˈoʊvɚˌduːɪŋ,overdoing
overdun,ˈoʊvɚˌdʌn,overdone
overfliht,ˈoʊvɚˌflaɪt,overflight
overflihts,ˈoʊvɚˌflaɪts,overflights
overhedd,ˈoʊvɚˌhɛd,overhead
overhedds,ˈoʊvɚˌhɛdz,overheads
overherdd,ˈoʊvɚˌhɝd,overheard
overniht,ˈoʊvɚˌnaɪt,overnight
overnihter,ˌoʊvɚˈnaɪtɚ,overnighter
overnihters,ˌoʊvɚˈnaɪtɚz,overnighters
overprotectiv,ˌoʊvɚpɹəˈtɛktəv,overprotective
overpuwer,ˌoʊvɚˈpaʊɚ,overpower
overpuwering,ˈoʊvɚˌpaʊɹɪŋ,overpowering
overqharge,ˈoʊvɚˌtʃɑɹdʒ,overcharge
overqharged,ˈoʊvɚˌtʃɑɹdʒd,overcharged
overqharging,ˌoʊvɚˈtʃɑɹdʒɪŋ,overcharging
overreaqh,ˈoʊvɚˌɹiːtʃ,overreach
overreaqhing,ˈoʊvɚˌɹiːtʃɪŋ,overreaching
oversensitiv,ˌoʊvɚˈsɛnsətɪv,oversensitive
oversiht,ˈoʊvɚˌsaɪt,oversight
overuzed,ˌoʊvɚˈjuːzd,overused
overuzing,ˌoʊvɚˈjuːzɪŋ,overusing
overweiht,ˌoʊvɚˈweɪt,overweight
overweihted,ˌoʊvɚˈweɪtɪd,overweighted
overwroht,ˌoʊvɚˈɹɔt,overwrought
paery,ˈpiːɹiː,peary
palliativ,ˈpæliːətɪv,palliative
palliativs,ˈpæliːətɪvz,palliatives
pantsuht,ˈpæntˌsuːt,pantsuit
pantsuhts,ˈpæntˌsuːts,pantsuits
paperweiht,ˈpeɪpɚˌweɪt,paperweight
paqhinko,pəˈtʃɪŋkoʊ,pachinko
parlement,ˈpɑɹləmənt,parliament
parlementarian,ˌpɑɹləmənˈtɛɹiːən,parliamentarian
parlementarianism,ˌpɑɹləmənˈtɛɹiːənɪzəm,parliamentarianism
parlementarians,ˌpɑɹləmɛnˈtɛɹiːənz,parliamentarians
parlementary,ˌpɑɹləˈmɛntɚiː,parliamentary
parlements,ˈpɑɹləmənts,parliaments
parqeh,pɑɹˈkeɪ,parquet
parqhment,ˈpɑɹtʃmənt,parchment
participativ,ˌpɑɹˈtɪsəpətɪv,participative
particulat,pɚˈtɪkjələt,particulate
particulats,ˌpɑɹˈtɪkjələts,particulates
passionat,ˈpæʃənət,passionate
passionatly,ˈpæʃənətliː,passionately
passiv,ˈpæsɪv,passive
passivly,ˈpæsɪvliː,passively
pathfynder,ˈpæθˌfaɪndɚ,pathfinder
paunqhy,ˈpɔntʃiː,paunchy
pavilion,pəˈvɪljən,pavillion
payqheck,ˈpeɪˌtʃɛk,paycheck
payqhecks,ˈpeɪˌtʃɛks,paychecks
peafuwl,ˈpiːˌfaʊl,peafowl
peaqher,ˈpiːtʃɚ,peacher
peaqhy,ˈpiːtʃiː,peachy
peeple,ˈpiːpəl,people
peepled,ˈpiːpəld,peopled
pejorativ,pəˈdʒɔɹətɪv,pejorative
penqhant,ˈpɛntʃənt,penchant
pensiv,ˈpɛnsɪv,pensive
penultimat,pɛˈnʌltəmət,penultimate
perceev,pɚˈsiːv,perceive
perceevd,pɚˈsiːvd,perceived
perceeving,pɚˈsiːvɪŋ,perceiving
perceptiv,pɚˈsɛptɪv,perceptive
percussiv,pɚˈkʌsəv,percussive
performativ,pɚˈfɔɹmətɪv,performative
performativs,pɚˈfɔɹmətɪvz,performatives
perjur,ˈpɝdʒɚ,perjure
perjurd,ˈpɝdʒɚd,perjured
perling,ˈpɝlɪŋ,pearling
perly,ˈpɝliː,pearly
permissiv,pɚˈmɪsɪv,permissive
permissivness,pɚˈmɪsɪvnəs,permissiveness
perqhance,pɚˈtʃæns,perchance
perquisit,ˈpɝkwəzɪt,perquisite
perquisits,ˈpɝkwəzɪts,perquisites
perspectiv,pɚˈspɛktɪv,perspective
perspectivs,pɚˈspɛktɪvz,perspectives
persuasiv,pɚˈsweɪsɪv,persuasive
persuasivly,pɚˈsweɪsɪvliː,persuasively
persuasivness,pɚˈsweɪsɪvnəs,persuasiveness
pervasiv,pɚˈveɪsɪv,pervasive
pervasivness,pɚˈveɪsɪvnɪs,pervasiveness
pesant,ˈpɛzənt,peasant
pesantry,ˈpɛzəntɹiː,peasantry
pesants,ˈpɛzənts,peasants
phesant,ˈfɛzənt,pheasant
phesants,ˈfɛzənts,pheasants
photoconductiv,ˌfoʊtoʊkənˈdʌktɪv,photoconductive
photojurnalist,ˌfoʊtoʊˈdʒɝnələst,photojournalist
physiqe,fəˈziːk,physique
picturesq,ˈpɪktʃɚəsk,picturesque
pijjen,ˈpɪdʒən,pigeon
pijjenhole,ˈpɪdʒənˌhoʊl,pigeonhole
pinqher,ˈpɪntʃɚ,pincher
pinqhers,ˈpɪntʃɚz,pinchers
pinqhing,ˈpɪntʃɪŋ,pinching
pirat,ˈpaɪɹət,pirate
piruett,ˌpɪɹuːˈɛ,pirouette
plaghing,ˈpleɪɡɪŋ,plaguing
plaintiv,ˈpleɪntɪv,plaintive
plaintivly,ˈpleɪnˌtaɪvliː,plaintively
playwriht,ˈpleɪˌɹaɪt,playwright
playwrihts,ˈpleɪˌɹaɪts,playwrights
plesant,ˈplɛzənt,pleasant
plesantly,ˈplɛzəntliː,pleasantly
plesantries,ˈplɛzəntɹiːz,pleasantries
plesantry,ˈplɛzəntɹiː,pleasantry
plesurable,ˈplɛʒɚəbəl,pleasurable
plesure,ˈplɛʒɚ,pleasure
plosiv,ˈploʊsɪv,plosive
plouhshare,ˈplaʊʃeɪɹ,ploughshare
plouhshares,ˈplaʊʃeɪɹz,ploughshares
pluwing,ˈplaʊɪŋ,plowing
pluwman,ˈplaʊmən,plowman
pluwshare,ˈplaʊˌʃeɪɹ,plowshare
pluwshares,ˈplaʊˌʃeɪɹz,plowshares
poaqher,ˈpoʊtʃɚ,poacher
poaqhers,ˈpoʊtʃɚz,poachers
poaqhing,ˈpoʊtʃɪŋ,poaching
policewimen,pəˈliːˌswɪmɛn,policewomen
polter,ˈpoʊltɚ,poulter
poltice,ˈpoʊltəs,poultice
poltry,ˈpoʊltɹiː,poultry
ponqho,ˈpɑntʃoʊ,poncho
ponqhos,ˈpɑntʃoʊz,ponchos
porpos,ˈpɔɹpəs,porpoise
porposes,ˈpɔɹpəsəz,porpoises
porqhes,ˈpɔɹtʃəz,porches
porring,ˈpɔɹɪŋ,pouring
positiv,ˈpɑzətɪv,positive
positivly,ˈpɑzətɪvliː,positively
positivs,ˈpɑzətɪvz,positives
possessiv,pəˈzɛsɪv,possessive
possessivness,pəˈzɛsɪvnəs,possessiveness
postecard,ˈpoʊstˌkɑɹd,postcard
postecards,ˈpoʊstˌkɑɹdz,postcards
postehole,ˈpoʊstˌhoʊl,posthole
posteholes,ˈpoʊstˌhoʊlz,postholes
posteman,ˈpoʊstmən,postman
postemark,ˈpoʊstˌmɑɹk,postmark
postemaster,ˈpoʊstˌmæstɚ,postmaster
postemasters,ˈpoʊstˌmæstɚz,postmasters
preaqher,ˈpɹiːtʃɚ,preacher
preaqhers,ˈpɹiːtʃɚz,preachers
preaqhing,ˈpɹiːtʃɪŋ,preaching
preaqhy,ˈpɹiːtʃiː,preachy
preconceev,ˌpɹiːkənˈsiːv,preconceive
preconceevd,ˌpɹiːkənˈsiːvd,preconceived
predestin,ˌpɹiːˈdɛstən,predestine
predetermin,ˌpɹiːdɪˈtɝmən,predetermine
predictiv,pɹɪˈdɪktɪv,predictive
preemptiv,pɹiːˈɛmptɪv,preemptive
preemptivly,pɹiːˈɛmptɪvliː,preemptively
premis,ˈpɹɛmɪs,premise
prerequisit,pɹiːˈɹɛkwəzət,prerequisite
prerequisits,pɹiːˈɹɛkwəzəts,prerequisites
prerogativ,pɹɪˈɹɑɡətɪv,prerogative
prerogativs,pɹɪˈɹɑɡətɪvz,prerogatives
preserv,pɹəˈzɝv,preserve
preservativ,pɹiːˈzɝvətɪv,preservative
preservativs,pɹəˈzɝvətɪvz,preservatives
presumptiv,pɹiːˈzʌmptɪv,presumptive
pretor,ˈpɹiːtɚ,praetor
pretorian,pɹiːˈtɔɹiːən,praetorian
preventativ,pɹiːˈvɛntətɪv,preventative
preventativs,pɹiːˈvɛntətɪvz,preventatives
preventiv,pɹɪˈvɛntɪv,preventive
primitiv,ˈpɹɪmətɪv,primitive
prittier,ˈpɹɪtiːɚ,prettier
prittiest,ˈpɹɪtiːəst,prettiest
pritty,ˈpɹɪtiː,pretty
privat,ˈpɹaɪvət,private
privatly,ˈpɹaɪvətliː,privately
privats,ˈpɹaɪvəts,privates
proactiv,ˈpɹoʊˌæktɪv,proactive
probativ,pɹoʊˈbeɪtɪv,probative
productiv,pɹəˈdʌktɪv,productive
productivly,pɹəˈdʌktɪvliː,productively
profligat,ˈpɹɔflɪˌɡeɪt,profligate
prognosticativ,ˌpɹɑɡˈnɑstəˌkeɪtɪv,prognosticative
progressiv,pɹəˈɡɹɛsɪv,progressive
progressivly,pɹɑˈɡɹɛsɪvliː,progressively
progressivs,pɹɑˈɡɹɛsɪvz,progressives
prohibitiv,pɹoʊˈhɪbətɪv,prohibitive
prohibitivly,pɹoʊˈhɪbətɪvliː,prohibitively
projectiv,pɹəˈdʒɛktɪv,projective
promis,ˈpɹɑməs,promise
proovable,ˈpɹuːvəbəl,provable
prooven,ˈpɹuːvən,proven
prooving,ˈpɹuːvɪŋ,proving
proportionatly,pɹəˈpɔɹʃənətliː,proportionately
prospectiv,pɹəˈspɛktɪv,prospective
prospectivly,pɹəˈspɛktɪvliː,prospectively
protectiv,pɹəˈtɛktɪv,protective
protectivly,pɹəˈtɛktɪvliː,protectively
protectorat,pɹəˈtɛktɚət,protectorate
provocativ,pɹoʊˈvɑkətɪv,provocative
provocativly,pɹoʊˈvɑkətɪvliː,provocatively
proximat,ˈpɹɑksəmət,proximate
pruwess,ˈpɹaʊəs,prowess
pruwler,ˈpɹaʊlɚ,prowler
pruwling,ˈpɹaʊlɪŋ,prowling
punitiv,ˈpjuːnətɪv,punitive
punqhing,ˈpʌntʃɪŋ,punching
punqhy,ˈpʌntʃiː,punchy
purpos,ˈpɝpəs,purpose
purposful,ˈpɝpəsfəl,purposeful
purposfully,ˈpɝpəsfəliː,purposefully
purposless,ˈpɝpəsləs,purposeless
purposly,ˈpɝpəsliː,purposely
purqhas,ˈpɝtʃəs,purchase
purqhaser,ˈpɝtʃəsɚ,purchaser
purqhasers,ˈpɝtʃəsɚz,purchasers
purqhasing,ˈpɝtʃəsɪŋ,purchasing
pursuht,pɚˈsuːt,pursuit
pursuhts,pɚˈsuːts,pursuits
putativ,ˈpjuːtətɪv,putative
puwder,ˈpaʊdɚ,powder
puwdering,ˈpaʊdɚɪŋ,powdering
puwdery,ˈpaʊdɚiː,powdery
puwer,ˈpaʊɚ,power
puwerboat,ˈpaʊɚˌboʊt,powerboat
puwerful,ˈpaʊɚfəl,powerful
puwerfully,ˈpaʊɚfliː,powerfully
puwerhouse,ˈpaʊɚˌhaʊs,powerhouse
puwerhouses,ˈpaʊɚˌhaʊsɪz,powerhouses
puwering,ˈpaʊɚɪŋ,powering
puwerless,ˈpaʊɚləs,powerless
puwerlessness,ˈpaʊɚləsnəs,powerlessness
puwter,ˈpaʊtɚ,powter
puwwuw,ˈpaʊˌwaʊ,powwow
qerida,kwɛˈɹiːdə,querida
qeuing,ˈkjuːɪŋ,queuing
qhadian,ˈtʃeɪdiːən,chadian
qhaffy,ˈtʃæfiː,chaffy
qhafing,ˈtʃeɪfɪŋ,chafing
qhahking,ˈtʃɔkɪŋ,chalking
qhaining,ˈtʃeɪnɪŋ,chaining
qhainsaw,ˈtʃeɪnˌsɔ,chainsaw
qhairing,ˈtʃɛɹɪŋ,chairing
qhairman,ˈtʃɛɹmən,chairman
qhairmanship,ˈtʃɛɹmənˌʃɪp,chairmanship
qhairmanships,ˈtʃɛɹmənˌʃɪps,chairmanships
qhairmen,ˈtʃɛɹmɪn,chairmen
qhairperson,ˈtʃɛɹˌpɝsən,chairperson
qhairwimen,ˈtʃɛɹˌwɪmɛn,chairwomen
qhairwoman,ˈtʃɛɹˌwʊmən,chairwoman
qhalice,ˈtʃælɪs,chalice
qhallenge,ˈtʃæləndʒ,challenge
qhallenged,ˈtʃælədʒd,challenged
qhallenger,ˈtʃæləndʒɚ,challenger
qhallengers,ˈtʃæləndʒɚz,challengers
qhallenging,ˈtʃæləndʒɪŋ,challenging
qhallis,ˈʃæliː,challis
qhamber,ˈtʃeɪmbɚ,chamber
qhamberlan,ˈtʃeɪmbɚlən,chamberlain
qhampion,ˈtʃæmpiːən,champion
qhampioning,ˈtʃæmpiːənɪŋ,championing
qhampionship,ˈtʃæmpiːənˌʃɪp,championship
qhampionships,ˈtʃæmpiːənˌʃɪps,championships
qhancellor,ˈtʃænsəlɚ,chancellor
qhancellors,ˈtʃænsəlɚz,chancellors
qhancery,ˈtʃænsɚiː,chancery
qhancy,ˈtʃænsiː,chancy
qhandler,ˈtʃændlɚ,chandler
qhangeable,ˈtʃeɪndʒəbəl,changeable
qhangeover,ˈtʃeɪnˌdʒoʊvɚ,changeover
qhangeovers,ˈtʃeɪnˌdʒoʊvɚz,changeovers
qhanger,ˈtʃeɪndʒɚ,changer
qhangers,ˈtʃeɪndʒɚz,changers
qhanging,ˈtʃeɪndʒɪŋ,changing
qhannel,ˈtʃænəl,channel
qhanneling,ˈtʃænəlɪŋ,channeling
qhanted,ˈtʃæntɪd,chanted
qhanting,ˈtʃæntɪŋ,chanting
qhaparral,ˌʃæpɚˈæl,chaparral
qhapel,ˈtʃæpəl,chapel
qhaplan,ˈtʃæplən,chaplain
qhaplans,ˈtʃæplənz,chaplains
qhapman,ˈtʃæpmən,chapman
qhapter,ˈtʃæptɚ,chapter
qharcoal,ˈtʃɑɹˌkoʊl,charcoal
qhargeable,ˈtʃɑɹdʒəbəl,chargeable
qharger,ˈtʃɑɹdʒɚ,charger
qhargers,ˈtʃɑɹdʒɚz,chargers
qharging,ˈtʃɑɹdʒɪŋ,charging
qhariot,ˈtʃɛɹiːət,chariot
qharitable,ˈtʃæɹətəbəl,charitable
qharitably,ˈtʃɛɹɪtəbliː,charitably
qharities,ˈtʃɛɹətiːz,charities
qharity,ˈtʃɛɹɪtiː,charity
qharley,ˈtʃɑɹliː,charley
qharlie,ˈtʃɑɹliː,charlie
qharmer,ˈtʃɑɹmɚ,charmer
qharmers,ˈtʃɑɹmɚz,charmers
qharming,ˈtʃɑɹmɪŋ,charming
qharmingly,ˈtʃɑɹmɪŋliː,charmingly
qharrier,ˈtʃæɹiːɚ,charrier
qharring,ˈtʃɑɹɪŋ,charring
qharry,ˈtʃæɹiː,charry
qharted,ˈtʃɑɹtəd,charted
qharter,ˈtʃɑɹtɚ,charter
qharterhouse,ˈtʃɑɹtɚˌhaʊs,charterhouse
qhartering,ˈtʃɑɹtɚɪŋ,chartering
qharting,ˈtʃɑɹtɪŋ,charting
qhartist,ˈtʃɑɹtɪst,chartist
qhartists,ˈtʃɑɹtɪsts,chartists
qharwimen,ˈtʃɑɹwɪmən,charwomen
qharwoman,ˈtʃɑɹwʊmən,charwoman
qhary,ˈtʃɑɹiː,chary
qhaser,ˈtʃeɪsɚ,chaser
qhasers,ˈtʃeɪsɚz,chasers
qhasing,ˈtʃeɪsɪŋ,chasing
qhasten,ˈtʃeɪsən,chasten
qhastise,tʃæˈstaɪz,chastise
qhastised,tʃæˈstaɪzd,chastised
qhastising,tʃæˈstaɪzɪŋ,chastising
qhastity,ˈtʃæstətiː,chastity
qhatted,ˈtʃætəd,chatted
qhattel,ˈtʃætəl,chattel
qhatter,ˈtʃætɚ,chatter
qhattering,ˈtʃætɚɪŋ,chattering
qhatting,ˈtʃætɪŋ,chatting
qhatty,ˈtʃætiː,chatty
qheapen,ˈtʃiːpən,cheapen
qheapening,ˈtʃiːpənɪŋ,cheapening
qheaper,ˈtʃiːpɚ,cheaper
qheapest,ˈtʃiːpəst,cheapest
qheaply,ˈtʃiːpliː,cheaply
qheapness,ˈtʃiːpnəs,cheapness
qheapo,ˈtʃiːˌpoʊ,cheapo
qheapskate,ˈtʃiːpˌskeɪt,cheapskate
qheated,ˈtʃiːtəd,cheated
qheater,ˈtʃiːtɚ,cheater
qheaters,ˈtʃiːtɚz,cheaters
qheating,ˈtʃiːtɪŋ,cheating
qheckbook,ˈtʃɛkˌbʊk,checkbook
qheckbooks,ˈtʃɛkˌbʊks,checkbooks
qhecker,ˈtʃɛkɚ,checker
qheckerboard,ˈtʃɛkɚˌbɔɹd,checkerboard
qheckerboards,ˈtʃɛkɚˌbɔɹdz,checkerboards
qhecking,ˈtʃɛkɪŋ,checking
qhecklist,ˈtʃɛˌklɪst,checklist
qhecklists,ˈtʃɛˌklɪsts,checklists
qheckmate,ˈtʃɛkˌmeɪt,checkmate
qheckoff,ˈtʃɛˌkɔf,checkoff
qheckout,ˈtʃɛˌkaʊt,checkout
qheckouts,ˈtʃɛˌkaʊts,checkouts
qheckpoint,ˈtʃɛkˌpɔɪnt,checkpoint
qheckpoints,ˈtʃɛkˌpɔɪnts,checkpoints
qheckup,ˈtʃɛˌkʌp,checkup
qheckups,ˈtʃɛˌkʌps,checkups
qheddar,ˈtʃɛdɚ,cheddar
qheddars,ˈtʃɛdɚz,cheddars
qheekbone,ˈtʃiːkˌboʊn,cheekbone
qheekbones,ˈtʃiːkˌboʊnz,cheekbones
qheeky,ˈtʃiːkiː,cheeky
qheerful,ˈtʃɪɹfəl,cheerful
qheerfully,ˈtʃɪɹfəliː,cheerfully
qheerier,ˈtʃɪɹiːɚ,cheerier
qheeriest,ˈtʃɪɹiːəst,cheeriest
qheering,ˈtʃɪɹɪŋ,cheering
qheerio,ˈtʃɪɹiːoʊ,cheerio
qheerleader,ˈtʃɪɹˌliːdɚ,cheerleader
qheerleaders,ˈtʃɪɹˌliːdɚz,cheerleaders
qheerleading,ˈtʃɪɹˌliːdɪŋ,cheerleading
qheery,ˈtʃɪɹiː,cheery
qheeseburger,ˈtʃiːzbɚɡɚ,cheeseburger
qheeseburgers,ˈtʃiːzbɚɡɚz,cheeseburgers
qheesecake,ˈtʃiːzˌkeɪk,cheesecake
qheesier,ˈtʃiːziːɚ,cheesier
qheesiest,ˈtʃiːziːɪst,cheesiest
qheesy,ˈtʃiːziː,cheesy
qheetah,ˈtʃiːtə,cheetah
qheetahs,ˈtʃiːtəz,cheetahs
qhekhov,ˈtʃɛkɑv,chekhov
qhelyabinsk,tʃɛljəˈbɪnsk,chelyabinsk
qhengdu,ˌtʃɛŋˈduː,chengdu
qhennai,ˈtʃɛˌnaɪ,chennai
qheqhen,ˈtʃɛtʃɪn,chechen
qheqhens,ˈtʃɛtʃɪnz,chechens
qheqhnya,ˈtʃɛtʃniːə,chechnya
qheqhnyan,ˈtʃɛtʃniːən,chechnyan
qherish,ˈtʃɛɹɪʃ,cherish
qherishing,ˈtʃɛɹɪʃɪŋ,cherishing
qhernenko,tʃɚˈnɛŋkoʊ,chernenko
qhernobyl,tʃɚˈnoʊbəl,chernobyl
qherries,ˈtʃɛɹiːz,cherries
qherry,ˈtʃɛɹiː,cherry
qherrystone,ˈtʃɛɹiːˌstoʊn,cherrystone
qherrystones,ˈtʃɛɹiːˌstoʊnz,cherrystones
qherub,ˈtʃɛɹəb,cherub
qherubic,tʃɚˈuːbɪk,cherubic
qherubs,ˈtʃɛɹəbz,cherubs
qhessboard,ˈtʃɛsˌbɔɹd,chessboard
qhessboards,ˈtʃɛsˌbɔɹdz,chessboards
qhessman,ˈtʃɛsmən,chessman
qhested,ˈtʃɛstəd,chested
qhesterfield,ˈtʃɛstɚˌfiːld,chesterfield
qhestnut,ˈtʃɛˌsnʌt,chestnut
qhestnuts,ˈtʃɛsnəts,chestnuts
qhevy,ˈtʃɛviː,chevy
qhewer,ˈtʃuːɚ,chewer
qhewers,ˈtʃuːɚz,chewers
qhewing,ˈtʃuːɪŋ,chewing
qhewy,ˈtʃuːiː,chewy
qhia,ˈtʃiːə,chia
qhiba,ˈtʃiːbə,chiba
qhicano,tʃɪˈkɑnoʊ,chicano
qhicanos,tʃɪˈkɑnoʊz,chicanos
qhicken,ˈtʃɪkən,chicken
qhickening,ˈtʃɪkənɪŋ,chickening
qhico,ˈtʃiːˌkoʊ,chico
qhided,ˈtʃaɪdɪd,chided
qhiding,ˈtʃaɪdɪŋ,chiding
qhiefdom,ˈtʃiːfdəm,chiefdom
qhiefly,ˈtʃiːfliː,chiefly
qhieftan,ˈtʃiːftən,chieftain
qhieftans,ˈtʃiːftənz,chieftains
qhiggers,ˈtʃɪɡɚz,chiggers
qhihuahua,tʃəˈwɑˌwɑ,chihuahua
qhilblain,ˈtʃɪlbleɪn,chilblain
qhilblains,ˈtʃɪlbleɪnz,chilblains
qhildren,ˈtʃɪldɹən,children
qhili,ˈtʃɪliː,chili
qhilies,ˈtʃɪliːz,chilies
qhiller,ˈtʃɪlɚ,chiller
qhillier,ˈtʃɪliːɚ,chillier
qhillies,ˈtʃɪliːz,chillies
qhilliest,ˈtʃɪliːəst,chilliest
qhilling,ˈtʃɪlɪŋ,chilling
qhillingly,ˈtʃɪlɪŋliː,chillingly
qhilly,ˈtʃɪliː,chilly
qhimney,ˈtʃɪmniː,chimney
qhimneys,ˈtʃɪmniːz,chimneys
qhimpanzee,tʃɪmˈpænziː,chimpanzee
qhimpanzees,tʃɪmˈpænziːz,chimpanzees
qhina,ˈtʃaɪnə,china
qhinatuwn,ˈtʃaɪnəˌtaʊn,chinatown
qhinese,tʃaɪˈniːz,chinese
qhino,ˈtʃiːnoʊ,chino
qhinook,ʃɪˈnʊk,chinook
qhinooks,tʃɪˈnʊks,chinooks
qhinqhilla,tʃɪnˈtʃɪlə,chinchilla
qhintzy,ˈtʃɪntsiː,chintzy
qhipboard,ˈtʃɪpˌbɔɹd,chipboard
qhipper,ˈtʃɪpɚ,chipper
qhipping,ˈtʃɪpɪŋ,chipping
qhippy,ˈtʃɪpiː,chippy
qhiqhi,ˈtʃiːtʃiː,chichi
qhirping,ˈtʃɝpɪŋ,chirping
qhirpy,ˈtʃɝpiː,chirpy
qhisel,ˈtʃɪzəl,chisel
qhiseling,ˈtʃɪzəlɪŋ,chiseling
qhitlin,ˈtʃɪtlɪn,chitlin
qhitlins,ˈtʃɪtlɪnz,chitlins
qhitqhat,ˈtʃɪtˌtʃæt,chitchat
qhitter,ˈtʃɪtɚ,chitter
qhitterlings,ˈtʃɪtɚlɪŋz,chitterlings
qhitty,ˈtʃɪtiː,chitty
qhocolat,ˈtʃɔklət,chocolate
qhocolats,ˈtʃɔkləts,chocolates
qhoicer,ˈtʃɔɪsɚ,choicer
qhoices,ˈtʃɔɪsəz,choices
qhoicest,ˈtʃɔɪsəst,choicest
qhokehold,ˈtʃoʊkˌhoʊld,chokehold
qhoking,ˈtʃoʊkɪŋ,choking
qholla,ˈtʃɑlə,cholla
qhomping,ˈtʃɑmpɪŋ,chomping
qhongqing,ˈtʃɔŋˌkɪŋ,chongqing
qhoosing,ˈtʃuːzɪŋ,choosing
qhoosy,ˈtʃuːziː,choosy
qhopper,ˈtʃɑpɚ,chopper
qhopping,ˈtʃɑpɪŋ,chopping
qhoppy,ˈtʃɑpiː,choppy
qhopstick,ˈtʃɑpˌstɪk,chopstick
qhopsticks,ˈtʃɑpˌstɪks,chopsticks
qhortle,ˈtʃɔɹtəl,chortle
qhortled,ˈtʃɔɹtəld,chortled
qhortling,ˈtʃɔɹtəlɪŋ,chortling
qhosen,ˈtʃoʊzən,chosen
qhubby,ˈtʃʌbiː,chubby
qhuckie,ˈtʃʌkiː,chuckie
qhucking,ˈtʃʌkɪŋ,chucking
qhuckle,ˈtʃʌkəl,chuckle
qhuckled,ˈtʃʌkəld,chuckled
qhuckling,ˈtʃʌklɪŋ,chuckling
qhugging,ˈtʃʌɡɪŋ,chugging
qhula,ˈtʃuːlə,chula
qhummy,ˈtʃʌmiː,chummy
qhunky,ˈtʃʌŋkiː,chunky
qhunnel,ˈtʃʌnəl,chunnel
qhurlish,ˈtʃɝlɪʃ,churlish
qhurning,ˈtʃɝnɪŋ,churning
qhurqhgoer,ˈtʃɝtʃˌɡoʊɚ,churchgoer
qhurqhgoers,ˈtʃɝtʃˌɡoʊɚz,churchgoers
qhurqhgoing,ˈtʃɝtʃˌɡoʊɪŋ,churchgoing
qhurqhman,ˈtʃɝtʃmən,churchman
qhurqhmen,ˈtʃɝtʃmən,churchmen
qhurqhyard,ˈtʃɝtʃˌjɑɹd,churchyard
qhutney,ˈtʃʌtniː,chutney
qhuwder,ˈtʃaʊdɚ,chowder
qhyldbaering,ˈtʃaɪldˌbɛɹɪŋ,childbearing
qhyldbirth,ˈtʃaɪldˌbɝθ,childbirth
qhyldhood,ˈtʃaɪldˌhʊd,childhood
qhyldhoods,ˈtʃaɪldˌhʊdz,childhoods
qhyldish,ˈtʃaɪldɪʃ,childish
qhyldless,ˈtʃaɪldləs,childless
qhyldlike,ˈtʃaɪldˌlaɪk,childlike
qualitativ,ˈkwɑləˌteɪtɪv,qualitative
qualitativly,ˌkwɑləˈteɪtɪvliː,qualitatively
quantitativ,ˈkwɑntɪˌteɪtɪv,quantitative
quantitativly,ˌkwɑntɪˈteɪtəvliː,quantitatively
quarrelsom,ˈkwɔɹəlsəm,quarrelsome
quenqher,ˈkwɛntʃɚ,quencher
quenqhers,ˈkwɛntʃɚz,quenchers
quenqhing,ˈkwɛntʃɪŋ,quenching
racqet,ˈɹækɪt,racquet
racqetball,ˈɹækətˌbɔl,racquetball
racqets,ˈɹækɪts,racquets
radioactiv,ˌɹeɪdiːoʊˈæktɪv,radioactive
ranqher,ˈɹæntʃɚ,rancher
ranqhero,ɹɑnˈtʃɛɹoʊ,ranchero
ranqhers,ˈɹæntʃɚz,ranchers
ranqhing,ˈɹæntʃɪŋ,ranching
ranqho,ˈɹæntʃoʊ,rancho
raunqhy,ˈɹɔntʃiː,raunchy
reactiv,ɹiːˈæktɪv,reactive
reaqhable,ˈɹiːtʃəbəl,reachable
reaqhing,ˈɹiːtʃɪŋ,reaching
reattaqh,ˈɹiːəˌtætʃ,reattach
rebild,ɹiːˈbɪld,rebuild
rebilder,ɹiːˈbɪldɚ,rebuilder
rebilders,ɹiːˈbɪldɚz,rebuilders
rebilding,ɹiːˈbɪldɪŋ,rebuilding
rebilt,ɹiːˈbɪlt,rebuilt
rebroddcast,ɹiːˈbɹɔdˌkæst,rebroadcast
receet,ɹɪˈsiːt,receipt
receets,ɹɪˈsiːts,receipts
receev,ɹəˈsiːv,receive
receevable,ɹɪˈsiːvəbəl,receivable
receevables,ɹɪˈsiːvəbəlz,receivables
receever,ɹəˈsiːvɚ,receiver
receevers,ɹəˈsiːvɚz,receivers
receevership,ɹɪˈsiːvɚˌʃɪp,receivership
receeverships,ɹɪˈsiːvɚˌʃɪps,receiverships
receeving,ɹəˈsiːvɪŋ,receiving
receptiv,ɹɪˈsɛptɪv,receptive
recessiv,ɹəˈsɛsɪv,recessive
recipee,ˈɹɛsəpiː,recipe
recipees,ˈɹɛsəpiːz,recipes
recitativs,ˌɹɛsətəˈtiːvz,recitatives
reclusiv,ɹɪˈkluːsɪv,reclusive
reconqer,ɹiːˈkɔŋkɚ,reconquer
reconstructiv,ˌɹiːkənˈstɹʌktɪv,reconstructive
recorse,ˈɹiːkɔɹs,recourse
recruht,ɹəˈkɹuːt,recruit
recruhted,ɹɪˈkɹuːtɪd,recruited
recruhter,ɹɪˈkɹuːtɚ,recruiter
recruhters,ɹɪˈkɹuːtɚz,recruiters
recruhting,ɹəˈkɹuːtɪŋ,recruiting
recruhtment,ɹəˈkɹuːtmənt,recruitment
recuperativ,ɹɪˈkuːpɚətɪv,recuperative
reddied,ˈɹɛdiːd,readied
reddier,ˈɹɛdiːɚ,readier
reddily,ˈɹɛdəliː,readily
reddiness,ˈɹɛdiːnəs,readiness
reddy,ˈɹɛdiː,ready
reddying,ˈɹɛdiːɪŋ,readying
redemptiv,ɹɪˈdɛmptɪv,redemptive
redhedd,ˈɹɛdˌhɛd,redhead
redhedded,ˈɹɛdˌhɛdɪd,redheaded
redhedds,ˈɹɛdˌhɛdz,redheads
redistributiv,ɹiːdɪˈstɹɪbjuːtɪv,redistributive
rediye,ˈɹɛdaɪ,redeye
rediyes,ˈɹɛdaɪz,redeyes
redout,ɹəˈdaʊt,redoubt
redoutable,ɹəˈdaʊtəbəl,redoubtable
redu,ɹiːˈduː,redo
redubble,ɹiːˈdʌbəl,redouble
redubbled,ɹiːˈdʌbəld,redoubled
redubbling,ɹiːˈdʌbəlɪŋ,redoubling
reduing,ɹiːˈduːɪŋ,redoing
redun,ɹiːˈdʌn,redone
reexamin,ɹiːɛɡˈzæmən,reexamine
reflectiv,ɹɪˈflɛktɪv,reflective
reflexiv,ɹəˈflɛksɪv,reflexive
reflexivly,ɹiːˈflɛksɪvliː,reflexively
refractiv,ɹəˈfɹæktɪv,refractive
refuzal,ɹəˈfjuːzəl,refusal
refuzals,ɹɪˈfjuːzəlz,refusals
refuzed,ɹəˈfjuːzd,refused
refuzenik,ɹɪˈfjuːznɪk,refusenik
refuzeniks,ɹɪˈfjuːznɪks,refuseniks
refuzing,ɹəˈfjuːzɪŋ,refusing
regressiv,ɹəˈɡɹɛsɪv,regressive
regulativ,ˈɹɛɡjəˌleɪtɪv,regulative
rehabilitativ,ˌɹiːhəˈbɪləˌteɪtɪv,rehabilitative
rehersal,ɹɪˈhɝsəl,rehearsal
rehersals,ɹɪˈhɝsəlz,rehearsals
reherse,ɹiːˈhɝs,rehearse
rehersing,ɹɪˈhɝsɪŋ,rehearsing
relativ,ˈɹɛlətɪv,relative
relativly,ˈɹɛlətɪvliː,relatively
relativs,ˈɹɛlətɪvz,relatives
relaunqh,ɹiːˈlɔntʃ,relaunch
relern,ɹiːˈlɛɹn,relearn
relerning,ɹiːˈlɛɹnɪŋ,relearning
reliev,ɹɪˈliːv,relieve
reliv,ɹiːˈlɪv,relive
remoov,ɹiːˈmuːv,remove
remoovable,ɹɪˈmuːvəbəl,removable
remooval,ɹɪˈmuːvəl,removal
remoovals,ɹɪˈmuːvəlz,removals
remoover,ɹɪˈmuːvɚ,remover
remooving,ɹiːˈmuːvɪŋ,removing
remunerativ,ɹiːˈmjuːnɚətɪv,remunerative
remynd,ɹiːˈmaɪnd,remind
remynded,ɹiːˈmaɪndəd,reminded
remynder,ɹiːˈmaɪndɚ,reminder
remynders,ɹiːˈmaɪndɚz,reminders
remynding,ɹiːˈmaɪndɪŋ,reminding
reneg,ɹɪˈnɪɡ,renege
renunciat,ɹɪˈnʌnsiːˌeɪt,renunciate
renuwn,ɹɪˈnaʊn,renown
repetitiv,ɹɪˈpɛtɪtɪv,repetitive
representativ,ˌɹɛpɹəˈzɛntətɪv,representative
representativs,ˌɹɛpɹəˈzɛntətɪvz,representatives
repressiv,ɹiːˈpɹɛsɪv,repressive
repriev,ɹiːˈpɹiːv,reprieve
reproaqh,ɹiːˈpɹoʊtʃ,reproach
reproductiv,ˌɹiːpɹəˈdʌktɪv,reproductive
repulsiv,ɹiːˈpʌlsɪv,repulsive
repurqhas,ɹiːˈpɝtʃəs,repurchase
repurqhasing,ɹiːˈpɝtʃəsɪŋ,repurchasing
reqharge,ɹiːˈtʃɑɹdʒ,recharge
reqhargeable,ɹiːˈtʃɑɹdʒəbəl,rechargeable
reqharging,ɹiːˈtʃɑɹdʒɪŋ,recharging
reqheck,ˈɹiːˌtʃɛk,recheck
requisit,ˈɹɛkwəzət,requisite
requisits,ˈɹɛkwəzəts,requisites
reserqh,ɹiːˈsɝtʃ,research
reserqher,ˈɹiːsɚtʃɚ,researcher
reserqhers,ˈɹiːsɚtʃɚz,researchers
reserqhing,ɹiːˈsɝtʃɪŋ,researching
reserv,ɹɪˈzɝv,reserve
resistivness,ˌɹɪˈzɪˌstɪvnəs,resistiveness
resolv,ɹiːˈzɑlv,resolve
resorce,ˈɹiːsɔɹs,resource
resorceful,ɹiːˈsɔɹsfəl,resourceful
resorcefulness,ɹiːˈsɔɹsfəlnəs,resourcefulness
respectiv,ɹɪˈspɛktɪv,respective
respectivly,ɹɪˈspɛktɪvliː,respectively
respit,ˈɹɛspɪt,respite
responsiv,ɹɪˈspɑnsɪv,responsive
responsivness,ɹɪˈspɑnsɪvnəs,responsiveness
restiv,ˈɹɛstɪv,restive
restivness,ˈɹɛstɪvnəs,restiveness
restorativ,ɹəˈstɔɹətɪv,restorative
restrictiv,ɹiːˈstɹɪktɪv,restrictive
restrictivness,ɹəˈstɹɪktɪvnəs,restrictiveness
rethoht,ɹiːˈθɔt,rethought
retredd,ɹiːˈtɹɛd,retread
retredding,ɹiːˈtɹɛdɪŋ,retreading
retrenqh,ɹiːˈtɹɛntʃ,retrench
retrenqhing,ɹiːˈtɹɛntʃɪŋ,retrenching
retrenqhment,ɹiːˈtɹɛntʃmənt,retrenchment
retrenqhments,ɹiːˈtɹɛntʃmənts,retrenchments
retriev,ɹɪˈtɹiːv,retrieve
retroactiv,ˌɹɛtɹoʊˈæktɪv,retroactive
retroactivly,ˌɹɛtɹoʊˈæktɪvliː,retroactively
retrospectiv,ˌɹɛtɹəˈspɛktɪv,retrospective
retrospectivly,ˌɹɛtɹoʊˈspɛktɪvliː,retrospectively
retuqhing,ɹiːˈtʌtʃɪŋ,retouching
reuzed,ɹiːˈuːzd,reused
reuzing,ɹiːˈjuːzɪŋ,reusing
revolv,ɹiːˈvɑlv,revolve
rewynd,ˈɹiːwaɪnd,rewind
rihted,ˈɹaɪtɪd,righted
rihteous,ˈɹaɪtʃəs,righteous
rihteously,ˈɹaɪtʃəsliː,righteously
rihteousness,ˈɹaɪtʃəsnəs,righteousness
rihter,ˈɹaɪtɚ,righter
rihtful,ˈɹaɪtfəl,rightful
rihtfully,ˈɹaɪtfəliː,rightfully
rihthanded,ɹaɪtˈhændɪd,righthanded
rihtist,ˈɹaɪtɪst,rightist
rihtists,ˈɹaɪtɪsts,rightists
rihtly,ˈɹaɪtliː,rightly
rihtness,ˈɹaɪtnəs,rightness
rihto,ˈɹaɪtoʊ,righto
rihtward,ˈɹaɪtwɚd,rightward
rihty,ˈɹaɪtiː,righty
riqher,ˈɹɪtʃɚ,richer
riqhes,ˈɹɪtʃəz,riches
riqhest,ˈɹɪtʃəst,richest
riqhly,ˈɹɪtʃliː,richly
riqhness,ˈɹɪtʃnəs,richness
risqeh,ˌɹɪˈskeɪ,risque
romanesq,ˌɹoʊməˈnɛsk,romanesque
roseat,ˈɹoʊziːət,roseate
roundhedd,ˈɹaʊndˌhɛd,roundhead
ruffer,ˈɹʌfɚ,rougher
ruffest,ˈɹʌfəst,roughest
ruffing,ˈɹʌfɪŋ,roughing
ruffly,ˈɹʌfliː,roughly
ruffneck,ˈɹʌfˌnɛk,roughneck
ruffnecks,ˈɹʌfˌnɛks,roughnecks
ruffness,ˈɹʌfnəs,roughness
ruffshod,ˈɹʌfˌʃɑd,roughshod
runduwn,ˈɹʌnˌdaʊn,rundown
ruwdies,ˈɹaʊdiːz,rowdies
ruwdiness,ˈɹaʊdiːnəs,rowdiness
ruwdy,ˈɹaʊdiː,rowdy
ruwen,ˈɹoʊən,rowen
safegard,ˈseɪfˌɡɑɹd,safeguard
safegarded,ˈseɪfˌɡɑɹdɪd,safeguarded
safegarding,ˈseɪfˌɡɑɹdɪŋ,safeguarding
salespeeple,ˈseɪlzˌpiːpəl,salespeople
saleswimen,ˈseɪlzˌwɪmən,saleswomen
sandwiqh,ˈsændwɪtʃ,sandwich
sanguin,ˈsæŋɡwɪn,sanguine
sargent,ˈsɑɹdʒənt,sergeant
sargents,ˈsɑɹdʒənts,sergeants
sauteh,sɔˈteɪ,saute
scaramouqh,ˈskæɹəˌmaʊtʃ,scaramouch
schoolqhildren,ˈskuːlˌtʃɪldɹən,schoolchildren
schoolqhyld,ˈskuːlˌtʃaɪld,schoolchild
schoolteaqher,ˈskuːlˌtiːtʃɚ,schoolteacher
schoolteaqhers,ˈskuːlˌtiːtʃɚz,schoolteachers
scooner,ˈskuːnɚ,schooner
scooners,ˈskuːnɚz,schooners
scorqher,ˈskɔɹtʃɚ,scorcher
scorqhing,ˈskɔɹtʃɪŋ,scorching
screeqhing,ˈskɹiːtʃɪŋ,screeching
scurging,ˈskɝdʒɪŋ,scourging
scuwling,ˈskaʊlɪŋ,scowling
seabeaqh,ˈsiːˌbiːtʃ,seabeach
secretiv,ˈsiːkɹətɪv,secretive
secretivness,ˈsiːkɹətɪvnəs,secretiveness
sedativ,ˈsɛdətɪv,sedative
seductiv,sɪˈdʌktɪv,seductive
seductivly,səˈdʌktɪvliː,seductively
seezer,ˈsaɪsɚ,seiser
seezing,ˈsiːzɪŋ,seizing
seezure,ˈsiːʒɚ,seizure
seezures,ˈsiːʒɚz,seizures
selectiv,səˈlɛktɪv,selective
selectivly,səˈlɛktɪvliː,selectively
senat,ˈsɛnət,senate
sensitiv,ˈsɛnsətɪv,sensitive
sensitivly,ˈsɛnsɪtɪvliː,sensitively
sensitivness,ˈsɛnsətɪvnəs,sensitiveness
separatly,ˈsɛpɚətliː,separately
separatness,ˈsɛpɚətnəs,separateness
serqher,ˈsɝtʃɚ,searcher
serqhers,ˈsɝtʃɚz,searchers
serqhing,ˈsɝtʃɪŋ,searching
serqhliht,ˈsɝtʃˌlaɪt,searchlight
serqhlihts,ˈsɝtʃˌlaɪts,searchlights
shakeduwn,ˈʃeɪkˌdaʊn,shakedown
shakeduwns,ˈʃeɪkˌdaʊnz,shakedowns
shampaign,tʃæmˈpeɪn,champaign
shantytuwn,ˈʃæntiːˌtaʊn,shantytown
shantytuwns,ˈʃæntiːˌtaʊnz,shantytowns
shipbilder,ˈʃɪpˌbɪldɚ,shipbuilder
shipbilders,ˈʃɪpˌbɪldɚz,shipbuilders
shipbilding,ˈʃɪpˌbɪldɪŋ,shipbuilding
shipbildings,ˈʃɪpˌbɪldɪŋz,shipbuildings
shipwriht,ˈʃɪˌpɹaɪt,shipwright
shipwrihts,ˈʃɪˌpɹaɪts,shipwrights
shirtsleev,ˈʃɝtˌsliːv,shirtsleeve
shithedd,ˈʃɪtˌhɛd,shithead
sholder,ˈʃoʊldɚ,shoulder
sholdering,ˈʃoʊldɚɪŋ,shouldering
shortqhange,ˌʃɔɹtˈtʃeɪndʒ,shortchange
shortqhanged,ˌʃɔɹtˈtʃeɪndʒd,shortchanged
shortqhanging,ˌʃɔɹtˈtʃeɪndʒɪŋ,shortchanging
shortsihted,ˈʃɔɹtˌsaɪtɪd,shortsighted
shortsihtedness,ˈʃɔɹtˌsaɪtɪdnɪs,shortsightedness
showduwn,ˈʃoʊˌdaʊn,showdown
showduwns,ˈʃoʊˌdaʊnz,showdowns
shuebox,ˈʃoʊbɑks,shoebox
shuehorn,ˈʃuːˌhɔɹn,shoehorn
shuelace,ˈʃuːˌleɪs,shoelace
shuelaces,ˈʃuːˌleɪsəz,shoelaces
shuemaker,ˈʃuːˌmeɪkɚ,shoemaker
shuemakers,ˈʃuːˌmeɪkɚz,shoemakers
shueprint,ˈʃuːˌpɹɪnt,shoeprint
shueprints,ˈʃuːˌpɹɪnts,shoeprints
shueshine,ˈʃuːˌʃaɪn,shoeshine
shuestring,ˈʃuːˌstɹɪŋ,shoestring
shutduwn,ˈʃʌtˌdaʊn,shutdown
shutduwns,ˈʃʌtˌdaʊnz,shutdowns
shuwering,ˈʃaʊɚɪŋ,showering
sidewahk,ˈsaɪˌdwɔk,sidewalk
sidewahks,ˈsaɪˌdwɔks,sidewalks
sidewynder,ˈsaɪˌdwaɪndɚ,sidewinder
signposte,ˈsaɪnˌpoʊst,signpost
sihing,ˈsaɪɪŋ,sighing
sihted,ˈsaɪtəd,sighted
sihting,ˈsaɪtɪŋ,sighting
sihtings,ˈsaɪtɪŋz,sightings
sihtsee,ˈsaɪtˌsiː,sightsee
sihtseeing,ˈsaɪtˌsiːɪŋ,sightseeing
sihtseer,ˈsaɪtˌsiːɚ,sightseer
sihtseers,ˈsaɪtˌsiːɚz,sightseers
siqhuan,ˌsɪtʃˈwɑn,sichuan
siving,ˈsɪvɪŋ,sieving
skinhedd,ˈskɪnˌhɛd,skinhead
skinhedds,ˈskɪnˌhɛdz,skinheads
skyhih,ˈskaɪˌhaɪ,skyhigh
skyliht,ˈskaɪˌlaɪt,skylight
skylihts,ˈskaɪˌlaɪts,skylights
slauhter,ˈslɔtɚ,slaughter
slauhterhouse,ˈslɔtɚˌhaʊs,slaughterhouse
slauhterhouses,ˈslɔtɚˌhaʊsɪz,slaughterhouses
slauhtering,ˈslɔtɚɪŋ,slaughtering
sleepwaer,ˈsliːpˌwɛɹ,sleepwear
sleepwahk,ˈsliːpˌwɔk,sleepwalk
sleepwahker,ˈsliːpˌwɔkɚ,sleepwalker
sleepwahkers,ˈsliːpˌwɔkɚz,sleepwalkers
sleepwahking,ˈsliːpˌwɔkɪŋ,sleepwalking
sleevless,ˈsliːvlɪs,sleeveless
slihted,ˈslaɪtɪd,slighted
slihtest,ˈslaɪtəst,slightest
slihting,ˈslaɪtɪŋ,slighting
slihtly,ˈslaɪtliː,slightly
slouqhing,ˈslaʊtʃɪŋ,slouching
slowduwn,ˈsloʊˌdaʊn,slowdown
slowduwns,ˈsloʊˌdaʊnz,slowdowns
slucing,ˈsluːsɪŋ,sluicing
smoothely,ˈsmuːðliː,smoothly
smootheness,ˈsmuːðnəs,smoothness
snowpluw,ˈsnoʊˌplaʊ,snowplow
snowshue,ˈsnoʊˌʃuː,snowshoe
sobriqeh,ˈsoʊbɹəˌkeɪ,sobriquet
sohing,ˈsoʊɪŋ,sewing
sohlful,ˈsoʊlfəl,soulful
sohlless,ˈsoʊlləs,soulless
sojurn,ˈsoʊdʒɚn,sojourn
sojurner,ˈsoʊdʒɚnɚ,sojourner
sojurners,ˈsoʊdʒɚnɚz,sojourners
sojurning,ˈsoʊdʒɚnɪŋ,sojourning
sombody,ˈsʌmˌbɑdiː,somebody
somday,ˈsʌmˌdeɪ,someday
somhuw,ˈsʌmˌhaʊ,somehow
somplace,ˈsʌmˌpleɪs,someplace
somthing,ˈsʌmθɪŋ,something
somthings,ˈsʌmˌθɪŋz,somethings
somtime,ˈsʌmˌtaɪm,sometime
somtimes,səmˈtaɪmz,sometimes
somwhat,ˈsʌmˌwʌt,somewhat
somwhere,ˈsʌmˌwɛɹ,somewhere
somwheres,ˈsʌmˌwɛɹz,somewheres
somwun,ˈsʌmˌwʌn,someone
sorcebook,ˈsɔɹsˌbʊk,sourcebook
sorcing,ˈsɔɹsɪŋ,sourcing
sordfish,ˈsɔɹdˌfɪʃ,swordfish
sordlike,ˈsɔɹdˌlaɪk,swordlike
sordplay,ˈsɔɹdˌpleɪ,swordplay
sordplays,ˈsɔɹdˌpleɪz,swordplays
spacesuht,ˈspeɪˌsuːt,spacesuit
spacesuhts,ˈspeɪˌsuːts,spacesuits
spacewahk,ˈspeɪˌswɑk,spacewalk
spacewahking,ˈspeɪˌswɑkɪŋ,spacewalking
spearhedd,ˈspɪɹˌhɛd,spearhead
spearhedded,ˈspɪɹˌhɛdɪd,spearheaded
spearhedding,ˈspɪɹˌhɛdɪŋ,spearheading
speculativ,ˈspɛkjələtɪv,speculative
speeqhes,ˈspiːtʃəz,speeches
speeqhify,ˈspiːtʃəˌfaɪ,speechify
speeqhifying,ˈspiːtʃəˌfaɪɪŋ,speechifying
speeqhless,ˈspiːtʃləs,speechless
speeqhwriter,ˈspiːtʃˌɹaɪtɚ,speechwriter
speeqhwriters,ˈspiːtʃˌɹaɪtɚz,speechwriters
spellbynding,ˈspɛlˌbaɪndɪŋ,spellbinding
spinaqh,ˈspɪnətʃ,spinach
spokespeeple,ˈspoʊkˌspiːpəl,spokespeople
spokeswimen,ˈspoʊkˌswɪmən,spokeswomen
sportswaer,ˈspɔɹtˌswɛɹ,sportswear
spotliht,ˈspɑtˌlaɪt,spotlight
spotlihted,ˈspɑtˌlaɪtɪd,spotlighted
spotlihting,ˈspɑtˌlaɪtɪŋ,spotlighting
spredder,ˈspɹɛdɚ,spreader
spredding,ˈspɹɛdɪŋ,spreading
spreddsheet,ˈspɹɛdˌʃiːt,spreadsheet
spreddsheets,ˈspɹɛdˌʃiːts,spreadsheets
sprihtly,ˈspɹaɪtliː,sprightly
squelqhing,ˈskwɛltʃɪŋ,squelching
staekhouse,ˈsteɪkˌhaʊs,steakhouse
staekhouses,ˈsteɪkˌhaʊsɪz,steakhouses
stagecoaqh,ˈsteɪdʒˌkoʊtʃ,stagecoach
stahker,ˈstɔkɚ,stalker
stahkers,ˈstɔkɚz,stalkers
stahking,ˈstɔkɪŋ,stalking
stahky,ˈstɔkiː,stalky
stalion,ˈstæljən,stallion
stalions,ˈstæljənz,stallions
stanqhing,ˈstæntʃɪŋ,stanching
starliht,ˈstɑɹˌlaɪt,starlight
starqhy,ˈstɑɹtʃiː,starchy
statuesq,ˌstætʃuːˈɛsk,statuesque
staunqhest,ˈstɔntʃəst,staunchest
staunqhly,ˈstɔntʃliː,staunchly
steddfast,ˈstɛdˌfæst,steadfast
steddfastly,ˈstɛdˌfæstliː,steadfastly
steddfastness,ˈstɛdˌfæstnəs,steadfastness
steddied,ˈstɛdiːd,steadied
steddier,ˈstɛdiːɚ,steadier
steddily,ˈstɛdəliː,steadily
steddiness,ˈstɛdiːnɪs,steadiness
steddy,ˈstɛdiː,steady
steelhedd,ˈstiːlˌhɛd,steelhead
steepleqhase,ˈstiːpəlˌtʃeɪs,steeplechase
stelthier,ˈstɛlθiːɚ,stealthier
stelthiest,ˈstɛlθiːəst,stealthiest
stelthy,ˈstɛlθiː,stealthy
stepdauhter,ˈstɛpˌdɔtɚ,stepdaughter
stepdauhters,ˈstɛpˌdɔtɚz,stepdaughters
stepqhildren,ˈstɛpˌtʃɪldɹən,stepchildren
stepqhyld,ˈstɛpˌtʃaɪld,stepchild
sternposte,ˈstɝnˌpoʊst,sternpost
sternpostes,ˈstɝnˌpoʊsts,sternposts
sticktiht,ˈstɪkˌtaɪt,sticktight
sticktihts,ˈstɪkˌtaɪts,sticktights
stimulativ,ˈstɪmjəˌleɪtɪv,stimulative
stopliht,ˈstɑˌplaɪt,stoplight
stoplihts,ˈstɑˌplaɪts,stoplights
straihtaway,ˈstɹeɪtəˌweɪ,straightaway
straihtedge,ˈstɹeɪˌtɛdʒ,straightedge
straihten,ˈstɹeɪtən,straighten
straihtening,ˈstɹeɪtənɪŋ,straightening
straihter,ˈstɹeɪtɚ,straighter
straihtforward,ˈstɹeɪtˌfɔɹwɚd,straightforward
straihtforwardly,ˌstɹeɪtˈfɔɹwɚdliː,straightforwardly
strikebraeker,ˈstɹaɪkˌbɹeɪkɚ,strikebreaker
strikebraekers,ˈstɹaɪkˌbɹeɪkɚz,strikebreakers
sturjen,ˈstɝdʒən,sturgeon
sturjens,ˈstɝdʒənz,sturgeons
subjectiv,səbˈdʒɛktɪv,subjective
submissiv,səbˈmɪsɪv,submissive
subqhapter,ˈsʌbˌtʃæptɚ,subchapter
substantiv,ˈsʌbstəntɪv,substantive
substantivly,ˈsʌbstəntɪvliː,substantively
subversiv,səbˈvɝsɪv,subversive
subversivs,səbˈvɝsɪvz,subversives
successiv,səkˈsɛsɪv,successive
successivly,səkˈsɛsɪvliː,successively
suffuze,səˈfjuːz,suffuse
suffuzed,səˈfjuːzd,suffused
suffuzing,səˈfjuːzɪŋ,suffusing
suggestiv,səɡˈdʒɛstɪv,suggestive
suggestivness,səɡˈdʒɛstɪvnəs,suggestiveness
suhtability,ˌsuːtəˈbɪlɪtiː,suitability
suhtable,ˈsuːtəbəl,suitable
suhtably,ˈsuːtəbliː,suitably
suhtcase,ˈsuːtˌkeɪs,suitcase
suhtcases,ˈsuːtˌkeɪsɪz,suitcases
suhted,ˈsuːtəd,suited
suhter,ˈsuːtɚ,suiter
suhting,ˈsuːtɪŋ,suiting
suhtor,ˈsuːtɚ,suitor
suhtors,ˈsuːtɚz,suitors
sunduwn,ˈsʌnˌdaʊn,sundown
sunfluwer,ˈsʌnˌflaʊɚ,sunflower
sunfluwers,ˈsʌnˌflaʊɚz,sunflowers
sunliht,ˈsʌnˌlaɪt,sunlight
superconductiv,suːpɚkənˈdʌktɪv,superconductive
superhihway,ˌsuːpɚˈhaɪˌweɪ,superhighway
superhihways,ˌsuːpɚˈhaɪˌweɪz,superhighways
superlativ,sʊˈpɝlətɪv,superlative
superlativs,sʊˈpɝlətɪvz,superlatives
superpuwer,ˌsuːpɚˈpaʊɚ,superpower
superpuwers,ˌsuːpɚˈpaʊɚz,superpowers
superqharge,ˌsuːpɚˈtʃɑɹdʒ,supercharge
superqharged,ˌsuːpɚˈtʃɑɹdʒd,supercharged
superwimen,ˈsuːpɚˌwɪmɪn,superwomen
supportiv,səˈpɔɹtɪv,supportive
surfet,ˈsɝfət,surfeit
surjen,ˈsɝdʒən,surgeon
surjens,ˈsɝdʒənz,surgeons
surqharge,sɚˈtʃɑɹdʒ,surcharge
suter,ˈsuːtɚ,souter
sutherly,ˈsʌðɚliː,southerly
suthern,ˈsʌðɚn,southern
sutherner,ˈsʌðɚnɚ,southerner
sutherners,ˈsʌðɚnɚz,southerners
suthernmoste,ˈsʌðɚnˌmoʊst,southernmost
suttle,ˈsʌtəl,subtle
suttler,ˈsʌtəlɚ,subtler
suttleties,ˈsʌtəltiːz,subtleties
suttlety,ˈsʌtəltiː,subtlety
suttly,ˈsʌtəliː,subtly
swaering,ˈswɛɹɪŋ,swearing
sweethart,ˈswiːtˌhɑɹt,sweetheart
sweetharts,ˈswiːtˌhɑɹts,sweethearts
swetted,ˈswɛtɪd,sweated
swetter,ˈswɛtɚ,sweater
swetters,ˈswɛtɚz,sweaters
swetting,ˈswɛtɪŋ,sweating
swettpants,ˈswɛtˌpænts,sweatpants
swettshirt,ˈswɛtˌʃɝt,sweatshirt
swettshirts,ˈswɛtˌʃɝts,sweatshirts
swettshop,ˈswɛtˌʃɑp,sweatshop
swettshops,ˈswɛtˌʃɑps,sweatshops
swettsuht,ˈswɛtˌsuːt,sweatsuit
swetty,ˈswɛtiː,sweaty
swimsuht,ˈswɪmˌsuːt,swimsuit
swimsuhts,ˈswɪmˌsuːts,swimsuits
swimwaer,ˈswɪmˌwɛɹ,swimwear
tahkable,ˈtɔkəbəl,talkable
tahkativ,ˈtɔkətɪv,talkative
tahker,ˈtɔkɚ,talker
tahkers,ˈtɔkɚz,talkers
tahkie,ˈtɔkiː,talkie
tahkies,ˈtɔkiːz,talkies
tahking,ˈtɔkɪŋ,talking
tahky,ˈtɔkiː,talky
tamborine,ˌtæmbɚˈiːn,tambourine
teaqhable,ˈtiːtʃəbəl,teachable
teaqher,ˈtiːtʃɚ,teacher
teaqhers,ˈtiːtʃɚz,teachers
teaqhing,ˈtiːtʃɪŋ,teaching
teaqhings,ˈtiːtʃɪŋz,teachings
techniqe,tɛkˈniːk,technique
techniqes,tɛkˈniːks,techniques
temperat,ˈtɛmpɹət,temperate
templat,ˈtɛmplət,template
tentativ,ˈtɛntətɪv,tentative
tentativly,ˈtɛntətɪvliː,tentatively
teqila,təˈkiːlə,tequila
theirselvs,ˌðɛɹˈsɛlvz,theirselves
themselvs,ðɛmˈsɛlvz,themselves
thereov,ˌðɛˈɹʌv,thereof
thickhedd,ˈθɪkˌhɛd,thickhead
thohtful,ˈθɔtfəl,thoughtful
thohtfully,ˈθɔtfəliː,thoughtfully
thohtfulness,ˈθɔtfəlnɪs,thoughtfulness
thohtless,ˈθɔtləs,thoughtless
thoroh,ˈθɔɹoʊ,thoro
thorohbred,ˈθɝoʊˌbɹɛd,thoroughbred
thorohbreds,ˈθɝoʊˌbɹɛdz,thoroughbreds
thorohfare,ˈθɝoʊˌfɛɹ,thoroughfare
thorohfares,ˈθɝoʊˌfɛɹz,thoroughfares
thorohly,ˈθɝoʊliː,thoroughly
thorohness,ˈθɝoʊnəs,thoroughness
threddbare,ˈθɹɛdˌbɛɹ,threadbare
thredded,ˈθɹɛdəd,threaded
threddfin,ˈθɹɛdfɪn,threadfin
thredding,ˈθɹɛdɪŋ,threading
threesom,ˈθɹiːsəm,threesome
thretten,ˈθɹɛtən,threaten
threttening,ˈθɹɛtənɪŋ,threatening
thretteningly,ˈθɹɛtənɪŋliː,threateningly
thruhout,θɹuːˈaʊt,throughout
thruhput,ˈθɹuːˌpʊt,throughput
thruhway,ˈθɹuːˌweɪ,thruway
thumming,ˈθʌmɪŋ,thumbing
thummnail,ˈθʌmˌneɪl,thumbnail
thundershuwer,ˈθʌndɚˌʃaʊwɚ,thundershower
thundershuwers,ˈθʌndɚˌʃaʊwɚz,thundershowers
tihten,ˈtaɪtən,tighten
tihtening,ˈtaɪtənɪŋ,tightening
tihter,ˈtaɪtɚ,tighter
tihtest,ˈtaɪtəst,tightest
tihtfisted,ˈtaɪtˌfɪstɪd,tightfisted
tihtly,ˈtaɪtliː,tightly
tihtness,ˈtaɪtnəs,tightness
tihtrope,ˈtaɪˌtɹoʊp,tightrope
tihtwad,ˈtaɪˌtwɑd,tightwad
tinseltuwn,ˈtɪnsəlˌtaʊn,tinseltown
tiresom,ˈtaɪɚsəm,tiresome
toomlike,ˈtuːmˌlaɪk,tomblike
toomstone,ˈtuːmˌstoʊn,tombstone
toomstones,ˈtuːmˌstoʊnz,tombstones
toorette,tɚˈɛt,tourette
tooring,ˈtʊɹɪŋ,touring
toorism,ˈtʊˌɹɪzəm,tourism
toorist,ˈtʊɹəst,tourist
toorists,ˈtʊɹəsts,tourists
torqhing,ˈtɔɹtʃɪŋ,torching
tortos,ˈtɔɹtəs,tortoise
tortoses,ˈtɔɹtəsəz,tortoises
trailhedd,ˈtɹeɪlˌhɛd,trailhead
transfuze,tɹænsˈfjuːz,transfuse
transfuzed,tɹænsˈfjuːzd,transfused
tredding,ˈtɹɛdɪŋ,treading
treddmill,ˈtɹɛdˌmɪl,treadmill
treddmills,ˈtɹɛdˌmɪlz,treadmills
trenqhant,ˈtɹɛntʃənt,trenchant
trenqher,ˈtɹɛntʃɚ,trencher
treqherous,ˈtɹɛtʃɚəs,treacherous
treqhery,ˈtɹɛtʃɚiː,treachery
tresure,ˈtɹɛʒɚ,treasure
tresured,ˈtɹɛʒɚd,treasured
tresurer,ˈtɹɛʒɚɚ,treasurer
tresurers,ˈtɹɛʒɚɚz,treasurers
tresuries,ˈtɹɛʒɚiːz,treasuries
tresury,ˈtɹɛʒɚiː,treasury
triumvirat,tɹaɪˈʌmvɚət,triumvirate
trubble,ˈtɹʌbəl,trouble
trubbled,ˈtɹʌbəld,troubled
trubblemaker,ˈtɹʌbəlˌmeɪkɚ,troublemaker
trubblemakers,ˈtɹʌbəlˌmeɪkɚz,troublemakers
trubbleshooter,ˈtɹʌbəlˌʃuːtɚ,troubleshooter
trubblesom,ˈtɹʌbəlsəm,troublesome
trubbling,ˈtɹʌbəlɪŋ,troubling
truelov,ˈtɹuːˌlʌv,truelove
trunqhon,ˈtɹʌntʃɪn,truncheon
truwel,ˈtɹaʊwɛl,trowel
tuday,təˈdeɪ,today
tudays,təˈdeɪz,todays
tuffen,ˈtʌfən,toughen
tuffening,ˈtʌfənɪŋ,toughening
tuffer,ˈtʌfɚ,tougher
tuffest,ˈtʌfəst,toughest
tuffie,ˈtʌfiː,toughie
tuffness,ˈtʌfnəs,toughness
tugether,təˈɡɛðɚ,together
tugetherness,təˈɡɛðɚnəs,togetherness
tumorrow,təˈmɑˌɹoʊ,tomorrow
tumorrows,təˈmɑˌɹoʊz,tomorrows
tunicat,ˈtuːnɪkət,tunicate
tuniht,təˈnaɪt,tonite
tuqhable,ˈtʌtʃəbəl,touchable
tuqhduwn,ˈtʌtʃˌdaʊn,touchdown
tuqhduwns,ˈtʌtʃˌdaʊnz,touchdowns
tuqhing,ˈtʌtʃɪŋ,touching
tuqhstone,ˈtʌtʃˌstoʊn,touchstone
tuqhy,ˈtʌtʃiː,touchy
turboqharge,ˈtɝboʊˌtʃɑɹdʒ,turbocharge
turboqharging,ˈtɝboʊˌtʃɑɹdʒɪŋ,turbocharging
turmaline,ˈtʊɹməˌliːn,tourmaline
turnament,ˈtʊɹnəmənt,tournament
turnaments,ˈtɝnəmənts,tournaments
turnduwn,ˈtɝnˌdaʊn,turndown
turney,ˈtɝniː,tourney
turniqet,tɚnɪkɪt,tourniquet
tuwel,ˈtaʊəl,towel
tuweling,ˈtaʊəlɪŋ,toweling
tuwer,ˈtaʊɚ,tower
tuwering,ˈtaʊɚɪŋ,towering
tuwery,toʊˈɝiː,towery
tuwner,ˈtaʊnɚ,towner
tuwners,ˈtaʊnɚz,towners
tuwnhouse,ˈtaʊnˌhaʊs,townhouse
tuwnhouses,ˈtaʊnˌhaʊsɪz,townhouses
tuwnie,ˈtaʊniː,townie
tuwnsfolk,ˈtaʊnzˌfoʊk,townsfolk
tuwnship,ˈtaʊnʃɪp,township
tuwnships,ˈtaʊnʃɪps,townships
tuwnsman,ˈtaʊnzmən,townsman
tuwnspeeple,ˈtaʊnzˌpiːpəl,townspeople
twiliht,ˈtwaɪˌlaɪt,twilight
twufold,ˈtuːˌfoʊld,twofold
twusom,ˈtuːsəm,twosome
tying,ˈtaɪɪŋ,tieing
ultimatly,ˈʌltəmətliː,ultimately
ultraconservativ,ˌʌltɹəkənˈsɝvətɪv,ultraconservative
unanserable,ˌʌˌnænsɚəbəl,unanswerable
unapproovd,ˌʌnəˈpɹuːvd,unapproved
unattractiv,ˌʌnəˈtɹæktɪv,unattractive
unbaerable,ənˈbɛɹəbəl,unbearable
unbaerably,ənˈbɛɹəbliː,unbearably
unbildable,ənˈbɪldəbəl,unbuildable
unbilt,ˌʌnˈbɪlt,unbuilt
unbraekable,ənˈbɹeɪkəbəl,unbreakable
uncertan,ənˈsɝtən,uncertain
uncertanly,ənˈsɝtənliː,uncertainly
uncertanties,ənˈsɝtəntiːz,uncertainties
uncertanty,ənˈsɝtəntiː,uncertainty
uncompetitiv,ənkəmˈpɛtətɪv,uncompetitive
uncooperativ,ənkoʊˈɑpɚətɪv,uncooperative
uncupple,ənˈkʌpəl,uncouple
uncuth,ˈʌnˌkuːθ,uncouth
underaqhiever,ˈʌndɚəˌtʃiːvɚ,underachiever
underaqhievers,ˈʌndɚəˌtʃiːvɚz,underachievers
undergon,ˌʌndɚˈɡɔn,undergone
undergraduat,ˌʌndɚˈɡɹædʒəwət,undergraduate
undergraduats,ˌʌndɚˈɡɹædʒəwəts,undergraduates
underuze,ˌʌndɚˈjuːz,underuse
underuzed,ˌʌndɚˈjuːzd,underused
underwaer,ˈʌndɚˌwɛɹ,underwear
underweiht,ˈʌndɚˌweɪt,underweight
underweihted,əndɚˈweɪtɪd,underweighted
undeterd,ˌʌndɪˈtɝd,undeterred
undevelopd,ˌʌndɪˈvɛləpt,undeveloped
undisghised,ˌʌndɪsˈɡaɪzd,undisguised
undouted,ənˈdaʊtɪd,undoubted
undoutedly,ənˈdaʊtɪdliː,undoubtedly
undu,ənˈduː,undo
unduing,ənˈduːɪŋ,undoing
undun,ənˈdʌn,undone
unerth,əˈnɝθ,unearth
unerthing,əˈnɝθɪŋ,unearthing
unerthly,əˈnɝθliː,unearthly
unfashonable,ənˈfæʃənəbəl,unfashionable
unflinqhing,ənˈflɪntʃɪŋ,unflinching
unfortunat,ənˈfɔɹtʃənət,unfortunate
unfortunatly,ənˈfɔɹtʃənətliː,unfortunately
unfortunats,ənˈfɔɹtʃənəts,unfortunates
unfrendly,ənˈfɹɛndliː,unfriendly
ungarded,ənˈɡɑɹdɪd,unguarded
unhelthful,ənˈhɛlθfəl,unhealthful
unhelthy,ənˈhɛlθiː,unhealthy
unherdd,ənˈhɝd,unheard
unimaginativ,ənɪˈmæˌdʒɪnətɪv,unimaginative
unimpeaqhable,ˌʌnɪmˈpiːtʃəbəl,unimpeachable
unimpressiv,ˌʌnɪmˈpɹɛsɪv,unimpressive
unindihted,ˌʌnɪnˈdaɪtɪd,unindicted
uninformativ,ənɪnˈfɔɹmətɪv,uninformative
uniqe,juːˈniːk,unique
uniqely,juːˈniːkliː,uniquely
uniqeness,juːˈniːknəs,uniqueness
unkynd,ənˈkaɪnd,unkind
unkyndest,ənˈkaɪndɪst,unkindest
unledded,ənˈlɛdəd,unleaded
unnerv,əˈnɝv,unnerve
unobtrusiv,ˌʌnəbˈtɹuːsɪv,unobtrusive
unplesant,ənˈplɛzənt,unpleasant
unplesantly,ənˈplɛzəntliː,unpleasantly
unplesantness,ənˈplɛzəntnəs,unpleasantness
unproductiv,ˌʌnpɹəˈdʌktɪv,unproductive
unprooven,ənˈpɹuːvən,unproven
unqhanged,ənˈtʃeɪndʒd,unchanged
unqhanging,ənˈtʃeɪndʒɪŋ,unchanging
unqharted,ənˈtʃɑɹtɪd,uncharted
unreaqhable,ənˈɹiːtʃəbəl,unreachable
unreceptiv,ənɹɪˈsɛptɪv,unreceptive
unredd,ənˈɹɛd,unread
unrehersed,ənɹiːˈhɝst,unrehearsed
unrelievd,ˌʌnɹiːˈliːvd,unrelieved
unrepresentativ,ənˌɹɛpɹɪˈzɛntətɪv,unrepresentative
unresponsiv,ˌʌnɹiːˈspɑnsɪv,unresponsive
unsihtly,ənˈsaɪtliː,unsightly
unsteddy,ənˈstɛdiː,unsteady
unsuhtable,ənˈsuːtəbəl,unsuitable
unsuhted,ənˈsuːtɪd,unsuited
unsuttle,ənˈsʌtəl,unsubtle
untrubbled,ənˈtɹʌbəld,untroubled
untu,ˈʌntuː,unto
untuqhable,ənˈtʌtʃəbəl,untouchable
untuqhables,ənˈtʌtʃəbəlz,untouchables
untward,əntuːˈɔɹd,untoward
unwelcom,ənˈwɛlkəm,unwelcome
unwelcomd,ənˈwɛlkəmd,unwelcomed
unwynd,ənˈwaɪnd,unwind
unwynding,ənˈwaɪndɪŋ,unwinding
uppermoste,ˈʌpɚˌmoʊst,uppermost
upriht,əˈpɹaɪt,upright
uptiht,əpˈtaɪt,uptight
uptuwn,ˈʌpˌtaʊn,uptown
urin,ˈjɝən,urine
urqhin,ˈɝtʃən,urchin
urqhins,ˈɝtʃənz,urchins
utmoste,ˈʌtˌmoʊst,utmost
uzable,ˈjuːzəbəl,usable
uzage,ˈjuːsədʒ,usage
uzages,ˈjuːsədʒəz,usages
uzer,ˈjuːzɚ,user
uzers,ˈjuːzɚz,users
uzing,ˈjuːzɪŋ,using
vaghely,ˈveɪɡliː,vaguely
vagheness,ˈveɪɡnɪs,vagueness
vagher,ˈveɪɡɚ,vaguer
vaghest,ˈveɪɡɪst,vaguest
vangard,ˈvænˌɡɑɹd,vanguard
vegetativ,ˌvɛdʒəˈteɪtɪv,vegetative
venturesom,ˈvɛntʃɚsəm,venturesome
vertebrat,ˈvɝtəˌbɹeɪt,vertebrate
vertebrats,ˈvɝtəˌbɹeɪts,vertebrates
viewfynder,ˈvjuːˌfaɪndɚ,viewfinder
villan,ˈvɪlən,villain
vindictiv,vɪnˈdɪktɪv,vindictive
vindictivness,vɪnˈdɪktɪvnəs,vindictiveness
vituperativ,ˌvaɪˈtuːpɚətɪv,vituperative
vouqher,ˈvaʊtʃɚ,voucher
vouqhing,ˈvaʊtʃɪŋ,vouching
vuwel,ˈvaʊəl,vowel
vuwels,ˈvaʊəlz,vowels
vuwing,ˈvaʊɪŋ,vowing
waerable,ˈwɛɹəbəl,wearable
waerer,ˈwɛɹɚ,wearer
waerers,ˈwɛɹɚz,wearers
waering,ˈwɛɹɪŋ,wearing
wahker,ˈwɔkɚ,walker
wahkers,ˈwɔkɚz,walkers
wahking,ˈwɔkɪŋ,walking
wahkout,ˈwɔˌkaʊt,walkout
wahkouts,ˈwɔˌkaʊts,walkouts
wahkup,ˈwɔˌkʌp,walkup
wahkway,ˈwɔˌkweɪ,walkway
wahkways,ˈwɔˌkweɪz,walkways
wainwriht,ˈweɪnˌɹaɪt,wainwright
wallfluwer,ˈwɔlˌflaʊɚ,wallflower
walliye,ˈwɔˌlaɪ,walleye
warehouzed,ˈwɛɹˌhaʊzd,warehoused
warehouzing,ˈwɛɹˌhaʊzɪŋ,warehousing
warhedd,ˈwɔɹˌhɛd,warhead
warhedds,ˈwɔɹˌhɛdz,warheads
waterfuwl,ˈwɔtɚˌfaʊl,waterfowl
watertiht,ˈwɔtɚˌtaɪt,watertight
wearisom,ˈwɪɹiːsəm,wearisome
weerder,ˈwɪɹdɚ,weirder
weerdest,ˈwɪɹdəst,weirdest
weerdly,ˈwɪɹdliː,weirdly
weerdness,ˈwɪɹdnəs,weirdness
weerdo,ˈwɪɹdoʊ,weirdo
weerdos,ˈwɪɹdoʊz,weirdos
weihing,ˈweɪɪŋ,weighing
weihted,ˈweɪtɪd,weighted
weihting,ˈweɪtɪŋ,weighting
weihtless,ˈweɪtləs,weightless
weihtlessness,ˈweɪtləsnəs,weightlessness
weihtlifter,ˈweɪtˌlɪftɚ,weightlifter
weihtlifters,ˈweɪtˌlɪftɚz,weightlifters
weihtlifting,ˈweɪtˌlɪftɪŋ,weightlifting
weihty,ˈweɪtiː,weighty
welcom,ˈwɛlkəm,welcome
wellhedd,ˈwɛlˌhɛd,wellhead
welqher,ˈwɛltʃɚ,welcher
welterweiht,ˈwɛltɚˌweɪt,welterweight
welthier,ˈwɛlθiːɚ,wealthier
welthiest,ˈwɛlθiːəst,wealthiest
welthy,ˈwɛlθiː,wealthy
weppon,ˈwɛpən,weapon
wepponry,ˈwɛpənɹiː,weaponry
westernmoste,ˈwɛstɚnˌmoʊst,westernmost
wether,ˈwɛðɚ,weather
wethering,ˈwɛðɚɪŋ,weathering
wetherly,ˈwɛðɚliː,weatherly
wetherman,ˈwɛðɚˌmæn,weatherman
wethermen,ˈwɛðɚˌmɛn,weathermen
wetherperson,ˈwɛθɚˌpɝsən,weatherperson
wetherproof,ˈwɛðɚˌpɹuːf,weatherproof
wheelqhair,ˈwiːlˌtʃɛɹ,wheelchair
wheelqhairs,ˈwiːlˌtʃɛɹz,wheelchairs
wheelwriht,ˈwiːlˌɹaɪt,wheelwright
whiqhever,wɪˈtʃɛvɚ,whichever
whitehedd,ˈwaɪtˌhɛd,whitehead
wholeharted,ˈhoʊlˌhɑɹtɪd,wholehearted
wholehartedly,ˈhoʊlhɑɹtɪdliː,wholeheartedly
wholesom,ˈhoʊlsəm,wholesome
wholesomness,ˈhoʊlsəmnəs,wholesomeness
widespredd,ˈwaɪdˌspɹɛd,widespread
willpuwer,ˈwɪlˌpaʊɚ,willpower
wimen,ˈwɪmən,women
windqhill,ˈwɪndˌtʃɪl,windchill
winsom,ˈwɪnsəm,winsome
woodqhuck,ˈwʊdˌtʃʌk,woodchuck
woodqhucks,ˈwʊdˌtʃʌks,woodchucks
woonded,ˈwuːndəd,wounded
woonding,ˈwuːndɪŋ,wounding
workbenqh,ˈwɝkˌbɛntʃ,workbench
worrisom,ˈwɝiːsəm,worrisome
wrenqhing,ˈɹɛntʃɪŋ,wrenching
wrongduer,ˈɹɔŋˌduːɚ,wrongdoer
wrongduers,ˈɹɔŋˌduːɚz,wrongdoers
wrongduing,ˈɹɔŋduːɪŋ,wrongdoing
wrongduings,ɹɔŋˈduːɪŋz,wrongdoings
wronghedded,ˈɹɔŋˌhɛdɪd,wrongheaded
wunness,ˈwʌnnəs,oneness
wunself,ˌwʌnˈsɛlf,oneself
wuntime,ˈwʌnˌtaɪm,onetime
wuwing,ˈwaʊɪŋ,wowing
wyldcat,ˈwaɪldˌkæt,wildcat
wyldcatter,ˈwaɪldˌkætɚ,wildcatter
wyldcatters,ˈwaɪldˌkætɚz,wildcatters
wyldcatting,ˈwaɪldˌkætɪŋ,wildcatting
wylder,ˈwaɪldɚ,wilder
wyldest,ˈwaɪldɪst,wildest
wyldfire,ˈwaɪldˌfaɪɚ,wildfire
wyldfires,ˈwaɪldˌfaɪɚz,wildfires
wyldfluwer,ˈwaɪldˌflaʊɚ,wildflower
wyldfluwers,ˈwaɪldˌflaʊɹz,wildflowers
wylding,ˈwaɪldɪŋ,wilding
wyldlife,ˈwaɪldˌlaɪf,wildlife
wyldly,ˈwaɪldliː,wildly
wyldness,ˈwaɪldnəs,wildness
wyldwood,ˈwaɪlˌdwʊd,wildwood
wyldwoods,ˈwaɪlˌdwʊdz,wildwoods
wynder,ˈwɪndɚ,winder
wynders,ˈwɪndɚz,winders
wyndup,ˈwaɪnˌdʌp,windup
yahter,ˈjɑtɚ,yachter
yahters,ˈjɑtɚz,yachters
yahting,ˈjɑtɪŋ,yachting
yahtsman,ˈjɑtsmən,yachtsman
yerning,ˈjɝnɪŋ,yearning
yernings,ˈjɝnɪŋz,yearnings
yoman,ˈjoʊmən,yeoman
yorself,jɚˈsɛlf,yourself
yorselvs,jʊɹˈsɛlvz,yourselves
yunger,ˈjʌŋɡɚ,younger
yungest,ˈjʌŋɡəst,youngest
yungster,ˈjʌŋstɚ,youngster
yungsters,ˈjʌŋstɚz,youngsters
yunker,ˈjʌŋkɚ,younker
yunkers,ˈjʌŋkɚz,younkers
yuthful,ˈjuːθfəl,youthful
zelot,ˈzɛlət,zealot
zelotry,ˈzɛlətɹiː,zealotry
zelots,ˈzɛləts,zealots
zelous,ˈzɛləs,zealous
zelously,ˈziːləsliː,zealously
